disease,ensembl_id,symbol,gene_name,score,evidence_types,drug_only,literature_only,dt_literature,dt_animal_model,dt_clinical,dt_genetic_association,dt_rna_expression,dt_genetic_literature,dt_somatic_mutation,dt_affected_pathway
PCOS,ENSG00000091831,ESR1,estrogen receptor 1,0.6003502568582324,animal_model;clinical;literature,False,False,0.9359,0.4893,0.9299,,,,,
PCOS,ENSG00000178568,ERBB4,erb-b2 receptor tyrosine kinase 4,0.5545076893217893,genetic_association;literature,False,False,0.3996,,,0.8921,,,,
PCOS,ENSG00000109163,GNRHR,gonadotropin releasing hormone receptor,0.5376139422153642,animal_model;clinical;literature,False,False,0.8828,0.2697,0.8342,,,,,
PCOS,ENSG00000140718,FTO,FTO alpha-ketoglutarate dependent dioxygenase,0.5226355278953269,genetic_association;literature,False,False,0.9126,,,0.8141,,,,
PCOS,ENSG00000183765,CHEK2,checkpoint kinase 2,0.4966315559629642,genetic_association;literature,False,False,0.2209,,,0.6496,,,,
PCOS,ENSG00000131808,FSHB,follicle stimulating hormone subunit beta,0.49594681159130066,genetic_association;literature,False,False,0.3901,,,0.7963,,,,
PCOS,ENSG00000148120,AOPEP,aminopeptidase O (putative),0.4916507729045579,genetic_association;literature,False,False,0.3222,,,0.7926,,,,
PCOS,ENSG00000119522,DENND1A,DENN domain containing 1A,0.4812054220775895,genetic_association;literature,False,False,0.9059,,,0.7463,,,,
PCOS,ENSG00000170820,FSHR,follicle stimulating hormone receptor,0.4748145624767965,animal_model;clinical;genetic_association;literature,False,False,0.9134,0.3004,0.6468,0.4407,,,,
PCOS,ENSG00000127955,GNAI1,G protein subunit alpha i1,0.46989812089127514,genetic_association,False,False,,,,0.7729,,,,
PCOS,ENSG00000154328,NEIL2,nei like DNA glycosylase 2,0.4696962670388885,genetic_association;literature,False,False,0.1703,,,0.7641,,,,
PCOS,ENSG00000152219,ARL14EP,ARF like GTPase 14 effector protein,0.46670344945055536,genetic_association;literature,False,False,0.1366,,,0.7609,,,,
PCOS,ENSG00000117707,PROX1,prospero homeobox 1,0.4512204966237526,genetic_association;literature,False,False,0.1067,,,0.7369,,,,
PCOS,ENSG00000109906,ZBTB16,zinc finger and BTB domain containing 16,0.4410490829741399,genetic_association;literature,False,False,0.1697,,,0.717,,,,
PCOS,ENSG00000137869,CYP19A1,cytochrome P450 family 19 subfamily A member 1,0.4395589534144873,clinical;literature,False,False,0.955,,0.6753,,,,,
PCOS,ENSG00000125347,IRF1,interferon regulatory factor 1,0.43718462698773763,genetic_association;literature,False,False,0.2112,,,0.7086,,,,
PCOS,ENSG00000139531,SUOX,sulfite oxidase,0.4344006942474477,genetic_association;literature,False,False,0.3885,,,0.6951,,,,
PCOS,ENSG00000138039,LHCGR,luteinizing hormone/choriogonadotropin receptor,0.4323368747703758,animal_model;clinical;genetic_association;literature,False,False,0.8701,0.2555,0.5641,0.4983,,,,
PCOS,ENSG00000186010,NDUFA13,NADH:ubiquinone oxidoreductase subunit A13,0.43185946431449884,clinical;literature,False,False,0.4256,,0.6891,,,,,
PCOS,ENSG00000166136,NDUFB8,NADH:ubiquinone oxidoreductase subunit B8,0.4235439175840931,clinical;literature,False,False,0.152,,0.6891,,,,,
PCOS,ENSG00000112164,GLP1R,glucagon like peptide 1 receptor,0.4223012015121149,clinical;literature,False,False,0.9389,,0.6477,,,,,
PCOS,ENSG00000082175,PGR,progesterone receptor,0.42142674467527297,clinical;literature,False,False,0.6386,,0.6613,,,,,
PCOS,ENSG00000198786,MT-ND5,mitochondrially encoded NADH:ubiquinone oxidoreductase core subunit 5,0.4213497321016225,clinical,True,False,0.0798,,0.6891,,,,,
PCOS,ENSG00000136574,GATA4,GATA binding protein 4,0.4213332557710446,genetic_association;literature,False,False,0.5912,,,0.6635,,,,
PCOS,ENSG00000147684,NDUFB9,NADH:ubiquinone oxidoreductase subunit B9,0.4211827129569408,clinical,True,False,0.0743,,0.6891,,,,,
PCOS,ENSG00000198763,MT-ND2,mitochondrially encoded NADH:ubiquinone oxidoreductase core subunit 2,0.4206321929650667,clinical,True,False,0.0562,,0.6891,,,,,
PCOS,ENSG00000125356,NDUFA1,NADH:ubiquinone oxidoreductase subunit A1,0.4202176988919307,clinical,True,False,0.0426,,0.6891,,,,,
PCOS,ENSG00000198886,MT-ND4,mitochondrially encoded NADH:ubiquinone oxidoreductase core subunit 4,0.4201253039282596,clinical,True,False,0.0395,,0.6891,,,,,
PCOS,ENSG00000198695,MT-ND6,mitochondrially encoded NADH:ubiquinone oxidoreductase core subunit 6,0.4201253039282596,clinical,True,False,0.0395,,0.6891,,,,,
PCOS,ENSG00000212907,MT-ND4L,mitochondrially encoded NADH:ubiquinone oxidoreductase core subunit 4L,0.41984811903724606,clinical,True,False,0.0304,,0.6891,,,,,
PCOS,ENSG00000004779,NDUFAB1,NADH:ubiquinone oxidoreductase subunit AB1,0.41984811903724606,clinical,True,False,0.0304,,0.6891,,,,,
PCOS,ENSG00000139180,NDUFA9,NADH:ubiquinone oxidoreductase subunit A9,0.41984811903724606,clinical,True,False,0.0304,,0.6891,,,,,
PCOS,ENSG00000178127,NDUFV2,NADH:ubiquinone oxidoreductase core subunit V2,0.41984811903724606,clinical,True,False,0.0304,,0.6891,,,,,
PCOS,ENSG00000147123,NDUFB11,NADH:ubiquinone oxidoreductase subunit B11,0.41947853918256134,clinical,True,False,0.0182,,0.6891,,,,,
PCOS,ENSG00000023228,NDUFS1,NADH:ubiquinone oxidoreductase core subunit S1,0.41929374925521895,clinical,True,False,0.0122,,0.6891,,,,,
PCOS,ENSG00000165264,NDUFB6,NADH:ubiquinone oxidoreductase subunit B6,0.4189241694005343,clinical,True,False,,,0.6891,,,,,
PCOS,ENSG00000109390,NDUFC1,NADH:ubiquinone oxidoreductase subunit C1,0.4189241694005343,clinical,True,False,,,0.6891,,,,,
PCOS,ENSG00000178057,NDUFAF3,NADH:ubiquinone oxidoreductase complex assembly factor 3,0.4189241694005343,clinical,True,False,,,0.6891,,,,,
PCOS,ENSG00000128609,NDUFA5,NADH:ubiquinone oxidoreductase subunit A5,0.4189241694005343,clinical,True,False,,,0.6891,,,,,
PCOS,ENSG00000137806,NDUFAF1,NADH:ubiquinone oxidoreductase complex assembly factor 1,0.4189241694005343,clinical,True,False,,,0.6891,,,,,
PCOS,ENSG00000167792,NDUFV1,NADH:ubiquinone oxidoreductase core subunit V1,0.4189241694005343,clinical,True,False,,,0.6891,,,,,
PCOS,ENSG00000136521,NDUFB5,NADH:ubiquinone oxidoreductase subunit B5,0.4189241694005343,clinical,True,False,,,0.6891,,,,,
PCOS,ENSG00000123545,NDUFAF4,NADH:ubiquinone oxidoreductase complex assembly factor 4,0.4189241694005343,clinical,True,False,,,0.6891,,,,,
PCOS,ENSG00000183648,NDUFB1,NADH:ubiquinone oxidoreductase subunit B1,0.4189241694005343,clinical,True,False,,,0.6891,,,,,
PCOS,ENSG00000115286,NDUFS7,NADH:ubiquinone oxidoreductase core subunit S7,0.4189241694005343,clinical,True,False,,,0.6891,,,,,
PCOS,ENSG00000090266,NDUFB2,NADH:ubiquinone oxidoreductase subunit B2,0.4189241694005343,clinical,True,False,,,0.6891,,,,,
PCOS,ENSG00000130414,NDUFA10,NADH:ubiquinone oxidoreductase subunit A10,0.4189241694005343,clinical,True,False,,,0.6891,,,,,
PCOS,ENSG00000164182,NDUFAF2,NADH:ubiquinone oxidoreductase complex assembly factor 2,0.4189241694005343,clinical,True,False,,,0.6891,,,,,
PCOS,ENSG00000184983,NDUFA6,NADH:ubiquinone oxidoreductase subunit A6,0.4189241694005343,clinical,True,False,,,0.6891,,,,,
PCOS,ENSG00000185633,COXFA4L2,cytochrome c oxidase hypoxia associated subunit FA4L2,0.4189241694005343,clinical,True,False,,,0.6891,,,,,
PCOS,ENSG00000198840,MT-ND3,mitochondrially encoded NADH:ubiquinone oxidoreductase core subunit 3,0.4189241694005343,clinical,True,False,,,0.6891,,,,,
PCOS,ENSG00000267855,NDUFA7,NADH:ubiquinone oxidoreductase subunit A7,0.4189241694005343,clinical,True,False,,,0.6891,,,,,
PCOS,ENSG00000065518,NDUFB4,NADH:ubiquinone oxidoreductase subunit B4,0.4189241694005343,clinical,True,False,,,0.6891,,,,,
PCOS,ENSG00000110717,NDUFS8,NADH:ubiquinone oxidoreductase core subunit S8,0.4189241694005343,clinical,True,False,,,0.6891,,,,,
PCOS,ENSG00000119013,NDUFB3,NADH:ubiquinone oxidoreductase subunit B3,0.4189241694005343,clinical,True,False,,,0.6891,,,,,
PCOS,ENSG00000170906,NDUFA3,NADH:ubiquinone oxidoreductase subunit A3,0.4189241694005343,clinical,True,False,,,0.6891,,,,,
PCOS,ENSG00000164258,NDUFS4,NADH:ubiquinone oxidoreductase subunit S4,0.4189241694005343,clinical,True,False,,,0.6891,,,,,
PCOS,ENSG00000189043,COXFA4,cytochrome c oxidase associated subunit FA4,0.4189241694005343,clinical,True,False,,,0.6891,,,,,
PCOS,ENSG00000140990,NDUFB10,NADH:ubiquinone oxidoreductase subunit B10,0.4189241694005343,clinical,True,False,,,0.6891,,,,,
PCOS,ENSG00000184752,NDUFA12,NADH:ubiquinone oxidoreductase subunit A12,0.4189241694005343,clinical,True,False,,,0.6891,,,,,
PCOS,ENSG00000115159,GPD2,glycerol-3-phosphate dehydrogenase 2,0.4189241694005343,clinical,True,False,,,0.6891,,,,,
PCOS,ENSG00000099795,NDUFB7,NADH:ubiquinone oxidoreductase subunit B7,0.4189241694005343,clinical,True,False,,,0.6891,,,,,
PCOS,ENSG00000174886,NDUFA11,NADH:ubiquinone oxidoreductase subunit A11,0.4189241694005343,clinical,True,False,,,0.6891,,,,,
PCOS,ENSG00000151366,NDUFC2,NADH:ubiquinone oxidoreductase subunit C2,0.4189241694005343,clinical,True,False,,,0.6891,,,,,
PCOS,ENSG00000158864,NDUFS2,NADH:ubiquinone oxidoreductase core subunit S2,0.4189241694005343,clinical,True,False,,,0.6891,,,,,
PCOS,ENSG00000131495,NDUFA2,NADH:ubiquinone oxidoreductase subunit A2,0.4189241694005343,clinical,True,False,,,0.6891,,,,,
PCOS,ENSG00000119421,NDUFA8,NADH:ubiquinone oxidoreductase subunit A8,0.4189241694005343,clinical,True,False,,,0.6891,,,,,
PCOS,ENSG00000160194,NDUFV3,NADH:ubiquinone oxidoreductase subunit V3,0.4189241694005343,clinical,True,False,,,0.6891,,,,,
PCOS,ENSG00000198888,MT-ND1,mitochondrially encoded NADH:ubiquinone oxidoreductase core subunit 1,0.4189241694005343,clinical,True,False,,,0.6891,,,,,
PCOS,ENSG00000213619,NDUFS3,NADH:ubiquinone oxidoreductase core subunit S3,0.4189241694005343,clinical,True,False,,,0.6891,,,,,
PCOS,ENSG00000168653,NDUFS5,NADH:ubiquinone oxidoreductase subunit S5,0.4189241694005343,clinical,True,False,,,0.6891,,,,,
PCOS,ENSG00000145494,NDUFS6,NADH:ubiquinone oxidoreductase subunit S6,0.4189241694005343,clinical,True,False,,,0.6891,,,,,
PCOS,ENSG00000137693,YAP1,Yes1 associated transcriptional regulator,0.418626343881158,genetic_association;literature,False,False,0.8726,,,0.645,,,,
PCOS,ENSG00000140675,SLC5A2,solute carrier family 5 member 2,0.405067722092997,clinical;literature,False,False,0.5158,,0.6405,,,,,
PCOS,ENSG00000111424,VDR,vitamin D receptor,0.3938609486202311,clinical;literature,False,False,0.9581,,0.6,,,,,
PCOS,ENSG00000151623,NR3C2,nuclear receptor subfamily 3 group C member 2,0.3871051252866999,clinical;literature,False,False,0.3719,,0.6182,,,,,
PCOS,ENSG00000115970,THADA,THADA armadillo repeat containing,0.38373685897225623,genetic_association;literature,False,False,0.5202,,,0.6052,,,,
PCOS,ENSG00000132170,PPARG,peroxisome proliferator activated receptor gamma,0.3779921798718451,clinical;genetic_association;literature,False,False,0.9328,,0.3588,0.5113,,,,
PCOS,ENSG00000100154,TTC28,tetratricopeptide repeat domain 28,0.3686605891810503,genetic_association,False,False,,,,0.6064,,,,
PCOS,ENSG00000088899,LZTS3,leucine zipper tumor suppressor family member 3,0.352107435863802,genetic_association,False,False,,,,0.5792,,,,
PCOS,ENSG00000116062,MSH6,mutS homolog 6,0.3520554172162307,genetic_association,False,False,0.0334,,,0.5774,,,,
PCOS,ENSG00000149948,HMGA2,high mobility group AT-hook 2,0.34801931531750524,genetic_association;literature,False,False,0.47,,,0.549,,,,
PCOS,ENSG00000132321,DRC11,dynein regulatory complex subunit 11,0.34269762346682076,genetic_association,False,False,0.0304,,,0.5622,,,,
PCOS,ENSG00000166575,TMEM135,transmembrane protein 135,0.34264117410354,genetic_association,False,False,,,,0.5636,,,,
PCOS,ENSG00000141510,TP53,tumor protein p53,0.33940462011082906,genetic_association;literature,False,False,0.5957,,,0.5285,,,,
PCOS,ENSG00000138696,BMPR1B,bone morphogenetic protein receptor type 1B,0.328380740490379,genetic_association,False,False,0.0833,,,0.536,,,,
PCOS,ENSG00000156486,KCNS2,potassium voltage-gated channel modifier subfamily S member 2,0.32699492150494036,genetic_association,False,False,,,,0.5379,,,,
PCOS,ENSG00000171940,ZNF217,zinc finger protein 217,0.3267773573982719,genetic_association;literature,False,False,0.6874,,,0.5032,,,,
PCOS,ENSG00000163281,GNPDA2,glucosamine-6-phosphate deaminase 2,0.31191386637003093,genetic_association,False,False,0.0385,,,0.5111,,,,
PCOS,ENSG00000121542,SEC22A,"SEC22 homolog A, vesicle trafficking protein",0.31017304252799455,genetic_association,False,False,,,,0.5102,,,,
PCOS,ENSG00000111249,CUX2,cut like homeobox 2,0.30658256316900123,genetic_association,False,False,0.0334,,,0.5026,,,,
PCOS,ENSG00000149295,DRD2,dopamine receptor D2,0.3014827800281217,clinical;literature,False,False,0.5167,,0.4701,,,,,
PCOS,ENSG00000186998,EMID1,EMI domain containing 1,0.29710863886598055,genetic_association,False,False,,,,0.4887,,,,
PCOS,ENSG00000163083,INHBB,inhibin subunit beta B,0.29700102907374165,genetic_association;literature,False,False,0.1816,,,0.4795,,,,
PCOS,ENSG00000116678,LEPR,leptin receptor,0.29272161498150867,animal_model;clinical;literature,False,False,0.8886,0.5186,0.4256,,,,,
PCOS,ENSG00000113161,HMGCR,3-hydroxy-3-methylglutaryl-CoA reductase,0.29102450688959286,clinical;literature,False,False,0.4293,,0.4572,,,,,
PCOS,ENSG00000185774,KCNIP4,potassium voltage-gated channel interacting protein 4,0.281911385755026,genetic_association,False,False,,,,0.4637,,,,
PCOS,ENSG00000112874,NUDT12,nudix hydrolase 12,0.2810365609468401,genetic_association,False,False,,,,0.4623,,,,
PCOS,ENSG00000140009,ESR2,estrogen receptor 2,0.2777356973865537,clinical;literature,False,False,0.5957,,0.4271,,,,,
PCOS,ENSG00000168300,PCMTD1,protein-L-isoaspartate (D-aspartate) O-methyltransferase domain containing 1,0.27109515166057485,genetic_association,False,False,,,,0.4459,,,,
PCOS,ENSG00000187323,DCC,DCC netrin 1 receptor,0.26985246448545375,genetic_association,False,False,,,,0.4439,,,,
PCOS,ENSG00000118113,MMP8,matrix metallopeptidase 8,0.26861577495795325,clinical;literature,False,False,0.326,,0.4256,,,,,
PCOS,ENSG00000171105,INSR,insulin receptor,0.2652279956249832,genetic_association;literature,False,False,0.8956,,,0.3915,,,,
PCOS,ENSG00000151577,DRD3,dopamine receptor D3,0.26519407795042266,clinical;literature,False,False,0.2135,,0.4256,,,,,
PCOS,ENSG00000230062,ANKRD66,ankyrin repeat domain 66,0.2646423356705393,genetic_association,False,False,,,,0.4353,,,,
PCOS,ENSG00000152518,ZFP36L2,ZFP36 like 2 zinc finger CCCH-type,0.2646420208605914,genetic_association,False,False,0.0749,,,0.4316,,,,
PCOS,ENSG00000196611,MMP1,matrix metallopeptidase 1,0.2642049154958416,clinical;literature,False,False,0.1809,,0.4256,,,,,
PCOS,ENSG00000197635,DPP4,dipeptidyl peptidase 4,0.26407821310564544,clinical;literature,False,False,0.8784,,0.3905,,,,,
PCOS,ENSG00000103546,SLC6A2,solute carrier family 6 member 2,0.26388001624487706,clinical;literature,False,False,0.1702,,0.4256,,,,,
PCOS,ENSG00000163288,GABRB1,gamma-aminobutyric acid type A receptor subunit beta1,0.26281747416265855,clinical;literature,False,False,0.1353,,0.4256,,,,,
PCOS,ENSG00000137673,MMP7,matrix metallopeptidase 7,0.26092337740739946,clinical,True,False,0.073,,0.4256,,,,,
PCOS,ENSG00000137745,MMP13,matrix metallopeptidase 13,0.2607565531674376,clinical,True,False,0.0675,,0.4256,,,,,
PCOS,ENSG00000136531,SCN2A,sodium voltage-gated channel alpha subunit 2,0.2603690076253724,clinical,True,False,0.0547,,0.4256,,,,,
PCOS,ENSG00000022355,GABRA1,gamma-aminobutyric acid type A receptor subunit alpha1,0.25962984791600296,clinical,True,False,0.0304,,0.4256,,,,,
PCOS,ENSG00000186367,MINAR2,membrane integral NOTCH2 associated receptor 2,0.2593110876880574,genetic_association,False,False,,,,0.4265,,,,
PCOS,ENSG00000155511,GRIA1,glutamate ionotropic receptor AMPA type subunit 1,0.25907547813397597,clinical,True,False,0.0122,,0.4256,,,,,
PCOS,ENSG00000168356,SCN11A,sodium voltage-gated channel alpha subunit 11,0.25870589827929125,clinical,True,False,,,0.4256,,,,,
PCOS,ENSG00000136546,SCN7A,sodium voltage-gated channel alpha subunit 7,0.25870589827929125,clinical,True,False,,,0.4256,,,,,
PCOS,ENSG00000268089,GABRQ,gamma-aminobutyric acid type A receptor subunit theta,0.25870589827929125,clinical,True,False,,,0.4256,,,,,
PCOS,ENSG00000105737,GRIK5,glutamate ionotropic receptor kainate type subunit 5,0.25870589827929125,clinical,True,False,,,0.4256,,,,,
PCOS,ENSG00000171189,GRIK1,glutamate ionotropic receptor kainate type subunit 1,0.25870589827929125,clinical,True,False,,,0.4256,,,,,
PCOS,ENSG00000166206,GABRB3,gamma-aminobutyric acid type A receptor subunit beta3,0.25870589827929125,clinical,True,False,,,0.4256,,,,,
PCOS,ENSG00000196876,SCN8A,sodium voltage-gated channel alpha subunit 8,0.25870589827929125,clinical,True,False,,,0.4256,,,,,
PCOS,ENSG00000094755,GABRP,gamma-aminobutyric acid type A receptor subunit pi,0.25870589827929125,clinical,True,False,,,0.4256,,,,,
PCOS,ENSG00000011677,GABRA3,gamma-aminobutyric acid type A receptor subunit alpha3,0.25870589827929125,clinical,True,False,,,0.4256,,,,,
PCOS,ENSG00000163285,GABRG1,gamma-aminobutyric acid type A receptor subunit gamma1,0.25870589827929125,clinical,True,False,,,0.4256,,,,,
PCOS,ENSG00000069696,DRD4,dopamine receptor D4,0.25870589827929125,clinical,True,False,,,0.4256,,,,,
PCOS,ENSG00000163873,GRIK3,glutamate ionotropic receptor kainate type subunit 3,0.25870589827929125,clinical,True,False,,,0.4256,,,,,
PCOS,ENSG00000113327,GABRG2,gamma-aminobutyric acid type A receptor subunit gamma2,0.25870589827929125,clinical,True,False,,,0.4256,,,,,
PCOS,ENSG00000153253,SCN3A,sodium voltage-gated channel alpha subunit 3,0.25870589827929125,clinical,True,False,,,0.4256,,,,,
PCOS,ENSG00000183873,SCN5A,sodium voltage-gated channel alpha subunit 5,0.25870589827929125,clinical,True,False,,,0.4256,,,,,
PCOS,ENSG00000182256,GABRG3,gamma-aminobutyric acid type A receptor subunit gamma3,0.25870589827929125,clinical,True,False,,,0.4256,,,,,
PCOS,ENSG00000151834,GABRA2,gamma-aminobutyric acid type A receptor subunit alpha2,0.25870589827929125,clinical,True,False,,,0.4256,,,,,
PCOS,ENSG00000149403,GRIK4,glutamate ionotropic receptor kainate type subunit 4,0.25870589827929125,clinical,True,False,,,0.4256,,,,,
PCOS,ENSG00000120251,GRIA2,glutamate ionotropic receptor AMPA type subunit 2,0.25870589827929125,clinical,True,False,,,0.4256,,,,,
PCOS,ENSG00000125675,GRIA3,glutamate ionotropic receptor AMPA type subunit 3,0.25870589827929125,clinical,True,False,,,0.4256,,,,,
PCOS,ENSG00000169432,SCN9A,sodium voltage-gated channel alpha subunit 9,0.25870589827929125,clinical,True,False,,,0.4256,,,,,
PCOS,ENSG00000007314,SCN4A,sodium voltage-gated channel alpha subunit 4,0.25870589827929125,clinical,True,False,,,0.4256,,,,,
PCOS,ENSG00000145864,GABRB2,gamma-aminobutyric acid type A receptor subunit beta2,0.25870589827929125,clinical,True,False,,,0.4256,,,,,
PCOS,ENSG00000187730,GABRD,gamma-aminobutyric acid type A receptor subunit delta,0.25870589827929125,clinical,True,False,,,0.4256,,,,,
PCOS,ENSG00000186297,GABRA5,gamma-aminobutyric acid type A receptor subunit alpha5,0.25870589827929125,clinical,True,False,,,0.4256,,,,,
PCOS,ENSG00000164418,GRIK2,glutamate ionotropic receptor kainate type subunit 2,0.25870589827929125,clinical,True,False,,,0.4256,,,,,
PCOS,ENSG00000152578,GRIA4,glutamate ionotropic receptor AMPA type subunit 4,0.25870589827929125,clinical,True,False,,,0.4256,,,,,
PCOS,ENSG00000144285,SCN1A,sodium voltage-gated channel alpha subunit 1,0.25870589827929125,clinical,True,False,,,0.4256,,,,,
PCOS,ENSG00000167434,CA4,carbonic anhydrase 4,0.25870589827929125,clinical,True,False,,,0.4256,,,,,
PCOS,ENSG00000145863,GABRA6,gamma-aminobutyric acid type A receptor subunit alpha6,0.25870589827929125,clinical,True,False,,,0.4256,,,,,
PCOS,ENSG00000102287,GABRE,gamma-aminobutyric acid type A receptor subunit epsilon,0.25870589827929125,clinical,True,False,,,0.4256,,,,,
PCOS,ENSG00000104267,CA2,carbonic anhydrase 2,0.25870589827929125,clinical,True,False,,,0.4256,,,,,
PCOS,ENSG00000109158,GABRA4,gamma-aminobutyric acid type A receptor subunit alpha4,0.25870589827929125,clinical,True,False,,,0.4256,,,,,
PCOS,ENSG00000185313,SCN10A,sodium voltage-gated channel alpha subunit 10,0.25870589827929125,clinical,True,False,,,0.4256,,,,,
PCOS,ENSG00000233608,TWIST2,twist family bHLH transcription factor 2,0.2578494850384682,genetic_association,False,False,,,,0.4241,,,,
PCOS,ENSG00000065361,ERBB3,erb-b2 receptor tyrosine kinase 3,0.25478378148208186,genetic_association;literature,False,False,0.2215,,,0.408,,,,
PCOS,ENSG00000169926,KLF13,KLF transcription factor 13,0.2534096149162021,genetic_association,False,False,0.0243,,,0.4156,,,,
PCOS,ENSG00000147894,C9orf72,C9orf72-SMCR8 complex subunit,0.2522116639727258,genetic_association,False,False,,,,0.4149,,,,
PCOS,ENSG00000169083,AR,androgen receptor,0.25210259780522043,animal_model;clinical;literature,False,False,0.97,0.4557,0.3561,,,,,
PCOS,ENSG00000173175,ADCY5,adenylate cyclase 5,0.2501220041881774,genetic_association,False,False,0.0274,,,0.4101,,,,
PCOS,ENSG00000171853,TRAPPC12,trafficking protein particle complex subunit 12,0.24821513346633445,genetic_association,False,False,,,,0.4083,,,,
PCOS,ENSG00000182263,FIGN,"fidgetin, microtubule severing factor",0.24497688496987638,genetic_association,False,False,0.035,,,0.4012,,,,
PCOS,ENSG00000170807,LMOD2,leiomodin 2,0.24318715514686684,genetic_association,False,False,0.0304,,,0.3985,,,,
PCOS,ENSG00000163618,CADPS,calcium dependent secretion activator,0.2391896104402345,genetic_association,False,False,,,,0.3934,,,,
PCOS,ENSG00000152284,TCF7L1,transcription factor 7 like 1,0.23815655365266658,genetic_association,False,False,,,,0.3917,,,,
PCOS,ENSG00000115850,LCT,lactase,0.23681162103896233,genetic_association,False,False,0.0228,,,0.3884,,,,
PCOS,ENSG00000108375,RNF43,ring finger protein 43,0.23559975132064145,genetic_association,False,False,,,,0.3875,,,,
PCOS,ENSG00000067900,ROCK1,Rho associated coiled-coil containing protein kinase 1,0.23375302221048463,genetic_association,False,False,0.0304,,,0.383,,,,
PCOS,ENSG00000084090,STARD7,StAR related lipid transfer domain containing 7,0.22885694984033922,genetic_association,False,False,,,,0.3765,,,,
PCOS,ENSG00000166603,MC4R,melanocortin 4 receptor,0.22770034827752134,animal_model;genetic_association;literature,False,False,0.7002,0.4635,,0.3292,,,,
PCOS,ENSG00000180957,PITPNB,phosphatidylinositol transfer protein beta,0.22738704247365643,genetic_association,False,False,0.0304,,,0.3725,,,,
PCOS,ENSG00000188811,NHLRC3,NHL repeat containing 3,0.22711315985177136,genetic_association,False,False,,,,0.3736,,,,
PCOS,ENSG00000173334,TRIB1,tribbles pseudokinase 1,0.2252945421518032,genetic_association,False,False,0.0517,,,0.368,,,,
PCOS,ENSG00000172238,ATOH1,atonal bHLH transcription factor 1,0.22482995367510264,genetic_association,False,False,,,,0.3698,,,,
PCOS,ENSG00000113580,NR3C1,nuclear receptor subfamily 3 group C member 1,0.22383575828160002,clinical;literature,False,False,0.5824,,0.3391,,,,,
PCOS,ENSG00000122482,ZNF644,zinc finger protein 644,0.22375651832450985,genetic_association,False,False,,,,0.3681,,,,
PCOS,ENSG00000040731,CDH10,cadherin 10,0.22356242454182068,genetic_association,False,False,0.0304,,,0.3662,,,,
PCOS,ENSG00000214814,FER1L6,fer-1 like family member 6,0.2231290094612665,genetic_association,False,False,,,,0.367,,,,
PCOS,ENSG00000174804,FZD4,frizzled class receptor 4,0.21980479945392112,genetic_association;literature,False,False,0.1261,,,0.3553,,,,
PCOS,ENSG00000164304,CAGE1,cancer antigen 1,0.21925828472325196,genetic_association,False,False,,,,0.3607,,,,
PCOS,ENSG00000135775,COG2,component of oligomeric golgi complex 2,0.21367033489590093,genetic_association;literature,False,False,0.1192,,,0.3455,,,,
PCOS,ENSG00000103460,TOX3,TOX high mobility group box family member 3,0.21310828846834395,genetic_association;literature,False,False,0.4785,,,0.3266,,,,
PCOS,ENSG00000175792,RUVBL1,RuvB like AAA ATPase 1,0.2123872983775698,genetic_association,False,False,,,,0.3494,,,,
PCOS,ENSG00000186951,PPARA,peroxisome proliferator activated receptor alpha,0.20842654809153602,clinical;literature,False,False,0.4601,,0.3198,,,,,
PCOS,ENSG00000164619,BMPER,BMP binding endothelial regulator,0.20786575843715194,genetic_association,False,False,,,,0.3419,,,,
PCOS,ENSG00000111615,KRR1,KRR1 small subunit processome component,0.20395395084558926,genetic_association;literature,False,False,0.1043,,,0.3303,,,,
PCOS,ENSG00000155875,SAXO1,stabilizer of axonemal microtubules 1,0.2029972007644209,genetic_association,False,False,,,,0.3339,,,,
PCOS,ENSG00000120685,PROSER1,proline and serine rich 1,0.20179577880653177,genetic_association,False,False,,,,0.3319,,,,
PCOS,ENSG00000205856,C22orf42,chromosome 22 open reading frame 42,0.20071002254211912,genetic_association,False,False,,,,0.3302,,,,
PCOS,ENSG00000087245,MMP2,matrix metallopeptidase 2,0.19620883278995271,genetic_association;literature,False,False,0.4565,,,0.2999,,,,
PCOS,ENSG00000112033,PPARD,peroxisome proliferator activated receptor delta,0.1961470104730552,clinical,True,False,0.0697,,0.3192,,,,,
PCOS,ENSG00000182168,UNC5C,unc-5 netrin receptor C,0.19546949350454138,genetic_association,False,False,0.0441,,,0.3193,,,,
PCOS,ENSG00000198734,F5,coagulation factor V,0.19273826190152885,genetic_association;literature,False,False,0.2749,,,0.3033,,,,
PCOS,ENSG00000183579,ZNRF3,zinc and ring finger 3,0.18937453626317385,genetic_association,False,False,0.0304,,,0.31,,,,
PCOS,ENSG00000187735,TCEA1,transcription elongation factor A1,0.18843699493339813,genetic_association,False,False,,,,0.31,,,,
PCOS,ENSG00000187871,GFRAL,GDNF family receptor alpha like,0.18480977517938602,genetic_association,False,False,,,,0.304,,,,
PCOS,ENSG00000107518,ATRNL1,attractin like 1,0.18437193321611192,genetic_association,False,False,,,,0.3033,,,,
PCOS,ENSG00000175497,DPP10,dipeptidyl peptidase like 10,0.17239207211556581,genetic_association,False,False,0.0122,,,0.283,,,,
PCOS,ENSG00000174482,LINGO2,leucine rich repeat and Ig domain containing 2,0.17239207211556581,genetic_association,False,False,0.0122,,,0.283,,,,
PCOS,ENSG00000111540,RAB5B,"RAB5B, member RAS oncogene family",0.17024579039263113,genetic_association;literature,False,False,0.8276,,,0.2387,,,,
PCOS,ENSG00000078328,RBFOX1,RNA binding fox-1 homolog 1,0.17022000686523212,genetic_association,False,False,,,,0.28,,,,
PCOS,ENSG00000124766,SOX4,SRY-box transcription factor 4,0.1658727478520057,genetic_association;literature,False,False,0.1505,,,0.2653,,,,
PCOS,ENSG00000189337,KAZN,"kazrin, periplakin interacting protein",0.16304935430734832,genetic_association,False,False,0.0304,,,0.2667,,,,
PCOS,ENSG00000151806,GUF1,GTP binding elongation factor GUF1,0.16165292261442385,genetic_association,False,False,,,,0.2659,,,,
PCOS,ENSG00000153993,SEMA3D,semaphorin 3D,0.15926072956346962,genetic_association,False,False,,,,0.262,,,,
PCOS,ENSG00000104435,STMN2,stathmin 2,0.15874540173252516,genetic_association,False,False,,,,0.2611,,,,
PCOS,ENSG00000132671,SSTR4,somatostatin receptor 4,0.15779288178424733,genetic_association,False,False,,,,0.2596,,,,
PCOS,ENSG00000152208,GRID2,glutamate ionotropic receptor delta type subunit 2,0.14837475268094616,genetic_association,False,False,,,,0.2441,,,,
PCOS,ENSG00000146038,DCDC2,doublecortin domain containing 2,0.14043954998555824,genetic_association,False,False,,,,0.231,,,,
PCOS,ENSG00000104899,AMH,anti-Mullerian hormone,0.1327386194759889,animal_model;literature,False,False,0.9963,0.3819,,,,,,
PCOS,ENSG00000174697,LEP,leptin,0.13028280352486662,animal_model;literature,False,False,0.9837,0.3511,,,,,,
PCOS,ENSG00000172179,PRL,prolactin,0.12871413945856994,animal_model;literature,False,False,0.9586,0.4003,,,,,,
PCOS,ENSG00000170498,KISS1,KiSS-1 metastasis suppressor,0.1274408981556903,animal_model;literature,False,False,0.9759,0.2888,,,,,,
PCOS,ENSG00000232810,TNF,tumor necrosis factor,0.1255010855437357,animal_model;literature,False,False,0.9698,0.2495,,,,,,
PCOS,ENSG00000010310,GIPR,gastric inhibitory polypeptide receptor,0.12538619123142827,genetic_association;literature,False,False,0.2503,,,0.1937,,,,
PCOS,ENSG00000175354,PTPN2,protein tyrosine phosphatase non-receptor type 2,0.12304882450943617,genetic_association,False,False,,,,0.2024,,,,
PCOS,ENSG00000254647,INS,insulin,0.12051345692046252,literature,False,True,0.9912,,,,,,,
PCOS,ENSG00000083444,PLOD1,"procollagen-lysine,2-oxoglutarate 5-dioxygenase 1",0.1202397167583507,literature,False,True,0.9889,,,,,,,
PCOS,ENSG00000181092,ADIPOQ,"adiponectin, C1Q and collagen domain containing",0.11925373158790624,literature,False,True,0.9808,,,,,,,
PCOS,ENSG00000129214,SHBG,sex hormone binding globulin,0.11887671462769488,literature,False,True,0.9777,,,,,,,
PCOS,ENSG00000136244,IL6,interleukin 6,0.11783844518947986,literature,False,True,0.9692,,,,,,,
PCOS,ENSG00000147437,GNRH1,gonadotropin releasing hormone 1,0.11774656073380438,literature,False,True,0.9684,,,,,,,
PCOS,ENSG00000204256,BRD2,bromodomain containing 2,0.11773407605344641,literature,False,True,0.9683,,,,,,,
PCOS,ENSG00000132693,CRP,C-reactive protein,0.11713949661150942,literature,False,True,0.9634,,,,,,,
PCOS,ENSG00000160097,FNDC5,fibronectin type III domain containing 5,0.11694903236227237,literature,False,True,0.9619,,,,,,,
PCOS,ENSG00000181619,GPR135,G protein-coupled receptor 135,0.11579549744954762,genetic_association,False,False,,,,0.1905,,,,
PCOS,ENSG00000115263,GCG,glucagon,0.11526981743374365,literature,False,True,0.9481,,,,,,,
PCOS,ENSG00000106538,RARRES2,retinoic acid receptor responder 2,0.11501107294715027,literature,False,True,0.9459,,,,,,,
PCOS,ENSG00000112715,VEGFA,vascular endothelial growth factor A,0.11476745524838683,literature,False,True,0.9439,,,,,,,
PCOS,ENSG00000142208,AKT1,AKT serine/threonine kinase 1,0.11403349882743351,literature,False,True,0.9379,,,,,,,
PCOS,ENSG00000163661,PTX3,pentraxin 3,0.11384841217368005,literature,False,True,0.9364,,,,,,,
PCOS,ENSG00000130173,ANGPTL8,angiopoietin like 8,0.1132040623147971,literature,False,True,0.9311,,,,,,,
PCOS,ENSG00000182963,GJC1,gap junction protein gamma 1,0.11284020394736792,genetic_association,False,False,0.0334,,,0.1839,,,,
PCOS,ENSG00000174748,RPL15,ribosomal protein L15,0.1124193054723764,genetic_association,False,False,,,,0.1849,,,,
PCOS,ENSG00000105835,NAMPT,nicotinamide phosphoribosyltransferase,0.1121396302991889,literature,False,True,0.9223,,,,,,,
PCOS,ENSG00000157017,GHRL,ghrelin and obestatin prepropeptide,0.11198773982875544,literature,False,True,0.9211,,,,,,,
PCOS,ENSG00000105329,TGFB1,transforming growth factor beta 1,0.11195293618702402,literature,False,True,0.9208,,,,,,,
PCOS,ENSG00000104918,RETN,resistin,0.11130392508815024,literature,False,True,0.9154,,,,,,,
PCOS,ENSG00000130385,BMP15,bone morphogenetic protein 15,0.11121329342675403,animal_model;literature,False,False,0.8164,0.3931,,,,,,
PCOS,ENSG00000171862,PTEN,phosphatase and tensin homolog,0.11106958165961417,literature,False,True,0.9135,,,,,,,
PCOS,ENSG00000138207,RBP4,retinol binding protein 4,0.11067986289320214,literature,False,True,0.9103,,,,,,,
PCOS,ENSG00000164404,GDF9,growth differentiation factor 9,0.11067745196121447,animal_model;literature,False,False,0.8341,0.3048,,,,,,
PCOS,ENSG00000162711,NLRP3,NLR family pyrin domain containing 3,0.11017549819972627,literature,False,True,0.9062,,,,,,,
PCOS,ENSG00000127318,IL22,interleukin 22,0.11017023362092196,literature,False,True,0.9061,,,,,,,
PCOS,ENSG00000105550,FGF21,fibroblast growth factor 21,0.11016895031512337,literature,False,True,0.9061,,,,,,,
PCOS,ENSG00000150782,IL18,interleukin 18,0.10972026296151696,literature,False,True,0.9024,,,,,,,
PCOS,ENSG00000017427,IGF1,insulin like growth factor 1,0.10967798376949432,literature,False,True,0.9021,,,,,,,
PCOS,ENSG00000198793,MTOR,mechanistic target of rapamycin kinase,0.1096060136461639,literature,False,True,0.9015,,,,,,,
PCOS,ENSG00000142515,KLK3,kallikrein related peptidase 3,0.10893116511069469,literature,False,True,0.8959,,,,,,,
PCOS,ENSG00000106366,SERPINE1,serpin family E member 1,0.10884773797145982,literature,False,True,0.8952,,,,,,,
PCOS,ENSG00000103494,RPGRIP1L,RPGRIP1 like,0.10883843191089598,genetic_association,False,False,,,,0.179,,,,
PCOS,ENSG00000070081,NUCB2,nucleobindin 2,0.10821068929212448,literature,False,True,0.89,,,,,,,
PCOS,ENSG00000177000,MTHFR,methylenetetrahydrofolate reductase,0.10804377632746397,literature,False,True,0.8886,,,,,,,
PCOS,ENSG00000181856,SLC2A4,solute carrier family 2 member 4,0.1078533244009743,literature,False,True,0.8871,,,,,,,
PCOS,ENSG00000189403,HMGB1,high mobility group box 1,0.10759370532391133,literature,False,True,0.8849,,,,,,,
PCOS,ENSG00000117586,TNFSF4,TNF superfamily member 4,0.10756131054976562,genetic_association,False,False,,,,0.1769,,,,
PCOS,ENSG00000100985,MMP9,matrix metallopeptidase 9,0.10748172760455701,literature,False,True,0.884,,,,,,,
PCOS,ENSG00000115705,TPO,thyroid peroxidase,0.10713856400327863,literature,False,True,0.8812,,,,,,,
PCOS,ENSG00000182551,ADI1,acireductone dioxygenase 1,0.1070625152401251,genetic_association,False,False,,,,0.1761,,,,
PCOS,ENSG00000159692,CTBP1,C-terminal binding protein 1,0.10639246181004067,literature,False,True,0.875,,,,,,,
PCOS,ENSG00000032389,EIPR1,EARP complex and GARP complex interacting protein 1,0.1061879217330367,genetic_association,False,False,,,,0.1747,,,,
PCOS,ENSG00000148346,LCN2,lipocalin 2,0.10612338208879096,literature,False,True,0.8728,,,,,,,
PCOS,ENSG00000251562,MALAT1,metastasis associated lung adenocarcinoma transcript 1,0.10607377650004968,literature,False,True,0.869,,,,0.0137,,,
PCOS,ENSG00000125730,C3,complement C3,0.10593239448614866,literature,False,True,0.8713,,,,,,,
PCOS,ENSG00000168610,STAT3,signal transducer and activator of transcription 3,0.10556862216825337,literature,False,True,0.8683,,,,,,,
PCOS,ENSG00000109320,NFKB1,nuclear factor kappa B subunit 1,0.10545015504166297,literature,False,True,0.8673,,,,,,,
PCOS,ENSG00000148795,CYP17A1,cytochrome P450 family 17 subfamily A member 1,0.10485681765415045,literature,False,True,0.8624,,,,,,,
PCOS,ENSG00000130513,GDF15,growth differentiation factor 15,0.10478608364223174,literature,False,True,0.8618,,,,,,,
PCOS,ENSG00000169047,IRS1,insulin receptor substrate 1,0.10476721448736034,literature,False,True,0.8617,,,,,,,
PCOS,ENSG00000108691,CCL2,C-C motif chemokine ligand 2,0.10470183286130759,literature,False,True,0.8611,,,,,,,
PCOS,ENSG00000140459,CYP11A1,cytochrome P450 family 11 subfamily A member 1,0.10469049358600058,literature,False,True,0.861,,,,,,,
PCOS,ENSG00000197728,RPS26,ribosomal protein S26,0.10453998464495841,genetic_association;literature,False,False,0.1678,,,0.1636,,,,
PCOS,ENSG00000136634,IL10,interleukin 10,0.10448072642726278,literature,False,True,0.8593,,,,,,,
PCOS,ENSG00000259384,GH1,growth hormone 1,0.10421121660271083,literature,False,True,0.8571,,,,,,,
PCOS,ENSG00000142082,SIRT3,sirtuin 3,0.10379564759959087,literature,False,True,0.8537,,,,,,,
PCOS,ENSG00000162344,FGF19,fibroblast growth factor 19,0.10347258896790228,literature,False,True,0.851,,,,,,,
PCOS,ENSG00000138379,MSTN,myostatin,0.10330214039109391,literature,False,True,0.8496,,,,,,,
PCOS,ENSG00000010610,CD4,CD4 molecule,0.10270538106488422,literature,False,True,0.8447,,,,,,,
PCOS,ENSG00000265972,TXNIP,thioredoxin interacting protein,0.10249253967744806,literature,False,True,0.843,,,,,,,
PCOS,ENSG00000245532,NEAT1,nuclear paraspeckle assembly transcript 1,0.10229774129972684,literature,False,True,0.8414,,,,,,,
PCOS,ENSG00000257017,HP,haptoglobin,0.10225647077452109,literature,False,True,0.841,,,,,,,
PCOS,ENSG00000148737,TCF7L2,transcription factor 7 like 2,0.10210055768334342,literature,False,True,0.8397,,,,,,,
PCOS,ENSG00000090339,ICAM1,intercellular adhesion molecule 1,0.10189278323658812,literature,False,True,0.838,,,,,,,
PCOS,ENSG00000136869,TLR4,toll like receptor 4,0.10182702695432064,literature,False,True,0.8375,,,,,,,
PCOS,ENSG00000167701,GPT,glutamic--pyruvic transaminase,0.10165225031686223,literature,False,True,0.8361,,,,,,,
PCOS,ENSG00000125538,IL1B,interleukin 1 beta,0.10146779638947447,literature,False,True,0.8345,,,,,,,
PCOS,ENSG00000111252,SH2B3,SH2B adaptor protein 3,0.10077735853361008,genetic_association;literature,False,False,0.67,,,0.1271,,,,
PCOS,ENSG00000142449,FBN3,fibrillin 3,0.10077503124187996,literature,False,True,0.8288,,,,,,,
PCOS,ENSG00000134363,FST,follistatin,0.10077189846218543,literature,False,True,0.8288,,,,,,,
PCOS,ENSG00000159224,GIP,gastric inhibitory polypeptide,0.10036616394852307,literature,False,True,0.8255,,,,,,,
PCOS,ENSG00000134259,NGF,nerve growth factor,0.10001088532613392,literature,False,True,0.8226,,,,,,,
T2D,ENSG00000187486,KCNJ11,potassium inwardly rectifying channel subfamily J member 11,0.8772147341544883,clinical;genetic_association;genetic_literature;literature;somatic_mutation,False,False,0.9389,,0.9985,0.9215,,0.8655,0.7133,
T2D,ENSG00000006071,ABCC8,ATP binding cassette subfamily C member 8,0.8764122840406745,animal_model;clinical;genetic_association;genetic_literature;literature;somatic_mutation,False,False,0.7758,0.5515,0.9985,0.9174,,0.8898,0.619,
T2D,ENSG00000106633,GCK,glucokinase,0.8679864643690597,animal_model;clinical;genetic_association;genetic_literature;literature,False,False,0.9611,0.7544,0.6099,0.9304,,0.814,,
T2D,ENSG00000132170,PPARG,peroxisome proliferator activated receptor gamma,0.8609754807916995,animal_model;clinical;genetic_association;genetic_literature;literature,False,False,0.9526,0.6094,0.9972,0.8977,,0.9191,,
T2D,ENSG00000135100,HNF1A,HNF1 homeobox A,0.8498006482361665,animal_model;genetic_association;genetic_literature;literature;somatic_mutation,False,False,0.9729,0.5247,,0.9464,,0.8275,0.2461,
T2D,ENSG00000101076,HNF4A,hepatocyte nuclear factor 4 alpha,0.7992035751395097,animal_model;genetic_association;genetic_literature;literature;somatic_mutation,False,False,0.6402,0.4812,,0.8656,,0.6687,0.1976,
T2D,ENSG00000275410,HNF1B,HNF1 homeobox B,0.7768015094007761,animal_model;genetic_association;genetic_literature;literature,False,False,0.7836,0.3639,,0.8392,,0.7998,,
T2D,ENSG00000171105,INSR,insulin receptor,0.7702043607097213,animal_model;clinical;genetic_association;genetic_literature;literature;somatic_mutation,False,False,0.5452,0.5449,0.9984,0.5975,,0.304,0.1945,
T2D,ENSG00000112164,GLP1R,glucagon like peptide 1 receptor,0.7686888126020472,animal_model;clinical;genetic_association;literature,False,False,0.9906,0.2734,0.998,0.7751,,,,
T2D,ENSG00000109501,WFS1,wolframin ER transmembrane glycoprotein,0.7639156818834071,animal_model;genetic_association;genetic_literature;literature,False,False,0.661,0.5825,,0.9274,,0.7599,,
T2D,ENSG00000163581,SLC2A2,solute carrier family 2 member 2,0.745443006103505,animal_model;genetic_association;genetic_literature;literature;somatic_mutation,False,False,0.7183,0.4456,,0.8938,0.0145,0.7937,0.1989,
T2D,ENSG00000106331,PAX4,paired box 4,0.7343882913133891,genetic_association;genetic_literature;literature,False,False,0.6875,,,0.8098,,0.3648,,
T2D,ENSG00000164756,SLC30A8,solute carrier family 30 member 8,0.7236769788709322,animal_model;genetic_association;literature,False,False,0.7627,0.5518,,0.8643,,,,
T2D,ENSG00000105221,AKT2,AKT serine/threonine kinase 2,0.7207451387369469,animal_model;genetic_association;genetic_literature;literature,False,False,0.6586,0.6458,,0.7139,,0.8304,,
T2D,ENSG00000115159,GPD2,glycerol-3-phosphate dehydrogenase 2,0.7093948664405427,animal_model;clinical;genetic_association;literature,False,False,0.1834,0.5246,0.9986,0.6174,,,,
T2D,ENSG00000010310,GIPR,gastric inhibitory polypeptide receptor,0.6960778874224164,animal_model;clinical;genetic_association;literature,False,False,0.5749,0.4062,0.9753,0.6074,,,,
T2D,ENSG00000164258,NDUFS4,NADH:ubiquinone oxidoreductase subunit S4,0.6890528215922364,clinical;genetic_association,False,False,,,0.9986,0.5393,,,,
T2D,ENSG00000145996,CDKAL1,CDKAL1 threonylcarbamoyladenosine tRNA methylthiotransferase,0.6880306713750315,animal_model;genetic_association;genetic_literature;literature,False,False,0.8026,0.3639,,0.7988,,0.6079,,
T2D,ENSG00000162992,NEUROD1,neuronal differentiation 1,0.6865027257533113,animal_model;genetic_association;genetic_literature;literature,False,False,0.421,0.2617,,0.6565,,0.7836,,
T2D,ENSG00000148737,TCF7L2,transcription factor 7 like 2,0.6841589275293578,animal_model;genetic_association;genetic_literature;literature,False,False,0.9796,0.4704,,0.7975,,0.6079,,
T2D,ENSG00000169047,IRS1,insulin receptor substrate 1,0.6585175744317724,animal_model;genetic_association;genetic_literature;literature,False,False,0.9028,0.661,,0.7739,,0.304,,
T2D,ENSG00000146830,GIGYF1,GRB10 interacting GYF protein 1,0.6574462951508908,genetic_association;literature,False,False,0.7242,,,0.8523,,,,
T2D,ENSG00000198888,MT-ND1,mitochondrially encoded NADH:ubiquinone oxidoreductase core subunit 1,0.6555397375776173,clinical;genetic_literature;literature,False,False,0.1673,,0.9986,,,0.304,,
T2D,ENSG00000197594,ENPP1,ectonucleotide pyrophosphatase/phosphodiesterase 1,0.6548632202858855,genetic_association;genetic_literature;literature;somatic_mutation,False,False,0.686,,,0.8895,,0.6079,0.2445,
T2D,ENSG00000166136,NDUFB8,NADH:ubiquinone oxidoreductase subunit B8,0.654862573073902,clinical;genetic_association,False,False,0.0776,,0.9986,0.3075,,,,
T2D,ENSG00000113161,HMGCR,3-hydroxy-3-methylglutaryl-CoA reductase,0.6445965281644489,animal_model;clinical;genetic_association;literature,False,False,0.8358,0.2779,0.9155,0.4912,,,,
T2D,ENSG00000140675,SLC5A2,solute carrier family 5 member 2,0.6428440763007629,animal_model;clinical;literature,False,False,0.9829,0.4683,0.9979,,,,,
T2D,ENSG00000053918,KCNQ1,potassium voltage-gated channel subfamily Q member 1,0.6411809693774078,genetic_association;genetic_literature;literature,False,False,0.9597,,,0.8814,,0.6079,,
T2D,ENSG00000197635,DPP4,dipeptidyl peptidase 4,0.640955374494114,animal_model;clinical;literature,False,False,0.9715,0.3323,0.9984,,,,,
T2D,ENSG00000090266,NDUFB2,NADH:ubiquinone oxidoreductase subunit B2,0.6389872130117094,clinical;genetic_association,False,False,,,0.9986,0.2099,,,,
T2D,ENSG00000134640,MTNR1B,melatonin receptor 1B,0.6359917127676388,animal_model;clinical;genetic_association;literature,False,False,0.9007,0.3239,0.457,0.9078,,,,
T2D,ENSG00000185002,RFX6,regulatory factor X6,0.6324704651533232,genetic_association;literature,False,False,0.4131,,,0.8249,,,,
T2D,ENSG00000140718,FTO,FTO alpha-ketoglutarate dependent dioxygenase,0.6288608426063014,animal_model;genetic_association;literature,False,False,0.9521,0.3063,,0.98,,,,
T2D,ENSG00000165264,NDUFB6,NADH:ubiquinone oxidoreductase subunit B6,0.6282007944745591,clinical;genetic_association;literature,False,False,0.3258,,0.9986,0.11,,,,
T2D,ENSG00000213619,NDUFS3,NADH:ubiquinone oxidoreductase core subunit S3,0.6244064166201796,clinical;genetic_association;literature,False,False,0.1514,,0.9986,0.1005,,,,
T2D,ENSG00000186951,PPARA,peroxisome proliferator activated receptor alpha,0.6216235092954455,animal_model;clinical;genetic_association;literature,False,False,0.4808,0.4933,0.9598,0.1831,,,,
T2D,ENSG00000130414,NDUFA10,NADH:ubiquinone oxidoreductase subunit A10,0.6198025577688372,clinical,True,False,0.0989,,0.9986,0.0749,,,,
T2D,ENSG00000198695,MT-ND6,mitochondrially encoded NADH:ubiquinone oxidoreductase core subunit 6,0.6177833099366682,clinical;literature,False,False,0.352,,0.9986,,,,,
T2D,ENSG00000147684,NDUFB9,NADH:ubiquinone oxidoreductase subunit B9,0.616964644118026,animal_model;clinical,False,False,0.0122,0.3197,0.9986,,,,,
T2D,ENSG00000186010,NDUFA13,NADH:ubiquinone oxidoreductase subunit A13,0.6164376447548133,clinical,True,False,0.0775,,0.9986,0.0547,,,,
T2D,ENSG00000151366,NDUFC2,NADH:ubiquinone oxidoreductase subunit C2,0.6142883181915338,clinical;literature,False,False,0.2371,,0.9986,,,,,
T2D,ENSG00000128609,NDUFA5,NADH:ubiquinone oxidoreductase subunit A5,0.6140261871792964,clinical;literature,False,False,0.1184,,0.9986,0.0352,,,,
T2D,ENSG00000004779,NDUFAB1,NADH:ubiquinone oxidoreductase subunit AB1,0.6138733139557299,clinical;literature,False,False,0.2234,,0.9986,,,,,
T2D,ENSG00000178057,NDUFAF3,NADH:ubiquinone oxidoreductase complex assembly factor 3,0.6126215161895916,clinical;literature,False,False,0.1822,,0.9986,,,,,
T2D,ENSG00000185950,IRS2,insulin receptor substrate 2,0.6124896923306425,animal_model;genetic_association;literature,False,False,0.8365,0.4726,,0.7297,,,,
T2D,ENSG00000198763,MT-ND2,mitochondrially encoded NADH:ubiquinone oxidoreductase core subunit 2,0.6120098270187422,clinical;literature,False,False,0.1621,,0.9986,,,,,
T2D,ENSG00000212907,MT-ND4L,mitochondrially encoded NADH:ubiquinone oxidoreductase core subunit 4L,0.6115191929424592,clinical;literature,False,False,0.146,,0.9986,,,,,
T2D,ENSG00000198886,MT-ND4,mitochondrially encoded NADH:ubiquinone oxidoreductase core subunit 4,0.6103532094140428,clinical;literature,False,False,0.1076,,0.9986,,,,,
T2D,ENSG00000198786,MT-ND5,mitochondrially encoded NADH:ubiquinone oxidoreductase core subunit 5,0.6094247685675955,clinical,True,False,0.0771,,0.9986,,,,,
T2D,ENSG00000065518,NDUFB4,NADH:ubiquinone oxidoreductase subunit B4,0.609392158217678,clinical,True,False,0.076,,0.9986,,,,,
T2D,ENSG00000125356,NDUFA1,NADH:ubiquinone oxidoreductase subunit A1,0.6093248125552687,clinical,True,False,0.0738,,0.9986,,,,,
T2D,ENSG00000167792,NDUFV1,NADH:ubiquinone oxidoreductase core subunit V1,0.6092401171719035,clinical,True,False,0.071,,0.9986,,,,,
T2D,ENSG00000184983,NDUFA6,NADH:ubiquinone oxidoreductase subunit A6,0.6090687758448289,clinical,True,False,0.0654,,0.9986,,,,,
T2D,ENSG00000198840,MT-ND3,mitochondrially encoded NADH:ubiquinone oxidoreductase core subunit 3,0.6090510263072078,clinical,True,False,0.0648,,0.9986,,,,,
T2D,ENSG00000131495,NDUFA2,NADH:ubiquinone oxidoreductase subunit A2,0.6090225783629932,clinical,True,False,0.0638,,0.9986,,,,,
T2D,ENSG00000160194,NDUFV3,NADH:ubiquinone oxidoreductase subunit V3,0.608930183399322,clinical,True,False,0.0608,,0.9986,,,,,
T2D,ENSG00000174886,NDUFA11,NADH:ubiquinone oxidoreductase subunit A11,0.608930183399322,clinical,True,False,0.0608,,0.9986,,,,,
T2D,ENSG00000140990,NDUFB10,NADH:ubiquinone oxidoreductase subunit B10,0.608930183399322,clinical,True,False,0.0608,,0.9986,,,,,
T2D,ENSG00000110717,NDUFS8,NADH:ubiquinone oxidoreductase core subunit S8,0.6085477709107942,clinical,True,False,0.0482,,0.9986,,,,,
T2D,ENSG00000158864,NDUFS2,NADH:ubiquinone oxidoreductase core subunit S2,0.6084220110991306,clinical,True,False,0.0441,,0.9986,,,,,
T2D,ENSG00000099795,NDUFB7,NADH:ubiquinone oxidoreductase subunit B7,0.6083013843410044,clinical,True,False,0.0401,,0.9986,,,,,
T2D,ENSG00000023228,NDUFS1,NADH:ubiquinone oxidoreductase core subunit S1,0.6082372211717884,clinical,True,False,0.038,,0.9986,,,,,
T2D,ENSG00000189043,COXFA4,cytochrome c oxidase associated subunit FA4,0.6081910236899527,clinical,True,False,0.0365,,0.9986,,,,,
T2D,ENSG00000145494,NDUFS6,NADH:ubiquinone oxidoreductase subunit S6,0.6080986287262815,clinical,True,False,0.0334,,0.9986,,,,,
T2D,ENSG00000168653,NDUFS5,NADH:ubiquinone oxidoreductase subunit S5,0.6080062337626103,clinical,True,False,0.0304,,0.9986,,,,,
T2D,ENSG00000137806,NDUFAF1,NADH:ubiquinone oxidoreductase complex assembly factor 1,0.6080062337626103,clinical,True,False,0.0304,,0.9986,,,,,
T2D,ENSG00000164182,NDUFAF2,NADH:ubiquinone oxidoreductase complex assembly factor 2,0.6079138387989391,clinical,True,False,0.0274,,0.9986,,,,,
T2D,ENSG00000136521,NDUFB5,NADH:ubiquinone oxidoreductase subunit B5,0.6077290488715968,clinical,True,False,0.0213,,0.9986,,,,,
T2D,ENSG00000178127,NDUFV2,NADH:ubiquinone oxidoreductase core subunit V2,0.6076366539079257,clinical,True,False,0.0182,,0.9986,,,,,
T2D,ENSG00000115286,NDUFS7,NADH:ubiquinone oxidoreductase core subunit S7,0.6075442589442545,clinical,True,False,0.0152,,0.9986,,,,,
T2D,ENSG00000119013,NDUFB3,NADH:ubiquinone oxidoreductase subunit B3,0.6075442589442545,clinical,True,False,0.0152,,0.9986,,,,,
T2D,ENSG00000184752,NDUFA12,NADH:ubiquinone oxidoreductase subunit A12,0.6074518639805833,clinical,True,False,0.0122,,0.9986,,,,,
T2D,ENSG00000119421,NDUFA8,NADH:ubiquinone oxidoreductase subunit A8,0.6074518639805833,clinical,True,False,0.0122,,0.9986,,,,,
T2D,ENSG00000147123,NDUFB11,NADH:ubiquinone oxidoreductase subunit B11,0.6070822841258986,clinical,True,False,,,0.9986,,,,,
T2D,ENSG00000109390,NDUFC1,NADH:ubiquinone oxidoreductase subunit C1,0.6070822841258986,clinical,True,False,,,0.9986,,,,,
T2D,ENSG00000183648,NDUFB1,NADH:ubiquinone oxidoreductase subunit B1,0.6070822841258986,clinical,True,False,,,0.9986,,,,,
T2D,ENSG00000123545,NDUFAF4,NADH:ubiquinone oxidoreductase complex assembly factor 4,0.6070822841258986,clinical,True,False,,,0.9986,,,,,
T2D,ENSG00000267855,NDUFA7,NADH:ubiquinone oxidoreductase subunit A7,0.6070822841258986,clinical,True,False,,,0.9986,,,,,
T2D,ENSG00000185633,COXFA4L2,cytochrome c oxidase hypoxia associated subunit FA4L2,0.6070822841258986,clinical,True,False,,,0.9986,,,,,
T2D,ENSG00000170906,NDUFA3,NADH:ubiquinone oxidoreductase subunit A3,0.6070822841258986,clinical,True,False,,,0.9986,,,,,
T2D,ENSG00000139180,NDUFA9,NADH:ubiquinone oxidoreductase subunit A9,0.6070822841258986,clinical,True,False,,,0.9986,,,,,
T2D,ENSG00000257335,MGAM,maltase-glucoamylase,0.6053851727170046,clinical;literature,False,False,0.1568,,0.988,,,,,
T2D,ENSG00000130203,APOE,apolipoprotein E,0.6041827995594038,genetic_association;literature,False,False,0.97,,,0.9453,,,,
T2D,ENSG00000139515,PDX1,pancreatic and duodenal homeobox 1,0.6033170073745295,animal_model;genetic_association;genetic_literature;literature,False,False,0.6851,0.5883,,0.6553,,0.6079,,
T2D,ENSG00000243480,AMY2A,amylase alpha 2A,0.5995518800044899,clinical,True,False,0.0421,,0.9841,,,,,
T2D,ENSG00000153814,JAZF1,JAZF zinc finger 1,0.5948589621811022,genetic_association;literature,False,False,0.6416,,,0.9464,,,,
T2D,ENSG00000133116,KL,klotho,0.5945866821609406,animal_model;genetic_association;literature,False,False,0.8489,0.3328,,0.9282,,,,
T2D,ENSG00000151623,NR3C2,nuclear receptor subfamily 3 group C member 2,0.5944491179335842,animal_model;clinical;literature,False,False,0.8084,0.4197,0.9281,,,,,
T2D,ENSG00000145730,PAM,peptidylglycine alpha-amidating monooxygenase,0.5929635846077836,genetic_association;literature,False,False,0.1513,,,0.7776,,,,
T2D,ENSG00000254647,INS,insulin,0.5914367309393436,animal_model;genetic_association;literature,False,False,0.9987,0.5781,,0.7022,,,,
T2D,ENSG00000182247,UBE2E2,ubiquitin conjugating enzyme E2 E2,0.588734263101272,genetic_association;literature,False,False,0.3761,,,0.9496,,,,
T2D,ENSG00000175445,LPL,lipoprotein lipase,0.5885596191307112,genetic_association;literature,False,False,0.8744,,,0.9244,,,,
T2D,ENSG00000168925,CTRB1,chymotrypsinogen B1,0.5881192100073777,genetic_association;literature,False,False,0.1665,,,0.9591,,,,
T2D,ENSG00000168928,CTRB2,chymotrypsinogen B2,0.5864403771281933,genetic_association;literature,False,False,0.1718,,,0.9561,,,,
T2D,ENSG00000171298,GAA,alpha glucosidase,0.5837288704967238,clinical;literature,False,False,0.2536,,0.9475,,,,,
T2D,ENSG00000172575,RASGRP1,RAS guanyl releasing protein 1,0.5819326965139507,genetic_association;literature,False,False,0.5346,,,0.9305,,,,
T2D,ENSG00000084734,GCKR,glucokinase regulator,0.5757902061282603,animal_model;genetic_association;literature,False,False,0.8048,0.3566,,0.899,,,,
T2D,ENSG00000160867,FGFR4,fibroblast growth factor receptor 4,0.5749122196963503,clinical;genetic_association;literature,False,False,0.2892,,0.152,0.9013,,,,
T2D,ENSG00000008196,TFAP2B,transcription factor AP-2 beta,0.5748848669102243,animal_model;genetic_association;literature,False,False,0.1995,0.3152,,0.9255,,,,
T2D,ENSG00000090402,SI,sucrase-isomaltase,0.5695417942243364,clinical;literature,False,False,0.1511,,0.9293,,,,,
T2D,ENSG00000174326,SLC16A11,solute carrier family 16 member 11,0.5684809197646223,genetic_association;genetic_literature;literature,False,False,0.7185,,,0.7672,,0.6079,,
T2D,ENSG00000048052,HDAC9,histone deacetylase 9,0.5684622143991959,clinical;genetic_association;literature,False,False,0.3598,,0.4256,0.8207,,,,
T2D,ENSG00000257743,MGAM2,maltase-glucoamylase 2 (putative),0.5684036603097232,clinical;literature,False,False,0.1136,,0.9293,,,,,
T2D,ENSG00000144891,AGTR1,angiotensin II receptor type 1,0.5683761160341286,animal_model;clinical;literature,False,False,0.5039,0.3125,0.9028,,,,,
T2D,ENSG00000124782,RREB1,ras responsive element binding protein 1,0.5681302339091016,genetic_association;literature,False,False,0.2993,,,0.9196,,,,
T2D,ENSG00000115290,GRB14,growth factor receptor bound protein 14,0.564764772378265,genetic_association;literature,False,False,0.2919,,,0.738,,,,
T2D,ENSG00000117707,PROX1,prospero homeobox 1,0.5647399886065991,animal_model;genetic_association;literature,False,False,0.3441,0.2911,,0.9053,,,,
T2D,ENSG00000175164,ABO,"ABO, alpha 1-3-N-acetylgalactosaminyltransferase and alpha 1-3-galactosyltransferase",0.5631771825900789,genetic_association;literature,False,False,0.2116,,,0.9158,,,,
T2D,ENSG00000173175,ADCY5,adenylate cyclase 5,0.5628798069037839,genetic_association;literature,False,False,0.5491,,,0.8984,,,,
T2D,ENSG00000073792,IGF2BP2,insulin like growth factor 2 mRNA binding protein 2,0.560973410324545,animal_model;genetic_association;literature,False,False,0.863,0.2971,,0.873,,,,
T2D,ENSG00000146477,SLC22A3,solute carrier family 22 member 3,0.5603961765977465,genetic_association;literature,False,False,0.6554,,,0.889,,,,
T2D,ENSG00000136267,DGKB,diacylglycerol kinase beta,0.5590357031696643,genetic_association;literature,False,False,0.3334,,,0.9029,,,,
T2D,ENSG00000196781,TLE1,"TLE family member 1, transcriptional corepressor",0.558762142656489,genetic_association;literature,False,False,0.1923,,,0.9095,,,,
T2D,ENSG00000154122,ANKH,ANKH inorganic pyrophosphate transport regulator,0.5578701626297864,genetic_association,False,False,0.076,,,0.9139,,,,
T2D,ENSG00000100344,PNPLA3,"patatin like domain 3, 1-acylglycerol-3-phosphate O-acyltransferase ",0.5575397760303245,genetic_association;literature,False,False,0.5856,,,0.8878,,,,
T2D,ENSG00000166035,LIPC,"lipase C, hepatic type",0.55635263729266,genetic_association;genetic_literature;literature,False,False,0.3592,,,0.6948,,0.38,,
T2D,ENSG00000107249,GLIS3,GLIS family zinc finger 3,0.5562901813442418,animal_model;genetic_association;literature,False,False,0.8426,0.4548,,0.8628,,,,
T2D,ENSG00000149948,HMGA2,high mobility group AT-hook 2,0.5541365361504728,genetic_association;literature,False,False,0.144,,,0.9043,,,,
T2D,ENSG00000134443,GRP,gastrin releasing peptide,0.551808298392137,genetic_association;literature,False,False,0.4061,,,0.8874,,,,
T2D,ENSG00000163638,ADAMTS9,ADAM metallopeptidase with thrombospondin type 1 motif 9,0.5512096215971584,genetic_association;literature,False,False,0.2815,,,0.7204,,,,
T2D,ENSG00000160360,GPSM1,G protein signaling modulator 1,0.5493099117413693,genetic_association;literature,False,False,0.3042,,,0.8884,,,,
T2D,ENSG00000163083,INHBB,inhibin subunit beta B,0.5480790349166488,genetic_association;literature,False,False,0.2021,,,0.8914,,,,
T2D,ENSG00000171435,KSR2,kinase suppressor of ras 2,0.5472220587027291,genetic_association;literature,False,False,0.2008,,,0.7165,,,,
T2D,ENSG00000112787,FBRSL1,fibrosin like 1,0.5444258785583119,genetic_association,False,False,0.0426,,,0.8934,,,,
T2D,ENSG00000006468,ETV1,ETS variant transcription factor 1,0.5443601280695861,genetic_association;literature,False,False,0.1006,,,0.8904,,,,
T2D,ENSG00000100170,SLC5A1,solute carrier family 5 member 1,0.5434529322834512,animal_model;clinical;literature,False,False,0.5137,0.4431,0.8547,0.0599,,,,
T2D,ENSG00000167772,ANGPTL4,angiopoietin like 4,0.5429223791653048,genetic_association;literature,False,False,0.9187,,,0.6981,,,,
T2D,ENSG00000186635,ARAP1,"ArfGAP with RhoGAP domain, ankyrin repeat and PH domain 1",0.5414470019628607,genetic_association;literature,False,False,0.7174,,,0.8548,,,,
T2D,ENSG00000153094,BCL2L11,BCL2 like 11,0.5397535867046169,genetic_association,False,False,0.0982,,,0.8829,,,,
T2D,ENSG00000221955,SLC12A8,solute carrier family 12 member 8,0.539170305623047,genetic_association,False,False,0.04,,,0.8849,,,,
T2D,ENSG00000073849,ST6GAL1,"ST6 beta-galactoside alpha-2,6-sialyltransferase 1",0.5387513434104989,genetic_association;literature,False,False,0.2717,,,0.8726,,,,
T2D,ENSG00000198901,PRC1,protein regulator of cytokinesis 1,0.5385551368563017,genetic_association;literature,False,False,0.2497,,,0.8734,,,,
T2D,ENSG00000064655,EYA2,EYA transcriptional coactivator and phosphatase 2,0.5375525828870318,genetic_association,False,False,0.0916,,,0.8797,,,,
T2D,ENSG00000198369,SPRED2,sprouty related EVH1 domain containing 2,0.5364478397975534,genetic_association;literature,False,False,0.4392,,,0.8605,,,,
T2D,ENSG00000168769,TET2,tet methylcytosine dioxygenase 2,0.5364049739574879,genetic_association;literature,False,False,0.7436,,,0.8452,,,,
T2D,ENSG00000122859,NEUROG3,neurogenin 3,0.5359793644292901,animal_model;genetic_association;literature,False,False,0.3427,0.297,,0.8579,,,,
T2D,ENSG00000101096,NFATC2,nuclear factor of activated T cells 2,0.5348816831493096,genetic_association;literature,False,False,0.3872,,,0.8605,,,,
T2D,ENSG00000140836,ZFHX3,zinc finger homeobox 3,0.5346589000542652,genetic_association,False,False,0.0717,,,0.8759,,,,
T2D,ENSG00000266265,KLF14,KLF transcription factor 14,0.5338453776202828,genetic_association;literature,False,False,0.7976,,,0.8383,,,,
T2D,ENSG00000169856,ONECUT1,one cut homeobox 1,0.532993238149841,animal_model;genetic_association;literature,False,False,0.4674,0.3952,,0.8446,,,,
T2D,ENSG00000165066,NKX6-3,NK6 homeobox 3,0.5326659827259244,genetic_association;literature,False,False,0.2712,,,0.8621,0.0259,,,
T2D,ENSG00000128833,MYO5C,myosin VC,0.5326431240575529,genetic_association;literature,False,False,0.1507,,,0.8686,,,,
T2D,ENSG00000183508,TENT5C,terminal nucleotidyltransferase 5C,0.531809021936953,genetic_association,False,False,0.0608,,,0.8717,,,,
T2D,ENSG00000159640,ACE,angiotensin I converting enzyme,0.5311722339067947,animal_model;clinical;genetic_association;literature,False,False,0.8618,0.3416,0.6465,0.6887,,,,
T2D,ENSG00000075035,WSCD2,WSC domain sialate O sulfotransferase 2,0.5306628045673527,genetic_association,False,False,0.038,,,0.871,,,,
T2D,ENSG00000108175,ZMIZ1,zinc finger MIZ-type containing 1,0.5291806274427728,genetic_association;literature,False,False,0.3931,,,0.8508,,,,
T2D,ENSG00000111276,CDKN1B,cyclin dependent kinase inhibitor 1B,0.52879307882699,animal_model;genetic_association;literature,False,False,0.6632,0.3193,,0.8296,,,,
T2D,ENSG00000154415,PPP1R3A,protein phosphatase 1 regulatory subunit 3A,0.5285166754086948,animal_model;genetic_association;genetic_literature;literature,False,False,0.5973,0.5337,,0.6321,,0.6079,,
T2D,ENSG00000169347,GP2,glycoprotein 2,0.5260001245698347,genetic_association;literature,False,False,0.1191,,,0.8593,,,,
T2D,ENSG00000110092,CCND1,cyclin D1,0.5248078959107769,genetic_association;literature,False,False,0.146,,,0.856,,,,
T2D,ENSG00000134247,PTGFRN,prostaglandin F2 receptor inhibitor,0.5227929375307586,genetic_association,False,False,0.0659,,,0.8567,,,,
T2D,ENSG00000147883,CDKN2B,cyclin dependent kinase inhibitor 2B,0.522258858924391,genetic_association;literature,False,False,0.4224,,,0.838,,,,
T2D,ENSG00000152804,HHEX,hematopoietically expressed homeobox,0.5220611786041155,genetic_association;literature,False,False,0.3959,,,0.839,,,,
T2D,ENSG00000139146,SINHCAF,SIN3-HDAC complex associated factor,0.5213591882954278,genetic_association,False,False,0.0638,,,0.8544,,,,
T2D,ENSG00000166436,TRIM66,tripartite motif containing 66,0.521088185675011,genetic_association,False,False,0.0304,,,0.8556,,,,
T2D,ENSG00000080293,SCTR,secretin receptor,0.520742395792952,animal_model;genetic_association;literature,False,False,0.2034,0.3017,,0.837,,,,
T2D,ENSG00000213949,ITGA1,integrin subunit alpha 1,0.5206726364533508,genetic_association;literature,False,False,0.6539,,,0.8238,,,,
T2D,ENSG00000176697,BDNF,brain derived neurotrophic factor,0.5205122123803195,animal_model;genetic_association;literature,False,False,0.9655,0.2768,,0.8018,,,,
T2D,ENSG00000263001,GTF2I,general transcription factor IIi,0.5201222041990914,genetic_association;literature,False,False,0.4043,,,0.8353,,,,
T2D,ENSG00000150347,ARID5B,AT-rich interaction domain 5B,0.5199922904321668,genetic_association;literature,False,False,0.5961,,,0.8255,,,,
T2D,ENSG00000072274,TFRC,transferrin receptor,0.5181873058752613,genetic_association;literature,False,False,0.6731,,,0.8187,,,,
T2D,ENSG00000159692,CTBP1,C-terminal binding protein 1,0.517789174367436,genetic_association;literature,False,False,0.2244,,,0.8405,,,,
T2D,ENSG00000169760,NLGN1,neuroligin 1,0.517545498209692,genetic_association,False,False,0.0409,,,0.8493,,,,
T2D,ENSG00000105397,TYK2,tyrosine kinase 2,0.5166799583960267,animal_model;genetic_association;literature,False,False,0.5355,0.3083,,0.8163,,,,
T2D,ENSG00000153989,NUS1,NUS1 dehydrodolichyl diphosphate synthase subunit,0.5133539067100072,genetic_association;literature,False,False,0.6704,,,0.8109,,,,
T2D,ENSG00000163281,GNPDA2,glucosamine-6-phosphate deaminase 2,0.5127468771401033,genetic_association;literature,False,False,0.3787,,,0.8245,,,,
T2D,ENSG00000164161,HHIP,hedgehog interacting protein,0.5116422266905086,genetic_association;literature,False,False,0.1568,,,0.8338,,,,
T2D,ENSG00000104447,TRPS1,transcriptional repressor GATA binding 1,0.5110159703575907,genetic_association;literature,False,False,0.1231,,,0.8344,,,,
T2D,ENSG00000158321,AUTS2,activator of transcription and developmental regulator AUTS2,0.5106333720450392,genetic_association,False,False,0.0243,,,0.8387,,,,
T2D,ENSG00000148655,LRMDA,leucine rich melanocyte differentiation associated,0.5104925308680321,genetic_association,False,False,,,,0.8397,,,,
T2D,ENSG00000004948,CALCR,calcitonin receptor,0.5102281864913673,clinical;genetic_association;literature,False,False,0.1504,,0.5461,0.6994,,,,
T2D,ENSG00000124780,KCNK17,potassium two pore domain channel subfamily K member 17,0.5101148478156279,genetic_association;literature,False,False,0.1354,,,0.8323,,,,
T2D,ENSG00000151726,ACSL1,acyl-CoA synthetase long chain family member 1,0.5100949958386488,genetic_association;literature,False,False,0.1644,,,0.8308,,,,
T2D,ENSG00000155657,TTN,titin,0.509886819345096,genetic_association;literature,False,False,0.386,,,0.8194,,,,
T2D,ENSG00000116678,LEPR,leptin receptor,0.5093553047595186,animal_model;genetic_association;literature,False,False,0.9247,0.6938,0.0061,0.7758,,,,
T2D,ENSG00000149295,DRD2,dopamine receptor D2,0.5085152341717781,clinical;literature,False,False,0.7628,,0.7909,0.0666,,,,
T2D,ENSG00000029534,ANK1,ankyrin 1,0.5081142899336099,genetic_association;literature,False,False,0.388,,,0.8164,,,,
T2D,ENSG00000091704,CPA1,carboxypeptidase A1,0.5070038316511063,genetic_association,False,False,0.0723,,,0.8304,,,,
T2D,ENSG00000154359,LONRF1,LON peptidase N-terminal domain and ring finger 1,0.5069075430917286,genetic_association,False,False,,,,0.8338,,,,
T2D,ENSG00000140443,IGF1R,insulin like growth factor 1 receptor,0.5066685991455661,clinical;genetic_association;literature,False,False,0.8922,,0.4256,0.7072,,,,
T2D,ENSG00000178409,BEND3,BEN domain containing 3,0.5065236543310927,genetic_association,False,False,,,,0.8332,,,,
T2D,ENSG00000221818,EBF2,EBF transcription factor 2,0.5044680286485885,genetic_association,False,False,,,,0.8298,,,,
T2D,ENSG00000146374,RSPO3,R-spondin 3,0.5039284631922488,genetic_association;literature,False,False,0.4273,,,0.8076,,,,
T2D,ENSG00000124172,ATP5F1E,ATP synthase F1 subunit epsilon,0.5029432215275014,genetic_association,False,False,0.0532,,,0.8246,,,,
T2D,ENSG00000043143,JADE2,jade family PHD finger 2,0.5028649740528437,genetic_association,False,False,,,,0.8272,,,,
T2D,ENSG00000140382,HMG20A,high mobility group 20A,0.5023145735721889,genetic_association;literature,False,False,0.7643,,,0.7881,,,,
T2D,ENSG00000173517,PEAK1,pseudopodium enriched atypical kinase 1,0.500797683484328,genetic_association;literature,False,False,0.2905,,,0.8092,,,,
T2D,ENSG00000011523,CEP68,centrosomal protein 68,0.4998952086179805,genetic_association;literature,False,False,0.1653,,,0.814,,,,
T2D,ENSG00000077063,CTTNBP2,cortactin binding protein 2,0.4997775372959642,genetic_association,False,False,0.0304,,,0.8206,,,,
T2D,ENSG00000183049,CAMK1D,calcium/calmodulin dependent protein kinase ID,0.4992709995670943,genetic_association;literature,False,False,0.4652,,,0.798,,,,
T2D,ENSG00000140464,PML,PML nuclear body scaffold,0.49867503451634654,genetic_association,False,False,0.0486,,,0.8179,,,,
T2D,ENSG00000152601,MBNL1,muscleblind like splicing regulator 1,0.4984454103422262,genetic_association;literature,False,False,0.1094,,,0.8144,,,,
T2D,ENSG00000091844,RGS17,regulator of G protein signaling 17,0.4958052076692375,genetic_association;literature,False,False,0.1327,,,0.8089,,,,
T2D,ENSG00000004399,PLXND1,plexin D1,0.4954418746317958,genetic_association,False,False,0.0971,,,0.8101,,,,
T2D,ENSG00000127324,TSPAN8,tetraspanin 8,0.4949133315296191,genetic_association;literature,False,False,0.7389,,,0.7771,,,,
T2D,ENSG00000163635,ATXN7,ataxin 7,0.49474528335817397,genetic_association;literature,False,False,0.125,,,0.8076,,,,
T2D,ENSG00000010818,HIVEP2,HIVEP zinc finger 2,0.49435665962545405,genetic_association,False,False,0.0304,,,0.8117,,,,
T2D,ENSG00000182771,GRID1,glutamate ionotropic receptor delta type subunit 1,0.49392213206490415,genetic_association,False,False,,,,0.8125,,,,
T2D,ENSG00000118946,PCDH17,protocadherin 17,0.49388274477394006,genetic_association,False,False,,,,0.8124,,,,
T2D,ENSG00000196353,CPNE4,copine 4,0.4937764239568765,genetic_association,False,False,0.0304,,,0.8107,,,,
T2D,ENSG00000153815,CMIP,c-Maf inducing protein,0.49309624354002213,genetic_association;literature,False,False,0.419,,,0.7902,,,,
T2D,ENSG00000111252,SH2B3,SH2B adaptor protein 3,0.49217630544351637,genetic_association,False,False,0.0825,,,0.8055,,,,
T2D,ENSG00000101680,LAMA1,laminin subunit alpha 1,0.4921574388718516,genetic_association;literature,False,False,0.7135,,,0.7739,,,,
T2D,ENSG00000184588,PDE4B,phosphodiesterase 4B,0.492018861946871,clinical;genetic_association;literature,False,False,0.2467,,0.4812,0.6836,,,,
T2D,ENSG00000164938,TP53INP1,tumor protein p53 inducible nuclear protein 1,0.4899856034877794,animal_model;genetic_association;literature,False,False,0.3836,0.3153,,0.7798,,,,
T2D,ENSG00000171791,BCL2,BCL2 apoptosis regulator,0.4899171945485451,animal_model;genetic_association;literature,False,False,0.3219,0.3589,,0.7808,,,,
T2D,ENSG00000172572,PDE3A,phosphodiesterase 3A,0.48940745929316454,genetic_association,False,False,0.0739,,,0.8013,,,,
T2D,ENSG00000110436,SLC1A2,solute carrier family 1 member 2,0.4890608830516855,genetic_association;literature,False,False,0.6815,,,0.7704,,,,
T2D,ENSG00000123612,ACVR1C,activin A receptor type 1C,0.4878976682889936,genetic_association;literature,False,False,0.1878,,,0.7932,,,,
T2D,ENSG00000163636,PSMD6,"proteasome 26S subunit, non-ATPase 6",0.4877701858830849,genetic_association;literature,False,False,0.1613,,,0.7943,,,,
T2D,ENSG00000197134,ZNF257,zinc finger protein 257,0.487762520030662,genetic_association,False,False,0.0243,,,0.8011,,,,
T2D,ENSG00000118971,CCND2,cyclin D2,0.48737733526510596,genetic_association;literature,False,False,0.2691,,,0.7882,,,,
T2D,ENSG00000134954,ETS1,"ETS proto-oncogene 1, transcription factor",0.4850720114851481,genetic_association;literature,False,False,0.1293,,,0.7914,,,,
T2D,ENSG00000109670,FBXW7,F-box and WD repeat domain containing 7,0.48416814054549595,genetic_association;literature,False,False,0.1594,,,0.7885,,,,
T2D,ENSG00000108669,CYTH1,cytohesin 1,0.4839402407020041,genetic_association,False,False,,,,0.796,,,,
T2D,ENSG00000138814,PPP3CA,protein phosphatase 3 catalytic subunit alpha,0.48270904313151747,animal_model;genetic_association;literature,False,False,0.3263,0.2539,,0.7721,,,,
T2D,ENSG00000127870,RNF6,ring finger protein 6,0.4810604236610157,genetic_association;literature,False,False,0.5038,,,0.7661,,,,
T2D,ENSG00000133195,SLC39A11,solute carrier family 39 member 11,0.48098109307027204,genetic_association,False,False,0.0654,,,0.7879,,,,
T2D,ENSG00000135540,NHSL1,NHS like 1,0.479946100053262,genetic_association,False,False,0.0304,,,0.788,,,,
T2D,ENSG00000069696,DRD4,dopamine receptor D4,0.4799415981128328,clinical;literature,False,False,0.1427,,0.7656,0.0826,,,,
T2D,ENSG00000119772,DNMT3A,DNA methyltransferase 3 alpha,0.4794232571136267,genetic_association;literature,False,False,0.1119,,,0.783,,,,
T2D,ENSG00000166228,PCBD1,pterin-4 alpha-carbinolamine dehydratase 1,0.4789571933274671,animal_model;genetic_association;literature,False,False,0.2508,0.3253,,0.766,,,,
T2D,ENSG00000120008,WDR11,WD repeat domain 11,0.47736232382924165,genetic_association,False,False,0.0881,,,0.7808,,,,
T2D,ENSG00000107679,PLEKHA1,pleckstrin homology domain containing A1,0.4772647050510809,genetic_association;literature,False,False,0.5526,,,0.7574,,,,
T2D,ENSG00000130856,ZNF236,zinc finger protein 236,0.4753221089631419,genetic_association,False,False,0.0228,,,0.7807,,,,
T2D,ENSG00000166603,MC4R,melanocortin 4 receptor,0.4753087102457643,animal_model;genetic_association;literature,False,False,0.9023,0.4767,,0.7261,,,,
T2D,ENSG00000129757,CDKN1C,cyclin dependent kinase inhibitor 1C,0.4742013046939145,genetic_association;literature,False,False,0.503,,,0.7549,,,,
T2D,ENSG00000137731,FXYD2,FXYD domain containing ion transport regulator 2,0.4736222774841312,clinical;genetic_association;literature,False,False,0.309,,0.1216,0.7418,,,,
T2D,ENSG00000143409,MINDY1,MINDY lysine 48 deubiquitinase 1,0.47289211649224383,genetic_association;literature,False,False,0.1016,,,0.7728,,,,
T2D,ENSG00000182463,TSHZ2,teashirt zinc finger homeobox 2,0.47278165528640553,genetic_association,False,False,0.0304,,,0.7762,,,,
T2D,ENSG00000113302,IL12B,interleukin 12B,0.47236377454238343,genetic_association;literature,False,False,0.2679,,,0.7636,,,,
T2D,ENSG00000124783,SSR1,signal sequence receptor subunit 1,0.4698461828627798,genetic_association;literature,False,False,0.6464,,,0.7405,,,,
T2D,ENSG00000079739,PGM1,phosphoglucomutase 1,0.46979222926842973,genetic_association;literature,False,False,0.1764,,,0.764,,,,
T2D,ENSG00000151577,DRD3,dopamine receptor D3,0.46949371517729604,clinical;literature,False,False,0.1327,,0.7656,,,,,
T2D,ENSG00000081189,MEF2C,myocyte enhancer factor 2C,0.4692392862390152,genetic_association;literature,False,False,0.2499,,,0.7594,,,,
T2D,ENSG00000170035,UBE2E3,ubiquitin conjugating enzyme E2 E3,0.4675772724141937,genetic_association,False,False,0.0226,,,0.768,,,,
T2D,ENSG00000154478,GPR26,G protein-coupled receptor 26,0.46739678636227844,animal_model;genetic_association;literature,False,False,0.3388,0.3151,,0.7449,,,,
T2D,ENSG00000175806,MSRA,methionine sulfoxide reductase A,0.4673942462837729,genetic_association,False,False,0.0414,,,0.7668,,,,
T2D,ENSG00000182333,LIPF,"lipase F, gastric type",0.46722487874247237,clinical;genetic_association,False,False,0.038,,0.667,0.403,,,,
T2D,ENSG00000058404,CAMK2B,calcium/calmodulin dependent protein kinase II beta,0.4664364641201598,genetic_association;literature,False,False,0.1099,,,0.7618,,,,
T2D,ENSG00000203760,CENPW,centromere protein W,0.4660321786810752,genetic_association;literature,False,False,0.1497,,,0.7591,,,,
T2D,ENSG00000043591,ADRB1,adrenoceptor beta 1,0.4652386585239543,clinical;genetic_association;literature,False,False,0.3717,,0.4264,0.6504,,,,
T2D,ENSG00000172995,ARPP21,cAMP regulated phosphoprotein 21,0.4652343095120889,genetic_association,False,False,,,,0.7653,,,,
T2D,ENSG00000112282,MED23,mediator complex subunit 23,0.4650641098571041,genetic_association,False,False,0.0456,,,0.7627,,,,
T2D,ENSG00000115392,FANCL,FA complementation group L,0.4646738709039954,genetic_association,False,False,0.0122,,,0.7637,,,,
T2D,ENSG00000081138,CDH7,cadherin 7,0.4643740333532458,genetic_association,False,False,,,,0.7639,,,,
T2D,ENSG00000087448,KLHL42,kelch like family member 42,0.4642307552022329,genetic_association;literature,False,False,0.1781,,,0.7547,,,,
T2D,ENSG00000153250,RBMS1,RNA binding motif single stranded interacting protein 1,0.46332703198894587,genetic_association;literature,False,False,0.1756,,,0.7534,,,,
T2D,ENSG00000135472,FAIM2,Fas apoptotic inhibitory molecule 2,0.4629046027885838,genetic_association;literature,False,False,0.2292,,,0.75,,,,
T2D,ENSG00000106113,CRHR2,corticotropin releasing hormone receptor 2,0.4615419683237212,genetic_association;literature,False,False,0.549,,,0.7317,,,,
T2D,ENSG00000111275,ALDH2,aldehyde dehydrogenase 2 family member,0.46092205208146264,genetic_association;literature,False,False,0.622,,,0.7271,,,,
T2D,ENSG00000172260,NEGR1,neuronal growth regulator 1,0.46064324578522853,genetic_association;literature,False,False,0.4345,,,0.736,,,,
T2D,ENSG00000106511,MEOX2,mesenchyme homeobox 2,0.4604311233071501,genetic_association,False,False,0.0699,,,0.7539,,,,
T2D,ENSG00000129003,VPS13C,vacuolar protein sorting 13 homolog C,0.4601247615260944,genetic_association,False,False,0.0903,,,0.7524,,,,
T2D,ENSG00000184056,VPS33B,VPS33B late endosome and lysosome associated,0.45867488869758155,genetic_association,False,False,0.0419,,,0.7524,,,,
T2D,ENSG00000009335,UBE3C,ubiquitin protein ligase E3C,0.4578312208838118,genetic_association,False,False,0.0936,,,0.7484,,,,
T2D,ENSG00000169313,P2RY12,purinergic receptor P2Y12,0.45757132040618675,clinical;literature,False,False,0.2735,,0.739,,,,,
T2D,ENSG00000169554,ZEB2,zinc finger E-box binding homeobox 2,0.45723721110991367,genetic_association;literature,False,False,0.1816,,,0.743,,,,
T2D,ENSG00000132849,PATJ,PATJ crumbs cell polarity complex component,0.4569428340103201,genetic_association,False,False,0.0593,,,0.7487,,,,
T2D,ENSG00000074755,ZZEF1,zinc finger ZZ-type and EF-hand domain containing 1,0.4569137980969192,genetic_association,False,False,0.04,,,0.7496,,,,
T2D,ENSG00000215817,ZC3H11B,zinc finger CCCH-type containing 11B,0.456871926493294,genetic_association,False,False,,,,0.7515,,,,
T2D,ENSG00000187391,MAGI2,"membrane associated guanylate kinase, WW and PDZ domain containing 2",0.45686687106490365,animal_model;genetic_association,False,False,0.0448,0.264,,0.7373,,,,
T2D,ENSG00000102837,OLFM4,olfactomedin 4,0.45684253031645145,genetic_association,False,False,0.0644,,,0.7474,0.0378,,,
T2D,ENSG00000182168,UNC5C,unc-5 netrin receptor C,0.45676786611460746,genetic_association,False,False,,,,0.7513,,,,
T2D,ENSG00000196628,TCF4,transcription factor 4,0.4562953252964298,genetic_association;literature,False,False,0.1651,,,0.7423,,,,
T2D,ENSG00000104369,JPH1,junctophilin 1,0.4547885944857266,genetic_association,False,False,,,,0.7481,,,,
T2D,ENSG00000163623,NKX6-1,NK6 homeobox 1,0.45452679705451965,genetic_association;literature,False,False,0.6319,,,0.7161,,,,
T2D,ENSG00000172164,SNTB1,syntrophin beta 1,0.45393353473570686,genetic_association,False,False,,,,0.7467,,,,
T2D,ENSG00000171862,PTEN,phosphatase and tensin homolog,0.45339531354615287,genetic_association;literature,False,False,0.9015,,,0.7007,,,,
T2D,ENSG00000198056,PRIM1,DNA primase subunit 1,0.45307927968832445,genetic_association,False,False,0.0927,,,0.7406,,,,
T2D,ENSG00000136531,SCN2A,sodium voltage-gated channel alpha subunit 2,0.45279153369426534,clinical;genetic_association;literature,False,False,0.1022,,0.6166,0.5036,,,,
T2D,ENSG00000156564,LRFN2,leucine rich repeat and fibronectin type III domain containing 2,0.45229576993594955,genetic_association,False,False,0.0966,,,0.7392,,,,
T2D,ENSG00000104313,EYA1,EYA transcriptional coactivator and phosphatase 1,0.451832174361182,genetic_association,False,False,,,,0.7432,,,,
T2D,ENSG00000169194,IL13,interleukin 13,0.45149896563379005,genetic_association;literature,False,False,0.3959,,,0.7229,,,,
T2D,ENSG00000106636,YKT6,YKT6 vesicular SNARE protein,0.45074295462114194,genetic_association,False,False,,,,0.7414,,,,
T2D,ENSG00000131778,CHD1L,chromodomain helicase DNA binding protein 1 like,0.450599795206057,genetic_association;literature,False,False,0.295,,,0.7265,,,,
T2D,ENSG00000066382,MPPED2,metallophosphoesterase domain containing 2,0.4505366514006647,genetic_association,False,False,0.0684,,,0.7377,,,,
T2D,ENSG00000178568,ERBB4,erb-b2 receptor tyrosine kinase 4,0.4505334410683439,genetic_association;literature,False,False,0.1724,,,0.7325,,,,
T2D,ENSG00000165966,PDZRN4,PDZ domain containing ring finger 4,0.45036028453408977,genetic_association,False,False,,,,0.7408,,,,
T2D,ENSG00000136250,AOAH,acyloxyacyl hydrolase,0.4500223469914096,genetic_association,False,False,,,,0.7403,,,,
T2D,ENSG00000145725,PPIP5K2,diphosphoinositol pentakisphosphate kinase 2,0.4498047760004066,genetic_association,False,False,0.0619,,,0.7368,,,,
T2D,ENSG00000073711,PPP2R3A,protein phosphatase 2 regulatory subunit B''alpha,0.449530070292519,genetic_association,False,False,0.0395,,,0.7375,,,,
T2D,ENSG00000106070,GRB10,growth factor receptor bound protein 10,0.44913107309549294,genetic_association;literature,False,False,0.4966,,,0.714,,,,
T2D,ENSG00000068078,FGFR3,fibroblast growth factor receptor 3,0.4487700441387272,genetic_association,False,False,0.035,,,0.7364,,,,
T2D,ENSG00000178700,DHFR2,dihydrofolate reductase 2,0.44859351375959705,genetic_association,False,False,0.0608,,,0.7349,,,,
T2D,ENSG00000136997,MYC,"MYC proto-oncogene, bHLH transcription factor",0.448348388178852,genetic_association;literature,False,False,0.2499,,,0.725,,,,
T2D,ENSG00000142700,DMRTA2,DMRT like family A2,0.4483239115110405,genetic_association,False,False,,,,0.7375,,,,
T2D,ENSG00000135547,HEY2,hes related family bHLH transcription factor with YRPW motif 2,0.447923740845106,genetic_association,False,False,0.0243,,,0.7356,,,,
T2D,ENSG00000196782,MAML3,mastermind like transcriptional coactivator 3,0.4478557062841726,genetic_association,False,False,0.0765,,,0.7329,,,,
T2D,ENSG00000100565,LRRC74A,leucine rich repeat containing 74A,0.4476125845606799,genetic_association,False,False,,,,0.7363,,,,
T2D,ENSG00000196616,ADH1B,"alcohol dehydrogenase 1B (class I), beta polypeptide",0.44716576824897286,genetic_association;literature,False,False,0.2389,,,0.7236,,,,
T2D,ENSG00000293584,ENSG00000293584,novel protein,0.446170881588752,genetic_association,False,False,,,,0.7339,,,,
T2D,ENSG00000174482,LINGO2,leucine rich repeat and Ig domain containing 2,0.445781527709521,genetic_association,False,False,0.0409,,,0.7312,,,,
T2D,ENSG00000141252,VPS53,VPS53 subunit of GARP complex,0.44547529168355,genetic_association,False,False,0.0851,,,0.7285,,,,
T2D,ENSG00000152684,PELO,pelota mRNA surveillance and ribosome rescue factor,0.4448237293778025,genetic_association,False,False,0.0426,,,0.7296,,,,
T2D,ENSG00000214530,STARD10,StAR related lipid transfer domain containing 10,0.44435733810608896,genetic_association;literature,False,False,0.7576,,,0.6931,,,,
T2D,ENSG00000123096,SSPN,sarcospan,0.4441732913112814,genetic_association,False,False,0.0122,,,0.73,,,,
T2D,ENSG00000137269,LRRC1,leucine rich repeat containing 1,0.44414588377188186,genetic_association,False,False,,,,0.7306,,,,
T2D,ENSG00000112996,MRPS30,mitochondrial ribosomal protein S30,0.4439947832205161,genetic_association;literature,False,False,0.1216,,,0.7243,,,,
T2D,ENSG00000115339,GALNT3,polypeptide N-acetylgalactosaminyltransferase 3,0.44295047994240344,genetic_association;literature,False,False,0.1003,,,0.7236,,,,
T2D,ENSG00000134242,PTPN22,protein tyrosine phosphatase non-receptor type 22,0.4424280839576999,genetic_association;literature,False,False,0.3486,,,0.7103,,,,
T2D,ENSG00000157895,C12orf43,chromosome 12 open reading frame 43,0.44143936364749026,genetic_association,False,False,,,,0.5798,,,0.0122,
T2D,ENSG00000151320,AKAP6,A-kinase anchoring protein 6,0.44086335468798976,genetic_association,False,False,0.0886,,,0.7208,,,,
T2D,ENSG00000169860,P2RY1,purinergic receptor P2Y1,0.4402457034952044,genetic_association;literature,False,False,0.7184,,0.0076,0.6871,0.025,,,
T2D,ENSG00000150593,PDCD4,programmed cell death 4,0.4398614577371929,genetic_association;literature,False,False,0.3916,,,0.704,,,,
T2D,ENSG00000205978,NYNRIN,NYN domain and retroviral integrase containing,0.4397110358499604,genetic_association,False,False,,,,0.7233,,,,
T2D,ENSG00000189056,RELN,reelin,0.4393958141497668,genetic_association,False,False,0.0483,,,0.7204,,,,
T2D,ENSG00000169903,TM4SF4,transmembrane 4 L six family member 4,0.43918233244562027,genetic_association,False,False,0.0304,,,0.7209,,,,
T2D,ENSG00000149596,JPH2,junctophilin 2,0.43749996943032715,genetic_association,False,False,0.0708,,,0.7161,,,,
T2D,ENSG00000165626,BEND7,BEN domain containing 7,0.437070384617039,genetic_association,False,False,0.0365,,,0.7171,,,,
T2D,ENSG00000169507,SLC38A11,solute carrier family 38 member 11,0.4369726541827865,genetic_association;literature,False,False,0.2017,,,0.7087,,,,
T2D,ENSG00000151353,TMEM18,transmembrane protein 18,0.4365997802907702,genetic_association;literature,False,False,0.2855,,,0.7039,,,,
T2D,ENSG00000180176,TH,tyrosine hydroxylase,0.43631385802235145,genetic_association;literature,False,False,0.3333,,,0.701,,,,
T2D,ENSG00000061918,GUCY1B1,guanylate cyclase 1 soluble subunit beta 1,0.43591653309265527,clinical;genetic_association,False,False,0.0122,,0.1663,0.6752,,,,
T2D,ENSG00000184611,KCNH7,potassium voltage-gated channel subfamily H member 7,0.43573327912967447,genetic_association,False,False,,,,0.7167,,,,
T2D,ENSG00000157388,CACNA1D,calcium voltage-gated channel subunit alpha1 D,0.4353772289301502,animal_model;clinical;genetic_association;literature,False,False,0.2647,0.3237,0.4566,0.5915,,,,
T2D,ENSG00000196950,SLC39A10,solute carrier family 39 member 10,0.4347618434327128,genetic_association,False,False,,,,0.7152,,,,
T2D,ENSG00000095981,KCNK16,potassium two pore domain channel subfamily K member 16,0.4342918629587849,genetic_association;literature,False,False,0.794,,,0.6747,,,,
T2D,ENSG00000030110,BAK1,BCL2 antagonist/killer 1,0.43410519368731615,genetic_association,False,False,0.0455,,,0.7118,,,,
T2D,ENSG00000151883,PARP8,poly(ADP-ribose) polymerase family member 8,0.43301961228402175,genetic_association,False,False,,,,0.7123,,,,
T2D,ENSG00000205359,SLCO6A1,solute carrier organic anion transporter family member 6A1,0.43266315247911996,genetic_association,False,False,,,,0.7117,,,,
T2D,ENSG00000070540,WIPI1,"WD repeat domain, phosphoinositide interacting 1",0.43209522812002404,genetic_association;literature,False,False,0.1544,,,0.703,,,,
T2D,ENSG00000102683,SGCG,sarcoglycan gamma,0.4319923305047402,genetic_association;literature,False,False,0.2557,,,0.6978,,,,
T2D,ENSG00000198860,TSEN15,tRNA splicing endonuclease subunit 15,0.43156520061524023,genetic_association,False,False,,,,0.7099,,,,
T2D,ENSG00000168952,STXBP6,syntaxin binding protein 6,0.430631376921919,genetic_association,False,False,0.0654,,,0.7051,,,,
T2D,ENSG00000118473,SGIP1,SH3GL interacting endocytic adaptor 1,0.43025575340208094,genetic_association;literature,False,False,0.1216,,,0.7017,,,,
T2D,ENSG00000198355,PIM3,"Pim-3 proto-oncogene, serine/threonine kinase",0.4296455504887495,genetic_association,False,False,0.0684,,,0.7033,,,,
T2D,ENSG00000076864,RAP1GAP,RAP1 GTPase activating protein,0.4296432697724656,genetic_association,False,False,,,,0.7067,,,,
T2D,ENSG00000118520,ARG1,arginase 1,0.4296257674060888,genetic_association;literature,False,False,0.7927,,,0.6671,,,,
T2D,ENSG00000102908,NFAT5,nuclear factor of activated T cells 5,0.42958367547105863,genetic_association;literature,False,False,0.5352,,,0.6799,,,,
T2D,ENSG00000164588,HCN1,hyperpolarization activated cyclic nucleotide gated potassium channel 1,0.42835181708773074,genetic_association,False,False,0.078,,,0.7007,,,,
T2D,ENSG00000182240,BACE2,beta-secretase 2,0.4278533478466261,genetic_association;literature,False,False,0.2805,,,0.6898,,,,
T2D,ENSG00000215644,GCGR,glucagon receptor,0.42776328071696795,animal_model;clinical;literature,False,False,0.8289,0.5206,0.6506,0.0,,,,
T2D,ENSG00000134460,IL2RA,interleukin 2 receptor subunit alpha,0.4271566303895282,genetic_association;literature,False,False,0.3057,,,0.6874,,,,
T2D,ENSG00000124194,GDAP1L1,ganglioside induced differentiation associated protein 1 like 1,0.42697538256464956,genetic_association,False,False,0.076,,,0.6985,,,,
T2D,ENSG00000090621,PABPC4,poly(A) binding protein cytoplasmic 4,0.42654118022720916,genetic_association;literature,False,False,0.1327,,,0.695,,,,
T2D,ENSG00000164647,STEAP1,STEAP family member 1,0.4263299611175214,genetic_association,False,False,,,,0.7013,,,,
T2D,ENSG00000144724,PTPRG,protein tyrosine phosphatase receptor type G,0.4257498814721628,genetic_association;literature,False,False,0.1885,,,0.6909,,,,
T2D,ENSG00000077044,DGKD,diacylglycerol kinase delta,0.42547793623707864,genetic_association,False,False,0.0742,,,0.6962,,,,
T2D,ENSG00000111424,VDR,vitamin D receptor,0.42524132361525924,clinical;literature,False,False,0.9513,,0.6519,,,,,
T2D,ENSG00000124299,PEPD,peptidase D,0.42513449528413066,genetic_association;literature,False,False,0.1654,,,0.691,,,,
T2D,ENSG00000189283,FHIT,fragile histidine triad diadenosine triphosphatase,0.4250866528456027,genetic_association,False,False,0.0309,,,0.6977,,,,
T2D,ENSG00000103111,MON1B,MON1 vesicular trafficking associated B,0.4246206029247367,genetic_association,False,False,,,,0.6985,,,,
T2D,ENSG00000276043,UHRF1,ubiquitin like with PHD and ring finger domains 1,0.42436060830351174,genetic_association;literature,False,False,0.1976,,,0.6882,,,,
T2D,ENSG00000135114,OASL,2'-5'-oligoadenylate synthetase like,0.4241376623556878,genetic_association;literature,False,False,0.1691,,,0.6892,,,,
T2D,ENSG00000148123,PLPPR1,phospholipid phosphatase related 1,0.42385189873884294,genetic_association,False,False,,,,0.6972,,,,
T2D,ENSG00000036828,CASR,calcium sensing receptor,0.42354327355935056,genetic_association;literature,False,False,0.1426,,,0.6896,,,,
T2D,ENSG00000198945,L3MBTL3,L3MBTL histone methyl-lysine binding protein 3,0.42259302023723694,genetic_association;literature,False,False,0.1307,,,0.6886,,,,
T2D,ENSG00000054803,CBLN4,cerebellin 4 precursor,0.42250908489214467,genetic_association;literature,False,False,0.1824,,,0.6859,,,,
T2D,ENSG00000155511,GRIA1,glutamate ionotropic receptor AMPA type subunit 1,0.4221636088513129,clinical;genetic_association;literature,False,False,0.1241,,0.5951,0.3864,,,,
T2D,ENSG00000178177,LCORL,ligand dependent nuclear receptor corepressor like,0.4221436529184322,genetic_association,False,False,0.0363,,,0.6926,,,,
T2D,ENSG00000177311,ZBTB38,zinc finger and BTB domain containing 38,0.4212665667455017,genetic_association,False,False,0.037,,,0.6911,,,,
T2D,ENSG00000151465,CDC123,cell division cycle 123,0.42109831367858014,genetic_association;literature,False,False,0.412,,,0.6721,,,,
T2D,ENSG00000075420,FNDC3B,fibronectin type III domain containing 3B,0.4208557999390231,genetic_association,False,False,,,,0.6923,,,,
T2D,ENSG00000163618,CADPS,calcium dependent secretion activator,0.4204719690601531,genetic_association,False,False,0.0348,,,0.6899,,,,
T2D,ENSG00000073756,PTGS2,prostaglandin-endoperoxide synthase 2,0.4200102958956359,animal_model;clinical;literature,False,False,0.7789,0.447,0.6418,,0.0156,,,
T2D,ENSG00000103460,TOX3,TOX high mobility group box family member 3,0.419392103228812,genetic_association,False,False,0.0447,,,0.6876,,,,
T2D,ENSG00000118432,CNR1,cannabinoid receptor 1,0.41919680846333685,clinical;literature,False,False,0.495,,0.6648,,,,,
T2D,ENSG00000198597,ZNF536,zinc finger protein 536,0.4189579854481805,genetic_association,False,False,,,,0.6892,,,,
T2D,ENSG00000145247,OCIAD2,OCIA domain containing 2,0.4186224975493384,genetic_association,False,False,0.0304,,,0.6871,,,,
T2D,ENSG00000135069,PSAT1,phosphoserine aminotransferase 1,0.41856738374062336,genetic_association,False,False,0.0424,,,0.6864,,,,
T2D,ENSG00000119522,DENND1A,DENN domain containing 1A,0.41799009007151766,genetic_association,False,False,0.0317,,,0.686,,,,
T2D,ENSG00000108557,RAI1,retinoic acid induced 1,0.4178802135194547,animal_model;genetic_association,False,False,0.0213,0.2815,,0.6728,,,,
T2D,ENSG00000169083,AR,androgen receptor,0.41763008443415284,clinical;genetic_association;literature,False,False,0.6372,,0.5808,0.368,,,,
T2D,ENSG00000206538,VGLL3,vestigial like family member 3,0.4175490259187401,genetic_association,False,False,,,,0.6868,,,,
T2D,ENSG00000158186,MRAS,muscle RAS oncogene homolog,0.4174740445414154,genetic_association,False,False,0.0682,,,0.6833,,,,
T2D,ENSG00000078674,PCM1,pericentriolar material 1,0.41718472314872485,genetic_association,False,False,,,,0.6862,,,,
T2D,ENSG00000175535,PNLIP,pancreatic lipase,0.4169816455628869,animal_model;clinical;literature,False,False,0.1238,0.3239,0.667,,,,,
T2D,ENSG00000078237,TIGAR,TP53 induced glycolysis regulatory phosphatase,0.41685140349322064,genetic_association;literature,False,False,0.2049,,,0.6754,,,,
T2D,ENSG00000184185,KCNJ12,potassium inwardly rectifying channel subfamily J member 12,0.416485666040284,genetic_association,False,False,0.0638,,,0.6819,,,,
T2D,ENSG00000162594,IL23R,interleukin 23 receptor,0.4164526638314059,genetic_association;literature,False,False,0.2015,,,0.675,,,,
T2D,ENSG00000157557,ETS2,"ETS proto-oncogene 2, transcription factor",0.41551471283863556,genetic_association,False,False,0.0165,,,0.6827,,,,
T2D,ENSG00000166949,SMAD3,SMAD family member 3,0.4154415794673198,animal_model;genetic_association;literature,False,False,0.8271,0.256,,0.6363,,,,
T2D,ENSG00000130749,ZC3H4,zinc finger CCCH-type containing 4,0.41499015492434166,genetic_association,False,False,,,,0.6826,,,,
T2D,ENSG00000188452,CERKL,CERK like autophagy regulator,0.4145433309062669,genetic_association,False,False,,,,0.5455,,,,
T2D,ENSG00000008083,JARID2,jumonji and AT-rich interaction domain containing 2,0.4144163988105268,genetic_association,False,False,0.0806,,,0.6777,,,,
T2D,ENSG00000130829,DUSP9,dual specificity phosphatase 9,0.4143820338647877,genetic_association;literature,False,False,0.3574,,,0.6638,,,,
T2D,ENSG00000152359,POC5,POC5 centriolar protein,0.4142596318160367,genetic_association,False,False,0.067,,,0.6781,,,,
T2D,ENSG00000150594,ADRA2A,adrenoceptor alpha 2A,0.41413359240373243,clinical;genetic_association;literature,False,False,0.8346,,0.4281,0.5556,,,,
T2D,ENSG00000185008,ROBO2,roundabout guidance receptor 2,0.41392286672921264,genetic_association,False,False,0.0287,,,0.6794,,,,
T2D,ENSG00000167984,NLRC3,NLR family CARD domain containing 3,0.4136656905066864,genetic_association,False,False,0.0304,,,0.6789,,,,
T2D,ENSG00000064651,SLC12A2,solute carrier family 12 member 2,0.4136253829077284,genetic_association;literature,False,False,0.4725,,,0.6568,,,,
T2D,ENSG00000185305,ARL15,ARF like GTPase 15,0.41300878960243576,genetic_association;literature,False,False,0.4633,,,0.6562,,,,
T2D,ENSG00000153820,SPHKAP,"SPHK1 interactor, AKAP domain containing",0.4127269744301163,animal_model;genetic_association;literature,False,False,0.232,0.3236,,0.6576,,,,
T2D,ENSG00000112531,QKI,"QKI, KH domain containing RNA binding",0.4125684749740199,genetic_association,False,False,0.038,,,0.6767,,,,
T2D,ENSG00000173253,DMRT2,doublesex and mab-3 related transcription factor 2,0.4121400675596653,genetic_association,False,False,,,,0.6779,,,,
T2D,ENSG00000154556,SORBS2,sorbin and SH3 domain containing 2,0.4120165336955306,genetic_association,False,False,0.0722,,,0.6741,,,,
T2D,ENSG00000056972,TRAF3IP2,TRAF3 interacting protein 2,0.4112452095146824,genetic_association,False,False,0.0122,,,0.6759,,,,
T2D,ENSG00000135776,ABCB10,ATP binding cassette subfamily B member 10,0.4111886613867772,genetic_association;literature,False,False,0.538,,,0.6495,,,,
T2D,ENSG00000169925,BRD3,bromodomain containing 3,0.41103792433148456,clinical;genetic_association,False,False,,,0.304,0.6001,,,,
T2D,ENSG00000072110,ACTN1,actinin alpha 1,0.4100251289935694,genetic_association;literature,False,False,0.1216,,,0.6684,,,,
T2D,ENSG00000143515,ATP8B2,ATPase phospholipid transporting 8B2,0.409990070630784,genetic_association,False,False,0.0942,,,0.6697,,,,
T2D,ENSG00000184144,CNTN2,contactin 2,0.40950067985292155,genetic_association,False,False,0.0304,,,0.6721,,,,
T2D,ENSG00000086758,HUWE1,"HECT, UBA and WWE domain containing E3 ubiquitin protein ligase 1",0.4088989826150947,genetic_association,False,False,,,,0.6726,,,,
T2D,ENSG00000137309,HMGA1,high mobility group AT-hook 1,0.4088677765673477,animal_model;genetic_association;literature,False,False,0.795,0.5749,,0.62,,,,
T2D,ENSG00000198535,C2CD4A,C2 calcium dependent domain containing 4A,0.40877522998063,genetic_association,False,False,0.0348,,,0.6707,,,,
T2D,ENSG00000196683,TOMM7,translocase of outer mitochondrial membrane 7,0.4084267150563319,genetic_association;literature,False,False,0.1688,,,0.6634,,,,
T2D,ENSG00000138160,KIF11,kinesin family member 11,0.4079119951940702,genetic_association;literature,False,False,0.461,,,0.6479,,,,
T2D,ENSG00000149256,TENM4,teneurin transmembrane protein 4,0.40743745892148137,genetic_association,False,False,0.0363,,,0.6684,,,,
T2D,ENSG00000153253,SCN3A,sodium voltage-gated channel alpha subunit 3,0.40720879238941626,clinical;genetic_association;literature,False,False,0.1523,,0.6166,0.1992,,,,
T2D,ENSG00000102572,STK24,serine/threonine kinase 24,0.40704576022012845,genetic_association,False,False,0.0482,,,0.6671,,,,
T2D,ENSG00000107105,ELAVL2,ELAV like RNA binding protein 2,0.40702710303826667,genetic_association,False,False,0.0726,,,0.6659,,,,
T2D,ENSG00000121297,TSHZ3,teashirt zinc finger homeobox 3,0.4070197117085521,genetic_association,False,False,0.0537,,,0.6668,,,,
T2D,ENSG00000020256,ZFP64,ZFP64 zinc finger protein,0.406541359744724,genetic_association,False,False,,,,0.6687,,,,
T2D,ENSG00000090686,USP48,ubiquitin specific peptidase 48,0.4062256970396484,genetic_association,False,False,,,,0.6682,,,,
T2D,ENSG00000147862,NFIB,nuclear factor I B,0.40507991959676865,genetic_association,False,False,,,,0.6663,,,,
T2D,ENSG00000187678,SPRY4,sprouty RTK signaling antagonist 4,0.4047834365282424,genetic_association,False,False,0.0304,,,0.6643,,,,
T2D,ENSG00000138336,TET1,tet methylcytosine dioxygenase 1,0.40472204906836506,genetic_association;literature,False,False,0.1766,,,0.6569,,,,
T2D,ENSG00000136231,IGF2BP3,insulin like growth factor 2 mRNA binding protein 3,0.4045610314663358,genetic_association;literature,False,False,0.6814,,,0.6314,,,,
T2D,ENSG00000163599,CTLA4,cytotoxic T-lymphocyte associated protein 4,0.4044957808229447,genetic_association;literature,False,False,0.8341,,,0.6237,,,,
T2D,ENSG00000106328,FSCN3,fascin actin-bundling protein 3,0.4034814849057789,genetic_association,False,False,0.0243,,,0.6625,,,,
T2D,ENSG00000178385,PLEKHM3,pleckstrin homology domain containing M3,0.4031415088663102,genetic_association,False,False,,,,0.6631,,,,
T2D,ENSG00000159217,IGF2BP1,insulin like growth factor 2 mRNA binding protein 1,0.40296278535206465,genetic_association,False,False,0.0504,,,0.6603,,,,
T2D,ENSG00000112874,NUDT12,nudix hydrolase 12,0.40282639407545123,genetic_association,False,False,0.0274,,,0.6613,,,,
T2D,ENSG00000112033,PPARD,peroxisome proliferator activated receptor delta,0.40260127286599906,clinical;literature,False,False,0.7793,,0.6233,,,,,
T2D,ENSG00000169946,ZFPM2,"zinc finger protein, FOG family member 2",0.40254999737474667,genetic_association,False,False,0.0248,,,0.6609,,,,
T2D,ENSG00000168056,LTBP3,latent transforming growth factor beta binding protein 3,0.40243903671064996,genetic_association;literature,False,False,0.1056,,,0.6564,0.0119,,,
T2D,ENSG00000172216,CEBPB,CCAAT enhancer binding protein beta,0.4024190989717952,genetic_association;literature,False,False,0.19,,,0.6524,,,,
T2D,ENSG00000156515,HK1,hexokinase 1,0.40236547279914586,genetic_association;literature,False,False,0.2146,,,0.6511,,,,
T2D,ENSG00000185920,PTCH1,patched 1,0.4019001949309298,genetic_association,False,False,0.0414,,,0.659,,,,
T2D,ENSG00000132842,AP3B1,adaptor related protein complex 3 subunit beta 1,0.4017263510698028,genetic_association,False,False,,,,0.6608,,,,
T2D,ENSG00000219438,TAFA5,TAFA chemokine like family member 5,0.4016626293748338,genetic_association,False,False,0.0733,,,0.657,,,,
T2D,ENSG00000170835,CEL,carboxyl ester lipase,0.4014417255791745,genetic_association;literature,False,False,0.1699,,,0.5253,,,,
T2D,ENSG00000227268,KLLN,"killin, p53 regulated DNA replication inhibitor",0.40115611391724587,genetic_association,False,False,,,,0.6599,,,,
T2D,ENSG00000174697,LEP,leptin,0.40086013118950325,animal_model;genetic_association;literature,False,False,0.9808,0.6343,,0.5962,,,,
T2D,ENSG00000187068,C3orf70,chromosome 3 open reading frame 70,0.4008421052547118,genetic_association,False,False,,,,0.6594,,,,
T2D,ENSG00000149289,ZC3H12C,zinc finger CCCH-type containing 12C,0.40036606931526686,genetic_association,False,False,,,,0.6586,,,,
T2D,ENSG00000278259,MYO19,myosin XIX,0.39942667643091384,genetic_association,False,False,,,,0.657,,,,
T2D,ENSG00000145147,SLIT2,slit guidance ligand 2,0.3989771741317031,genetic_association,False,False,0.0533,,,0.6536,,,,
T2D,ENSG00000121621,KIF18A,kinesin family member 18A,0.39863755709462056,genetic_association,False,False,0.0304,,,0.6542,,,,
T2D,ENSG00000215262,KCNU1,potassium calcium-activated channel subfamily U member 1,0.398587844162251,genetic_association,False,False,,,,0.6556,,,,
T2D,ENSG00000015520,NPC1L1,NPC1 like intracellular cholesterol transporter 1,0.3985749932434608,clinical;literature,False,False,0.3289,,0.6392,,,,,
T2D,ENSG00000157933,SKI,SKI proto-oncogene,0.3982954826950968,genetic_association,False,False,,,,0.6552,,,,
T2D,ENSG00000131323,TRAF3,TNF receptor associated factor 3,0.39756985929314514,genetic_association;literature,False,False,0.2226,,,0.6428,,,,
T2D,ENSG00000185436,IFNLR1,interferon lambda receptor 1,0.3970709252867253,genetic_association,False,False,0.0395,,,0.6512,,,,
T2D,ENSG00000055955,ITIH4,inter-alpha-trypsin inhibitor heavy chain 4,0.397052138440699,genetic_association,False,False,0.072,,,0.6495,,,,
T2D,ENSG00000183873,SCN5A,sodium voltage-gated channel alpha subunit 5,0.39702628078850677,clinical,True,False,0.073,,0.6494,,,,,
T2D,ENSG00000162104,ADCY9,adenylate cyclase 9,0.3968267093932924,genetic_association;literature,False,False,0.1368,,,0.6459,,,,
T2D,ENSG00000222011,FAM185A,family with sequence similarity 185 member A,0.39677725478125603,genetic_association,False,False,0.0608,,,0.6496,,,,
T2D,ENSG00000173905,GOLIM4,golgi integral membrane protein 4,0.3967589036111731,genetic_association,False,False,,,,0.6526,,,,
T2D,ENSG00000144460,NYAP2,neuronal tyrosine-phosphorylated phosphoinositide-3-kinase adaptor 2,0.39664335711853366,genetic_association,False,False,0.0243,,,0.6512,,,,
T2D,ENSG00000126266,FFAR1,free fatty acid receptor 1,0.39661786277684574,animal_model;clinical;literature,False,False,0.3778,0.4077,0.6236,,,,,
T2D,ENSG00000134962,KLB,klotho beta,0.3964754627798548,animal_model;clinical;genetic_association;literature,False,False,0.2715,0.3147,0.181,0.5965,,,,
T2D,ENSG00000100485,SOS2,SOS Ras/Rho guanine nucleotide exchange factor 2,0.39647536483250556,genetic_association;literature,False,False,0.1062,,,0.6469,,,,
T2D,ENSG00000133794,BMAL1,basic helix-loop-helix ARNT like 1,0.39646569542986043,animal_model;genetic_association;literature,False,False,0.7412,0.3613,,0.6071,,,,
T2D,ENSG00000178607,ERN1,endoplasmic reticulum to nucleus signaling 1,0.3961655446937826,genetic_association;literature,False,False,0.1335,,,0.645,,,,
T2D,ENSG00000163104,SMARCAD1,SNF2 related chromatin remodeling ATPase with DExD box 1,0.39608301667438534,genetic_association,False,False,0.0699,,,0.648,,,,
T2D,ENSG00000134363,FST,follistatin,0.3960050461635577,genetic_association;literature,False,False,0.6913,,,0.6168,,,,
T2D,ENSG00000095303,PTGS1,prostaglandin-endoperoxide synthase 1,0.3956497746862503,clinical;literature,False,False,0.2247,,0.6396,,,,,
T2D,ENSG00000171634,BPTF,bromodomain PHD finger transcription factor,0.3950562722368138,genetic_association;literature,False,False,0.1584,,,0.6419,,,,
T2D,ENSG00000007314,SCN4A,sodium voltage-gated channel alpha subunit 4,0.39480685110005437,clinical,True,False,,,0.6494,,,,,
T2D,ENSG00000136158,SPRY2,sprouty RTK signaling antagonist 2,0.39459936499968434,genetic_association;literature,False,False,0.2321,,,0.6375,,,,
T2D,ENSG00000196428,TSC22D2,TSC22 domain family member 2,0.3941044847746631,genetic_association,False,False,0.0608,,,0.6452,,,,
T2D,ENSG00000242498,ARPIN,actin related protein 2/3 complex inhibitor,0.3936807152721294,genetic_association,False,False,0.0719,,,0.644,,,,
T2D,ENSG00000060749,QSER1,glutamine and serine rich 1,0.39356852632233763,genetic_association,False,False,0.0334,,,0.6457,,,,
T2D,ENSG00000143971,ETAA1,ETAA1 activator of ATR kinase,0.39321982684090406,genetic_association,False,False,0.0426,,,0.6447,,,,
T2D,ENSG00000101421,CHMP4B,charged multivesicular body protein 4B,0.39272485005538255,genetic_association,False,False,0.0502,,,0.6435,,,,
T2D,ENSG00000174306,ZHX3,zinc fingers and homeoboxes 3,0.3924744267883964,genetic_association;literature,False,False,0.1368,,,0.6388,,,,
T2D,ENSG00000112715,VEGFA,vascular endothelial growth factor A,0.39224018479149525,clinical;genetic_association;literature,False,False,0.9579,,0.304,0.5479,,,,
T2D,ENSG00000066468,FGFR2,fibroblast growth factor receptor 2,0.3921753764718483,genetic_association,False,False,0.0446,,,0.6429,,,,
T2D,ENSG00000140368,PSTPIP1,proline-serine-threonine phosphatase interacting protein 1,0.39178792316412225,genetic_association,False,False,0.0395,,,0.6425,,,,
T2D,ENSG00000104081,BMF,Bcl2 modifying factor,0.39177575598231285,genetic_association;literature,False,False,0.1701,,,0.6359,,,,
T2D,ENSG00000072858,SIDT1,SID1 transmembrane family member 1,0.3915448143065019,genetic_association,False,False,,,,0.6441,,,,
T2D,ENSG00000138083,SIX3,SIX homeobox 3,0.39083114678391273,genetic_association;literature,False,False,0.5806,,,0.6139,,,,
T2D,ENSG00000138085,ATRAID,all-trans retinoic acid induced differentiation factor,0.3906297441235178,genetic_association,False,False,0.038,,,0.6407,,,,
T2D,ENSG00000174327,SLC16A13,solute carrier family 16 member 13,0.3905687867804308,genetic_association;genetic_literature;literature,False,False,0.3296,,,0.1088,,0.6079,,
T2D,ENSG00000140262,TCF12,transcription factor 12,0.39017968737186565,genetic_association;literature,False,False,0.2397,,,0.5092,,,,
T2D,ENSG00000241878,PISD,phosphatidylserine decarboxylase,0.3898813739970039,genetic_association,False,False,0.079,,,0.6374,,,,
T2D,ENSG00000125798,FOXA2,forkhead box A2,0.38984812607510416,genetic_association;literature,False,False,0.4457,,,0.619,,,,
T2D,ENSG00000157500,APPL1,"adaptor protein, phosphotyrosine interacting with PH domain and leucine zipper 1",0.3898356810417328,animal_model;genetic_association;literature,False,False,0.4458,0.261,,0.5003,,,,
T2D,ENSG00000168137,SETD5,SET domain containing 5,0.3897602649127569,genetic_association,False,False,,,,0.6411,,,,
T2D,ENSG00000169344,UMOD,uromodulin,0.3896524203908562,animal_model;genetic_association;literature,False,False,0.5889,0.5125,,0.6001,,,,
T2D,ENSG00000165029,ABCA1,ATP binding cassette subfamily A member 1,0.3896422549757273,genetic_association;literature,False,False,0.6404,,,0.6089,,,,
T2D,ENSG00000157445,CACNA2D3,calcium voltage-gated channel auxiliary subunit alpha2delta 3,0.38933869571103574,genetic_association,False,False,0.0241,,,0.6388,0.0174,,,
T2D,ENSG00000163577,EIF5A2,eukaryotic translation initiation factor 5A2,0.38926070352803754,genetic_association,False,False,,,,0.6403,,,,
T2D,ENSG00000168944,CEP120,centrosomal protein 120,0.3890190738859416,genetic_association,False,False,0.0122,,,0.6393,,,,
T2D,ENSG00000018625,ATP1A2,ATPase Na+/K+ transporting subunit alpha 2,0.38842842727362153,clinical;genetic_literature,False,False,0.0274,,0.1216,,,0.6079,,
T2D,ENSG00000138771,SHROOM3,shroom family member 3,0.388003303081779,genetic_association,False,False,0.0334,,,0.6366,,,,
T2D,ENSG00000179088,C12orf42,chromosome 12 open reading frame 42,0.38782888376799757,genetic_association,False,False,,,,0.6379,,,,
T2D,ENSG00000172059,KLF11,KLF transcription factor 11,0.3876964558373543,genetic_association;literature,False,False,0.596,,,0.6079,,,,
T2D,ENSG00000116786,PLEKHM2,pleckstrin homology and RUN domain containing M2,0.38757747068207843,genetic_association,False,False,0.0304,,,0.636,,,,
T2D,ENSG00000181722,ZBTB20,zinc finger and BTB domain containing 20,0.3873633685127518,animal_model;genetic_association;literature,False,False,0.1839,0.3731,,0.6142,0.0226,,,
T2D,ENSG00000169432,SCN9A,sodium voltage-gated channel alpha subunit 9,0.3871144299096572,clinical,True,False,0.0416,,0.6166,0.0768,,,,
T2D,ENSG00000007171,NOS2,nitric oxide synthase 2,0.38698842005001227,animal_model;genetic_association;literature,False,False,0.6883,0.2616,,0.5963,,,,
T2D,ENSG00000187546,AGMO,alkylglycerol monooxygenase,0.3869476243488376,genetic_association;literature,False,False,0.2577,,,0.6236,,,,
T2D,ENSG00000181195,PENK,proenkephalin,0.38688938881557206,genetic_association;literature,False,False,0.114,,,0.6307,,,,
T2D,ENSG00000168734,PKIG,cAMP-dependent protein kinase inhibitor gamma,0.386692426867918,genetic_association,False,False,0.0608,,,0.633,,,,
T2D,ENSG00000164330,EBF1,EBF transcription factor 1,0.3865997455331758,genetic_association,False,False,0.0978,,,0.631,,,,
T2D,ENSG00000134480,CCNH,cyclin H,0.38652977105728026,genetic_association,False,False,,,,0.6358,,,,
T2D,ENSG00000196839,ADA,adenosine deaminase,0.3864953229649413,genetic_association;literature,False,False,0.9222,,,0.5896,,,,
T2D,ENSG00000141560,FN3KRP,fructosamine 3 kinase related protein,0.38627563459368863,genetic_association,False,False,0.0249,,,0.6341,,,,
T2D,ENSG00000185619,PCGF3,polycomb group ring finger 3,0.3861682850883662,genetic_association,False,False,0.0304,,,0.6337,,,,
T2D,ENSG00000115970,THADA,THADA armadillo repeat containing,0.38597780540371607,genetic_association;literature,False,False,0.7555,,,0.5971,,,,
T2D,ENSG00000205693,MANSC4,MANSC domain containing 4,0.3856993594335557,genetic_association;literature,False,False,0.1493,,,0.627,,,,
T2D,ENSG00000136573,BLK,"BLK proto-oncogene, Src family tyrosine kinase",0.38555466317151965,genetic_association;literature,False,False,0.5255,,,0.6079,,,,
T2D,ENSG00000213996,TM6SF2,transmembrane 6 superfamily member 2,0.38546485301976613,genetic_association;literature,False,False,0.2951,,,0.6193,,,,
T2D,ENSG00000185559,DLK1,delta like non-canonical Notch ligand 1,0.3853262387522238,genetic_association;literature,False,False,0.6593,,,0.6009,,,,
T2D,ENSG00000130561,SAG,S-antigen visual arrestin,0.3850642364205933,genetic_association,False,False,0.0971,,,0.6285,,,,
T2D,ENSG00000137801,THBS1,thrombospondin 1,0.3849308283763408,genetic_association;literature,False,False,0.2813,,,0.6191,,,,
T2D,ENSG00000184304,PRKD1,protein kinase D1,0.38481945401815926,genetic_association;literature,False,False,0.117,,,0.6271,,,,
T2D,ENSG00000129244,ATP1B2,ATPase Na+/K+ transporting subunit beta 2,0.38449371219909917,clinical;genetic_association,False,False,,,0.1216,0.6021,,,,
T2D,ENSG00000090316,MAEA,"macrophage erythroblast attacher, E3 ubiquitin ligase",0.38445164715621455,genetic_association;literature,False,False,0.1267,,,0.6261,,,,
T2D,ENSG00000135862,LAMC1,laminin subunit gamma 1,0.38433717302005177,genetic_association,False,False,0.035,,,0.6305,,,,
T2D,ENSG00000078142,PIK3C3,phosphatidylinositol 3-kinase catalytic subunit type 3,0.3839268881563338,genetic_association,False,False,0.0523,,,0.6289,,,,
T2D,ENSG00000188211,NCR3LG1,natural killer cell cytotoxicity receptor 3 ligand 1,0.38374924318988807,genetic_association,False,False,0.0764,,,0.6274,,,,
T2D,ENSG00000142330,CAPN10,calpain 10,0.3829906609219151,genetic_association;literature,False,False,0.9191,,,0.584,,,,
T2D,ENSG00000166965,RCCD1,RCC1 domain containing 1,0.38241131138809015,genetic_association,False,False,,,,0.629,,,,
T2D,ENSG00000131242,RAB11FIP4,RAB11 family interacting protein 4,0.38222252883809804,genetic_association,False,False,,,,0.6287,,,,
T2D,ENSG00000152214,RIT2,Ras like without CAAX 2,0.38217726623429105,genetic_association,False,False,,,,0.6287,,,,
T2D,ENSG00000004059,ARF5,ARF GTPase 5,0.3813559421769902,genetic_association,False,False,0.0697,,,0.6238,,,,
T2D,ENSG00000173542,MOB1B,MOB kinase activator 1B,0.3812038886352022,genetic_association,False,False,,,,0.6271,,,,
T2D,ENSG00000156466,GDF6,growth differentiation factor 6,0.3811529492786268,genetic_association,False,False,0.0122,,,0.6264,,,,
T2D,ENSG00000021645,NRXN3,neurexin 3,0.38049110046766416,genetic_association,False,False,0.0744,,,0.6222,,,,
T2D,ENSG00000112561,TFEB,transcription factor EB,0.38045422460538225,genetic_association;literature,False,False,0.7046,,,0.5906,,,,
T2D,ENSG00000091831,ESR1,estrogen receptor 1,0.38039139835654917,animal_model;clinical;genetic_association;literature,False,False,0.845,0.4347,0.1375,0.5628,,,,
T2D,ENSG00000134243,SORT1,sortilin 1,0.3802779410793609,genetic_association;literature,False,False,0.4636,,,0.6023,,,,
T2D,ENSG00000157823,AP3S2,adaptor related protein complex 3 subunit sigma 2,0.3800167625844676,genetic_association;literature,False,False,0.255,,,0.6123,,,,
T2D,ENSG00000136869,TLR4,toll like receptor 4,0.379712785839795,clinical;genetic_association;literature,False,False,0.9319,,0.1216,0.5645,,,,
T2D,ENSG00000188352,FOCAD,focadhesin,0.37920727012129263,genetic_association,False,False,,,,0.6238,,,,
T2D,ENSG00000129214,SHBG,sex hormone binding globulin,0.3790909999785705,genetic_association;literature,False,False,0.9618,,,0.5755,,,,
T2D,ENSG00000129595,EPB41L4A,erythrocyte membrane protein band 4.1 like 4A,0.37897071137447264,genetic_association;literature,False,False,0.485,,,0.5991,,,,
T2D,ENSG00000101057,MYBL2,MYB proto-oncogene like 2,0.37887195782587657,genetic_association,False,False,0.0243,,,0.622,,,,
T2D,ENSG00000077092,RARB,retinoic acid receptor beta,0.37885224387539745,genetic_association;literature,False,False,0.1839,,,0.614,,,,
T2D,ENSG00000152527,PLEKHH2,"pleckstrin homology, MyTH4 and FERM domain containing H2",0.37865521871835933,genetic_association,False,False,,,,0.6229,,,,
T2D,ENSG00000149716,LTO1,LTO1 maturation factor of ABCE1,0.37841134574849733,genetic_association,False,False,,,,0.6225,,,,
T2D,ENSG00000093010,COMT,catechol-O-methyltransferase,0.3780824567968085,genetic_association;literature,False,False,0.5423,,,0.5948,,,,
T2D,ENSG00000204022,LIPJ,lipase family member J,0.37762642885854725,genetic_association,False,False,,,,0.6212,,,,
T2D,ENSG00000119866,BCL11A,BCL11 transcription factor A,0.37703605881016067,genetic_association;literature,False,False,0.5074,,,0.5948,,,,
T2D,ENSG00000113231,PDE8B,phosphodiesterase 8B,0.3768783107926504,genetic_association;literature,False,False,0.1348,,,0.6132,,,,
T2D,ENSG00000187098,MITF,melanocyte inducing transcription factor,0.3767532024510887,genetic_association,False,False,0.0456,,,0.6175,,,,
T2D,ENSG00000144285,SCN1A,sodium voltage-gated channel alpha subunit 1,0.3767205868812852,clinical,True,False,0.0608,,0.6166,,,,,
T2D,ENSG00000127152,BCL11B,BCL11 transcription factor B,0.37660025052504614,genetic_association,False,False,,,,0.6195,,,,
T2D,ENSG00000138081,FBXO11,F-box protein 11,0.3764279312073911,genetic_association,False,False,,,,0.6192,,,,
T2D,ENSG00000118503,TNFAIP3,TNF alpha induced protein 3,0.3763673081530723,genetic_association;literature,False,False,0.467,,,0.5957,,,,
T2D,ENSG00000104267,CA2,carbonic anhydrase 2,0.3762153567738185,clinical;literature,False,False,0.1601,,0.6108,,,,,
T2D,ENSG00000198053,SIRPA,signal regulatory protein alpha,0.3761092635986809,genetic_association;literature,False,False,0.114,,,0.613,,,,
T2D,ENSG00000074370,ATP2A3,ATPase sarcoplasmic/endoplasmic reticulum Ca2+ transporting 3,0.37606003934933735,genetic_association;literature,False,False,0.2683,,,0.6052,,,,
T2D,ENSG00000196876,SCN8A,sodium voltage-gated channel alpha subunit 8,0.3759814271719158,clinical,True,False,0.0365,,0.6166,,,,,
T2D,ENSG00000125538,IL1B,interleukin 1 beta,0.3758471271415274,clinical;literature,False,False,0.9596,,0.5698,,0.0208,,,
T2D,ENSG00000185313,SCN10A,sodium voltage-gated channel alpha subunit 10,0.37575043976273786,clinical,True,False,0.0289,,0.6166,,,,,
T2D,ENSG00000205502,C2CD4B,C2 calcium dependent domain containing 4B,0.3757414841521515,genetic_association;literature,False,False,0.159,,,0.6101,,,,
T2D,ENSG00000168356,SCN11A,sodium voltage-gated channel alpha subunit 11,0.37542705738988874,clinical,True,False,0.0182,,0.6166,,,,,
T2D,ENSG00000158816,VWA5B1,von Willebrand factor A domain containing 5B1,0.37537931627967625,genetic_association,False,False,0.0122,,,0.6169,,,,
T2D,ENSG00000101384,JAG1,jagged canonical Notch ligand 1,0.3751138715960215,genetic_association;literature,False,False,0.2834,,,0.6029,,,,
T2D,ENSG00000149294,NCAM1,neural cell adhesion molecule 1,0.37507975194647847,genetic_association;literature,False,False,0.2672,,,0.6036,,,,
T2D,ENSG00000136546,SCN7A,sodium voltage-gated channel alpha subunit 7,0.37487268760786174,clinical,True,False,,,0.6166,,,,,
T2D,ENSG00000157150,TIMP4,TIMP metallopeptidase inhibitor 4,0.37470789015859235,genetic_association;literature,False,False,0.1541,,,0.6087,,,,
T2D,ENSG00000151834,GABRA2,gamma-aminobutyric acid type A receptor subunit alpha2,0.3745443632883299,clinical,True,False,0.0959,,0.6108,,0.0247,,,
T2D,ENSG00000131724,IL13RA1,interleukin 13 receptor subunit alpha 1,0.3744469485959981,genetic_association;literature,False,False,0.1047,,,0.6107,,,,
T2D,ENSG00000158669,GPAT4,glycerol-3-phosphate acyltransferase 4,0.3742489427325223,genetic_association;literature,False,False,0.2301,,,0.6041,,,,
T2D,ENSG00000151276,MAGI1,"membrane associated guanylate kinase, WW and PDZ domain containing 1",0.37412252232822774,genetic_association,False,False,0.076,,,0.6116,,,,
T2D,ENSG00000137038,DMAC1,distal membrane arm assembly component 1,0.3740451388939005,genetic_association,False,False,,,,0.6153,,,,
T2D,ENSG00000147650,LRP12,LDL receptor related protein 12,0.3737547814561714,genetic_association,False,False,0.0122,,,0.6142,,,,
T2D,ENSG00000090905,TNRC6A,trinucleotide repeat containing adaptor 6A,0.37349327124147935,genetic_association;literature,False,False,0.1351,,,0.6076,,,,
T2D,ENSG00000184730,APOBR,apolipoprotein B receptor,0.3734375746740091,genetic_association,False,False,0.0248,,,0.613,,,,
T2D,ENSG00000109158,GABRA4,gamma-aminobutyric acid type A receptor subunit alpha4,0.37248986924302113,clinical,True,False,0.0393,,0.6108,,,,,
T2D,ENSG00000163285,GABRG1,gamma-aminobutyric acid type A receptor subunit gamma1,0.3724051738596559,clinical,True,False,0.0365,,0.6108,,,,,
T2D,ENSG00000182256,GABRG3,gamma-aminobutyric acid type A receptor subunit gamma3,0.37231277889598474,clinical,True,False,0.0334,,0.6108,,,,,
T2D,ENSG00000145864,GABRB2,gamma-aminobutyric acid type A receptor subunit beta2,0.3717584091139577,clinical,True,False,0.0152,,0.6108,,,,,
T2D,ENSG00000268089,GABRQ,gamma-aminobutyric acid type A receptor subunit theta,0.3716660141502865,clinical,True,False,0.0122,,0.6108,,,,,
T2D,ENSG00000107651,SEC23IP,SEC23 interacting protein,0.3716335959151785,genetic_association,False,False,,,,0.6113,,,,
T2D,ENSG00000244405,ETV5,ETS variant transcription factor 5,0.3713405104038751,genetic_association;literature,False,False,0.2782,,,0.5969,,,,
T2D,ENSG00000145863,GABRA6,gamma-aminobutyric acid type A receptor subunit alpha6,0.3712964342956018,clinical,True,False,,,0.6108,,,,,
T2D,ENSG00000186297,GABRA5,gamma-aminobutyric acid type A receptor subunit alpha5,0.3712964342956018,clinical,True,False,,,0.6108,,,,,
T2D,ENSG00000187730,GABRD,gamma-aminobutyric acid type A receptor subunit delta,0.3712964342956018,clinical,True,False,,,0.6108,,,,,
T2D,ENSG00000102287,GABRE,gamma-aminobutyric acid type A receptor subunit epsilon,0.3712964342956018,clinical,True,False,,,0.6108,,,,,
T2D,ENSG00000022355,GABRA1,gamma-aminobutyric acid type A receptor subunit alpha1,0.3712964342956018,clinical,True,False,,,0.6108,,,,,
T2D,ENSG00000163288,GABRB1,gamma-aminobutyric acid type A receptor subunit beta1,0.3712964342956018,clinical,True,False,,,0.6108,,,,,
T2D,ENSG00000094755,GABRP,gamma-aminobutyric acid type A receptor subunit pi,0.3712964342956018,clinical,True,False,,,0.6108,,,,,
T2D,ENSG00000011677,GABRA3,gamma-aminobutyric acid type A receptor subunit alpha3,0.3712964342956018,clinical,True,False,,,0.6108,,,,,
T2D,ENSG00000166206,GABRB3,gamma-aminobutyric acid type A receptor subunit beta3,0.3712964342956018,clinical,True,False,,,0.6108,,,,,
T2D,ENSG00000113327,GABRG2,gamma-aminobutyric acid type A receptor subunit gamma2,0.3712964342956018,clinical,True,False,,,0.6108,,,,,
T2D,ENSG00000171056,SOX7,SRY-box transcription factor 7,0.3712253641753067,genetic_association,False,False,,,,0.6106,,,,
T2D,ENSG00000002919,SNX11,sorting nexin 11,0.37080931761425245,genetic_association,False,False,0.0684,,,0.6065,,,,
T2D,ENSG00000101187,SLCO4A1,solute carrier organic anion transporter family member 4A1,0.37070830359395296,genetic_association,False,False,,,,0.6098,,,,
T2D,ENSG00000186510,CLCNKA,chloride voltage-gated channel Ka,0.3706665300587573,animal_model;genetic_association,False,False,0.0182,0.3634,,0.5911,,,,
T2D,ENSG00000189045,ANKDD1B,ankyrin repeat and death domain containing 1B,0.3704642961231804,genetic_association;literature,False,False,0.2243,,,0.5982,,,,
T2D,ENSG00000112499,SLC22A2,solute carrier family 22 member 2,0.3695514831367264,genetic_association;literature,False,False,0.2781,,,0.594,,,,
T2D,ENSG00000197381,ADARB1,adenosine deaminase RNA specific B1,0.3692688958022021,genetic_association,False,False,0.0228,,,0.6063,,,,
T2D,ENSG00000114861,FOXP1,forkhead box P1,0.36910682791350946,genetic_association;literature,False,False,0.4231,,,0.586,,,,
T2D,ENSG00000126860,EVI2A,ecotropic viral integration site 2A,0.36906193777959473,genetic_association,False,False,,,,0.6071,,,,
T2D,ENSG00000106459,NRF1,nuclear respiratory factor 1,0.3690155914713803,genetic_association;literature,False,False,0.3086,,,0.5916,,,,
T2D,ENSG00000136634,IL10,interleukin 10,0.3689796702123478,genetic_association;literature,False,False,0.9549,,,0.5592,,,,
T2D,ENSG00000197872,CYRIA,CYFIP related Rac1 interactor A,0.3689366296339327,genetic_association,False,False,,,,0.6069,,,,
T2D,ENSG00000157837,SPPL3,signal peptide peptidase like 3,0.3684573632757173,genetic_association,False,False,0.0421,,,0.604,,,,
T2D,ENSG00000184640,SEPTIN9,septin 9,0.36839094014488616,genetic_association;literature,False,False,0.1126,,,0.6003,,,,
T2D,ENSG00000139364,TMEM132B,transmembrane protein 132B,0.3681723061321463,animal_model;genetic_association,False,False,0.0304,0.2727,,0.5913,,,,
T2D,ENSG00000136560,TANK,TRAF family member associated NFKB activator,0.3677447954712329,genetic_association,False,False,0.0122,,,0.6043,,,,
T2D,ENSG00000100284,TOM1,target of myb1 membrane trafficking protein,0.36772964416259707,genetic_association,False,False,,,,0.6049,,,,
T2D,ENSG00000158636,EMSY,"EMSY transcriptional repressor, BRCA2 interacting",0.36769405619192747,genetic_association,False,False,,,,0.6048,,,,
T2D,ENSG00000181915,ADO,2-aminoethanethiol dioxygenase,0.3672589746615328,genetic_association;literature,False,False,0.1945,,,0.5944,,,,
T2D,ENSG00000240857,RDH14,retinol dehydrogenase 14,0.36701917974203924,genetic_association,False,False,,,,0.6037,,,,
T2D,ENSG00000002726,AOC1,amine oxidase copper containing 1,0.3669541488533058,genetic_association,False,False,0.0797,,,0.5996,,,,
T2D,ENSG00000143995,MEIS1,Meis homeobox 1,0.36684864788867044,genetic_association,False,False,0.0334,,,0.6018,,,,
T2D,ENSG00000188404,SELL,selectin L,0.36678762244311164,genetic_association;literature,False,False,0.3144,,,0.5876,,,,
T2D,ENSG00000115267,IFIH1,interferon induced with helicase C domain 1,0.36650206195754215,genetic_association;literature,False,False,0.1136,,,0.5972,,,,
T2D,ENSG00000078328,RBFOX1,RNA binding fox-1 homolog 1,0.36594578189771493,genetic_association,False,False,0.079,,,0.598,,,,
T2D,ENSG00000167434,CA4,carbonic anhydrase 4,0.36555429620787605,clinical,True,False,0.0753,,0.5975,,,,,
T2D,ENSG00000113580,NR3C1,nuclear receptor subfamily 3 group C member 1,0.3655376915686579,clinical;literature,False,False,0.7129,,0.5595,0.0548,,,,
T2D,ENSG00000125675,GRIA3,glutamate ionotropic receptor AMPA type subunit 3,0.3654528796407226,clinical;literature,False,False,0.1216,,0.5951,,,,,
T2D,ENSG00000120251,GRIA2,glutamate ionotropic receptor AMPA type subunit 2,0.36519366043708956,clinical;literature,False,False,0.1131,,0.5951,,,,,
T2D,ENSG00000131196,NFATC1,nuclear factor of activated T cells 1,0.3650742332429978,genetic_association;literature,False,False,0.451,,,0.578,,,,
T2D,ENSG00000106460,TMEM106B,transmembrane protein 106B,0.3650028117007283,genetic_association,False,False,0.0728,,,0.5968,,,,
T2D,ENSG00000163873,GRIK3,glutamate ionotropic receptor kainate type subunit 3,0.36484717932332267,clinical;literature,False,False,0.1017,,0.5951,,,,,
T2D,ENSG00000172201,ID4,inhibitor of DNA binding 4,0.3648284824943967,genetic_association,False,False,0.0304,,,0.5986,,,,
T2D,ENSG00000012504,NR1H4,nuclear receptor subfamily 1 group H member 4,0.36446579737861995,animal_model;clinical;literature,False,False,0.8156,0.3356,0.5513,,,,,
T2D,ENSG00000120341,SEC16B,"SEC16 homolog B, endoplasmic reticulum export factor",0.3644122765614435,genetic_association,False,False,0.0823,,,0.5953,,,,
T2D,ENSG00000213918,DNASE1,deoxyribonuclease 1,0.3641629199592911,genetic_association;literature,False,False,0.3268,,,0.5827,,,,
T2D,ENSG00000175745,NR2F1,nuclear receptor subfamily 2 group F member 1,0.36382513016232876,genetic_association;literature,False,False,0.1637,,,0.5903,,,,
T2D,ENSG00000134824,FADS2,fatty acid desaturase 2,0.36371035876375357,genetic_association;literature,False,False,0.4718,,,0.5747,,,,
T2D,ENSG00000110628,SLC67A1,solute carrier family 67 member 1,0.36316182883646836,genetic_association;literature,False,False,0.1216,,,0.5913,,,,
T2D,ENSG00000140873,ADAMTS18,ADAM metallopeptidase with thrombospondin type 1 motif 18,0.363089510091593,genetic_association,False,False,,,,0.5973,,,,
T2D,ENSG00000179195,ZNF664,zinc finger protein 664,0.36282151223790077,genetic_association,False,False,0.038,,,0.5949,,,,
T2D,ENSG00000153879,CEBPG,CCAAT enhancer binding protein gamma,0.36274082771626937,genetic_association,False,False,0.0304,,,0.5952,,,,
T2D,ENSG00000149403,GRIK4,glutamate ionotropic receptor kainate type subunit 4,0.36268103073058733,clinical,True,False,0.0304,,0.5951,,,,,
T2D,ENSG00000183579,ZNRF3,zinc and ring finger 3,0.3625028899779572,genetic_association,False,False,0.0415,,,0.5942,,,,
T2D,ENSG00000171189,GRIK1,glutamate ionotropic receptor kainate type subunit 1,0.3623114508759026,clinical,True,False,0.0182,,0.5951,,,,,
T2D,ENSG00000197386,HTT,huntingtin,0.362279761597817,genetic_association,False,False,0.0451,,,0.5937,,,,
T2D,ENSG00000197296,FITM2,fat storage inducing transmembrane protein 2,0.36191782444563375,genetic_association;literature,False,False,0.1475,,,0.588,,,,
T2D,ENSG00000152578,GRIA4,glutamate ionotropic receptor AMPA type subunit 4,0.36175708109387555,clinical,True,False,,,0.5951,,,,,
T2D,ENSG00000164418,GRIK2,glutamate ionotropic receptor kainate type subunit 2,0.36175708109387555,clinical,True,False,,,0.5951,,,,,
T2D,ENSG00000105737,GRIK5,glutamate ionotropic receptor kainate type subunit 5,0.36175708109387555,clinical,True,False,,,0.5951,,,,,
T2D,ENSG00000159164,SV2A,synaptic vesicle glycoprotein 2A,0.361339371504701,genetic_association,False,False,0.0593,,,0.5914,,,,
T2D,ENSG00000147874,HAUS6,HAUS augmin like complex subunit 6,0.36078190442021457,genetic_association,False,False,0.0978,,,0.5886,,,,
T2D,ENSG00000111052,LIN7A,lin-7 cell polarity scaffold A,0.3603105429158816,genetic_association,False,False,0.0712,,,0.5891,,,,
T2D,ENSG00000164530,PI16,peptidase inhibitor 16,0.3600105053295749,genetic_association,False,False,0.038,,,0.5903,,,,
T2D,ENSG00000138622,HCN4,hyperpolarization activated cyclic nucleotide gated potassium channel 4,0.3593249022561791,clinical;genetic_association,False,False,0.0365,,0.4256,0.4837,0.0154,,,
T2D,ENSG00000106829,TLE4,"TLE family member 4, transcriptional corepressor",0.3588949983285827,genetic_association;literature,False,False,0.212,,,0.5798,,,,
T2D,ENSG00000134250,NOTCH2,notch receptor 2,0.35875895982466394,genetic_association;literature,False,False,0.4161,,,0.5693,,,,
T2D,ENSG00000048471,SNX29,sorting nexin 29,0.35833336707138846,genetic_association,False,False,,,,0.5894,,,,
T2D,ENSG00000002822,MAD1L1,mitotic arrest deficient 1 like 1,0.35812240431975606,genetic_association,False,False,0.0704,,,0.5856,,,,
T2D,ENSG00000158079,PTPDC1,protein tyrosine phosphatase domain containing 1,0.3578662856326827,genetic_association,False,False,,,,0.5887,,,,
T2D,ENSG00000129933,MAU2,MAU2 sister chromatid cohesion factor,0.3577155422729617,genetic_association,False,False,0.0213,,,0.5874,,,,
T2D,ENSG00000143469,SYT14,synaptotagmin 14,0.35713757788387923,genetic_association,False,False,0.0243,,,0.5862,,,,
T2D,ENSG00000086205,FOLH1,folate hydrolase 1,0.35706727331144644,genetic_association,False,False,0.073,,,0.5837,,,,
T2D,ENSG00000107864,CPEB3,cytoplasmic polyadenylation element binding protein 3,0.35632408467631643,genetic_association,False,False,0.0684,,,0.5827,,,,
T2D,ENSG00000174137,FAM53A,family with sequence similarity 53 member A,0.355950551098488,genetic_association,False,False,,,,0.5855,,,,
T2D,ENSG00000172197,MBOAT1,membrane bound glycerophospholipid O-acyltransferase 1,0.35582866069283275,genetic_association,False,False,,,,0.5853,,,,
T2D,ENSG00000144736,SHQ1,"SHQ1, H/ACA ribonucleoprotein assembly factor",0.3556980167751288,genetic_association,False,False,,,,0.5851,,,,
T2D,ENSG00000154237,LRRK1,leucine rich repeat kinase 1,0.35510126509809087,genetic_association,False,False,,,,0.5841,,,,
T2D,ENSG00000179603,GRM8,glutamate metabotropic receptor 8,0.35509108514307,genetic_association;literature,False,False,0.1125,,,0.5785,,,,
T2D,ENSG00000116117,PARD3B,par-3 family cell polarity regulator beta,0.3549691726393122,genetic_association,False,False,0.0228,,,0.5828,,,,
T2D,ENSG00000136111,TBC1D4,TBC1 domain family member 4,0.3548586775396281,animal_model;genetic_association;literature,False,False,0.4233,0.3834,,0.4556,,,,
T2D,ENSG00000134369,NAV1,neuron navigator 1,0.3548501161635322,genetic_association,False,False,,,,0.5837,,,,
T2D,ENSG00000196739,COL27A1,collagen type XXVII alpha 1 chain,0.3547555305361521,genetic_association,False,False,,,,0.5835,,,,
T2D,ENSG00000121691,CAT,catalase,0.3544061302972917,genetic_association;literature,False,False,0.8887,,,0.5385,,,,
T2D,ENSG00000173930,SLCO4C1,solute carrier organic anion transporter family member 4C1,0.35408609665075425,genetic_association,False,False,0.0562,,,0.5796,,,,
T2D,ENSG00000165973,NELL1,neural EGFL like 1,0.3534488056475721,genetic_association;literature,False,False,0.1398,,,0.5744,,,,
T2D,ENSG00000162924,REL,"REL proto-oncogene, NF-kB subunit",0.3533727566272148,genetic_association,False,False,0.031,,,0.5797,,,,
T2D,ENSG00000074211,PPP2R2C,protein phosphatase 2 regulatory subunit Bgamma,0.3532959301855114,genetic_association;literature,False,False,0.1039,,,0.5759,,,,
T2D,ENSG00000169174,PCSK9,proprotein convertase subtilisin/kexin type 9,0.3532158800449042,clinical;literature,False,False,0.9604,,0.533,,,,,
T2D,ENSG00000090612,ZNF268,zinc finger protein 268,0.3531342638902669,genetic_association,False,False,,,,0.5809,,,,
T2D,ENSG00000128683,GAD1,glutamate decarboxylase 1,0.3531314695202297,genetic_association;literature,False,False,0.7174,,,0.545,,,,
T2D,ENSG00000141458,NPC1,NPC intracellular cholesterol transporter 1,0.3529873849973145,genetic_association;literature,False,False,0.2646,,,0.5674,,,,
T2D,ENSG00000172817,CYP7B1,cytochrome P450 family 7 subfamily B member 1,0.352934093063509,genetic_association;literature,False,False,0.2208,,,0.5695,,,,
T2D,ENSG00000053254,FOXN3,forkhead box N3,0.3527896426882062,genetic_association,False,False,0.0895,,,0.5758,,,,
T2D,ENSG00000165105,RASEF,RAS and EF-hand domain containing,0.35276116359371573,genetic_association,False,False,,,,0.5803,,,,
T2D,ENSG00000152270,PDE3B,phosphodiesterase 3B,0.3518923429522353,animal_model;genetic_association;literature,False,False,0.1261,0.3621,,0.5579,,,,
T2D,ENSG00000145675,PIK3R1,phosphoinositide-3-kinase regulatory subunit 1,0.3513363289136826,animal_model;genetic_association;literature,False,False,0.2669,0.3833,,0.5528,,,,
T2D,ENSG00000109452,INPP4B,inositol polyphosphate-4-phosphatase type II B,0.3513047322798313,genetic_association;literature,False,False,0.1672,,,0.5695,,,,
T2D,ENSG00000131477,RAMP2,receptor activity modifying protein 2,0.3511916855843145,clinical;genetic_association,False,False,0.0295,,0.5461,0.1238,,,,
T2D,ENSG00000112182,BACH2,BACH transcriptional regulator 2,0.3511770649663914,genetic_association;literature,False,False,0.2289,,,0.5662,,,,
T2D,ENSG00000256269,HMBS,hydroxymethylbilane synthase,0.3508767847411253,genetic_association,False,False,0.0363,,,0.5754,,,,
T2D,ENSG00000123453,SARDH,sarcosine dehydrogenase,0.35065392162879716,genetic_association,False,False,0.0424,,,0.5747,,,,
T2D,ENSG00000106689,LHX2,LIM homeobox 2,0.35051206465314183,genetic_association,False,False,,,,0.5766,,,,
T2D,ENSG00000105675,ATP4A,ATPase H+/K+ transporting subunit alpha,0.3504763113378204,clinical,True,False,0.0122,,0.5759,,,,,
T2D,ENSG00000198756,COLGALT2,collagen beta(1-O)galactosyltransferase 2,0.3502202925072248,genetic_association,False,False,,,,0.5761,,,,
T2D,ENSG00000186009,ATP4B,ATPase H+/K+ transporting subunit beta,0.35010673148313576,clinical,True,False,,,0.5759,,,,,
T2D,ENSG00000198890,PRMT6,protein arginine methyltransferase 6,0.34922507111304063,genetic_association,False,False,0.0547,,,0.5717,,,,
T2D,ENSG00000162702,ZNF281,zinc finger protein 281,0.3488594744921087,genetic_association,False,False,,,,0.5738,,,,
T2D,ENSG00000162676,GFI1,growth factor independent 1 transcriptional repressor,0.3485900062817727,genetic_association,False,False,0.0122,,,0.5728,,,,
T2D,ENSG00000101746,NOL4,nucleolar protein 4,0.3485411260872005,genetic_association,False,False,,,,0.5733,,,,
T2D,ENSG00000103811,CTSH,cathepsin H,0.3473794462073994,genetic_association,False,False,0.0414,,,0.5693,,,,
T2D,ENSG00000076685,NT5C2,"5'-nucleotidase, cytosolic II",0.3473365881094592,genetic_association;literature,False,False,0.4854,,,0.5471,,,,
T2D,ENSG00000145569,OTULINL,OTU deubiquitinase with linear linkage specificity like,0.3470633729932894,genetic_association;literature,False,False,0.1462,,,0.5636,,,,
T2D,ENSG00000103546,SLC6A2,solute carrier family 6 member 2,0.34700406926128674,clinical;literature,False,False,0.2408,,0.5588,,,,,
T2D,ENSG00000154975,CA10,carbonic anhydrase 10 (inactive),0.34686432461381456,genetic_association,False,False,,,,0.5706,,,,
T2D,ENSG00000069248,NUP133,nucleoporin 133,0.3460057035059509,genetic_association,False,False,,,,0.5692,,,,
T2D,ENSG00000145431,PDGFC,platelet derived growth factor C,0.34565949724018025,genetic_association;literature,False,False,0.2659,,,0.5553,,,,
T2D,ENSG00000250305,TRMT9B,tRNA methyltransferase 9B (putative),0.34547414809229476,genetic_association,False,False,,,,0.5683,,,,
T2D,ENSG00000154269,ENPP3,ectonucleotide pyrophosphatase/phosphodiesterase 3,0.34538333849747876,genetic_association;literature,False,False,0.1829,,,0.559,,,,
T2D,ENSG00000122679,RAMP3,receptor activity modifying protein 3,0.34503794065216714,clinical,True,False,0.078,,0.5461,0.079,,,,
T2D,ENSG00000165476,REEP3,receptor accessory protein 3,0.3446781955565174,genetic_association,False,False,0.0608,,,0.5639,,,,
T2D,ENSG00000144619,CNTN4,contactin 4,0.34461822626558436,genetic_association,False,False,0.035,,,0.5651,,,,
T2D,ENSG00000103932,RPAP1,RNA polymerase II associated protein 1,0.3446083043963455,genetic_association,False,False,,,,0.5669,,,,
T2D,ENSG00000099889,ARVCF,ARVCF delta catenin family member,0.34460094587562695,genetic_association,False,False,0.0182,,,0.5659,,,,
T2D,ENSG00000170967,DDI1,DDI proteasomal shuttling factor 1,0.3445078730895967,genetic_association,False,False,,,,0.5667,,,,
T2D,ENSG00000091157,WDR7,WD repeat domain 7,0.34365299446118636,genetic_association;literature,False,False,0.1444,,,0.5581,,,,
T2D,ENSG00000171988,JMJD1C,jumonji domain containing 1C,0.3435081332686405,genetic_association;literature,False,False,0.4077,,,0.5447,,,,
T2D,ENSG00000154783,FGD5,"FYVE, RhoGEF and PH domain containing 5",0.3430904448486294,genetic_association;literature,False,False,0.6427,,,0.5322,,,,
T2D,ENSG00000153707,PTPRD,protein tyrosine phosphatase receptor type D,0.3427501934660081,genetic_association;literature,False,False,0.7575,,,0.5259,,,,
T2D,ENSG00000065029,ZNF76,zinc finger protein 76,0.34266212337437285,genetic_association,False,False,,,,0.5637,,,,
T2D,ENSG00000155465,SLC7A7,solute carrier family 7 member 7,0.342166448627387,genetic_association;literature,False,False,0.3615,,,0.5448,,,,
T2D,ENSG00000145284,SCD5,stearoyl-CoA desaturase 5,0.3421190024040249,genetic_association,False,False,0.0793,,,0.5588,,,,
T2D,ENSG00000053900,ANAPC4,anaphase promoting complex subunit 4,0.34209375049172963,genetic_association,False,False,,,,0.5627,,,,
T2D,ENSG00000134061,CD180,CD180 molecule,0.3411727897057714,genetic_association;literature,False,False,0.1064,,,0.5559,,,,
T2D,ENSG00000184305,CCSER1,coiled-coil serine rich protein 1,0.3403288966832139,genetic_association,False,False,0.038,,,0.5579,,,,
T2D,ENSG00000089094,KDM2B,lysine demethylase 2B,0.3402981475024591,genetic_association,False,False,0.0334,,,0.5581,,,,
T2D,ENSG00000064703,DDX20,DEAD-box helicase 20,0.340011478882781,genetic_association,False,False,,,,0.5593,,,,
T2D,ENSG00000070444,MNT,MAX network transcriptional repressor,0.3399532303567442,genetic_association,False,False,,,,0.5587,0.0103,,,
T2D,ENSG00000152518,ZFP36L2,ZFP36 like 2 zinc finger CCCH-type,0.3399189724025036,genetic_association,False,False,0.073,,,0.5555,,,,
T2D,ENSG00000182674,KCNB2,potassium voltage-gated channel subfamily B member 2,0.3398796510912011,genetic_association,False,False,0.0213,,,0.558,,,,
T2D,ENSG00000196498,NCOR2,nuclear receptor corepressor 2,0.33979711227077364,animal_model;genetic_association,False,False,0.0807,0.2556,,0.5444,,,,
T2D,ENSG00000185104,FAF1,Fas associated factor 1,0.33977774941772204,genetic_association;literature,False,False,0.2039,,,0.5487,,,,
T2D,ENSG00000070610,GBA2,glucosylceramidase beta 2,0.3397403927726681,genetic_association,False,False,,,,0.5588,,,,
T2D,ENSG00000164713,BRI3,brain protein I3,0.3396636387297381,genetic_association,False,False,,,,0.5587,,,,
T2D,ENSG00000081177,EXD2,exonuclease 3'-5' domain containing 2,0.33924813914453217,genetic_association,False,False,,,,0.558,,,,
T2D,ENSG00000103351,IFT38,intraflagellar transport 38,0.3391533216658146,genetic_association,False,False,0.0684,,,0.5545,,,,
T2D,ENSG00000169744,LDB2,LIM domain binding 2,0.3390271164834108,genetic_association,False,False,,,,0.5577,,,,
T2D,ENSG00000165006,UBAP1,ubiquitin associated protein 1,0.33889469065912975,genetic_association;literature,False,False,0.1778,,,0.5486,,,,
T2D,ENSG00000169908,TM4SF1,transmembrane 4 L six family member 1,0.3381823235114223,genetic_association,False,False,0.0363,,,0.5545,,,,
T2D,ENSG00000170214,ADRA1B,adrenoceptor alpha 1B,0.338082046687776,animal_model;genetic_association;literature,False,False,0.1003,0.34,0.0083,0.5364,,,,
T2D,ENSG00000188549,CCDC9B,coiled-coil domain containing 9B,0.3377476833123257,genetic_association,False,False,,,,0.5556,,,,
T2D,ENSG00000276644,DACH1,dachshund family transcription factor 1,0.33753433226689666,genetic_association,False,False,0.0796,,,0.5512,,,,
T2D,ENSG00000168675,LDLRAD4,low density lipoprotein receptor class A domain containing 4,0.337137144201208,genetic_association,False,False,,,,0.5546,,,,
T2D,ENSG00000121671,CRY2,cryptochrome circadian regulator 2,0.336869789257674,genetic_association;literature,False,False,0.3538,,,0.5364,,,,
T2D,ENSG00000119242,CCDC92,coiled-coil domain containing 92,0.3367191645175238,genetic_association;literature,False,False,0.1154,,,0.5481,,,,
T2D,ENSG00000137869,CYP19A1,cytochrome P450 family 19 subfamily A member 1,0.33667791836522354,animal_model;clinical;genetic_association;literature,False,False,0.7007,0.4132,0.1368,0.4984,,,,
T2D,ENSG00000152217,SETBP1,SET binding protein 1,0.3364718434652898,genetic_association;literature,False,False,0.1489,,,0.546,,,,
T2D,ENSG00000164574,GALNT10,polypeptide N-acetylgalactosaminyltransferase 10,0.3361135159219212,genetic_association,False,False,0.0334,,,0.5512,,,,
T2D,ENSG00000177917,ARL6IP6,ARF like GTPase 6 interacting protein 6,0.33566684022461674,genetic_association,False,False,,,,0.5521,,,,
T2D,ENSG00000165392,WRN,WRN RecQ like helicase,0.3352616142089341,animal_model;genetic_association;literature,False,False,0.101,0.2939,,0.4349,,,,
T2D,ENSG00000113532,ST8SIA4,"ST8 alpha-N-acetyl-neuraminide alpha-2,8-sialyltransferase 4",0.3346061650506567,genetic_association,False,False,0.0213,,,0.5493,,,,
T2D,ENSG00000125970,RALY,RALY heterogeneous nuclear ribonucleoprotein,0.33431983938814375,genetic_association,False,False,0.0547,,,0.5472,,,,
T2D,ENSG00000183347,GBP6,guanylate binding protein family member 6,0.3340112979930701,genetic_association,False,False,0.0304,,,0.5479,,,,
T2D,ENSG00000087460,GNAS,GNAS complex locus,0.3339153841312214,animal_model;genetic_association;literature,False,False,0.2344,0.4039,,0.5239,,,,
T2D,ENSG00000187416,LHFPL3,LHFPL tetraspan subfamily member 3,0.3325823594862151,genetic_association,False,False,0.0122,,,0.5465,,,,
T2D,ENSG00000123200,ZC3H13,zinc finger CCCH-type containing 13,0.33238225387959985,genetic_association,False,False,0.0547,,,0.544,,,,
T2D,ENSG00000110172,CHORDC1,cysteine and histidine rich domain containing 1,0.3323183052501065,genetic_association,False,False,,,,0.5466,,,,
T2D,ENSG00000132329,RAMP1,receptor activity modifying protein 1,0.3319740778598259,clinical,True,False,,,0.5461,,,,,
T2D,ENSG00000165609,NUDT5,nudix hydrolase 5,0.33182380442471715,genetic_association,False,False,0.0304,,,0.5443,,,,
T2D,ENSG00000104976,SNAPC2,small nuclear RNA activating complex polypeptide 2,0.3318113152730109,genetic_association,False,False,,,,0.5458,,,,
T2D,ENSG00000128805,ARHGAP22,Rho GTPase activating protein 22,0.3311605855611316,genetic_association;literature,False,False,0.2741,,,0.531,,,,
T2D,ENSG00000123080,CDKN2C,cyclin dependent kinase inhibitor 2C,0.3309755455359455,animal_model;genetic_association;literature,False,False,0.2643,0.3053,,0.5233,,,,
T2D,ENSG00000189403,HMGB1,high mobility group box 1,0.3309438868019128,genetic_association;literature,False,False,0.8956,,,0.4996,,,,
T2D,ENSG00000135205,CCDC146,coiled-coil domain containing 146,0.33085124706674507,genetic_association,False,False,0.0334,,,0.5426,,,,
T2D,ENSG00000162631,NTNG1,netrin G1,0.33082699838733276,genetic_association,False,False,0.0608,,,0.5411,,,,
T2D,ENSG00000118113,MMP8,matrix metallopeptidase 8,0.3307918220649197,clinical;literature,False,False,0.6414,,0.5121,,,,,
T2D,ENSG00000159884,CCDC107,coiled-coil domain containing 107,0.33049045471524285,genetic_association,False,False,0.0304,,,0.5421,,,,
T2D,ENSG00000149084,HSD17B12,hydroxysteroid 17-beta dehydrogenase 12,0.3302966986551065,genetic_association;literature,False,False,0.1982,,,0.5334,,,,
T2D,ENSG00000163512,AZI2,5-azacytidine induced 2,0.33000569079103836,genetic_association,False,False,,,,0.5428,,,,
T2D,ENSG00000213445,SIPA1,signal-induced proliferation-associated 1,0.32999289700644796,genetic_association,False,False,,,,0.5428,,,,
T2D,ENSG00000152193,OBI1,ORC ubiquitin ligase 1,0.3299900504311106,genetic_association,False,False,,,,0.5428,,,,
T2D,ENSG00000117280,RAB29,"RAB29, member RAS oncogene family",0.3299435038008802,genetic_association,False,False,0.0441,,,0.5405,,,,
T2D,ENSG00000188064,WNT7B,Wnt family member 7B,0.32992465877648436,genetic_association,False,False,0.0669,,,0.5394,,,,
T2D,ENSG00000160563,MED27,mediator complex subunit 27,0.3299158358218195,genetic_association,False,False,,,,0.5427,,,,
T2D,ENSG00000168214,RBPJ,recombination signal binding protein for immunoglobulin kappa J region,0.3297072397079279,genetic_association;literature,False,False,0.1014,,,0.5373,,,,
T2D,ENSG00000152969,JAKMIP1,janus kinase and microtubule interacting protein 1,0.3296963792074194,genetic_association,False,False,0.0122,,,0.5417,,,,
T2D,ENSG00000084731,KIF3C,kinesin family member 3C,0.3293828960644493,genetic_association,False,False,,,,0.5418,,,,
T2D,ENSG00000138640,FAM13A,family with sequence similarity 13 member A,0.3291179213796971,genetic_association;literature,False,False,0.2701,,,0.5279,,,,
T2D,ENSG00000085978,ATG16L1,autophagy related 16 like 1,0.32906528983897676,genetic_association,False,False,0.0304,,,0.5398,,,,
T2D,ENSG00000188827,SLX4,SLX4 structure-specific endonuclease subunit,0.3285983148027594,genetic_association,False,False,0.0122,,,0.5399,,,,
T2D,ENSG00000186088,GSAP,gamma-secretase activating protein,0.328547106070055,genetic_association,False,False,,,,0.5404,,,,
T2D,ENSG00000135211,TMEM60,transmembrane protein 60,0.32828767381791824,genetic_association,False,False,,,,0.54,,,,
T2D,ENSG00000168081,PNOC,prepronociceptin,0.327936434458133,genetic_association,False,False,,,,0.5394,,,,
T2D,ENSG00000284770,TBCE,tubulin folding cofactor E,0.32775537420043377,genetic_association,False,False,0.0727,,,0.5355,,,,
T2D,ENSG00000278311,GGNBP2,gametogenetin binding protein 2,0.3276266585736633,genetic_association,False,False,,,,0.5389,,,,
T2D,ENSG00000155096,AZIN1,antizyme inhibitor 1,0.3276117867507941,genetic_association;literature,False,False,0.117,,,0.533,,,,
T2D,ENSG00000169855,ROBO1,roundabout guidance receptor 1,0.3275399478920075,genetic_association;literature,False,False,0.1089,,,0.5333,,,,
T2D,ENSG00000100347,SAMM50,SAMM50 sorting and assembly machinery component,0.32750454139095625,genetic_association,False,False,0.035,,,0.537,,,,
T2D,ENSG00000065989,PDE4A,phosphodiesterase 4A,0.327469315841578,clinical;genetic_association,False,False,0.0871,,0.4812,0.2222,,,,
T2D,ENSG00000153233,PTPRR,protein tyrosine phosphatase receptor type R,0.3268824447268743,genetic_association,False,False,0.0348,,,0.536,,,,
T2D,ENSG00000184349,EFNA5,ephrin A5,0.3268548877803208,animal_model;genetic_association;literature,False,False,0.1569,0.2518,,0.5216,,,,
T2D,ENSG00000259330,INAFM2,InaF motif containing 2,0.3267658526644972,genetic_association;literature,False,False,0.1901,,,0.528,,,,
T2D,ENSG00000127334,DYRK2,dual specificity tyrosine phosphorylation regulated kinase 2,0.3267267884612207,genetic_association,False,False,,,,0.5374,,,,
T2D,ENSG00000162367,TAL1,"TAL bHLH transcription factor 1, erythroid differentiation factor",0.32671830599156193,genetic_association,False,False,0.0393,,,0.5355,,,,
T2D,ENSG00000164935,DCSTAMP,dendrocyte expressed seven transmembrane protein,0.3264292306135947,genetic_association,False,False,,,,0.537,,,,
T2D,ENSG00000140961,OSGIN1,oxidative stress induced growth inhibitor 1,0.3262506749337195,genetic_association,False,False,0.0365,,,0.5348,,,,
T2D,ENSG00000176435,CLEC14A,C-type lectin domain containing 14A,0.3261758236696453,genetic_association,False,False,,,,0.5365,,,,
T2D,ENSG00000145012,LPP,LIM domain containing preferred translocation partner in lipoma,0.32614582161972655,genetic_association,False,False,0.0984,,,0.5316,,,,
T2D,ENSG00000205078,SYCE1L,synaptonemal complex central element protein 1 like,0.32610847121599634,genetic_association,False,False,,,,0.5364,,,,
T2D,ENSG00000110975,SYT10,synaptotagmin 10,0.3260264613167101,genetic_association,False,False,0.0304,,,0.5348,,,,
T2D,ENSG00000185053,SGCZ,sarcoglycan zeta,0.32563317118791707,genetic_association,False,False,0.0122,,,0.535,,,,
T2D,ENSG00000168918,INPP5D,inositol polyphosphate-5-phosphatase D,0.32556891571974667,genetic_association,False,False,0.0511,,,0.533,,,,
T2D,ENSG00000132846,ZBED3,zinc finger BED-type containing 3,0.32548623830019835,genetic_association;literature,False,False,0.1877,,,0.526,,,,
T2D,ENSG00000112699,GMDS,"GDP-mannose 4,6-dehydratase",0.32547316098894985,genetic_association,False,False,,,,0.5354,,,,
T2D,ENSG00000197467,COL13A1,collagen type XIII alpha 1 chain,0.32511486502667275,genetic_association,False,False,,,,0.5348,,,,
T2D,ENSG00000164916,FOXK1,forkhead box K1,0.3248661053743952,genetic_association,False,False,0.0334,,,0.5327,,,,
T2D,ENSG00000185345,PRKN,parkin RBR E3 ubiquitin protein ligase,0.3248315815140914,genetic_association;literature,False,False,0.4564,,,0.5115,,,,
T2D,ENSG00000137673,MMP7,matrix metallopeptidase 7,0.32476965707978794,clinical;literature,False,False,0.4433,,0.5121,,,,,
T2D,ENSG00000129083,COPB1,coat protein complex I subunit beta 1,0.32468985685022733,genetic_association,False,False,0.0304,,,0.5326,,,,
T2D,ENSG00000165138,ANKS6,ankyrin repeat and sterile alpha motif domain containing 6,0.324652832677445,genetic_association,False,False,,,,0.534,,,,
T2D,ENSG00000166224,SGPL1,sphingosine-1-phosphate lyase 1,0.32436418624315055,animal_model;genetic_association,False,False,0.0864,0.2531,,0.519,,,,
T2D,ENSG00000122971,ACADS,acyl-CoA dehydrogenase short chain,0.3243155892454942,genetic_association;literature,False,False,0.196,,,0.4203,,,,
T2D,ENSG00000104490,NCALD,neurocalcin delta,0.3242461857620581,genetic_association,False,False,0.0547,,,0.5306,,,,
T2D,ENSG00000180772,AGTR2,angiotensin II receptor type 2,0.323940964994301,animal_model;genetic_association;literature,False,False,0.2296,0.4453,,0.5055,,,,
T2D,ENSG00000141452,RMC1,regulator of MON1-CCZ1,0.32335108884747993,genetic_association,False,False,0.0638,,,0.5287,,,,
T2D,ENSG00000087299,L2HGDH,L-2-hydroxyglutarate dehydrogenase,0.32315023554305133,genetic_association,False,False,0.0304,,,0.53,,,,
T2D,ENSG00000179562,GCC1,GRIP and coiled-coil domain containing 1,0.3230871896527941,genetic_association,False,False,0.0442,,,0.5292,,,,
T2D,ENSG00000048028,USP28,ubiquitin specific peptidase 28,0.32307476580833794,genetic_association,False,False,0.0606,,,0.5284,,,,
T2D,ENSG00000147596,PRDM14,PR/SET domain 14,0.32287183660764857,genetic_association,False,False,0.0502,,,0.5286,,,,
T2D,ENSG00000164124,TMEM144,transmembrane protein 144,0.3227151903404764,genetic_association,False,False,,,,0.5308,,,,
T2D,ENSG00000011028,MRC2,mannose receptor C-type 2,0.3226120768423363,genetic_association,False,False,0.05,,,0.5282,,,,
T2D,ENSG00000131149,GSE1,Gse1 coiled-coil protein,0.3221679943583176,genetic_association,False,False,,,,0.5299,,,,
T2D,ENSG00000167775,CD320,CD320 molecule,0.3221140498023507,genetic_association,False,False,,,,0.5299,,,,
T2D,ENSG00000137764,MAP2K5,mitogen-activated protein kinase kinase 5,0.322062521444863,genetic_association,False,False,0.0839,,,0.5256,,,,
T2D,ENSG00000178694,NSUN3,NOP2/Sun RNA methyltransferase 3,0.3220560007227412,genetic_association,False,False,,,,0.5298,,,,
T2D,ENSG00000151789,ZNF385D,zinc finger protein 385D,0.3216725574834365,genetic_association;literature,False,False,0.1048,,,0.5239,,,,
T2D,ENSG00000169783,LINGO1,leucine rich repeat and Ig domain containing 1,0.32159216135255314,genetic_association,False,False,0.0122,,,0.5284,,,,
T2D,ENSG00000254093,PINX1,PIN2 (TERF1) interacting telomerase inhibitor 1,0.32129797433885865,genetic_association,False,False,0.0942,,,0.5238,,,,
T2D,ENSG00000130584,ZBTB46,zinc finger and BTB domain containing 46,0.32123250109650614,genetic_association,False,False,,,,0.5284,,,,
T2D,ENSG00000188730,VWC2,von Willebrand factor C domain containing 2,0.32117472503096967,genetic_association,False,False,,,,0.5283,,,,
T2D,ENSG00000159210,SNF8,SNF8 subunit of ESCRT-II,0.32096338627462107,genetic_association,False,False,0.0334,,,0.5263,,,,
T2D,ENSG00000144218,AFF3,ALF transcription elongation factor 3,0.3209562645759369,genetic_association,False,False,0.074,,,0.5242,,,,
T2D,ENSG00000133812,SBF2,SET binding factor 2,0.3201711663477274,genetic_association,False,False,,,,0.5267,,,,
T2D,ENSG00000133056,PIK3C2B,phosphatidylinositol-4-phosphate 3-kinase catalytic subunit type 2 beta,0.32006357658714263,genetic_association,False,False,,,,0.5265,,,,
T2D,ENSG00000131781,FMO5,flavin containing dimethylaniline monoxygenase 5,0.32005941950878825,genetic_association;literature,False,False,0.2331,,,0.5148,,,,
T2D,ENSG00000179588,ZFPM1,"zinc finger protein, FOG family member 1",0.31986134945932504,genetic_association,False,False,0.0304,,,0.5246,,,,
T2D,ENSG00000120278,PLEKHG1,pleckstrin homology and RhoGEF domain containing G1,0.3197739444368383,genetic_association,False,False,0.0304,,,0.5245,,,,
T2D,ENSG00000243509,TNFRSF6B,TNF receptor superfamily member 6b,0.3195990352567038,genetic_association,False,False,,,,0.5257,,,,
T2D,ENSG00000143869,GDF7,growth differentiation factor 7,0.3194925760359168,genetic_association,False,False,0.0122,,,0.5249,,,,
T2D,ENSG00000089101,CFAP61,cilia and flagella associated protein 61,0.3194576558263348,genetic_association,False,False,,,,0.5255,,,,
T2D,ENSG00000180828,BHLHE22,basic helix-loop-helix family member e22,0.31925218969991004,genetic_association,False,False,,,,0.5251,,,,
T2D,ENSG00000205356,TECPR1,tectonin beta-propeller repeat containing 1,0.31912336982735034,genetic_association,False,False,,,,0.5249,,,,
T2D,ENSG00000177732,SOX12,SRY-box transcription factor 12,0.3191089418859731,genetic_association,False,False,,,,0.5249,,,,
T2D,ENSG00000122585,NPY,neuropeptide Y,0.31906010689742653,genetic_association;literature,False,False,0.8929,,,0.4802,,,,
T2D,ENSG00000143776,CDC42BPA,CDC42 binding protein kinase alpha,0.31889690142909843,genetic_association,False,False,0.0334,,,0.5229,,,,
T2D,ENSG00000138829,FBN2,fibrillin 2,0.31863091818834144,genetic_association,False,False,0.0393,,,0.5222,,,,
T2D,ENSG00000235106,BRD3OS,BRD3 opposite strand,0.31823637088669576,genetic_association,False,False,,,,0.5235,,,,
T2D,ENSG00000128610,FEZF1,FEZ family zinc finger 1,0.31808453249920843,genetic_association;literature,False,False,0.1155,,,0.5174,,,,
T2D,ENSG00000103479,RBL2,RB transcriptional corepressor like 2,0.31799869130352637,genetic_association,False,False,0.0948,,,0.5183,,,,
T2D,ENSG00000196611,MMP1,matrix metallopeptidase 1,0.31798385009288244,clinical;literature,False,False,0.2201,,0.5121,,,,,
T2D,ENSG00000173064,HECTD4,HECT domain E3 ubiquitin protein ligase 4,0.31768145930269936,genetic_association;literature,False,False,0.2151,,,0.4142,,,,
T2D,ENSG00000115252,PDE1A,phosphodiesterase 1A,0.3172046877767649,genetic_association;literature,False,False,0.2567,,,0.5089,,,,
T2D,ENSG00000138190,EXOC6,exocyst complex component 6,0.317178572694015,genetic_association;literature,False,False,0.4189,,,0.5008,,,,
T2D,ENSG00000136750,GAD2,glutamate decarboxylase 2,0.3169755268825164,genetic_association;literature,False,False,0.4329,,,0.4998,,,,
T2D,ENSG00000068024,HDAC4,histone deacetylase 4,0.3168948391111989,clinical;genetic_association;literature,False,False,0.3124,,0.4256,0.3551,,,,
T2D,ENSG00000170340,B3GNT2,"UDP-GlcNAc:betaGal beta-1,3-N-acetylglucosaminyltransferase 2",0.3167340922869564,genetic_association,False,False,,,,0.521,,,,
T2D,ENSG00000077232,DNAJC10,DnaJ heat shock protein family (Hsp40) member C10,0.3166431620429925,genetic_association,False,False,,,,0.5209,,,,
T2D,ENSG00000105967,TFEC,transcription factor EC,0.3161947683439362,genetic_association,False,False,,,,0.5201,,,,
T2D,ENSG00000134986,NREP,neuronal regeneration related protein,0.315999654853837,genetic_association,False,False,,,,0.5198,,,,
T2D,ENSG00000159387,IRX6,iroquois homeobox 6,0.31596474490961796,genetic_association,False,False,,,,0.5197,,,,
T2D,ENSG00000121653,MAPK8IP1,mitogen-activated protein kinase 8 interacting protein 1,0.3156155055953179,genetic_association;genetic_literature;literature,False,False,0.3175,,,0.3617,,0.304,,
T2D,ENSG00000171873,ADRA1D,adrenoceptor alpha 1D,0.3155693937901534,genetic_association,False,False,,,0.0083,0.517,,,,
T2D,ENSG00000158125,XDH,xanthine dehydrogenase,0.31544114849667915,animal_model;clinical;literature,False,False,0.8391,0.3078,0.4701,,,,,
T2D,ENSG00000137745,MMP13,matrix metallopeptidase 13,0.3153378154748974,clinical;literature,False,False,0.133,,0.5121,,,,,
T2D,ENSG00000121542,SEC22A,"SEC22 homolog A, vesicle trafficking protein",0.3152705912791589,genetic_association,False,False,,,,0.5186,,,,
T2D,ENSG00000221914,PPP2R2A,protein phosphatase 2 regulatory subunit Balpha,0.3151815706247319,animal_model;genetic_association;literature,False,False,0.1033,0.2893,,0.5017,,,,
T2D,ENSG00000289051,MLDHR,mitochondrial lactate dehydrogenase regulator,0.31485579526227414,genetic_association,False,False,,,,0.5179,,,,
T2D,ENSG00000145194,ECE2,endothelin converting enzyme 2,0.3145886972317013,genetic_association,False,False,0.038,,,0.5156,,,,
T2D,ENSG00000170385,SLC30A1,solute carrier family 30 member 1,0.31425889409703334,genetic_association,False,False,0.0226,,,0.5158,,,,
T2D,ENSG00000146122,DAAM2,dishevelled associated activator of morphogenesis 2,0.3138941870491082,genetic_association,False,False,,,,0.5163,,,,
T2D,ENSG00000166033,HTRA1,HtrA serine peptidase 1,0.3138617191024065,genetic_association;literature,False,False,0.1021,,,0.5112,,,,
T2D,ENSG00000130720,FIBCD1,fibrinogen C domain containing 1,0.3133608507755708,genetic_association,False,False,,,,0.5155,,,,
T2D,ENSG00000110244,APOA4,apolipoprotein A4,0.31328468693171146,genetic_association;literature,False,False,0.5887,,,0.4859,,,,
T2D,ENSG00000164040,PGRMC2,progesterone receptor membrane component 2,0.3132413405824951,genetic_association,False,False,0.0304,,,0.5137,,,,
T2D,ENSG00000101463,SYNDIG1,synapse differentiation inducing 1,0.3132280793195704,genetic_association,False,False,0.0304,,,0.5137,,,,
T2D,ENSG00000136280,CCM2,CCM2 scaffold protein,0.31302762337914225,genetic_association,False,False,,,,0.5149,,,,
T2D,ENSG00000182732,RGS6,regulator of G protein signaling 6,0.3129606903164098,genetic_association,False,False,0.0881,,,0.5104,,,,
T2D,ENSG00000156639,ZFAND3,zinc finger AN1-type containing 3,0.3124164703406498,genetic_association;literature,False,False,0.2716,,,0.5003,,,,
T2D,ENSG00000041515,MYO16,myosin XVI,0.3123456660772127,genetic_association,False,False,0.0152,,,0.513,,,,
T2D,ENSG00000082175,PGR,progesterone receptor,0.3123229267077201,animal_model;clinical;genetic_association;literature,False,False,0.1558,0.3265,0.4667,0.1512,,,,
T2D,ENSG00000182752,PAPPA,pappalysin 1,0.31208131539326245,genetic_association;literature,False,False,0.6945,,,0.4786,,,,
T2D,ENSG00000117154,IGSF21,immunoglobin superfamily member 21,0.3117145779905791,genetic_association,False,False,0.0608,,,0.5097,,,,
T2D,ENSG00000108255,CRYBA1,crystallin beta A1,0.3117070583307079,genetic_association,False,False,,,,0.5127,,,,
T2D,ENSG00000169340,PDILT,"protein disulfide isomerase like, testis expressed",0.3108729382225419,genetic_association;literature,False,False,0.1094,,,0.5059,,,,
T2D,ENSG00000186073,CDIN1,CDAN1 interacting nuclease 1,0.31060591702484086,genetic_association,False,False,,,,0.5109,,,,
T2D,ENSG00000165521,EML5,EMAP like 5,0.31045405989951697,genetic_association,False,False,,,,0.5107,,,,
T2D,ENSG00000166272,WBP1L,WW domain binding protein 1 like,0.3102205308461838,genetic_association,False,False,,,,0.5103,,,,
T2D,ENSG00000158497,HMHB1,histocompatibility minor HB-1,0.3097830578632319,genetic_association,False,False,,,,0.5096,,,,
T2D,ENSG00000095015,MAP3K1,mitogen-activated protein kinase kinase kinase 1,0.3095861326513862,genetic_association;literature,False,False,0.2843,,,0.495,,,,
T2D,ENSG00000138653,NDST4,N-deacetylase and N-sulfotransferase 4,0.30953704636836465,genetic_association,False,False,0.0122,,,0.5086,,,,
T2D,ENSG00000171703,TCEA2,transcription elongation factor A2,0.309286126923045,genetic_association,False,False,0.0304,,,0.5072,,,,
T2D,ENSG00000136014,USP44,ubiquitin specific peptidase 44,0.30926602365188594,genetic_association,False,False,0.0881,,,0.5043,,,,
T2D,ENSG00000151090,THRB,thyroid hormone receptor beta,0.3092060625788412,clinical;genetic_association,False,False,0.0869,,0.1216,0.4763,,,,
T2D,ENSG00000136235,GPNMB,glycoprotein nmb,0.309102357202539,genetic_association;literature,False,False,0.3519,,,0.4909,,,,
T2D,ENSG00000133466,C1QTNF6,C1q and TNF related 6,0.3090174278558239,genetic_association;literature,False,False,0.4563,,,0.4855,,,,
T2D,ENSG00000088808,PPP1R13B,protein phosphatase 1 regulatory subunit 13B,0.3089375972800935,genetic_association,False,False,,,,0.5082,,,,
T2D,ENSG00000164512,ANKRD55,ankyrin repeat domain 55,0.3087581841376006,genetic_association;literature,False,False,0.1413,,,0.5008,,,,
T2D,ENSG00000102924,CBLN1,cerebellin 1 precursor,0.30851366071072867,genetic_association;literature,False,False,0.7024,,,0.4724,,,,
T2D,ENSG00000076984,MAP2K7,mitogen-activated protein kinase kinase 7,0.3084765805663674,genetic_association;literature,False,False,0.3177,,,0.4915,,,,
T2D,ENSG00000126218,F10,coagulation factor X,0.3083915887696737,clinical;literature,False,False,0.1012,,0.5022,,,,,
T2D,ENSG00000198162,MAN1A2,mannosidase alpha class 1A member 2,0.30824202983119786,genetic_association,False,False,0.0608,,,0.504,,,,
T2D,ENSG00000139915,MDGA2,MAM domain containing glycosylphosphatidylinositol anchor 2,0.3081597955967585,genetic_association,False,False,0.0304,,,0.5054,,,,
T2D,ENSG00000184371,CSF1,colony stimulating factor 1,0.3077172817685956,genetic_association;literature,False,False,0.275,,,0.4924,,,,
T2D,ENSG00000158786,PLA2G2F,phospholipase A2 group IIF,0.30723947344169716,genetic_association;literature,False,False,0.1003,,,0.5004,,,,
T2D,ENSG00000171094,ALK,ALK receptor tyrosine kinase,0.30707481295196815,genetic_association;literature,False,False,0.2175,,,0.4942,,,,
T2D,ENSG00000196549,MME,membrane metalloendopeptidase,0.3069715895368208,clinical;literature,False,False,0.7097,,0.4695,,,,,
T2D,ENSG00000125520,SLC2A4RG,SLC2A4 regulator,0.30679915315936823,genetic_association,False,False,,,,0.5047,,,,
T2D,ENSG00000138769,CDKL2,cyclin dependent kinase like 2,0.3067987854028613,genetic_association,False,False,,,,0.5047,,,,
T2D,ENSG00000165323,FAT3,FAT atypical cadherin 3,0.30678547824686175,genetic_association,False,False,,,,0.5046,,,,
T2D,ENSG00000212993,POU5F1B,POU class 5 homeobox 1B,0.3067087881045313,genetic_association,False,False,0.0122,,,0.5039,,,,
T2D,ENSG00000115596,WNT6,Wnt family member 6,0.30648731129288365,genetic_association,False,False,0.0441,,,0.5019,,,,
T2D,ENSG00000164307,ERAP1,endoplasmic reticulum aminopeptidase 1,0.30612558655931427,genetic_association;literature,False,False,0.2344,,,0.4918,,,,
T2D,ENSG00000160293,VAV2,vav guanine nucleotide exchange factor 2,0.3057207325841753,genetic_association,False,False,0.0697,,,0.4994,,,,
T2D,ENSG00000172292,CERS6,ceramide synthase 6,0.30559023667455304,genetic_association;literature,False,False,0.1237,,,0.4965,,,,
T2D,ENSG00000170579,DLGAP1,DLG associated protein 1,0.3054073037002817,genetic_association,False,False,0.095,,,0.4976,,,,
T2D,ENSG00000125999,BPIFB1,BPI fold containing family B member 1,0.30533013759261074,genetic_association,False,False,,,,0.5022,,,,
T2D,ENSG00000152254,G6PC2,glucose-6-phosphatase catalytic subunit 2,0.30502777789192,genetic_association;literature,False,False,0.2195,,,0.4908,,,,
T2D,ENSG00000089250,NOS1,nitric oxide synthase 1,0.30487104618408006,genetic_association;literature,False,False,0.7067,,,0.4662,,,,
T2D,ENSG00000138696,BMPR1B,bone morphogenetic protein receptor type 1B,0.30468135941409946,genetic_association,False,False,,,,0.5012,,,,
T2D,ENSG00000197757,HOXC6,homeobox C6,0.3038409305775758,genetic_association,False,False,0.0165,,,0.499,,,,
T2D,ENSG00000120833,SOCS2,suppressor of cytokine signaling 2,0.30379196190259694,animal_model;genetic_association;literature,False,False,0.6584,0.3535,,0.4589,,,,
T2D,ENSG00000112137,PHACTR1,phosphatase and actin regulator 1,0.30362167148324826,genetic_association,False,False,0.074,,,0.4957,,,,
T2D,ENSG00000169519,METTL15,"methyltransferase 15, mitochondrial 12S rRNA N4-cytidine",0.30358038850299907,genetic_association,False,False,,,,0.4994,,,,
T2D,ENSG00000092621,PHGDH,phosphoglycerate dehydrogenase,0.30357778280609016,genetic_association;literature,False,False,0.1137,,,0.4937,,,,
T2D,ENSG00000152932,RAB3C,"RAB3C, member RAS oncogene family",0.30314326335284053,genetic_association,False,False,0.0304,,,0.4971,,,,
T2D,ENSG00000148219,ASTN2,astrotactin 2,0.3030710281963134,genetic_association,False,False,0.0365,,,0.4967,,,,
T2D,ENSG00000158955,WNT9B,Wnt family member 9B,0.30297803239747045,genetic_association,False,False,0.0678,,,0.495,,,,
T2D,ENSG00000151474,FRMD4A,FERM domain containing 4A,0.3027572548640877,genetic_association,False,False,0.0304,,,0.4965,,,,
T2D,ENSG00000167037,SGSM1,small G protein signaling modulator 1,0.30241309997850163,genetic_association,False,False,,,,0.4974,,,,
T2D,ENSG00000102081,FMR1,fragile X messenger ribonucleoprotein 1,0.302387675363722,genetic_association,False,False,0.0617,,,0.4943,,,,
T2D,ENSG00000183682,BMP8A,bone morphogenetic protein 8a,0.3021809210556494,genetic_association,False,False,0.035,,,0.4953,,,,
T2D,ENSG00000171044,XKR6,XK related 6,0.3020756621979453,genetic_association,False,False,0.0808,,,0.4929,,,,
T2D,ENSG00000113448,PDE4D,phosphodiesterase 4D,0.30180873247422374,clinical;literature,False,False,0.1677,,0.4812,0.0462,,,,
T2D,ENSG00000162433,AK4,adenylate kinase 4,0.30172313806351675,genetic_association,False,False,,,,0.4963,,,,
T2D,ENSG00000163584,RPL22L1,ribosomal protein L22 like 1,0.30171684028458323,genetic_association,False,False,,,,0.4963,,,,
T2D,ENSG00000138760,SCARB2,scavenger receptor class B member 2,0.30147483008032555,animal_model;genetic_association,False,False,0.0122,0.2522,,0.483,,,,
T2D,ENSG00000164045,CDC25A,cell division cycle 25A,0.30127375360563724,genetic_association,False,False,,,,0.4956,,,,
T2D,ENSG00000016082,ISL1,ISL LIM homeobox 1,0.301247348561118,genetic_association;literature,False,False,0.2395,,,0.4836,,,,
T2D,ENSG00000187122,SLIT1,slit guidance ligand 1,0.3010519063441083,genetic_association,False,False,0.0304,,,0.4937,,,,
T2D,ENSG00000165671,NSD1,nuclear receptor binding SET domain protein 1,0.3009437062693284,genetic_association,False,False,0.0547,,,0.4923,,,,
T2D,ENSG00000124493,GRM4,glutamate metabotropic receptor 4,0.30079710132866466,genetic_association,False,False,0.0304,,,0.4933,,,,
T2D,ENSG00000174547,MRPL11,mitochondrial ribosomal protein L11,0.3002861532234266,genetic_association,False,False,0.0608,,,0.4909,,,,
T2D,ENSG00000141655,TNFRSF11A,TNF receptor superfamily member 11a,0.30023570128523347,genetic_association;literature,False,False,0.2369,,,0.482,,,,
T2D,ENSG00000106392,C1GALT1,"core 1 synthase, glycoprotein-N-acetylgalactosamine 3-beta-galactosyltransferase 1",0.30014440382634006,genetic_association,False,False,0.0669,,,0.4904,,,,
T2D,ENSG00000181192,DHTKD1,dehydrogenase E1 and transketolase domain containing 1,0.30006536721254995,animal_model;genetic_association,False,False,0.0806,0.2762,,0.478,,,,
T2D,ENSG00000172399,MYOZ2,myozenin 2,0.3000333200864478,genetic_association,False,False,,,,0.4935,,,,
T2D,ENSG00000184937,WT1,WT1 transcription factor,0.3000110975045646,genetic_association,False,False,0.0639,,,0.4903,,,,
T2D,ENSG00000177508,IRX3,iroquois homeobox 3,0.299774605311686,genetic_association;literature,False,False,0.1934,,,0.4834,,,,
T2D,ENSG00000099282,TSPAN15,tetraspanin 15,0.2995258017003982,genetic_association,False,False,0.0304,,,0.4912,,,,
T2D,ENSG00000165935,SMCO2,single-pass membrane protein with coiled-coil domains 2,0.2989782125942493,genetic_association,False,False,,,,0.4918,,,,
T2D,ENSG00000123610,TNFAIP6,TNF alpha induced protein 6,0.2989713973479986,genetic_association;literature,False,False,0.4793,,,0.4678,,,,
T2D,ENSG00000144357,UBR3,ubiquitin protein ligase E3 component n-recognin 3,0.2989541403848676,genetic_association,False,False,,,,0.4918,,,,
T2D,ENSG00000067842,ATP2B3,ATPase plasma membrane Ca2+ transporting 3,0.29879511200200853,genetic_association,False,False,0.0608,,,0.4885,,,,
T2D,ENSG00000162670,BRINP3,BMP/retinoic acid inducible neural specific 3,0.29878656311344404,genetic_association,False,False,,,,0.4915,,,,
T2D,ENSG00000170961,HAS2,hyaluronan synthase 2,0.298609422775999,genetic_association,False,False,0.0365,,,0.4894,,,,
T2D,ENSG00000103257,SLC7A5,solute carrier family 7 member 5,0.29849778424177764,genetic_association;literature,False,False,0.158,,,0.4831,,,,
T2D,ENSG00000180053,NKX2-6,NK2 homeobox 6,0.2979634175790477,genetic_association,False,False,,,,0.4901,,,,
T2D,ENSG00000124006,OBSL1,obscurin like cytoskeletal adaptor 1,0.29794365785671645,genetic_association,False,False,,,,0.4901,,,,
T2D,ENSG00000112530,PACRG,parkin coregulated,0.29779552815964855,genetic_association,False,False,0.0578,,,0.487,,,,
T2D,ENSG00000277443,MARCKS,myristoylated alanine rich protein kinase C substrate,0.2972937127870133,genetic_association,False,False,,,,0.489,,,,
T2D,ENSG00000132205,EMILIN2,elastin microfibril interfacer 2,0.2971135953180703,genetic_association,False,False,,,,0.4887,,,,
T2D,ENSG00000175866,BAIAP2,BAR/IMD domain containing adaptor protein 2,0.2969721435173816,genetic_association;literature,False,False,0.1368,,,0.4817,,,,
T2D,ENSG00000066735,KIF26A,kinesin family member 26A,0.2963645637659733,genetic_association,False,False,0.0243,,,0.4863,,,,
T2D,ENSG00000132823,OSER1,oxidative stress responsive serine rich 1,0.29610514822225575,genetic_association,False,False,0.0608,,,0.484,,,,
T2D,ENSG00000134769,DTNA,dystrobrevin alpha,0.29602873184285106,genetic_association,False,False,0.0122,,,0.4863,,,,
T2D,ENSG00000185022,MAFF,MAF bZIP transcription factor F,0.29586628735158543,genetic_association,False,False,0.0728,,,0.483,,,,
T2D,ENSG00000064201,TSPAN32,tetraspanin 32,0.2958215321102641,genetic_association,False,False,0.0304,,,0.4851,,,,
T2D,ENSG00000168016,TRANK1,tetratricopeptide repeat and ankyrin repeat containing 1,0.2957766642243904,genetic_association,False,False,0.0851,,,0.4823,,,,
T2D,ENSG00000145888,GLRA1,glycine receptor alpha 1,0.29561379995523723,genetic_association,False,False,0.0932,,,0.4816,,,,
T2D,ENSG00000157764,BRAF,"B-Raf proto-oncogene, serine/threonine kinase",0.2956040278857479,genetic_association,False,False,0.0737,,,0.4826,,,,
T2D,ENSG00000167930,FAM234A,family with sequence similarity 234 member A,0.2953581743563971,genetic_association,False,False,0.0462,,,0.4835,,,,
T2D,ENSG00000033800,PIAS1,protein inhibitor of activated STAT 1,0.295248652031867,genetic_association,False,False,0.0915,,,0.4811,,,,
T2D,ENSG00000162413,KLHL21,kelch like family member 21,0.29496193579231056,genetic_association,False,False,,,,0.4852,,,,
T2D,ENSG00000187676,B3GLCT,beta 3-glucosyltransferase,0.2949411052667495,genetic_association,False,False,,,,0.4852,,,,
T2D,ENSG00000002746,HECW1,"HECT, C2 and WW domain containing E3 ubiquitin protein ligase 1",0.2949382683257454,genetic_association,False,False,0.0122,,,0.4845,,,,
T2D,ENSG00000044524,EPHA3,EPH receptor A3,0.29490077128976483,genetic_association;literature,False,False,0.1702,,,0.4766,,,,
T2D,ENSG00000162341,TPCN2,two pore segment channel 2,0.2947395667929853,genetic_association;literature,False,False,0.2908,,,0.4703,,,,
T2D,ENSG00000162949,CAPN13,calpain 13,0.29400145482342316,genetic_association,False,False,0.0122,,,0.483,,,,
T2D,ENSG00000139174,PRICKLE1,prickle planar cell polarity protein 1,0.29398866364265286,genetic_association,False,False,,,,0.4836,,,,
T2D,ENSG00000151067,CACNA1C,calcium voltage-gated channel subunit alpha1 C,0.2938842470978996,animal_model;clinical;literature,False,False,0.3821,0.3461,0.4566,,,,,
T2D,ENSG00000168288,MMADHC,metabolism of cobalamin associated D,0.2932567486459072,genetic_association,False,False,,,,0.4824,,,,
T2D,ENSG00000168412,MTNR1A,melatonin receptor 1A,0.2930477576708486,clinical;literature,False,False,0.5008,,0.457,,,,,
T2D,ENSG00000105650,PDE4C,phosphodiesterase 4C,0.29252245498294144,clinical,True,False,,,0.4812,,,,,
T2D,ENSG00000156219,ART3,ADP-ribosyltransferase 3 (inactive),0.29242412866609746,genetic_association,False,False,0.079,,,0.4771,,,,
T2D,ENSG00000123609,NMI,N-myc and STAT interactor,0.2922855561439983,genetic_association,False,False,,,,0.4808,,,,
T2D,ENSG00000258817,OR4C13,olfactory receptor family 4 subfamily C member 13,0.2920544678499314,genetic_association,False,False,,,,0.4804,,,,
T2D,ENSG00000197943,PLCG2,phospholipase C gamma 2,0.29175370375175075,genetic_association,False,False,0.0421,,,0.4778,,,,
T2D,ENSG00000132437,DDC,dopa decarboxylase,0.2910429293565149,genetic_association,False,False,,,,0.4787,,,,
T2D,ENSG00000128849,CGNL1,cingulin like 1,0.2908528329754139,genetic_association,False,False,,,,0.4784,,,,
T2D,ENSG00000105792,CFAP69,cilia and flagella associated protein 69,0.2907973798215993,genetic_association,False,False,,,,0.4783,,,,
T2D,ENSG00000138735,PDE5A,phosphodiesterase 5A,0.29072033284090065,clinical;literature,False,False,0.2342,,0.4665,,,,,
T2D,ENSG00000182141,ZNF708,zinc finger protein 708,0.28990279041024697,genetic_association,False,False,,,,0.4769,,,,
T2D,ENSG00000127663,KDM4B,lysine demethylase 4B,0.28955362835135323,genetic_association,False,False,0.0395,,,0.4743,,,,
T2D,ENSG00000182175,RGMA,repulsive guidance molecule BMP co-receptor a,0.2895204331683694,genetic_association,False,False,0.0304,,,0.4747,,,,
T2D,ENSG00000222014,RAB6C,"RAB6C, member RAS oncogene family",0.2891495460715198,genetic_association,False,False,,,,0.4756,,,,
T2D,ENSG00000157766,ACAN,aggrecan,0.2890651189038303,genetic_association,False,False,0.0386,,,0.4736,,,,
T2D,ENSG00000175600,SUGCT,succinyl-CoA:glutarate-CoA transferase,0.2885764777973528,animal_model;genetic_association,False,False,,0.2696,,0.4612,,,,
T2D,ENSG00000182218,HHIPL1,HHIP like 1,0.288309152964998,genetic_association,False,False,0.0304,,,0.4727,,,,
T2D,ENSG00000106631,MYL7,myosin light chain 7,0.28829320721492024,genetic_association,False,False,0.0608,,,0.4712,,,,
T2D,ENSG00000148660,CAMK2G,calcium/calmodulin dependent protein kinase II gamma,0.28827814343410435,genetic_association;literature,False,False,0.411,,,0.4536,,,,
T2D,ENSG00000175787,ZNF169,zinc finger protein 169,0.28802944028663535,genetic_association,False,False,,,,0.4738,,,,
T2D,ENSG00000108576,SLC6A4,solute carrier family 6 member 4,0.2878320826431223,clinical;literature,False,False,0.1441,,0.4566,0.0545,,,,
T2D,ENSG00000145901,TNIP1,TNFAIP3 interacting protein 1,0.28752495145139406,genetic_association;literature,False,False,0.2638,,,0.4598,,,,
T2D,ENSG00000085185,BCORL1,BCL6 corepressor like 1,0.2874088180689096,genetic_association,False,False,,,,0.4728,,,,
T2D,ENSG00000179399,GPC5,glypican 5,0.28730675330438904,genetic_association;literature,False,False,0.1307,,,0.4661,,,,
T2D,ENSG00000008710,PKD1,"polycystin 1, transient receptor potential channel interacting",0.28721531888720075,animal_model;genetic_association,False,False,0.0696,0.4127,,0.4503,,,,
T2D,ENSG00000165496,RPL10L,ribosomal protein L10 like,0.28717674229628165,genetic_association,False,False,,,,0.4724,,,,
T2D,ENSG00000173482,PTPRM,protein tyrosine phosphatase receptor type M,0.2868520938867788,genetic_association,False,False,0.0334,,,0.4702,,,,
T2D,ENSG00000141639,MAPK4,mitogen-activated protein kinase 4,0.2868385577540374,genetic_association,False,False,0.0903,,,0.4673,,,,
T2D,ENSG00000119912,IDE,insulin degrading enzyme,0.28668770541669275,animal_model;genetic_association;literature,False,False,0.4742,0.2695,,0.4419,,,,
T2D,ENSG00000006704,GTF2IRD1,GTF2I repeat domain containing 1,0.2865220030841229,animal_model;genetic_association,False,False,,0.2686,,0.4579,,,,
T2D,ENSG00000137809,ITGA11,integrin subunit alpha 11,0.28626685326971607,genetic_association,False,False,0.0608,,,0.4678,,,,
T2D,ENSG00000111816,FRK,fyn related Src family tyrosine kinase,0.28606070991142313,genetic_association,False,False,,,,0.4705,,,,
T2D,ENSG00000084774,CAD,"carbamoyl-phosphate synthetase 2, aspartate transcarbamylase, and dihydroorotase",0.2857847145955154,genetic_association,False,False,0.1,,,0.4651,,,,
T2D,ENSG00000064932,SBNO2,strawberry notch homolog 2,0.28576514838563155,genetic_association,False,False,0.0687,,,0.4666,,,,
T2D,ENSG00000164749,HNF4G,hepatocyte nuclear factor 4 gamma,0.28547270705114014,genetic_association;literature,False,False,0.1589,,,0.4616,,,,
T2D,ENSG00000137767,SQOR,sulfide quinone oxidoreductase,0.2854474996634838,genetic_association,False,False,0.0122,,,0.4689,,,,
T2D,ENSG00000175426,PCSK1,proprotein convertase subtilisin/kexin type 1,0.2853279367351365,animal_model;genetic_association;literature,False,False,0.3283,0.4318,,0.4405,,,,
T2D,ENSG00000087237,CETP,cholesteryl ester transfer protein,0.28526924236381024,clinical;literature,False,False,0.8739,,0.4256,,,,,
T2D,ENSG00000179104,TMTC2,transmembrane O-mannosyltransferase targeting cadherins 2,0.28516955910077035,genetic_association,False,False,,,,0.4691,,,,
T2D,ENSG00000047932,GOPC,golgi associated PDZ and coiled-coil motif containing,0.2849944617605586,genetic_association,False,False,,,,0.4688,,,,
T2D,ENSG00000101639,CEP192,centrosomal protein 192,0.28480511668577707,genetic_association,False,False,,,,0.4685,,,,
T2D,ENSG00000020633,RUNX3,RUNX family transcription factor 3,0.2845820697771911,genetic_association,False,False,0.0395,,,0.4661,,,,
T2D,ENSG00000198060,MARCHF5,membrane associated ring-CH-type finger 5,0.284512407710362,genetic_association;literature,False,False,0.1591,,,0.46,,,,
T2D,ENSG00000124749,COL21A1,collagen type XXI alpha 1 chain,0.2841729157145554,genetic_association,False,False,,,,0.4674,,,,
T2D,ENSG00000205189,ZBTB10,zinc finger and BTB domain containing 10,0.28413725128818484,genetic_association,False,False,,,,0.4674,,,,
T2D,ENSG00000101417,PXMP4,peroxisomal membrane protein 4,0.28413381957292994,genetic_association,False,False,0.0122,,,0.4668,,,,
T2D,ENSG00000111249,CUX2,cut like homeobox 2,0.2840657498774821,genetic_association,False,False,,,,0.4673,,,,
T2D,ENSG00000198670,LPA,lipoprotein(a),0.28384548807825016,genetic_association;literature,False,False,0.8656,,,0.4236,,,,
T2D,ENSG00000184719,RNLS,"renalase, FAD dependent amine oxidase",0.28370676991224725,genetic_association;literature,False,False,0.2851,,,0.4524,,,,
T2D,ENSG00000217236,SP9,Sp9 transcription factor,0.28349208093399486,genetic_association,False,False,,,,0.4663,,,,
T2D,ENSG00000154822,PLCL2,phospholipase C like 2,0.28332692644319407,genetic_association,False,False,,,,0.4661,,,,
T2D,ENSG00000150867,PIP4K2A,phosphatidylinositol-5-phosphate 4-kinase type 2 alpha,0.2832314712950214,genetic_association;literature,False,False,0.1478,,,0.4585,,,,
T2D,ENSG00000147246,HTR2C,5-hydroxytryptamine receptor 2C,0.28320373395387094,animal_model;clinical;literature,False,False,0.2742,0.3801,0.4407,,,,,
T2D,ENSG00000167895,TMC8,transmembrane channel like 8,0.28308163502168643,genetic_association,False,False,0.079,,,0.4617,,,,
T2D,ENSG00000171720,HDAC3,histone deacetylase 3,0.2824373802050104,clinical;literature,False,False,0.7807,,0.4256,,,,,
T2D,ENSG00000189079,ARID2,AT-rich interaction domain 2,0.28226125009742675,genetic_association,False,False,0.0717,,,0.4607,,,,
T2D,ENSG00000054219,LY75,lymphocyte antigen 75,0.28199030396300356,genetic_association,False,False,0.0426,,,0.4617,,,,
T2D,ENSG00000196860,TOMM20L,translocase of outer mitochondrial membrane 20 like,0.2819657338430639,genetic_association,False,False,,,,0.4638,,,,
T2D,ENSG00000163600,ICOS,inducible T cell costimulator,0.28182583499628727,genetic_association;literature,False,False,0.3823,,,0.4445,,,,
T2D,ENSG00000139083,ETV6,ETS variant transcription factor 6,0.28181239152872706,genetic_association,False,False,0.0912,,,0.459,,,,
T2D,ENSG00000100883,SRP54,signal recognition particle 54,0.2816878647575143,genetic_association,False,False,,,,0.4634,,,,
T2D,ENSG00000182704,TSKU,"tsukushi, small leucine rich proteoglycan",0.2816363086671995,genetic_association;literature,False,False,0.2271,,,0.4519,,,,
T2D,ENSG00000167363,FN3K,fructosamine 3 kinase,0.28157437959213116,genetic_association,False,False,0.0863,,,0.4589,,,,
T2D,ENSG00000072310,SREBF1,sterol regulatory element binding transcription factor 1,0.28059414504532926,genetic_association;literature,False,False,0.5524,,,0.4334,0.0237,,,
T2D,ENSG00000148584,A1CF,APOBEC1 complementation factor,0.28035841289619,genetic_association;literature,False,False,0.2521,,,0.4486,,,,
T2D,ENSG00000099250,NRP1,neuropilin 1,0.2800178570233852,genetic_association;literature,False,False,0.5232,,,0.4344,,,,
T2D,ENSG00000130675,MNX1,motor neuron and pancreas homeobox 1,0.2800121362419094,genetic_association,False,False,0.0625,,,0.4575,,,,
T2D,ENSG00000196466,ZNF799,zinc finger protein 799,0.27990041190167086,genetic_association,False,False,,,,0.4604,,,,
T2D,ENSG00000142319,SLC6A3,solute carrier family 6 member 3,0.2798699054769997,clinical,True,False,0.0748,,0.4566,,,,,
T2D,ENSG00000112964,GHR,growth hormone receptor,0.2797013983323794,animal_model;clinical;literature,False,False,0.3537,0.4896,0.4277,,,,,
T2D,ENSG00000143126,CELSR2,cadherin EGF LAG seven-pass G-type receptor 2,0.2795513374781916,genetic_association,False,False,0.052,,,0.4572,,,,
T2D,ENSG00000167553,TUBA1C,tubulin alpha 1c,0.2785656824150567,clinical,True,False,0.0243,,0.457,,,,,
T2D,ENSG00000102001,CACNA1F,calcium voltage-gated channel subunit alpha1 F,0.27851948493322104,clinical,True,False,0.0304,,0.4566,,,,,
T2D,ENSG00000144857,BOC,"BOC cell adhesion associated, oncogene regulated",0.27841796817876224,genetic_association,False,False,,,,0.458,,,,
T2D,ENSG00000101162,TUBB1,tubulin beta 1 class VI,0.2783808924877143,clinical,True,False,0.0182,,0.457,,,,,
T2D,ENSG00000101391,CDK5RAP1,CDK5RAP1 mitochondrial tRNA methylthiotransferase,0.2782644157950706,genetic_association,False,False,0.0243,,,0.4565,,,,
T2D,ENSG00000196230,TUBB,tubulin beta class I,0.27819610256037197,clinical,True,False,0.0122,,0.457,,,,,
T2D,ENSG00000123416,TUBA1B,tubulin alpha 1b,0.27819610256037197,clinical,True,False,0.0122,,0.457,,,,,
T2D,ENSG00000116273,PHF13,PHD finger protein 13,0.2781077081988408,genetic_association,False,False,,,,0.4575,,,,
T2D,ENSG00000145723,GIN1,gypsy retrotransposon integrase 1,0.2780577781821886,genetic_association,False,False,0.0833,,,0.4532,,,,
T2D,ENSG00000148834,GSTO1,glutathione S-transferase omega 1,0.2778702960556821,genetic_association;literature,False,False,0.1166,,,0.4512,,,,
T2D,ENSG00000164742,ADCY1,adenylate cyclase 1,0.27786450152461917,genetic_association;literature,False,False,0.1291,,,0.4506,,,,
T2D,ENSG00000176014,TUBB6,tubulin beta 6 class V,0.27782652270568725,clinical,True,False,,,0.457,,,,,
T2D,ENSG00000152086,TUBA3E,tubulin alpha 3e,0.27782652270568725,clinical,True,False,,,0.457,,,,,
T2D,ENSG00000104833,TUBB4A,tubulin beta 4A class IVa,0.27782652270568725,clinical,True,False,,,0.457,,,,,
T2D,ENSG00000198033,TUBA3C,tubulin alpha 3c,0.27782652270568725,clinical,True,False,,,0.457,,,,,
T2D,ENSG00000261456,TUBB8,tubulin beta 8 class VIII,0.27782652270568725,clinical,True,False,,,0.457,,,,,
T2D,ENSG00000258947,TUBB3,tubulin beta 3 class III,0.27782652270568725,clinical,True,False,,,0.457,,,,,
T2D,ENSG00000127824,TUBA4A,tubulin alpha 4a,0.27782652270568725,clinical,True,False,,,0.457,,,,,
T2D,ENSG00000167552,TUBA1A,tubulin alpha 1a,0.27782652270568725,clinical,True,False,,,0.457,,,,,
T2D,ENSG00000137285,TUBB2B,tubulin beta 2B class IIb,0.27782652270568725,clinical,True,False,,,0.457,,,,,
T2D,ENSG00000188229,TUBB4B,tubulin beta 4B class IVb,0.27782652270568725,clinical,True,False,,,0.457,,,,,
T2D,ENSG00000137267,TUBB2A,tubulin beta 2A class IIa,0.27782652270568725,clinical,True,False,,,0.457,,,,,
T2D,ENSG00000081248,CACNA1S,calcium voltage-gated channel subunit alpha1 S,0.2775955352965093,clinical,True,False,,,0.4566,,,,,
T2D,ENSG00000162600,OMA1,OMA1 zinc metallopeptidase,0.2775469852452876,animal_model;genetic_association,False,False,0.0334,0.2759,,0.442,,,,
T2D,ENSG00000083123,BCKDHB,branched chain keto acid dehydrogenase E1 subunit beta,0.27751452757224204,genetic_association,False,False,0.0697,,,0.453,,,,
T2D,ENSG00000165325,DEUP1,deuterosome assembly protein 1,0.2774371431441768,genetic_association,False,False,0.0608,,,0.4533,,,,
T2D,ENSG00000001626,CFTR,CF transmembrane conductance regulator,0.27743151649291486,genetic_association;literature,False,False,0.3084,,,0.4409,,,,
T2D,ENSG00000062524,LTK,leukocyte receptor tyrosine kinase,0.27718422069468496,genetic_association;literature,False,False,0.1064,,,0.4506,,,,
T2D,ENSG00000198947,DMD,dystrophin,0.2771545792326741,genetic_association;literature,False,False,0.1144,,,0.45,0.0091,,,
T2D,ENSG00000168071,CCDC88B,coiled-coil and HOOK domain protein 88B,0.27713003961039934,genetic_association,False,False,,,,0.4559,,,,
T2D,ENSG00000075539,FRYL,FRY like transcription coactivator,0.2770656323391732,animal_model;genetic_association,False,False,0.0182,0.2607,,0.4423,,,,
T2D,ENSG00000166073,GPR176,G protein-coupled receptor 176,0.27706537621049115,genetic_association,False,False,,,,0.4558,,,,
T2D,ENSG00000138821,SLC39A8,solute carrier family 39 member 8,0.27702962206205645,animal_model;genetic_association,False,False,0.0792,0.3715,,0.4354,,,,
T2D,ENSG00000122966,CIT,citron rho-interacting serine/threonine kinase,0.27680315785020276,genetic_association,False,False,0.0608,,,0.4523,,,,
T2D,ENSG00000129993,CBFA2T3,CBFA2/RUNX1 partner transcriptional co-repressor 3,0.2765626690325121,genetic_association,False,False,,,,0.4549,,,,
T2D,ENSG00000133131,MORC4,MORC family CW-type zinc finger 4,0.2759105568918119,genetic_association,False,False,,,,0.4539,,,,
T2D,ENSG00000184384,MAML2,mastermind like transcriptional coactivator 2,0.27584504931494996,genetic_association,False,False,0.0638,,,0.4506,,,,
T2D,ENSG00000123095,BHLHE41,basic helix-loop-helix family member e41,0.27556993631610577,genetic_association,False,False,0.0717,,,0.4497,,,,
T2D,ENSG00000121989,ACVR2A,activin A receptor type 2A,0.2755342597375107,genetic_association,False,False,0.0472,,,0.4509,,,,
T2D,ENSG00000204950,LRRC10B,leucine rich repeat containing 10B,0.27548595140920207,genetic_association,False,False,,,,0.4532,,,,
T2D,ENSG00000156650,KAT6B,lysine acetyltransferase 6B,0.27529133907148096,genetic_association,False,False,,,,0.4528,,,,
T2D,ENSG00000196591,HDAC2,histone deacetylase 2,0.2752368624104144,clinical;literature,False,False,0.1501,,0.4256,0.0954,,,,
T2D,ENSG00000125834,STK35,serine/threonine kinase 35,0.27517457607458345,genetic_association,False,False,,,,0.4526,,,,
T2D,ENSG00000114416,FXR1,FMR1 autosomal homolog 1,0.275087820476433,genetic_association;literature,False,False,0.1033,,,0.4473,,,,
T2D,ENSG00000187240,DYNC2H1,dynein cytoplasmic 2 heavy chain 1,0.2749873503814691,genetic_association;literature,False,False,0.1763,,,0.4435,,,,
T2D,ENSG00000160185,UBASH3A,ubiquitin associated and SH3 domain containing A,0.27467459209758843,genetic_association,False,False,0.0304,,,0.4503,,,,
T2D,ENSG00000115808,STRN,striatin,0.2742397272021739,genetic_association,False,False,0.0393,,,0.4491,,,,
T2D,ENSG00000138709,LARP1B,La ribonucleoprotein 1B,0.27418868744042835,genetic_association,False,False,0.0122,,,0.4504,,,,
T2D,ENSG00000147905,ZCCHC7,zinc finger CCHC-type containing 7,0.274134742715575,genetic_association,False,False,,,,0.4509,,,,
T2D,ENSG00000196639,HRH1,histamine receptor H1,0.27408383833497374,animal_model;clinical,False,False,0.0644,0.2678,0.4256,0.0742,,,,
T2D,ENSG00000175161,CADM2,cell adhesion molecule 2,0.2740430568250238,genetic_association;literature,False,False,0.1209,,,0.4447,,,,
T2D,ENSG00000158941,CCAR2,cell cycle and apoptosis regulator 2,0.2739909454275556,animal_model;genetic_association;literature,False,False,0.1611,0.2775,,0.4332,,,,
T2D,ENSG00000171700,RGS19,regulator of G protein signaling 19,0.27384107017567044,genetic_association,False,False,,,,0.4504,,,,
T2D,ENSG00000198010,DLGAP2,DLG associated protein 2,0.27375251771800335,genetic_association,False,False,0.0213,,,0.4492,,,,
T2D,ENSG00000122034,GTF3A,general transcription factor IIIA,0.2737384606030738,genetic_association,False,False,,,,0.4503,,,,
T2D,ENSG00000115165,CYTIP,cytohesin 1 interacting protein,0.27371817081227673,genetic_association;literature,False,False,0.1008,,,0.4452,,,,
T2D,ENSG00000061273,HDAC7,histone deacetylase 7,0.27337796650528384,clinical;literature,False,False,0.3687,,0.4256,0.0513,,,,
T2D,ENSG00000112782,CLIC5,CLIC family member 5,0.27306673252473485,animal_model;genetic_association,False,False,,0.2889,,0.4347,,,,
T2D,ENSG00000235608,NKX1-1,NK1 homeobox 1,0.2729354713071759,genetic_association,False,False,,,,0.449,,,,
T2D,ENSG00000173406,DAB1,DAB adaptor protein 1,0.27276914159522314,genetic_association,False,False,0.076,,,0.4445,0.0178,,,
T2D,ENSG00000116329,OPRD1,opioid receptor delta 1,0.2726214203311375,clinical;literature,False,False,0.4578,,0.4256,,,,,
T2D,ENSG00000009413,REV3L,"REV3 like, DNA directed polymerase zeta catalytic subunit",0.27247864522631565,genetic_association;literature,False,False,0.1555,,,0.4404,,,,
T2D,ENSG00000133687,TMTC1,transmembrane O-mannosyltransferase targeting cadherins 1,0.2724726946450153,genetic_association,False,False,0.0608,,,0.4452,,,,
T2D,ENSG00000198892,SHISA4,shisa family member 4,0.2721907616271005,genetic_association,False,False,,,,0.4477,,,,
T2D,ENSG00000162009,SSTR5,somatostatin receptor 5,0.2719807555391247,animal_model;genetic_association;literature,False,False,0.1926,0.3682,,0.4247,,,,
T2D,ENSG00000186889,TMEM17,transmembrane protein 17,0.2718218128181053,genetic_association,False,False,,,,0.4471,,,,
T2D,ENSG00000169862,CTNND2,catenin delta 2,0.2716988110456239,genetic_association,False,False,0.0334,,,0.4453,,,,
T2D,ENSG00000196526,AFAP1,actin filament associated protein 1,0.27169501453549516,genetic_association,False,False,,,,0.4469,,,,
T2D,ENSG00000125820,NKX2-2,NK2 homeobox 2,0.27147451439594256,genetic_association;literature,False,False,0.2343,,,0.4348,,,,
T2D,ENSG00000186767,SPIN4,spindlin family member 4,0.2712890480663275,genetic_association,False,False,,,,0.4462,,,,
T2D,ENSG00000137413,TAF8,TATA-box binding protein associated factor 8,0.2712564283554326,genetic_association,False,False,0.0122,,,0.4456,,,,
T2D,ENSG00000104613,INTS10,integrator complex subunit 10,0.2710111324180465,genetic_association,False,False,0.0304,,,0.4443,,,,
T2D,ENSG00000111716,LDHB,lactate dehydrogenase B,0.27091354567871073,genetic_association,False,False,0.0825,,,0.4415,,,,
T2D,ENSG00000112038,OPRM1,opioid receptor mu 1,0.27090676846762496,animal_model;clinical;literature,False,False,0.1969,0.3139,0.4256,,,,,
T2D,ENSG00000198089,SFI1,SFI1 centrin binding protein,0.27051267346280583,genetic_association,False,False,0.035,,,0.4432,,,,
T2D,ENSG00000091656,ZFHX4,zinc finger homeobox 4,0.2699334521636259,genetic_association,False,False,0.0122,,,0.4434,,,,
T2D,ENSG00000089116,LHX5,LIM homeobox 5,0.2698355079121377,genetic_association,False,False,,,,0.4439,,,,
T2D,ENSG00000117592,PRDX6,peroxiredoxin 6,0.2697573697307007,genetic_association;literature,False,False,0.1481,,,0.4363,,,,
T2D,ENSG00000158517,NCF1,neutrophil cytosolic factor 1,0.269663892566935,genetic_association;literature,False,False,0.5287,,,0.4171,,,,
T2D,ENSG00000151532,VTI1A,vesicle transport through interaction with t-SNAREs 1A,0.2695552293426327,genetic_association,False,False,,,,0.4434,,,,
T2D,ENSG00000158717,RNF166,ring finger protein 166,0.2694184178427599,genetic_association,False,False,0.0304,,,0.4417,,,,
T2D,ENSG00000103335,PIEZO1,piezo type mechanosensitive ion channel component 1 (Er blood group),0.26935598003945593,genetic_association;literature,False,False,0.5492,,,0.4156,,,,
T2D,ENSG00000172382,PRSS27,serine protease 27,0.2691448666259024,genetic_association,False,False,0.0608,,,0.4397,,,,
T2D,ENSG00000169371,SNUPN,snurportin 1,0.2689120744282599,genetic_association,False,False,0.0608,,,0.4393,,,,
T2D,ENSG00000186666,BCDIN3D,BCDIN3 domain containing RNA methyltransferase,0.2684602716891346,genetic_association;literature,False,False,0.1869,,,0.4323,,,,
T2D,ENSG00000180891,CUEDC1,CUE domain containing 1,0.2682695774532274,genetic_association,False,False,,,,0.4413,,,,
T2D,ENSG00000141682,PMAIP1,phorbol-12-myristate-13-acetate-induced protein 1,0.26826766129011814,genetic_association,False,False,0.0382,,,0.4391,0.0129,,,
T2D,ENSG00000151806,GUF1,GTP binding elongation factor GUF1,0.2682644119160197,genetic_association;literature,False,False,0.1702,,,0.4328,,,,
T2D,ENSG00000099381,SETD1A,"SET domain containing 1A, histone lysine methyltransferase",0.26824270642046744,genetic_association,False,False,0.0608,,,0.4382,,,,
T2D,ENSG00000105662,CRTC1,CREB regulated transcription coactivator 1,0.2676746636898976,animal_model;genetic_association;literature,False,False,0.2342,0.3189,,0.4192,,,,
T2D,ENSG00000101752,MIB1,MIB E3 ubiquitin protein ligase 1,0.2676716910776811,genetic_association,False,False,,,,0.4403,,,,
T2D,ENSG00000176571,CNBD1,cyclic nucleotide binding domain containing 1,0.26765548405364037,genetic_association,False,False,,,,0.4403,,,,
T2D,ENSG00000186047,DLEU7,deleted in lymphocytic leukemia 7,0.2675217763066279,genetic_association,False,False,,,,0.4401,,,,
T2D,ENSG00000109047,RCVRN,recoverin,0.2675151750670053,genetic_association,False,False,,,,0.44,,,,
T2D,ENSG00000172673,THEMIS,thymocyte selection associated,0.2673596609642458,genetic_association,False,False,,,,0.4398,,,,
T2D,ENSG00000131153,GINS2,GINS complex subunit 2,0.26718175095220575,genetic_association,False,False,,,,0.4395,,,,
T2D,ENSG00000135999,EPC2,enhancer of polycomb 2,0.267059680583351,genetic_association,False,False,,,,0.4393,,,,
T2D,ENSG00000136104,RNASEH2B,ribonuclease H2 subunit B,0.26704330908809365,genetic_association,False,False,0.0608,,,0.4362,,,,
T2D,ENSG00000274286,ADRA2B,adrenoceptor alpha 2B,0.2668827394856979,clinical;literature,False,False,0.2175,,0.4281,,,,,
T2D,ENSG00000004534,RBM6,RNA binding motif protein 6,0.26687260843895394,genetic_association,False,False,0.0897,,,0.4345,,,,
T2D,ENSG00000035115,SH3YL1,SH3 and SYLF domain containing 1,0.26682940928733256,genetic_association;literature,False,False,0.1745,,,0.4302,,,,
T2D,ENSG00000137941,TTLL7,tubulin tyrosine ligase like 7,0.26681920942837506,genetic_association,False,False,,,,0.4389,,,,
T2D,ENSG00000143479,DYRK3,dual specificity tyrosine phosphorylation regulated kinase 3,0.2663950913302207,genetic_association,False,False,,,,0.4382,,,,
T2D,ENSG00000101343,CRNKL1,crooked neck pre-mRNA splicing factor 1,0.26576714189345824,genetic_association,False,False,,,,0.4372,,,,
T2D,ENSG00000120451,SNX19,sorting nexin 19,0.2657285839564438,genetic_association,False,False,0.0365,,,0.4353,,,,
T2D,ENSG00000168229,PTGDR,prostaglandin D2 receptor,0.2654047609901748,clinical;literature,False,False,0.2204,,0.4256,,,,,
T2D,ENSG00000009950,MLXIPL,MLX interacting protein like,0.2653732622367782,animal_model;genetic_association;literature,False,False,0.3926,0.3956,,0.408,,,,
T2D,ENSG00000100243,CYB5R3,cytochrome b5 reductase 3,0.26535494307128943,genetic_association,False,False,0.0608,,,0.4334,,,,
T2D,ENSG00000104763,ASAH1,N-acylsphingosine amidohydrolase 1,0.2650943867780323,genetic_association;literature,False,False,0.1701,,,0.4276,,,,
T2D,ENSG00000143416,SELENBP1,selenium binding protein 1,0.2649977676850456,animal_model;genetic_association,False,False,0.0365,0.2858,,0.4208,,,,
T2D,ENSG00000131471,AOC3,amine oxidase copper containing 3,0.2649272815378901,genetic_association;literature,False,False,0.2784,,,0.4219,,,,
T2D,ENSG00000134758,RNF138,ring finger protein 138,0.2646978396731915,genetic_association,False,False,,,,0.4354,,,,
T2D,ENSG00000116478,HDAC1,histone deacetylase 1,0.2646322763600583,clinical,True,False,0.0957,,0.4256,0.0305,,,,
T2D,ENSG00000169758,TMEM266,transmembrane protein 266,0.2644877824800417,genetic_association,False,False,,,,0.4351,,,,
T2D,ENSG00000148842,CNNM2,cyclin and CBS domain divalent metal cation transport mediator 2,0.2640624757169805,genetic_association,False,False,0.0241,,,0.4332,,,,
T2D,ENSG00000111224,PARP11,poly(ADP-ribose) polymerase family member 11,0.2640362190610343,genetic_association,False,False,,,,0.4343,,,,
T2D,ENSG00000165487,MICU2,mitochondrial calcium uptake 2,0.2640041814496409,genetic_association,False,False,,,,0.4343,,,,
T2D,ENSG00000141564,RPTOR,regulatory associated protein of MTOR complex 1,0.2638929651383532,genetic_association;literature,False,False,0.186,,,0.4248,,,,
T2D,ENSG00000165623,UCMA,upper zone of growth plate and cartilage matrix associated,0.26372942328162785,genetic_association,False,False,,,,0.4338,,,,
T2D,ENSG00000136944,LMX1B,LIM homeobox transcription factor 1 beta,0.2636743515917413,genetic_association,False,False,,,,0.4337,,,,
T2D,ENSG00000108840,HDAC5,histone deacetylase 5,0.26357304922592567,clinical;literature,False,False,0.1601,,0.4256,,,,,
T2D,ENSG00000007516,BAIAP3,BAI1 associated protein 3,0.263527164239766,genetic_association,False,False,,,,0.4335,,,,
T2D,ENSG00000160299,PCNT,pericentrin,0.263280648158495,genetic_association,False,False,0.0499,,,0.4306,,,,
T2D,ENSG00000079459,FDFT1,farnesyl-diphosphate farnesyltransferase 1,0.2631677705552321,clinical;literature,False,False,0.1468,,0.4256,,,,,
T2D,ENSG00000149305,HTR3B,5-hydroxytryptamine receptor 3B,0.26292038050557764,genetic_association;literature,False,False,0.152,,,0.4249,,,,
T2D,ENSG00000176165,FOXG1,forkhead box G1,0.2626667771848967,genetic_association;literature,False,False,0.6155,,,0.4013,,,,
T2D,ENSG00000114054,PCCB,propionyl-CoA carboxylase subunit beta,0.26216961128746397,genetic_association,False,False,,,,0.4312,,,,
T2D,ENSG00000179133,C10orf67,chromosome 10 open reading frame 67,0.26141603414745535,genetic_association,False,False,,,,0.344,,,,
T2D,ENSG00000225968,ELFN1,extracellular leucine rich repeat and fibronectin type III domain containing 1,0.2613582078867038,genetic_association,False,False,0.043,,,0.4278,,,,
T2D,ENSG00000163517,HDAC11,histone deacetylase 11,0.26133402169038245,clinical,True,False,0.0865,,0.4256,,,,,
T2D,ENSG00000164627,KIF6,kinesin family member 6,0.26114787275468987,genetic_association;literature,False,False,0.475,,,0.4058,,,,
T2D,ENSG00000157657,ZNF618,zinc finger protein 618,0.2607964813076776,genetic_association,False,False,,,,0.429,,,,
T2D,ENSG00000082556,OPRK1,opioid receptor kappa 1,0.260771336361625,clinical,True,False,0.0679,,0.4256,,,,,
T2D,ENSG00000171819,ANGPTL7,angiopoietin like 7,0.2606944600586023,genetic_association;literature,False,False,0.2942,,,0.4141,,,,
T2D,ENSG00000124126,PREX1,"phosphatidylinositol-3,4,5-trisphosphate dependent Rac exchange factor 1",0.26056105226577,genetic_association;literature,False,False,0.1057,,,0.4233,,,,
T2D,ENSG00000157152,SYN2,synapsin II,0.2605057553369919,genetic_association;literature,False,False,0.21,,,0.418,,,,
T2D,ENSG00000102349,KLF8,KLF transcription factor 8,0.2603402453999814,genetic_association,False,False,,,,0.4282,,,,
T2D,ENSG00000184160,ADRA2C,adrenoceptor alpha 2C,0.2602714796081639,clinical,True,False,,,0.4281,,,,,
T2D,ENSG00000155542,SETD9,SET domain containing 9,0.260148257139088,genetic_association,False,False,,,,0.4279,,,,
T2D,ENSG00000094631,HDAC6,histone deacetylase 6,0.26009523307227533,clinical,True,False,0.0457,,0.4256,,,,,
T2D,ENSG00000183530,PRR14L,proline rich 14 like,0.26006328660319006,genetic_association,False,False,,,,0.4278,,,,
T2D,ENSG00000147099,HDAC8,histone deacetylase 8,0.2599994277706877,clinical,True,False,0.0426,,0.4256,,,,,
T2D,ENSG00000069702,TGFBR3,transforming growth factor beta receptor 3,0.2599918946629462,genetic_association,False,False,0.0695,,,0.4242,,,,
T2D,ENSG00000175471,MCTP1,multiple C2 and transmembrane domain containing 1,0.25988960477597767,genetic_association,False,False,,,,0.4275,,,,
T2D,ENSG00000183098,GPC6,glypican 6,0.2596849553804593,genetic_association,False,False,0.0486,,,0.4247,,,,
T2D,ENSG00000186350,RXRA,retinoid X receptor alpha,0.2595448362384597,genetic_association;literature,False,False,0.3246,,,0.4107,,,,
T2D,ENSG00000175305,CCNE2,cyclin E2,0.2591763260527716,genetic_association;literature,False,False,0.1976,,,0.4164,,,,
T2D,ENSG00000139211,AMIGO2,adhesion molecule with Ig like domain 2,0.25910670651369744,genetic_association,False,False,0.0304,,,0.4247,,,,
T2D,ENSG00000100429,HDAC10,histone deacetylase 10,0.25870589827929125,clinical,True,False,,,0.4256,,,,,
T2D,ENSG00000184985,SORCS2,sortilin related VPS10 domain containing receptor 2,0.258572694047923,genetic_association,False,False,0.0334,,,0.4237,,,,
T2D,ENSG00000079689,SCGN,"secretagogin, EF-hand calcium binding protein",0.2584918637237452,genetic_association;literature,False,False,0.5069,,,0.3999,,,,
T2D,ENSG00000233381,AK4P3,adenylate kinase 4 pseudogene 3,0.25839491266025105,genetic_association,False,False,,,,0.425,,,,
T2D,ENSG00000189292,ALKAL2,ALK and LTK ligand 2,0.2583640886960945,genetic_association;literature,False,False,0.2325,,,0.4134,,,,
T2D,ENSG00000156920,ADGRG4,adhesion G protein-coupled receptor G4,0.2580761821427172,genetic_association,False,False,,,,0.4245,,,,
T2D,ENSG00000104714,ERICH1,glutamate rich 1,0.2578446827871101,genetic_association,False,False,,,,0.4241,,,,
T2D,ENSG00000082438,COBLL1,cordon-bleu WH2 repeat protein like 1,0.25783819933164115,genetic_association;literature,False,False,0.3457,,,0.4068,,,,
T2D,ENSG00000069667,RORA,RAR related orphan receptor A,0.25765305786771747,genetic_association;literature,False,False,0.4149,,,0.4031,,,,
T2D,ENSG00000166435,XRRA1,X-ray radiation resistance associated 1,0.25744378015982744,genetic_association,False,False,,,,0.4235,,,,
T2D,ENSG00000185274,GALNT17,polypeptide N-acetylgalactosaminyltransferase 17,0.2572593884448603,genetic_association,False,False,0.0334,,,0.4215,,,,
T2D,ENSG00000162885,B3GALNT2,"beta-1,3-N-acetylgalactosaminyltransferase 2",0.25716581016496715,genetic_association,False,False,,,,0.423,,,,
T2D,ENSG00000156162,DPY19L4,dpy-19 like 4,0.25701944177491354,genetic_association,False,False,,,,0.4228,,,,
T2D,ENSG00000106638,TBL2,transducin beta like 2,0.25701171322812255,genetic_association,False,False,,,,0.4228,,,,
T2D,ENSG00000100796,PPP4R3A,protein phosphatase 4 regulatory subunit 3A,0.25679308083743824,genetic_association,False,False,0.0608,,,0.4194,,,,
T2D,ENSG00000141956,PRDM15,PR/SET domain 15,0.25662000330560686,genetic_association,False,False,0.0122,,,0.4215,,,,
T2D,ENSG00000081026,MAGI3,"membrane associated guanylate kinase, WW and PDZ domain containing 3",0.2564160130080731,genetic_association,False,False,,,,0.4218,,,,
T2D,ENSG00000117676,RPS6KA1,ribosomal protein S6 kinase A1,0.25624094140806325,genetic_association;literature,False,False,0.1906,,,0.412,,,,
T2D,ENSG00000099260,PALMD,palmdelphin,0.25595292618215504,genetic_association,False,False,,,,0.421,,,,
T2D,ENSG00000166510,CCDC68,coiled-coil domain containing 68,0.25544959227687175,genetic_association,False,False,,,,0.4202,,,,
T2D,ENSG00000196502,SULT1A1,sulfotransferase family 1A member 1,0.2549233396881726,genetic_association,False,False,0.0756,,,0.4156,,,,
T2D,ENSG00000145779,TNFAIP8,TNF alpha induced protein 8,0.2547830128087455,genetic_association,False,False,0.0334,,,0.4174,,,,
T2D,ENSG00000118257,NRP2,neuropilin 2,0.2546842258086489,genetic_association;literature,False,False,0.1237,,,0.4128,,,,
T2D,ENSG00000198624,CCDC69,coiled-coil domain containing 69,0.2546368017897172,genetic_association,False,False,0.0304,,,0.4173,,,,
T2D,ENSG00000206527,HACD2,3-hydroxyacyl-CoA dehydratase 2,0.25434210216279624,genetic_association,False,False,0.0304,,,0.4169,,,,
T2D,ENSG00000101049,SGK2,serum/glucocorticoid regulated kinase 2,0.2541457746846035,genetic_association;literature,False,False,0.19,,,0.4086,,,,
T2D,ENSG00000198700,IPO9,importin 9,0.2539224723500013,genetic_association,False,False,0.0304,,,0.4162,,,,
T2D,ENSG00000188580,NKAIN2,sodium/potassium transporting ATPase interacting 2,0.2537465339985401,genetic_association,False,False,,,,0.4174,,,,
T2D,ENSG00000139160,ETFBKMT,electron transfer flavoprotein subunit beta lysine methyltransferase,0.25358204259306716,genetic_association,False,False,,,,0.4171,,,,
T2D,ENSG00000160796,NBEAL2,neurobeachin like 2,0.2534331001282109,genetic_association;literature,False,False,0.3055,,,0.4016,,,,
T2D,ENSG00000197959,DNM3,dynamin 3,0.25295263038414656,genetic_association,False,False,,,,0.4161,,,,
T2D,ENSG00000116127,ALMS1,ALMS1 centrosome and basal body associated protein,0.25281158173924007,animal_model;genetic_association;literature,False,False,0.2425,0.6051,,0.3802,,,,
T2D,ENSG00000225614,ZNF469,zinc finger protein 469,0.25274884975738626,genetic_association,False,False,,,,0.4158,,,,
T2D,ENSG00000152219,ARL14EP,ARF like GTPase 14 effector protein,0.25251799471301495,genetic_association,False,False,0.0304,,,0.4139,,,,
T2D,ENSG00000154310,TNIK,TRAF2 and NCK interacting kinase,0.25207454876471724,genetic_association;literature,False,False,0.2604,,,0.4016,,,,
T2D,ENSG00000163634,THOC7,THO complex subunit 7,0.252034232530473,genetic_association,False,False,0.0304,,,0.4131,,,,
T2D,ENSG00000181856,SLC2A4,solute carrier family 2 member 4,0.25182539987127966,animal_model;genetic_association;genetic_literature;literature,False,False,0.8595,0.4086,,0.2796,,0.304,,
T2D,ENSG00000064726,BTBD1,BTB domain containing 1,0.25175394051259975,genetic_association,False,False,0.0547,,,0.4114,,,,
T2D,ENSG00000160695,VPS11,VPS11 core subunit of CORVET and HOPS complexes,0.251322712527109,genetic_association,False,False,0.0122,,,0.4128,,,,
T2D,ENSG00000006576,PHTF2,putative homeodomain transcription factor 2,0.2512176054374664,genetic_association,False,False,,,,0.4132,,,,
T2D,ENSG00000185507,IRF7,interferon regulatory factor 7,0.25116402768690615,genetic_association;literature,False,False,0.214,,,0.4024,,,,
T2D,ENSG00000133121,STARD13,StAR related lipid transfer domain containing 13,0.2508738755009491,genetic_association,False,False,0.0122,,,0.4121,,,,
T2D,ENSG00000155324,GRAMD2B,GRAM domain containing 2B,0.2500749806823938,genetic_association;literature,False,False,0.2746,,,0.3976,,,,
T2D,ENSG00000185518,SV2B,synaptic vesicle glycoprotein 2B,0.2500567307761408,genetic_association,False,False,,,,0.4113,,,,
T2D,ENSG00000152409,JMY,"junction mediating and regulatory protein, p53 cofactor",0.24984470402507392,genetic_association,False,False,0.0304,,,0.4095,,,,
T2D,ENSG00000164989,CCDC171,coiled-coil domain containing 171,0.24951321725431247,genetic_association,False,False,,,,0.4104,,,,
T2D,ENSG00000182481,KPNA2,karyopherin subunit alpha 2,0.2491428876756703,genetic_association,False,False,,,,0.4098,,,,
T2D,ENSG00000198626,RYR2,ryanodine receptor 2,0.24897904974332033,genetic_association;literature,False,False,0.1984,,,0.3996,,,,
T2D,ENSG00000188993,LRRC66,leucine rich repeat containing 66,0.24882218841390974,genetic_association,False,False,0.0122,,,0.4087,,,,
T2D,ENSG00000174460,ZCCHC12,zinc finger CCHC-type containing 12,0.2483526144054314,genetic_association,False,False,,,,0.4085,,,,
T2D,ENSG00000164715,LMTK2,lemur tail kinase 2,0.2480954057400836,genetic_association,False,False,0.0304,,,0.4066,,,,
T2D,ENSG00000176204,LRRTM4,leucine rich repeat transmembrane neuronal 4,0.2480845784916512,genetic_association,False,False,0.0441,,,0.4059,,,,
T2D,ENSG00000159199,ATP5MC1,ATP synthase membrane subunit c locus 1,0.247862400955838,genetic_association;literature,False,False,0.2269,,,0.3964,,,,
T2D,ENSG00000066405,CLDN18,claudin 18,0.2475015365374604,genetic_association,False,False,,,,0.4071,,,,
T2D,ENSG00000174502,SLC26A9,solute carrier family 26 member 9,0.24749029904840825,genetic_association,False,False,0.0908,,,0.4026,,,,
T2D,ENSG00000196504,PRPF40A,pre-mRNA processing factor 40A,0.24713033131894907,genetic_association,False,False,,,,0.4065,,,,
T2D,ENSG00000170390,DCLK2,doublecortin like kinase 2,0.24672945347392686,genetic_association,False,False,,,,0.4059,,,,
T2D,ENSG00000108468,CBX1,chromobox 1,0.24670010635934744,genetic_association,False,False,0.0304,,,0.4043,,,,
T2D,ENSG00000147894,C9orf72,C9orf72-SMCR8 complex subunit,0.24665512787378835,genetic_association,False,False,0.0242,,,0.4045,,,,
T2D,ENSG00000169129,AFAP1L2,actin filament associated protein 1 like 2,0.2466183032955479,genetic_association,False,False,0.073,,,0.402,,,,
T2D,ENSG00000160801,PTH1R,parathyroid hormone 1 receptor,0.2463796982448083,genetic_association;literature,False,False,0.2981,,,0.3904,,,,
T2D,ENSG00000197653,DNAH10,dynein axonemal heavy chain 10,0.24627627599166627,genetic_association,False,False,,,,0.4051,,,,
T2D,ENSG00000120690,ELF1,E74 like ETS transcription factor 1,0.24611000798722993,genetic_association,False,False,0.0304,,,0.4033,,,,
T2D,ENSG00000173273,TNKS,tankyrase,0.24610352449694958,animal_model;genetic_association;literature,False,False,0.2288,0.3077,,0.3843,,,,
T2D,ENSG00000169252,ADRB2,adrenoceptor beta 2,0.24597813874769792,clinical;literature,False,False,0.3075,,0.3892,,,,,
T2D,ENSG00000118363,SPCS2,signal peptidase complex subunit 2,0.24564773897590667,genetic_association,False,False,0.0304,,,0.4026,,,,
T2D,ENSG00000148120,AOPEP,aminopeptidase O (putative),0.24545792219909388,genetic_association;literature,False,False,0.2571,,,0.3909,,,,
T2D,ENSG00000100906,NFKBIA,NFKB inhibitor alpha,0.245386596991934,genetic_association;literature,False,False,0.3301,,,0.3871,,,,
T2D,ENSG00000144771,LRTM1,leucine rich repeat transmembrane protein 1,0.2450509807554529,genetic_association,False,False,,,,0.4031,,,,
T2D,ENSG00000214216,IQCJ,IQ motif containing J,0.24503417062981106,genetic_association,False,False,,,,0.4031,,,,
T2D,ENSG00000165895,ARHGAP42,Rho GTPase activating protein 42,0.2450118132860112,genetic_association,False,False,0.0608,,,0.4,,,,
T2D,ENSG00000184903,IMMP2L,inner mitochondrial membrane peptidase subunit 2,0.24499559929936152,genetic_association,False,False,0.0304,,,0.4015,,,,
T2D,ENSG00000117114,ADGRL2,adhesion G protein-coupled receptor L2,0.24489819237133717,genetic_association,False,False,0.0122,,,0.4022,,,,
T2D,ENSG00000173281,PPP1R3B,protein phosphatase 1 regulatory subunit 3B,0.2447492307015273,genetic_association;literature,False,False,0.674,,,0.3689,,,,
T2D,ENSG00000284713,SMIM38,small integral membrane protein 38,0.24473195734277356,genetic_association,False,False,,,,0.4026,,,,
T2D,ENSG00000117643,MAN1C1,mannosidase alpha class 1C member 1,0.24471230964543805,genetic_association,False,False,,,,0.4025,,,,
T2D,ENSG00000138433,CIRSR,corepressor of RBPJ and splicing regulator,0.24459009455124184,genetic_association,False,False,,,,0.4023,,,,
T2D,ENSG00000184672,RALYL,RALY RNA binding protein like,0.2445018036180157,genetic_association,False,False,,,,0.4022,,,,
T2D,ENSG00000080166,DCT,dopachrome tautomerase,0.24439284195960098,genetic_association,False,False,0.0304,,,0.4003,0.0087,,,
T2D,ENSG00000168813,ZNF507,zinc finger protein 507,0.24437143791371624,genetic_association,False,False,,,,0.402,,,,
T2D,ENSG00000184500,PROS1,protein S,0.244240065278309,genetic_association;literature,False,False,0.1733,,,0.3931,,,,
T2D,ENSG00000161040,FBXL13,F-box and leucine rich repeat protein 13,0.2439074981044222,genetic_association,False,False,0.0122,,,0.4006,,,,
T2D,ENSG00000277481,PKD1L3,"polycystin 1 like 3, transient receptor potential channel interacting",0.24390297609086525,genetic_association,False,False,,,,0.4012,,,,
T2D,ENSG00000133835,HSD17B4,hydroxysteroid 17-beta dehydrogenase 4,0.24329957805402774,genetic_association,False,False,0.0152,,,0.3994,,,,
T2D,ENSG00000114770,ABCC5,ATP binding cassette subfamily C member 5,0.24305533577481672,genetic_association;literature,False,False,0.6571,,,0.367,,,,
T2D,ENSG00000108556,CHRNE,cholinergic receptor nicotinic epsilon subunit,0.24252461980770862,genetic_association,False,False,,,,0.3989,,,,
T2D,ENSG00000182568,SATB1,SATB homeobox 1,0.24172679609680714,genetic_association,False,False,0.0606,,,0.3946,,,,
T2D,ENSG00000188263,IL17REL,interleukin 17 receptor E like,0.24164237941476474,genetic_association,False,False,,,,0.3975,,,,
T2D,ENSG00000257017,HP,haptoglobin,0.2413177414181619,genetic_association;literature,False,False,0.9019,,,0.3519,,,,
T2D,ENSG00000134249,ADAM30,ADAM metallopeptidase domain 30,0.24130632354420514,genetic_association,False,False,0.0445,,,0.3947,,,,
T2D,ENSG00000157782,CABP1,calcium binding protein 1,0.24117347662644592,genetic_association,False,False,,,,0.3967,,,,
T2D,ENSG00000107929,LARP4B,La ribonucleoprotein 4B,0.240668556046116,genetic_association,False,False,0.0304,,,0.3944,,,,
T2D,ENSG00000164180,TMEM161B,transmembrane protein 161B,0.24052696047160227,genetic_association,False,False,,,,0.3956,,,,
T2D,ENSG00000112242,E2F3,E2F transcription factor 3,0.2403294724929867,genetic_association,False,False,0.0541,,,0.3926,,,,
T2D,ENSG00000177103,DSCAML1,DS cell adhesion molecule like 1,0.24027338610929866,genetic_association,False,False,0.0122,,,0.3946,,,,
T2D,ENSG00000188001,TPRG1,tumor protein p63 regulated 1,0.2402385559732898,genetic_association,False,False,0.0827,,,0.391,,,,
T2D,ENSG00000135124,P2RX4,purinergic receptor P2X 4,0.23948183717812715,genetic_association;literature,False,False,0.6206,,,0.3629,,,,
T2D,ENSG00000143476,DTL,denticleless E3 ubiquitin protein ligase adapter,0.23945178516768198,genetic_association,False,False,0.0152,,,0.3931,,,,
T2D,ENSG00000163069,SGCB,sarcoglycan beta,0.23918441103090837,genetic_association;literature,False,False,0.4303,,,0.3719,,,,
T2D,ENSG00000159733,ZFYVE28,zinc finger FYVE-type containing 28,0.23790456762842163,genetic_association,False,False,,,,0.3913,,,,
T2D,ENSG00000149090,PAMR1,peptidase domain containing associated with muscle regeneration 1,0.23725703557988256,genetic_association,False,False,0.0304,,,0.3887,,,,
T2D,ENSG00000196712,NF1,neurofibromin 1,0.23719013084059715,genetic_association;literature,False,False,0.307,,,0.3748,,,,
T2D,ENSG00000162927,PUS10,pseudouridine synthase 10,0.23716432477869312,genetic_association,False,False,,,,0.3901,,,,
T2D,ENSG00000074047,GLI2,GLI family zinc finger 2,0.2370974389452547,genetic_association;literature,False,False,0.1425,,,0.3829,,,,
T2D,ENSG00000196275,GTF2IRD2,GTF2I repeat domain containing 2,0.2370221183979169,genetic_association,False,False,,,,0.3899,,,,
T2D,ENSG00000108061,SHOC2,SHOC2 leucine rich repeat scaffold protein,0.23642771211514757,genetic_association,False,False,0.0122,,,0.3883,,,,
T2D,ENSG00000086666,ZFAND6,zinc finger AN1-type containing 6,0.23640670566798075,genetic_association;literature,False,False,0.2702,,,0.3754,,,,
T2D,ENSG00000100567,PSMA3,proteasome 20S subunit alpha 3,0.2363514780586009,genetic_association,False,False,0.0122,,,0.3882,,,,
T2D,ENSG00000197140,ADAM32,ADAM metallopeptidase domain 32,0.23627279345708302,genetic_association,False,False,,,,0.3887,,,,
T2D,ENSG00000152208,GRID2,glutamate ionotropic receptor delta type subunit 2,0.23620260568675927,genetic_association,False,False,,,,0.3885,,,,
T2D,ENSG00000152377,SPOCK1,"SPARC (osteonectin), cwcv and kazal like domains proteoglycan 1",0.23603237724590825,genetic_association,False,False,0.0122,,,0.3876,,,,
T2D,ENSG00000003436,TFPI,tissue factor pathway inhibitor,0.23597920709139136,genetic_association;literature,False,False,0.4116,,,0.3676,,,,
T2D,ENSG00000061794,MRPS35,mitochondrial ribosomal protein S35,0.23595095170190838,genetic_association,False,False,0.038,,,0.3862,,,,
T2D,ENSG00000176399,DMRTA1,DMRT like family A1,0.2354931691964181,genetic_association,False,False,0.0304,,,0.3858,,,,
T2D,ENSG00000233608,TWIST2,twist family bHLH transcription factor 2,0.23538309829644202,genetic_association,False,False,0.0733,,,0.3835,,,,
T2D,ENSG00000242252,BGLAP,bone gamma-carboxyglutamate protein,0.2351514967313888,genetic_association;literature,False,False,0.915,,,0.3411,,,,
T2D,ENSG00000176635,HORMAD2,HORMA domain containing 2,0.23498877079627972,genetic_association,False,False,0.0304,,,0.385,,,,
T2D,ENSG00000289325,ENSG00000289325,novel protein,0.23461271243714268,genetic_association,False,False,,,,0.3859,,,,
T2D,ENSG00000198739,LRRTM3,leucine rich repeat transmembrane neuronal 3,0.23461271243714268,genetic_association,False,False,,,,0.3859,,,,
T2D,ENSG00000198914,POU3F3,POU class 3 homeobox 3,0.2344284898557061,animal_model;genetic_association,False,False,,0.3046,,0.3704,,,,
T2D,ENSG00000112701,SENP6,SUMO specific peptidase 6,0.23433585466095277,genetic_association,False,False,,,,0.3855,,,,
T2D,ENSG00000120051,CFAP58,cilia and flagella associated protein 58,0.23423190271591512,genetic_association,False,False,,,,0.3853,,,,
T2D,ENSG00000130545,CRB3,crumbs cell polarity complex component 3,0.23417614813707396,genetic_association,False,False,,,,0.3852,,,,
T2D,ENSG00000163898,LIPH,lipase H,0.23397388728396545,genetic_association,False,False,0.0431,,,0.3827,,,,
T2D,ENSG00000146555,SDK1,sidekick cell adhesion molecule 1,0.23389468774440178,genetic_association,False,False,,,,0.3847,,,,
T2D,ENSG00000167978,SRRM2,serine/arginine repetitive matrix 2,0.2337135314912155,genetic_association,False,False,0.0334,,,0.3828,,,,
T2D,ENSG00000112041,TULP1,TUB like protein 1,0.23365574269632197,genetic_association,False,False,,,,0.3843,,,,
T2D,ENSG00000171017,LRRC8E,leucine rich repeat containing 8 VRAC subunit E,0.2336371738992845,genetic_association,False,False,,,,0.3843,,,,
T2D,ENSG00000123684,LPGAT1,lysophosphatidylglycerol acyltransferase 1,0.23349983500659727,genetic_association,False,False,0.0851,,,0.3798,,,,
T2D,ENSG00000168280,KIF5C,kinesin family member 5C,0.23279074610796624,genetic_association,False,False,0.035,,,0.3812,,,,
T2D,ENSG00000149428,HYOU1,hypoxia up-regulated 1,0.23267280241536584,genetic_association,False,False,0.06,,,0.3797,,,,
T2D,ENSG00000125746,EML2,EMAP like 2,0.2321843657492729,genetic_association,False,False,0.0122,,,0.3813,,,,
T2D,ENSG00000079308,TNS1,tensin 1,0.232110704224484,animal_model;genetic_association,False,False,0.0608,0.2548,,0.3677,,,,
T2D,ENSG00000186577,SMIM29,small integral membrane protein 29,0.23203906094940696,genetic_association,False,False,0.0243,,,0.3805,,,,
T2D,ENSG00000144711,IQSEC1,IQ motif and Sec7 domain ArfGEF 1,0.23147961791346866,genetic_association,False,False,,,,0.3808,,,,
T2D,ENSG00000151655,ITIH2,inter-alpha-trypsin inhibitor heavy chain 2,0.23139316082345845,genetic_association;literature,False,False,0.1125,,,0.375,,,,
T2D,ENSG00000148572,NRBF2,nuclear receptor binding factor 2,0.23120226125078897,genetic_association,False,False,,,,0.3803,,,,
T2D,ENSG00000112195,TREML2,triggering receptor expressed on myeloid cells like 2,0.2307185280403835,genetic_association,False,False,0.0304,,,0.378,,,,
T2D,ENSG00000005884,ITGA3,integrin subunit alpha 3,0.23055362945915894,genetic_association,False,False,0.0941,,,0.3745,,,,
T2D,ENSG00000127603,MACF1,microtubule actin crosslinking factor 1,0.23045322563295817,genetic_association;literature,False,False,0.2996,,,0.3641,,,,
T2D,ENSG00000134256,CD101,CD101 molecule,0.2302618140111418,genetic_association;literature,False,False,0.1337,,,0.3721,,,,
T2D,ENSG00000197361,FBXL22,F-box and leucine rich repeat protein 22,0.23015544940015056,genetic_association,False,False,,,,0.3786,,,,
T2D,ENSG00000165661,QSOX2,quiescin sulfhydryl oxidase 2,0.23004630061249348,genetic_association;literature,False,False,0.1702,,,0.3699,,,,
T2D,ENSG00000218305,CDC14C,cell division cycle 14C,0.22997677513486176,genetic_association,False,False,,,,0.3783,,,,
T2D,ENSG00000092445,TYRO3,TYRO3 protein tyrosine kinase,0.2297068846601882,genetic_association;literature,False,False,0.1324,,,0.3712,,,,
T2D,ENSG00000163064,EN1,engrailed homeobox 1,0.22915442120338347,genetic_association,False,False,0.0182,,,0.376,,,,
T2D,ENSG00000178217,SH2D4B,SH2 domain containing 4B,0.22847393725151624,genetic_association,False,False,,,,0.3758,,,,
T2D,ENSG00000081019,RSBN1,round spermatid basic protein 1,0.22840788942963722,genetic_association,False,False,,,,0.3757,,,,
T2D,ENSG00000154743,TSEN2,tRNA splicing endonuclease subunit 2,0.22835717153017376,genetic_association,False,False,0.0182,,,0.3747,,,,
T2D,ENSG00000122641,INHBA,inhibin subunit beta A,0.22819390348357738,genetic_association,False,False,0.0401,,,0.373,0.0155,,,
T2D,ENSG00000071051,NCK2,NCK adaptor protein 2,0.22811046022121798,genetic_association,False,False,0.0182,,,0.3743,,,,
T2D,ENSG00000145692,BHMT,betaine--homocysteine S-methyltransferase,0.22794118524342638,genetic_association,False,False,0.0664,,,0.3716,,,,
T2D,ENSG00000162989,KCNJ3,potassium inwardly rectifying channel subfamily J member 3,0.22785787166862834,genetic_association,False,False,0.0547,,,0.3721,,,,
T2D,ENSG00000168959,GRM5,glutamate metabotropic receptor 5,0.2275523537099935,genetic_association;literature,False,False,0.1037,,,0.3691,,,,
T2D,ENSG00000213066,CEP43,centrosomal protein 43,0.22708905221952352,genetic_association,False,False,,,,0.3735,,,,
T2D,ENSG00000110665,C11orf21,chromosome 11 open reading frame 21,0.2269350800353542,genetic_association,False,False,,,,0.3733,,,,
T2D,ENSG00000237378,ENSG00000237378,novel keratin-associated protein,0.22677649559715687,genetic_association,False,False,,,,0.373,,,,
T2D,ENSG00000144749,LRIG1,leucine rich repeats and immunoglobulin like domains 1,0.22667265249231552,genetic_association;literature,False,False,0.1416,,,0.3658,,,,
T2D,ENSG00000182053,TRIM49B,tripartite motif containing 49B,0.22653541425512339,genetic_association,False,False,,,,0.3726,,,,
T2D,ENSG00000122008,POLK,DNA polymerase kappa,0.225367618782794,genetic_association;literature,False,False,0.1231,,,0.3646,,,,
T2D,ENSG00000062282,DGAT2,diacylglycerol O-acyltransferase 2,0.22532469361072424,genetic_association;literature,False,False,0.119,,,0.3647,,,,
T2D,ENSG00000038532,CLEC16A,C-type lectin domain containing 16A,0.22530324629299306,genetic_association,False,False,0.0376,,,0.3687,,,,
T2D,ENSG00000124766,SOX4,SRY-box transcription factor 4,0.22507871869913512,animal_model;genetic_association;literature,False,False,0.2103,0.3515,,0.348,,,,
T2D,ENSG00000148795,CYP17A1,cytochrome P450 family 17 subfamily A member 1,0.22481205510400795,clinical;literature,False,False,0.6307,,0.3344,0.0351,,,,
T2D,ENSG00000178950,GAK,cyclin G associated kinase,0.22477292178551492,genetic_association,False,False,0.0502,,,0.3672,,,,
T2D,ENSG00000150722,PPP1R1C,protein phosphatase 1 regulatory inhibitor subunit 1C,0.2244983931893484,genetic_association,False,False,,,,0.3693,,,,
T2D,ENSG00000172530,BANP,BTG3 associated nuclear protein,0.22427374103156456,genetic_association;literature,False,False,0.5471,,,0.3416,,,,
T2D,ENSG00000158428,CATIP,ciliogenesis associated TTC17 interacting protein,0.2241346625759469,genetic_association,False,False,,,,0.3687,,,,
T2D,ENSG00000170917,NUDT6,nudix hydrolase 6,0.22408247664261038,genetic_association,False,False,,,,0.3686,,,,
T2D,ENSG00000011465,DCN,decorin,0.2237066699330976,genetic_association;literature,False,False,0.3151,,,0.3522,,,,
T2D,ENSG00000106628,POLD2,"DNA polymerase delta 2, accessory subunit",0.2229157557450801,genetic_association,False,False,,,,0.3667,,,,
T2D,ENSG00000124164,VAPB,VAMP associated protein B and C,0.22287934784867797,genetic_association,False,False,0.095,,,0.3619,,,,
T2D,ENSG00000139990,DCAF5,DDB1 and CUL4 associated factor 5,0.22285985274283354,genetic_association,False,False,0.0486,,,0.3642,,,,
T2D,ENSG00000147536,GINS4,GINS complex subunit 4,0.22279345797183236,genetic_association,False,False,,,,0.3665,,,,
T2D,ENSG00000128915,ICE2,interactor of little elongation complex ELL subunit 2,0.2226889343409675,genetic_association,False,False,,,,0.3663,,,,
T2D,ENSG00000163554,SPTA1,"spectrin alpha, erythrocytic 1",0.22225994841208677,genetic_association,False,False,0.0365,,,0.3638,,,,
T2D,ENSG00000130783,CCDC62,coiled-coil domain containing 62,0.22223847820712492,genetic_association,False,False,,,,0.3656,,,,
T2D,ENSG00000198625,MDM4,MDM4 regulator of p53,0.22214197595934268,genetic_association,False,False,0.0502,,,0.3629,,,,
T2D,ENSG00000170606,HSPA4,heat shock protein family A (Hsp70) member 4,0.22195613163836272,genetic_association,False,False,0.0881,,,0.3607,,,,
T2D,ENSG00000095485,CWF19L1,CWF19 like cell cycle control factor 1,0.22184138636489018,genetic_association,False,False,0.0608,,,0.3619,,,,
T2D,ENSG00000184508,HDDC3,HD domain containing 3,0.22166936108222265,genetic_association,False,False,,,,0.3646,,,,
T2D,ENSG00000153214,TMEM87B,transmembrane protein 87B,0.22156065722479343,genetic_association,False,False,,,,0.3645,,,,
T2D,ENSG00000183638,RP1L1,RP1 like 1,0.221139370389752,genetic_association,False,False,0.0912,,,0.3592,,,,
T2D,ENSG00000173334,TRIB1,tribbles pseudokinase 1,0.22112486407641713,genetic_association,False,False,0.0761,,,0.3599,,,,
T2D,ENSG00000118997,DNAH7,dynein axonemal heavy chain 7,0.22068272625214022,genetic_association,False,False,0.0243,,,0.3618,,,,
T2D,ENSG00000156170,NDUFAF6,NADH:ubiquinone oxidoreductase complex assembly factor 6,0.22066639355796114,genetic_association,False,False,0.0956,,,0.3582,,,,
T2D,ENSG00000099625,CBARP,CACN subunit beta associated regulatory protein,0.22029117010018515,genetic_association,False,False,,,,0.3624,,,,
T2D,ENSG00000077782,FGFR1,fibroblast growth factor receptor 1,0.22013073334980882,genetic_association;literature,False,False,0.3744,,,0.3434,,,,
T2D,ENSG00000139352,ASCL1,achaete-scute family bHLH transcription factor 1,0.21995441898160611,genetic_association,False,False,0.079,,,0.3579,,,,
T2D,ENSG00000064205,CCN5,cellular communication network factor 5,0.21970192468352537,genetic_association;literature,False,False,0.7159,,,0.3256,,,,
T2D,ENSG00000138587,MNS1,meiosis specific nuclear structural 1,0.21936397831048224,genetic_association,False,False,,,,0.3608,,,,
T2D,ENSG00000243708,PLA2G4B,phospholipase A2 group IVB,0.21936256591744707,genetic_association,False,False,0.0912,,,0.3563,,,,
T2D,ENSG00000277149,TYW1B,tRNA-yW synthesizing protein 1 homolog B,0.21934661971383,genetic_association,False,False,,,,0.3608,,,,
T2D,ENSG00000196557,CACNA1H,calcium voltage-gated channel subunit alpha1 H,0.2190556127190051,genetic_association,False,False,0.0434,,,0.3582,,,,
T2D,ENSG00000136861,CDK5RAP2,CDK5 regulatory subunit associated protein 2,0.21898629278419326,genetic_association,False,False,0.0182,,,0.3593,,,,
T2D,ENSG00000187323,DCC,DCC netrin 1 receptor,0.2187827534577136,genetic_association,False,False,0.0608,,,0.3568,,,,
T2D,ENSG00000172986,GXYLT2,glucoside xylosyltransferase 2,0.21871001680514734,genetic_association,False,False,,,,0.3598,,,,
T2D,ENSG00000112541,PDE10A,phosphodiesterase 10A,0.21864054312115652,animal_model;genetic_association,False,False,,0.321,,0.3436,,,,
T2D,ENSG00000081665,ZNF506,zinc finger protein 506,0.2182759159190556,genetic_association,False,False,,,,0.359,,,,
T2D,ENSG00000145375,AFG2A,AAA ATPase AFG2A,0.2179199765729808,genetic_association,False,False,,,,0.3585,,,,
T2D,ENSG00000166069,TMCO5A,transmembrane and coiled-coil domains 5A,0.21770035437453078,genetic_association,False,False,0.0517,,,0.3555,,,,
T2D,ENSG00000172179,PRL,prolactin,0.21758304053172026,animal_model;genetic_association;literature,False,False,0.9352,0.2584,,0.3054,,,,
T2D,ENSG00000197891,SLC22A12,solute carrier family 22 member 12,0.2175437587004459,clinical;literature,False,False,0.2481,,0.3411,0.0389,,,,
T2D,ENSG00000115592,PRKAG3,protein kinase AMP-activated non-catalytic subunit gamma 3,0.217513741065146,genetic_association,False,False,0.0681,,,0.3544,,,,
T2D,ENSG00000134323,MYCN,"MYCN proto-oncogene, bHLH transcription factor",0.2174716803750359,genetic_association;literature,False,False,0.2032,,,0.3476,,,,
T2D,ENSG00000131446,MGAT1,"alpha-1,3-mannosyl-glycoprotein 2-beta-N-acetylglucosaminyltransferase",0.21733790593465563,genetic_association,False,False,0.0453,,,0.3552,,,,
T2D,ENSG00000262246,CORO7,coronin 7,0.2172938334876466,genetic_association,False,False,,,,0.3574,,,,
T2D,ENSG00000179142,CYP11B2,cytochrome P450 family 11 subfamily B member 2,0.21685692550324245,animal_model;clinical;literature,False,False,0.241,0.3399,0.3344,,,,,
T2D,ENSG00000150275,PCDH15,protocadherin related 15,0.21667504798008128,genetic_association,False,False,,,,0.3564,,,,
T2D,ENSG00000109819,PPARGC1A,PPARG coactivator 1 alpha,0.2166307758413269,animal_model;genetic_association;literature,False,False,0.9123,0.3366,,0.3032,,,,
T2D,ENSG00000188779,SKOR1,SKI family transcriptional corepressor 1,0.21640215955772008,genetic_association;literature,False,False,0.1945,,,0.3462,,,,
T2D,ENSG00000176887,SOX11,SRY-box transcription factor 11,0.2163688388105476,genetic_association,False,False,0.0152,,,0.3552,,,,
T2D,ENSG00000237289,CKMT1B,"creatine kinase, mitochondrial 1B",0.21626036641598903,genetic_association,False,False,,,,0.3557,,,,
T2D,ENSG00000147647,DPYS,dihydropyrimidinase,0.2162426750945437,genetic_association,False,False,,,,0.3557,,,,
T2D,ENSG00000133739,LRRCC1,leucine rich repeat and coiled-coil centrosomal protein 1,0.21621991438732985,genetic_association,False,False,0.0304,,,0.3541,,,,
T2D,ENSG00000177432,NAP1L5,nucleosome assembly protein 1 like 5,0.2162021088288425,genetic_association,False,False,,,,0.3556,,,,
T2D,ENSG00000102109,PCSK1N,proprotein convertase subtilisin/kexin type 1 inhibitor,0.2161927404006212,genetic_association;literature,False,False,0.17,,,0.3471,,,,
T2D,ENSG00000170324,FRMPD2,FERM and PDZ domain containing 2,0.2161576774483728,genetic_association,False,False,,,,0.3556,,,,
T2D,ENSG00000090581,GNPTG,N-acetylglucosamine-1-phosphate transferase subunit gamma,0.21608630958651806,genetic_association,False,False,,,,0.3554,,,,
T2D,ENSG00000064835,POU1F1,POU class 1 homeobox 1,0.21598984553645992,genetic_association,False,False,,,,0.3553,,,,
T2D,ENSG00000110435,PDHX,pyruvate dehydrogenase complex component X,0.21575159486972553,genetic_association,False,False,,,,0.3549,,,,
T2D,ENSG00000204271,SPIN3,spindlin family member 3,0.2154162654151947,genetic_association,False,False,,,,0.3543,,,,
T2D,ENSG00000185122,HSF1,heat shock transcription factor 1,0.21521943080048672,genetic_association;literature,False,False,0.7732,,,0.3154,,,,
T2D,ENSG00000249853,HS3ST5,heparan sulfate-glucosamine 3-sulfotransferase 5,0.21521769686495137,genetic_association,False,False,,,,0.354,,,,
T2D,ENSG00000149177,PTPRJ,protein tyrosine phosphatase receptor type J,0.21512968456938786,genetic_association,False,False,0.0355,,,0.3521,,,,
T2D,ENSG00000099785,MARCHF2,membrane associated ring-CH-type finger 2,0.21512880763288633,genetic_association,False,False,0.0684,,,0.3505,,,,
T2D,ENSG00000163935,SFMBT1,Scm like with four mbt domains 1,0.21512179954006147,genetic_association,False,False,0.0608,,,0.3508,,,,
T2D,ENSG00000152620,NADK2,"NAD kinase 2, mitochondrial",0.21505384665350366,genetic_association;literature,False,False,0.4955,,,0.329,,,,
T2D,ENSG00000139531,SUOX,sulfite oxidase,0.21504554064761308,genetic_association,False,False,0.079,,,0.3498,,,,
T2D,ENSG00000184226,PCDH9,protocadherin 9,0.2148990256328566,genetic_association,False,False,0.038,,,0.3516,,,,
T2D,ENSG00000075275,CELSR1,cadherin EGF LAG seven-pass G-type receptor 1,0.21450230631997733,genetic_association,False,False,,,,0.3528,,,,
T2D,ENSG00000130173,ANGPTL8,angiopoietin like 8,0.21432008489023383,genetic_literature;literature,False,False,0.9715,,,,,0.304,,
T2D,ENSG00000182747,SLC35D3,solute carrier family 35 member D3,0.21422302665256582,genetic_association,False,False,,,,0.3524,,,,
T2D,ENSG00000187164,SHTN1,shootin 1,0.21415324921414805,genetic_association,False,False,,,,0.3523,,,,
T2D,ENSG00000166507,NDST2,N-deacetylase and N-sulfotransferase 2,0.21404471966435398,genetic_association,False,False,,,,0.3521,,,,
T2D,ENSG00000143368,SF3B4,splicing factor 3b subunit 4,0.2139722368302444,genetic_association,False,False,,,,0.352,,,,
T2D,ENSG00000178750,STX19,syntaxin 19,0.21381399261270906,genetic_association,False,False,,,,0.3517,,,,
T2D,ENSG00000160882,CYP11B1,cytochrome P450 family 11 subfamily B member 1,0.21360052491429685,animal_model;clinical,False,False,,0.3399,0.3344,,,,,
T2D,ENSG00000144366,GULP1,GULP PTB domain containing engulfment adaptor 1,0.21327935903862555,genetic_association,False,False,0.0593,,,0.3479,,,,
T2D,ENSG00000198873,GRK5,G protein-coupled receptor kinase 5,0.21282206357057956,genetic_association;literature,False,False,0.6929,,,0.3154,,,,
T2D,ENSG00000123636,BAZ2B,bromodomain adjacent to zinc finger domain 2B,0.21251789240087388,genetic_association,False,False,0.0304,,,0.3478,0.0097,,,
T2D,ENSG00000102678,FGF9,fibroblast growth factor 9,0.21225090737661603,genetic_association;literature,False,False,0.322,,,0.333,,,,
T2D,ENSG00000266028,SRGAP2,SLIT-ROBO Rho GTPase activating protein 2,0.21211394435040518,genetic_association;literature,False,False,0.1094,,,0.3434,,,,
T2D,ENSG00000146955,RAB19,"RAB19, member RAS oncogene family",0.21175556000854318,genetic_association,False,False,,,,0.3483,,,,
T2D,ENSG00000138439,FAM117B,family with sequence similarity 117 member B,0.21167444476353234,genetic_association,False,False,,,,0.3482,,,,
T2D,ENSG00000156218,ADAMTSL3,ADAMTS like 3,0.2116490665160316,genetic_association,False,False,0.0669,,,0.3448,,,,
T2D,ENSG00000204256,BRD2,bromodomain containing 2,0.21154870618880237,animal_model;clinical;literature,False,False,0.7193,0.3624,0.304,,,,,
T2D,ENSG00000048405,ZNF800,zinc finger protein 800,0.21118908818625504,genetic_association,False,False,0.0562,,,0.3446,,,,
T2D,ENSG00000137073,UBAP2,ubiquitin associated protein 2,0.21116378484883652,genetic_association,False,False,0.0887,,,0.3429,,,,
T2D,ENSG00000158528,PPP1R9A,protein phosphatase 1 regulatory subunit 9A,0.21115206240209033,genetic_association,False,False,,,,0.3473,,,,
T2D,ENSG00000188641,DPYD,dihydropyrimidine dehydrogenase,0.21112880012028226,genetic_association,False,False,,,,0.3473,,,,
T2D,ENSG00000173706,HEG1,heart development protein with EGF like domains 1,0.21081051253960792,genetic_association,False,False,0.0122,,,0.3462,,,,
T2D,ENSG00000159224,GIP,gastric inhibitory polypeptide,0.21056494252917604,animal_model;genetic_association;literature,False,False,0.9433,0.2945,,0.2927,,,,
T2D,ENSG00000127415,IDUA,alpha-L-iduronidase,0.20984421367838485,genetic_association,False,False,0.0304,,,0.3437,,,,
T2D,ENSG00000101052,IFT52,intraflagellar transport 52,0.20983996768780905,genetic_association,False,False,,,,0.3452,,,,
T2D,ENSG00000131808,FSHB,follicle stimulating hormone subunit beta,0.2096392324043417,genetic_association,False,False,0.0454,,,0.3426,,,,
T2D,ENSG00000162869,PPP1R21,protein phosphatase 1 regulatory subunit 21,0.20962789831279002,genetic_association,False,False,,,,0.3448,,,,
T2D,ENSG00000100354,TNRC6B,trinucleotide repeat containing adaptor 6B,0.20958945517396138,genetic_association;literature,False,False,0.4531,,,0.3221,,,,
T2D,ENSG00000158805,ZNF276,zinc finger protein 276,0.20958613400836845,genetic_association,False,False,,,,0.3448,,,,
T2D,ENSG00000114405,CEP15,centrosomal protein 15,0.20949152775600374,genetic_association,False,False,,,,0.3446,,,,
T2D,ENSG00000153885,KCTD15,potassium channel tetramerization domain containing 15,0.2090327346146054,genetic_association,False,False,0.0982,,,0.3389,,,,
T2D,ENSG00000147889,CDKN2A,cyclin dependent kinase inhibitor 2A,0.20900992975719304,genetic_association;literature,False,False,0.8986,,,0.2989,,,,
T2D,ENSG00000154217,PITPNC1,phosphatidylinositol transfer protein cytoplasmic 1,0.20896483663454687,genetic_association,False,False,0.0503,,,0.3412,,,,
T2D,ENSG00000146166,LGSN,"lengsin, lens protein with glutamine synthetase domain",0.20870905041952414,genetic_association,False,False,,,,0.3433,,,,
T2D,ENSG00000163673,DCLK3,doublecortin like kinase 3,0.20852895335586608,genetic_association,False,False,0.0226,,,0.3419,,,,
T2D,ENSG00000140598,EFL1,elongation factor like GTPase 1,0.20852514279450166,genetic_association,False,False,,,,0.343,,,,
T2D,ENSG00000129910,CDH15,cadherin 15,0.20845338438257946,genetic_association,False,False,,,,0.3429,,,,
T2D,ENSG00000242689,CNTF,ciliary neurotrophic factor,0.20822619465035297,genetic_association;literature,False,False,0.1806,,,0.3335,,,,
T2D,ENSG00000170142,UBE2E1,ubiquitin conjugating enzyme E2 E1,0.20764185014723383,genetic_association,False,False,,,,0.3416,,,,
T2D,ENSG00000197756,RPL37A,ribosomal protein L37a,0.2074680527214672,genetic_association,False,False,,,,0.3413,,,,
T2D,ENSG00000137478,FCHSD2,FCH and double SH3 domains 2,0.20741724124778585,genetic_association;literature,False,False,0.1602,,,0.3332,,,,
T2D,ENSG00000035403,VCL,vinculin,0.20723851092212012,genetic_association,False,False,0.0486,,,0.3385,,,,
T2D,ENSG00000146373,RNF217,ring finger protein 217,0.20722472396687244,genetic_association,False,False,,,,0.3409,,,,
T2D,ENSG00000124181,PLCG1,phospholipase C gamma 1,0.20714437016755902,genetic_association;literature,False,False,0.1845,,,0.3315,,,,
T2D,ENSG00000135250,SRPK2,SRSF protein kinase 2,0.20712539666699306,genetic_association,False,False,,,,0.3407,,,,
T2D,ENSG00000228075,BOD1L2,biorientation of chromosomes in cell division 1 like 2,0.20681446007017054,genetic_association,False,False,,,,0.3402,,,,
T2D,ENSG00000115295,CLIP4,CAP-Gly domain containing linker protein family member 4,0.20680221396206278,genetic_association,False,False,,,,0.3402,,,,
T2D,ENSG00000163376,KBTBD8,kelch repeat and BTB domain containing 8,0.2066168215063757,genetic_association,False,False,0.0304,,,0.3383,,,,
T2D,ENSG00000254656,RTL1,retrotransposon Gag like 1,0.20657645493224497,genetic_association,False,False,0.0122,,,0.3392,,,,
T2D,ENSG00000115221,ITGB6,integrin subunit beta 6,0.20649907964141595,genetic_association;literature,False,False,0.1649,,,0.3314,,,,
T2D,ENSG00000198825,INPP5F,inositol polyphosphate-5-phosphatase F,0.20622490485207912,genetic_association;literature,False,False,0.164,,,0.331,,,,
T2D,ENSG00000172590,MRPL52,mitochondrial ribosomal protein L52,0.2061540862581259,genetic_association,False,False,,,,0.3391,,,,
T2D,ENSG00000170927,PKHD1,PKHD1 ciliary IPT domain containing fibrocystin/polyductin,0.20608295116961856,genetic_association,False,False,0.073,,,0.3353,,,,
T2D,ENSG00000157045,NTAN1,N-terminal asparagine amidase,0.20585702714584253,genetic_association,False,False,0.038,,,0.3367,,,,
T2D,ENSG00000214595,EML6,EMAP like 6,0.20571976888300456,genetic_association,False,False,,,,0.3384,,,,
T2D,ENSG00000119938,PPP1R3C,protein phosphatase 1 regulatory subunit 3C,0.20557935912045572,animal_model;genetic_association,False,False,0.04,0.3354,,0.3205,,,,
T2D,ENSG00000140459,CYP11A1,cytochrome P450 family 11 subfamily A member 1,0.2055768949385566,clinical,True,False,0.0759,,0.3344,,,,,
T2D,ENSG00000129911,KLF16,KLF transcription factor 16,0.2053862221266112,genetic_association,False,False,0.0152,,,0.3371,,,,
T2D,ENSG00000100319,ZMAT5,zinc finger matrin-type 5,0.20529966826462745,genetic_association,False,False,,,,0.3377,,,,
T2D,ENSG00000170571,EMB,embigin,0.2051896189090564,genetic_association,False,False,,,,0.3375,,,,
T2D,ENSG00000122958,VPS26A,VPS26 retromer complex component A,0.2051765269294557,genetic_association,False,False,0.0526,,,0.3349,,,,
T2D,ENSG00000120647,CCDC77,coiled-coil domain containing 77,0.20493593214405698,genetic_association,False,False,,,,0.3371,,,,
T2D,ENSG00000205482,SPDYE18,speedy/RINGO cell cycle regulator family member E18,0.20430346724941034,genetic_association,False,False,,,,0.3361,,,,
T2D,ENSG00000213186,TRIM59,tripartite motif containing 59,0.20430231199833343,genetic_association,False,False,,,,0.3361,,,,
T2D,ENSG00000128567,PODXL,podocalyxin like,0.20425458126580814,genetic_association;literature,False,False,0.3617,,,0.3179,,,,
T2D,ENSG00000244067,GSTA2,glutathione S-transferase alpha 2,0.20411676942976384,genetic_association,False,False,0.0424,,,0.3336,,,,
T2D,ENSG00000181449,SOX2,SRY-box transcription factor 2,0.20386836990590013,genetic_association;literature,False,False,0.1854,,,0.3261,,,,
T2D,ENSG00000102543,CDADC1,cytidine and dCMP deaminase domain containing 1,0.20377866804391112,genetic_association,False,False,,,,0.3352,,,,
T2D,ENSG00000050344,NFE2L3,NFE2 like bZIP transcription factor 3,0.2036691128986256,genetic_association,False,False,,,,0.335,,,,
T2D,ENSG00000175121,WFDC5,WAP four-disulfide core domain 5,0.20351060108621935,genetic_association,False,False,,,,0.3348,,,,
T2D,ENSG00000032219,ARID4A,AT-rich interaction domain 4A,0.2033685236566007,genetic_association,False,False,,,,0.3345,,,,
T2D,ENSG00000138018,SELENOI,selenoprotein I,0.20307402852539716,genetic_association,False,False,,,,0.334,,,,
T2D,ENSG00000124232,RBPJL,recombination signal binding protein for immunoglobulin kappa J region like,0.2028056619948458,genetic_association;literature,False,False,0.5927,,,0.304,,,,
T2D,ENSG00000185862,EVI2B,ecotropic viral integration site 2B,0.2026071393211371,genetic_association,False,False,,,,0.3333,,,,
T2D,ENSG00000170525,PFKFB3,"6-phosphofructo-2-kinase/fructose-2,6-biphosphatase 3",0.20256226858298537,genetic_association;literature,False,False,0.4455,,,0.3107,0.0104,,,
T2D,ENSG00000065361,ERBB3,erb-b2 receptor tyrosine kinase 3,0.20253255136077486,genetic_association;literature,False,False,0.1016,,,0.3281,,,,
T2D,ENSG00000165879,FRAT1,FRAT regulator of Wnt signaling pathway 1,0.20250678000115716,genetic_association,False,False,,,,0.3331,,,,
T2D,ENSG00000133789,SWAP70,switching B cell complex subunit SWAP70,0.2020211924756034,genetic_association,False,False,0.035,,,0.3306,,,,
T2D,ENSG00000062716,VMP1,vacuole membrane protein 1,0.20184710119374216,genetic_association,False,False,0.0942,,,0.3273,,,,
T2D,ENSG00000283267,FAM237B,family with sequence similarity 237 member B,0.2017882449993553,genetic_association,False,False,,,,0.3319,,,,
T2D,ENSG00000164733,CTSB,cathepsin B,0.20171802685341575,genetic_association;literature,False,False,0.2514,,,0.3192,,,,
T2D,ENSG00000183955,KMT5A,lysine methyltransferase 5A,0.2014694194732374,genetic_association;literature,False,False,0.1095,,,0.3259,,,,
T2D,ENSG00000148019,CEP78,centrosomal protein 78,0.20119364147081914,genetic_association,False,False,,,,0.3309,,,,
T2D,ENSG00000134825,TMEM258,transmembrane protein 258,0.2010062238144683,genetic_association,False,False,0.0494,,,0.3282,,,,
T2D,ENSG00000164134,NAA15,"N-alpha-acetyltransferase 15, NatA auxiliary subunit",0.20089785877604274,genetic_association,False,False,0.0182,,,0.3295,,,,
T2D,ENSG00000107201,RIGI,RNA sensor RIG-I,0.2005639095978142,genetic_association;literature,False,False,0.2285,,,0.3185,,,,
T2D,ENSG00000149100,EIF3M,eukaryotic translation initiation factor 3 subunit M,0.20052609251964273,genetic_association,False,False,,,,0.3299,,,,
T2D,ENSG00000163071,SPATA18,spermatogenesis associated 18,0.20045031812875044,genetic_association,False,False,0.0971,,,0.3249,,,,
T2D,ENSG00000205002,AARD,alanine and arginine rich domain containing protein,0.2002731587355547,genetic_association,False,False,,,,0.3294,,,,
T2D,ENSG00000198793,MTOR,mechanistic target of rapamycin kinase,0.2001494757575736,genetic_association;literature,False,False,0.5437,,,0.302,,,,
T2D,ENSG00000131910,NR0B2,nuclear receptor subfamily 0 group B member 2,0.20010106672576422,genetic_association;literature,False,False,0.3138,,,0.3135,,,,
T2D,ENSG00000166391,MOGAT2,monoacylglycerol O-acyltransferase 2,0.19933557494362364,animal_model;genetic_association,False,False,0.0523,0.3219,,0.3106,,,,
T2D,ENSG00000138778,CENPE,centromere protein E,0.1993309021392653,genetic_association,False,False,,,,0.3279,,,,
T2D,ENSG00000067208,EVI5,ecotropic viral integration site 5,0.19901159648130304,genetic_association,False,False,,,,0.3274,,,,
T2D,ENSG00000167528,ZNF641,zinc finger protein 641,0.19889202987798935,genetic_association,False,False,0.0304,,,0.3256,,,,
T2D,ENSG00000140553,UNC45A,unc-45 myosin chaperone A,0.19860506047678106,genetic_association,False,False,,,,0.3267,,,,
T2D,ENSG00000105953,OGDH,oxoglutarate dehydrogenase,0.19857888279379118,genetic_association,False,False,0.038,,,0.3247,,,,
T2D,ENSG00000139304,PTPRQ,protein tyrosine phosphatase receptor type Q,0.19824275251428183,genetic_association,False,False,0.0304,,,0.3246,,,,
T2D,ENSG00000018236,CNTN1,contactin 1,0.19823501709454394,genetic_association,False,False,0.0365,,,0.3243,,,,
T2D,ENSG00000204138,PHACTR4,phosphatase and actin regulator 4,0.19818402318303976,genetic_association,False,False,,,,0.326,,,,
T2D,ENSG00000049618,ARID1B,AT-rich interaction domain 1B,0.1980869503859723,genetic_association,False,False,0.0334,,,0.3242,,,,
T2D,ENSG00000147679,UTP23,UTP23 small subunit processome component,0.19787545168583257,genetic_association,False,False,,,,0.3255,,,,
T2D,ENSG00000136193,SCRN1,secernin 1,0.19782790760755736,genetic_association,False,False,,,,0.3254,,,,
T2D,ENSG00000221954,OR4C12,olfactory receptor family 4 subfamily C member 12,0.19772183868247153,genetic_association,False,False,,,,0.3252,,,,
T2D,ENSG00000061987,MON2,MON2 regulator of endosome-to-Golgi trafficking,0.19754587446931035,genetic_association,False,False,,,,0.3249,,,,
T2D,ENSG00000143333,RGS16,regulator of G protein signaling 16,0.19750865135413886,genetic_association,False,False,0.0493,,,0.3224,,,,
T2D,ENSG00000146872,TLK2,tousled like kinase 2,0.19732488279213356,genetic_association,False,False,,,,0.3246,,,,
T2D,ENSG00000166780,BMERB1,bMERB domain containing 1,0.1972769052155217,genetic_association,False,False,,,,0.3245,,,,
T2D,ENSG00000186198,SLC51B,SLC51 subunit beta,0.19714098740526437,genetic_association,False,False,,,,0.3243,,,,
T2D,ENSG00000189337,KAZN,"kazrin, periplakin interacting protein",0.19701754421238368,genetic_association,False,False,,,,0.3241,,,,
T2D,ENSG00000185666,SYN3,synapsin III,0.19694162788787506,genetic_association,False,False,,,,0.324,,,,
T2D,ENSG00000149970,CNKSR2,connector enhancer of kinase suppressor of Ras 2,0.1966271244812709,genetic_association,False,False,,,,0.3234,,,,
T2D,ENSG00000275342,PRAG1,"PEAK1 related, kinase-activating pseudokinase 1",0.19625232946972598,genetic_association,False,False,0.0304,,,0.3213,,,,
T2D,ENSG00000107295,SH3GL2,"SH3 domain containing GRB2 like 2, endophilin A1",0.19607452684258603,genetic_association;literature,False,False,0.1062,,,0.3172,,,,
T2D,ENSG00000164442,CITED2,Cbp/p300 interacting transactivator with ED-rich tail 2,0.19606210074538724,genetic_association;literature,False,False,0.2626,,,0.3094,,,,
T2D,ENSG00000149782,PLCB3,phospholipase C beta 3,0.1955458593851044,genetic_association,False,False,0.0747,,,0.3179,,,,
T2D,ENSG00000128563,PRKRIP1,PRKR interacting protein 1,0.19547116732984887,genetic_association,False,False,,,,0.3215,,,,
T2D,ENSG00000130921,MTRFR,mitochondrial translation release factor in rescue,0.1954633466516946,genetic_association,False,False,0.0881,,,0.3171,,,,
T2D,ENSG00000167703,SLC43A2,solute carrier family 43 member 2,0.19539347126860643,genetic_association,False,False,0.0697,,,0.3179,,,,
T2D,ENSG00000007866,TEAD3,TEA domain transcription factor 3,0.19537486862206066,genetic_association;literature,False,False,0.1337,,,0.3147,,,,
T2D,ENSG00000122877,EGR2,early growth response 2,0.19508179009004334,genetic_association;literature,False,False,0.3871,,,0.3015,,,,
T2D,ENSG00000086300,SNX10,sorting nexin 10,0.1949272773858087,genetic_association,False,False,,,,0.32,0.0124,,,
T2D,ENSG00000134146,DPH6,diphthamine biosynthesis 6,0.19489974145055403,genetic_association,False,False,0.038,,,0.3187,,,,
T2D,ENSG00000139117,CPNE8,copine 8,0.19479598666216622,genetic_association,False,False,,,,0.3204,,,,
T2D,ENSG00000197124,ZNF682,zinc finger protein 682,0.19476792625937675,genetic_association,False,False,,,,0.3204,,,,
T2D,ENSG00000170549,IRX1,iroquois homeobox 1,0.19475808247628706,genetic_association,False,False,0.0414,,,0.3183,,,,
T2D,ENSG00000111046,MYF6,myogenic factor 6,0.19461916308606705,genetic_association,False,False,0.0684,,,0.3167,,,,
T2D,ENSG00000155363,MOV10,Mov10 RNA helicase,0.19456464563766748,genetic_association,False,False,,,,0.32,,,,
T2D,ENSG00000188738,FSIP2,fibrous sheath interacting protein 2,0.1943292692350924,genetic_association,False,False,,,,0.3197,,,,
T2D,ENSG00000130208,APOC1,apolipoprotein C1,0.19421322374528815,genetic_association;literature,False,False,0.5384,,,0.2925,,,,
T2D,ENSG00000163933,RFT1,RFT1 glycolipid translocator homolog,0.1941192082557639,genetic_association,False,False,,,,0.3193,,,,
T2D,ENSG00000162923,WDR26,WD repeat domain 26,0.1940405614080311,genetic_association,False,False,,,,0.3192,,,,
T2D,ENSG00000146263,MMS22L,"MMS22 like, DNA repair protein",0.1938288438034312,genetic_association,False,False,,,,0.3188,,,,
T2D,ENSG00000141867,BRD4,bromodomain containing 4,0.19373242764701323,clinical;literature,False,False,0.2942,,0.304,,,,,
T2D,ENSG00000174145,NWD2,NACHT and WD repeat domain containing 2,0.19362595969788915,genetic_association,False,False,,,,0.3185,,,,
T2D,ENSG00000129472,RAB2B,"RAB2B, member RAS oncogene family",0.19313780423873472,genetic_association,False,False,,,,0.3177,,,,
T2D,ENSG00000137948,BRDT,bromodomain testis associated,0.19299544125284301,clinical,True,False,,,0.304,0.054,,,,
T2D,ENSG00000184060,ADAP2,ArfGAP with dual PH domains 2,0.19288233768368895,genetic_association,False,False,,,,0.3173,,,,
T2D,ENSG00000153208,MERTK,"MER proto-oncogene, tyrosine kinase",0.19283062387666086,genetic_association;literature,False,False,0.4617,,,0.2941,,,,
T2D,ENSG00000122194,PLG,plasminogen,0.19230130517413846,genetic_association;literature,False,False,0.2144,,,0.3056,,,,
T2D,ENSG00000184428,TOP1MT,DNA topoisomerase I mitochondrial,0.19225542359469638,genetic_association,False,False,,,,0.3162,,,,
T2D,ENSG00000152192,POU4F1,POU class 4 homeobox 1,0.1915853993868606,genetic_association,False,False,,,,0.3151,,,,
T2D,ENSG00000137135,ARHGEF39,Rho guanine nucleotide exchange factor 39,0.19137429858518745,genetic_association,False,False,,,,0.3148,,,,
T2D,ENSG00000172987,HPSE2,heparanase 2 (inactive),0.19134253411560792,genetic_association,False,False,0.0304,,,0.3132,,,,
T2D,ENSG00000132874,SLC14A2,solute carrier family 14 member 2,0.1908951301350032,animal_model;genetic_association,False,False,,0.2893,,0.2995,,,,
T2D,ENSG00000174844,DNAH12,dynein axonemal heavy chain 12,0.1908655242853395,genetic_association,False,False,,,,0.314,,,,
T2D,ENSG00000260230,FRRS1L,ferric chelate reductase 1 like,0.19067335774255703,genetic_association,False,False,,,,0.3136,,,,
T2D,ENSG00000102103,PQBP1,polyglutamine binding protein 1,0.1905317781801371,genetic_association,False,False,,,,0.3134,,,,
T2D,ENSG00000147324,MFHAS1,multifunctional ROCO family signaling regulator 1,0.1903901755076474,genetic_association,False,False,0.0942,,,0.3085,,,,
T2D,ENSG00000156103,MMP16,matrix metallopeptidase 16,0.1902448222829661,genetic_association,False,False,,,,0.3129,,,,
T2D,ENSG00000188523,CFAP77,cilia and flagella associated protein 77,0.19018935407691237,genetic_association,False,False,,,,0.3128,,,,
T2D,ENSG00000113282,CLINT1,clathrin interactor 1,0.1901178930521156,genetic_association,False,False,,,,0.3127,,,,
T2D,ENSG00000127418,FGFRL1,fibroblast growth factor receptor like 1,0.1898335181487402,genetic_association,False,False,0.0334,,,0.3106,,,,
T2D,ENSG00000141448,GATA6,GATA binding protein 6,0.189730852025468,genetic_association;literature,False,False,0.1432,,,0.3049,,,,
T2D,ENSG00000103494,RPGRIP1L,RPGRIP1 like,0.1895270986536769,genetic_association,False,False,0.0348,,,0.31,,,,
T2D,ENSG00000105610,KLF1,KLF transcription factor 1,0.1894622644216785,genetic_association,False,False,,,,0.3117,,,,
T2D,ENSG00000164743,C8orf48,chromosome 8 open reading frame 48,0.18928058307908038,genetic_association,False,False,,,,0.3114,,,,
T2D,ENSG00000178425,NT5DC1,5'-nucleotidase domain containing 1,0.18912548186468953,genetic_association,False,False,0.0122,,,0.3105,,,,
T2D,ENSG00000188906,LRRK2,leucine rich repeat kinase 2,0.1885926145709411,genetic_association;literature,False,False,0.1994,,,0.3002,,,,
T2D,ENSG00000115963,RND3,Rho family GTPase 3,0.1885579269149941,genetic_association;literature,False,False,0.156,,,0.3024,,,,
T2D,ENSG00000139220,PPFIA2,PPFI scaffold protein A2,0.1879320976805182,genetic_association,False,False,,,,0.3091,,,,
T2D,ENSG00000177628,GBA1,glucosylceramidase beta 1,0.1875303796731521,genetic_association,False,False,0.0755,,,0.3047,,,,
T2D,ENSG00000146909,NOM1,nucleolar protein with MIF4G domain 1,0.18739529586447584,genetic_association,False,False,,,,0.3083,,,,
T2D,ENSG00000110696,C11orf58,chromosome 11 open reading frame 58,0.18724218157829536,genetic_association,False,False,,,,0.308,,,,
T2D,ENSG00000184381,PLA2G6,phospholipase A2 group VI,0.18708069753100173,genetic_association;literature,False,False,0.1775,,,0.2989,,,,
T2D,ENSG00000060718,COL11A1,collagen type XI alpha 1 chain,0.18675772693670134,genetic_association,False,False,,,,0.3072,,,,
T2D,ENSG00000171224,FAM241B,family with sequence similarity 241 member B,0.1863351221118597,genetic_association,False,False,,,,0.3065,,,,
T2D,ENSG00000241852,C8orf58,chromosome 8 open reading frame 58,0.1862145713808572,genetic_association,False,False,,,,0.3063,,,,
T2D,ENSG00000136485,DCAF7,DDB1 and CUL4 associated factor 7,0.1860588812808325,genetic_association,False,False,,,,0.3061,,,,
T2D,ENSG00000053524,MCF2L2,MCF.2 cell line derived transforming sequence-like 2,0.18534429712437792,genetic_literature,False,False,0.0182,,,,,0.304,,
T2D,ENSG00000133818,RRAS2,RAS related 2,0.1853043969360801,genetic_association,False,False,0.0304,,,0.3033,,,,
T2D,ENSG00000038945,MSR1,macrophage scavenger receptor 1,0.18499196258036604,genetic_association;literature,False,False,0.2169,,,0.2935,,,,
T2D,ENSG00000138646,HERC5,HECT and RLD domain containing E3 ubiquitin protein ligase 5,0.18489685994959362,genetic_association,False,False,0.0475,,,0.3018,,,,
T2D,ENSG00000164941,INTS8,integrator complex subunit 8,0.18481110923936886,genetic_association,False,False,0.073,,,0.3004,,,,
T2D,ENSG00000177971,IMP3,IMP U3 small nucleolar ribonucleoprotein 3,0.18479670406758653,genetic_association,False,False,0.0304,,,0.3025,,,,
T2D,ENSG00000149089,APIP,APAF1 interacting protein,0.18471650587553748,genetic_association,False,False,0.0988,,,0.2989,,,,
T2D,ENSG00000165495,PKNOX2,PBX/knotted 1 homeobox 2,0.18469762093395706,genetic_association,False,False,0.0122,,,0.3032,,,,
T2D,ENSG00000151418,ATP6V1G3,ATPase H+ transporting V1 subunit G3,0.18440570493864444,genetic_association,False,False,0.0608,,,0.3003,,,,
T2D,ENSG00000118007,STAG1,STAG1 cohesin complex component,0.18431953080667085,genetic_association,False,False,,,,0.3032,,,,
T2D,ENSG00000104112,SCG3,secretogranin III,0.18430196134329885,animal_model;genetic_association;literature,False,False,0.137,0.348,,0.2827,,,,
T2D,ENSG00000106565,TMEM176B,transmembrane protein 176B,0.18422055246090563,genetic_association,False,False,,,,0.303,,,,
T2D,ENSG00000170633,RNF34,ring finger protein 34,0.18342444957387422,genetic_association,False,False,,,,0.3017,,,,
T2D,ENSG00000134115,CNTN6,contactin 6,0.18335487951265003,genetic_association,False,False,0.0122,,,0.301,,,,
T2D,ENSG00000125398,SOX9,SRY-box transcription factor 9,0.18331758113863492,genetic_association,False,False,0.0883,,,0.2971,,,,
T2D,ENSG00000138101,DTNB,dystrobrevin beta,0.1831789322972473,genetic_association,False,False,0.0453,,,0.2991,,,,
T2D,ENSG00000145743,FBXL17,F-box and leucine rich repeat protein 17,0.18269613473587798,genetic_association,False,False,,,,0.3005,,,,
T2D,ENSG00000119326,CTNNAL1,catenin alpha like 1,0.1823725894389415,genetic_association,False,False,0.0304,,,0.2985,,,,
T2D,ENSG00000214413,BBIP1,BBSome interacting protein 1,0.18235851782362208,genetic_association,False,False,0.0243,,,0.2988,,,,
T2D,ENSG00000108179,PPIF,peptidylprolyl isomerase F,0.18209271985514033,genetic_association;literature,False,False,0.1307,,,0.293,,,,
T2D,ENSG00000253276,CCDC71L,coiled-coil domain containing 71 like,0.18191819292568753,genetic_association,False,False,0.0304,,,0.2977,,,,
T2D,ENSG00000069275,NUCKS1,nuclear casein kinase and cyclin dependent kinase substrate 1,0.18184380935206246,animal_model;genetic_association,False,False,0.0431,0.3606,,0.2801,,,,
T2D,ENSG00000137502,RAB30,"RAB30, member RAS oncogene family",0.18169831281549945,genetic_association,False,False,,,,0.2989,,,,
T2D,ENSG00000119401,TRIM32,tripartite motif containing 32,0.1813553718666068,genetic_association;literature,False,False,0.1207,,,0.2923,,,,
T2D,ENSG00000166342,NETO1,neuropilin and tolloid like 1,0.18132146825594372,genetic_association,False,False,,,,0.2983,,,,
T2D,ENSG00000156931,VPS8,VPS8 subunit of CORVET complex,0.18128575977222128,genetic_association,False,False,,,,0.2982,,,,
T2D,ENSG00000104324,CPQ,carboxypeptidase Q,0.18125823327174442,genetic_association,False,False,0.0813,,,0.2941,,,,
T2D,ENSG00000203896,LIME1,Lck interacting transmembrane adaptor 1,0.1805778128927758,genetic_association,False,False,,,,0.297,,,,
T2D,ENSG00000169379,ARL13B,ARF like GTPase 13B,0.1804499006322608,genetic_association,False,False,,,,0.2968,,,,
T2D,ENSG00000188394,GPR21,G protein-coupled receptor 21,0.1802604504687872,genetic_association;literature,False,False,0.306,,,0.2812,,,,
T2D,ENSG00000110931,CAMKK2,calcium/calmodulin dependent protein kinase kinase 2,0.1801978741831095,genetic_association;literature,False,False,0.1264,,,0.2901,,,,
T2D,ENSG00000170615,SLC26A5,solute carrier family 26 member 5,0.18003817283886747,genetic_association,False,False,0.0122,,,0.2955,,,,
T2D,ENSG00000178662,CSRNP3,cysteine and serine rich nuclear protein 3,0.18000644617845069,genetic_association,False,False,0.0608,,,0.2931,,,,
T2D,ENSG00000175662,TOM1L2,target of myb1 like 2 membrane trafficking protein,0.17991409922689064,genetic_association,False,False,0.0486,,,0.2935,,,,
T2D,ENSG00000179674,ARL14,ARF like GTPase 14,0.17969728296347148,genetic_association,False,False,,,,0.2956,,,,
T2D,ENSG00000145354,CISD2,CDGSH iron sulfur domain 2,0.17958380291168022,genetic_association,False,False,0.0241,,,0.2942,,,,
T2D,ENSG00000125458,NT5C,"5', 3'-nucleotidase, cytosolic",0.17949165672834655,genetic_association,False,False,0.0152,,,0.2945,,,,
T2D,ENSG00000169230,PRELID1,PRELI domain containing 1,0.1790699040938925,genetic_association,False,False,0.0304,,,0.293,,,,
T2D,ENSG00000115738,ID2,inhibitor of DNA binding 2,0.17865285594263744,genetic_association,False,False,0.0334,,,0.2922,,,,
T2D,ENSG00000100395,L3MBTL2,L3MBTL histone methyl-lysine binding protein 2,0.1783735030309462,genetic_association,False,False,,,,0.2934,,,,
T2D,ENSG00000108443,RPS6KB1,ribosomal protein S6 kinase B1,0.17827473599482985,animal_model;genetic_association;literature,False,False,0.3672,0.4128,,0.2645,,,,
T2D,ENSG00000005243,COPZ2,coat protein complex I subunit zeta 2,0.17824116426862388,genetic_association,False,False,,,,0.2932,,,,
T2D,ENSG00000260811,OR4C45,olfactory receptor family 4 subfamily C member 45 (gene/pseudogene),0.17813479261651924,genetic_association,False,False,,,,0.293,,,,
T2D,ENSG00000071564,TCF3,transcription factor 3,0.1780564811316498,genetic_association,False,False,0.0818,,,0.2888,,,,
T2D,ENSG00000233041,PHGR1,"proline, histidine and glycine rich 1",0.17786260324061065,genetic_association,False,False,,,,0.2926,,,,
T2D,ENSG00000145715,RASA1,RAS p21 protein activator 1,0.17764943989629578,genetic_association,False,False,0.0122,,,0.2916,,,,
T2D,ENSG00000122729,ACO1,aconitase 1,0.17746204898688794,genetic_association,False,False,0.0122,,,0.2913,,,,
T2D,ENSG00000105954,NPVF,neuropeptide VF precursor,0.17721929923401195,genetic_association,False,False,,,,0.2915,,,,
T2D,ENSG00000124496,TRERF1,transcriptional regulating factor 1,0.17708772818087393,genetic_association,False,False,0.0797,,,0.2873,,,,
T2D,ENSG00000116489,CAPZA1,capping actin protein of muscle Z-line subunit alpha 1,0.17705345634708758,genetic_association,False,False,,,,0.2912,,,,
T2D,ENSG00000132294,EFR3A,EFR3 homolog A,0.1769608808363883,genetic_association,False,False,,,,0.2911,,,,
T2D,ENSG00000181555,SETD2,"SET domain containing 2, histone lysine methyltransferase",0.17690610873101206,genetic_association,False,False,0.0406,,,0.289,,,,
T2D,ENSG00000171385,KCND3,potassium voltage-gated channel subfamily D member 3,0.17675916048562842,genetic_association,False,False,0.0629,,,0.2876,,,,
T2D,ENSG00000186094,AGBL4,AGBL carboxypeptidase 4,0.1766494398563154,genetic_association,False,False,0.0152,,,0.2898,,,,
T2D,ENSG00000137642,SORL1,sortilin related receptor 1,0.17656013449137464,genetic_association;literature,False,False,0.2259,,,0.2786,0.0231,,,
T2D,ENSG00000108423,TUBD1,tubulin delta 1,0.17644444055730812,genetic_association,False,False,,,,0.2902,,,,
T2D,ENSG00000104760,FGL1,fibrinogen like 1,0.1762452548065704,animal_model;genetic_association;literature,False,False,0.3717,0.2886,,0.2649,,,,
T2D,ENSG00000154553,PDLIM3,PDZ and LIM domain 3,0.17612889136378934,genetic_association,False,False,0.0304,,,0.2882,,,,
T2D,ENSG00000109920,FNBP4,formin binding protein 4,0.17611048393674675,genetic_association,False,False,,,,0.2897,,,,
T2D,ENSG00000197020,ZNF100,zinc finger protein 100,0.1760055511133755,genetic_association,False,False,0.0304,,,0.288,,,,
T2D,ENSG00000041988,THAP3,THAP domain containing 3,0.17599243592074887,genetic_association,False,False,,,,0.2895,,,,
T2D,ENSG00000111912,NCOA7,nuclear receptor coactivator 7,0.17581641800657097,genetic_association,False,False,0.0304,,,0.2877,,,,
T2D,ENSG00000139350,NEDD1,NEDD1 gamma-tubulin ring complex targeting factor,0.17572684267016386,genetic_association,False,False,,,,0.2891,,,,
T2D,ENSG00000165533,TTC8,tetratricopeptide repeat domain 8,0.1755105158710743,genetic_association,False,False,,,,0.2887,,,,
T2D,ENSG00000147677,EIF3H,eukaryotic translation initiation factor 3 subunit H,0.1753714532856644,genetic_association,False,False,,,,0.2885,,,,
T2D,ENSG00000167004,PDIA3,protein disulfide isomerase family A member 3,0.17520641135367243,genetic_association,False,False,0.0842,,,0.284,,,,
T2D,ENSG00000085721,RRN3,RNA polymerase I transcription factor RRN3,0.17506553401618336,genetic_association,False,False,,,,0.288,,,,
T2D,ENSG00000204160,ZDHHC18,zDHHC palmitoyltransferase 18,0.17479060078995398,genetic_association,False,False,0.0182,,,0.2866,,,,
T2D,ENSG00000108788,MLX,MAX dimerization protein MLX,0.1746502468354019,genetic_association;literature,False,False,0.1513,,,0.2797,,,,
T2D,ENSG00000109332,UBE2D3,ubiquitin conjugating enzyme E2 D3,0.1745239843434258,genetic_association,False,False,0.0393,,,0.2851,,,,
T2D,ENSG00000183117,CSMD1,CUB and Sushi multiple domains 1,0.1743734307809588,genetic_association,False,False,0.0773,,,0.283,,,,
T2D,ENSG00000173068,BNC2,basonuclin zinc finger protein 2,0.17431249040703486,genetic_association,False,False,0.0182,,,0.2858,,,,
T2D,ENSG00000169926,KLF13,KLF transcription factor 13,0.1742825120114874,genetic_association,False,False,0.0426,,,0.2846,,,,
T2D,ENSG00000104756,KCTD9,potassium channel tetramerization domain containing 9,0.17414825949050214,genetic_association,False,False,,,,0.2865,,,,
T2D,ENSG00000101246,ARFRP1,ARF related protein 1,0.17412217111314138,genetic_association,False,False,,,,0.2864,,,,
T2D,ENSG00000138738,PRDM5,PR/SET domain 5,0.17403056390960814,genetic_association,False,False,0.0304,,,0.2847,,,,
T2D,ENSG00000149922,TBX6,T-box transcription factor 6,0.17355547065063623,genetic_association,False,False,,,,0.2855,,,,
T2D,ENSG00000162878,PKDCC,"protein kinase domain containing, cytoplasmic",0.17333271384931012,genetic_association,False,False,,,,0.2851,,,,
T2D,ENSG00000166166,TRMT61A,tRNA methyltransferase 61A,0.17318450354069517,genetic_association,False,False,,,,0.2849,,,,
T2D,ENSG00000214193,MNMIP1,manchette microtubule inner protein 1,0.17317405231074695,genetic_association,False,False,,,,0.2849,,,,
T2D,ENSG00000108395,TRIM37,tripartite motif containing 37,0.17315672122037226,animal_model;genetic_association,False,False,0.0213,0.2712,,0.2708,,,,
T2D,ENSG00000170448,NFXL1,"nuclear transcription factor, X-box binding like 1",0.17293002965285964,genetic_association,False,False,,,,0.2845,,,,
T2D,ENSG00000144712,CAND2,cullin associated and neddylation dissociated 2 (putative),0.17280133863703992,genetic_association,False,False,0.0302,,,0.2827,,,,
T2D,ENSG00000176428,VPS37D,VPS37D subunit of ESCRT-I,0.17227087659660742,genetic_association,False,False,,,,0.2834,,,,
T2D,ENSG00000137877,SPTBN5,"spectrin beta, non-erythrocytic 5",0.17180923264896442,genetic_association,False,False,,,,0.2826,,,,
T2D,ENSG00000070985,TRPM5,transient receptor potential cation channel subfamily M member 5,0.17175045999174554,genetic_association;literature,False,False,0.245,,,0.2703,,,,
T2D,ENSG00000102057,KCND1,potassium voltage-gated channel subfamily D member 1,0.17146142188431687,genetic_association,False,False,,,,0.282,,,,
T2D,ENSG00000129084,PSMA1,proteasome 20S subunit alpha 1,0.1710218941313342,genetic_association,False,False,0.0122,,,0.2807,,,,
T2D,ENSG00000133059,DSTYK,dual serine/threonine and tyrosine protein kinase,0.17094781272990553,genetic_association,False,False,,,,0.2812,,,,
T2D,ENSG00000058063,ATP11B,ATPase phospholipid transporting 11B (putative),0.1709219285958502,genetic_association,False,False,,,,0.2812,,,,
T2D,ENSG00000197548,ATG7,autophagy related 7,0.1705835194823772,genetic_association;literature,False,False,0.2675,,,0.2672,,,,
T2D,ENSG00000107566,ERLIN1,ER lipid raft associated 1,0.17055801304646917,genetic_association,False,False,0.0152,,,0.2798,,,,
T2D,ENSG00000079387,SENP1,SUMO specific peptidase 1,0.17026677743829813,genetic_association;literature,False,False,0.1925,,,0.2704,,,,
T2D,ENSG00000167635,ZNF146,zinc finger protein 146,0.1702602525277236,genetic_association,False,False,0.0963,,,0.2752,,,,
T2D,ENSG00000075891,PAX2,paired box 2,0.1698909319548874,animal_model;genetic_association,False,False,0.0241,0.2514,,0.2664,,,,
T2D,ENSG00000162627,SNX7,sorting nexin 7,0.16982570457998236,genetic_association,False,False,,,,0.2794,,,,
T2D,ENSG00000254636,ARMS2,age-related maculopathy susceptibility 2,0.1697099585624751,genetic_association,False,False,,,,0.2792,,,,
T2D,ENSG00000109610,SOD3,superoxide dismutase 3,0.16957071805576546,genetic_association;literature,False,False,0.6903,,,0.2444,,,,
T2D,ENSG00000125977,EIF2S2,eukaryotic translation initiation factor 2 subunit beta,0.16956800390132534,genetic_association,False,False,0.0122,,,0.2783,,,,
T2D,ENSG00000095397,WHRN,whirlin,0.16933369410253588,genetic_association,False,False,,,,0.2785,,,,
T2D,ENSG00000061492,WNT8A,Wnt family member 8A,0.169249098898246,genetic_association,False,False,0.0714,,,0.2748,,,,
T2D,ENSG00000151322,NPAS3,neuronal PAS domain protein 3,0.16918577554067116,genetic_association,False,False,0.0304,,,0.2768,,,,
T2D,ENSG00000170315,UBB,ubiquitin B,0.16907197336538468,genetic_association;literature,False,False,0.6535,,,0.2454,,,,
T2D,ENSG00000121552,CSTA,cystatin A,0.16900393947562423,genetic_association;literature,False,False,0.1123,,,0.2724,,,,
T2D,ENSG00000159592,GPBP1L1,GC-rich promoter binding protein 1 like 1,0.1686289471942266,genetic_association,False,False,,,,0.2774,,,,
T2D,ENSG00000186665,C17orf58,chromosome 17 open reading frame 58,0.16842812178130376,genetic_association,False,False,0.0304,,,0.2755,,,,
T2D,ENSG00000196350,ZNF729,zinc finger protein 729,0.1683710299489809,genetic_association,False,False,,,,0.277,,,,
T2D,ENSG00000273611,ZNHIT3,zinc finger HIT-type containing 3,0.16829381279796118,genetic_association,False,False,0.0454,,,0.2746,,,,
T2D,ENSG00000165983,PTER,phosphotriesterase related,0.1682662954903017,genetic_association,False,False,0.0304,,,0.2753,,,,
T2D,ENSG00000065325,GLP2R,glucagon like peptide 2 receptor,0.16807798724815412,genetic_association,False,False,0.099,,,0.2715,,,,
T2D,ENSG00000055483,USP36,ubiquitin specific peptidase 36,0.16757463768186381,genetic_association,False,False,0.0441,,,0.2734,,,,
T2D,ENSG00000121988,ZRANB3,zinc finger RANBP2-type containing 3,0.16749302829726892,genetic_association;literature,False,False,0.4451,,,0.2533,,,,
T2D,ENSG00000155875,SAXO1,stabilizer of axonemal microtubules 1,0.16739603883471962,genetic_association,False,False,,,,0.2754,,,,
T2D,ENSG00000086619,ERO1B,endoplasmic reticulum oxidoreductase 1 beta,0.1669485686924932,genetic_association;literature,False,False,0.1562,,,0.2668,,,,
T2D,ENSG00000055147,FAM114A2,family with sequence similarity 114 member A2,0.1668388824915912,genetic_association,False,False,,,,0.2744,,,,
T2D,ENSG00000164663,USP49,ubiquitin specific peptidase 49,0.1666540976745957,genetic_association,False,False,0.0122,,,0.2735,,,,
T2D,ENSG00000185736,ADARB2,adenosine deaminase RNA specific B2 (inactive),0.16655799995484066,genetic_association,False,False,0.0182,,,0.2731,,,,
T2D,ENSG00000182447,OTOL1,otolin 1,0.16653129406229267,genetic_association,False,False,,,,0.2739,,,,
T2D,ENSG00000079102,RUNX1T1,RUNX1 partner transcriptional co-repressor 1,0.16643697518259729,genetic_association,False,False,0.0386,,,0.2718,,,,
T2D,ENSG00000106771,TMEM245,transmembrane protein 245,0.16606000302698434,genetic_association,False,False,,,,0.2732,,,,
T2D,ENSG00000108256,NUFIP2,nuclear FMR1 interacting protein 2,0.16601267883390428,genetic_association,False,False,,,,0.2731,,,,
T2D,ENSG00000143507,DUSP10,dual specificity phosphatase 10,0.16597080204127274,genetic_association;literature,False,False,0.1175,,,0.2671,,,,
T2D,ENSG00000177646,ACAD9,acyl-CoA dehydrogenase family member 9,0.1655625169511603,genetic_association,False,False,,,,0.2723,,,,
T2D,ENSG00000095203,EPB41L4B,erythrocyte membrane protein band 4.1 like 4B,0.16529268827458532,genetic_association,False,False,0.0304,,,0.2704,,,,
T2D,ENSG00000151461,UPF2,UPF2 regulator of nonsense mediated mRNA decay,0.16513693127507803,genetic_association;literature,False,False,0.1216,,,0.2656,,,,
T2D,ENSG00000165140,FBP1,fructose-bisphosphatase 1,0.16438746522759645,genetic_association;literature,False,False,0.4789,,,0.2465,,,,
T2D,ENSG00000149485,FADS1,fatty acid desaturase 1,0.1641472751544282,genetic_association;literature,False,False,0.4878,,,0.2456,,,,
T2D,ENSG00000234906,APOC2,apolipoprotein C2,0.16410862332347695,genetic_association;literature,False,False,0.2407,,,0.2579,,,,
T2D,ENSG00000197157,SND1,staphylococcal nuclease and tudor domain containing 1,0.1637806911999731,genetic_association;literature,False,False,0.2243,,,0.2582,,,,
T2D,ENSG00000181220,ZNF746,zinc finger protein 746,0.16337748008806682,genetic_association,False,False,0.0228,,,0.2676,,,,
T2D,ENSG00000038002,AGA,aspartylglucosaminidase,0.16334782213020646,genetic_association,False,False,0.056,,,0.2659,,,,
T2D,ENSG00000153093,ACOXL,acyl-CoA oxidase like,0.16328293219261164,genetic_association,False,False,0.0334,,,0.2669,,,,
T2D,ENSG00000146360,GPR6,G protein-coupled receptor 6,0.16316191996032942,genetic_association,False,False,,,,0.2684,,,,
T2D,ENSG00000179218,CALR,calreticulin,0.16301774170533434,genetic_association;literature,False,False,0.2752,,,0.2544,,,,
T2D,ENSG00000249242,TMEM150C,transmembrane protein 150C,0.1626912353454286,genetic_association,False,False,0.0304,,,0.2661,,,,
T2D,ENSG00000175928,LRRN1,leucine rich repeat neuronal 1,0.1626797744526636,genetic_association,False,False,0.0182,,,0.2667,,,,
T2D,ENSG00000111859,NEDD9,"neural precursor cell expressed, developmentally down-regulated 9",0.1622059788411895,genetic_association,False,False,0.0719,,,0.2632,,,,
T2D,ENSG00000156026,MCU,mitochondrial calcium uniporter,0.16205209488257602,genetic_association;literature,False,False,0.6782,,,0.2327,,,,
T2D,ENSG00000128606,LRRC17,leucine rich repeat containing 17,0.16176707516723243,genetic_association,False,False,0.0243,,,0.2649,,,,
T2D,ENSG00000128829,EIF2AK4,eukaryotic translation initiation factor 2 alpha kinase 4,0.16176066449521526,genetic_association;literature,False,False,0.638,,,0.2342,,,,
T2D,ENSG00000026297,RNASET2,ribonuclease T2,0.16135380210759728,genetic_association,False,False,,,,0.2654,,,,
T2D,ENSG00000188316,ENO4,enolase 4,0.1609580280314353,genetic_association,False,False,,,,0.2648,,,,
T2D,ENSG00000006744,ELAC2,elaC ribonuclease Z 2,0.1606380284701805,genetic_association,False,False,,,,0.2642,,,,
T2D,ENSG00000143632,ACTA1,"actin alpha 1, skeletal muscle",0.16046464531123625,genetic_association;literature,False,False,0.348,,,0.2465,,,,
T2D,ENSG00000278053,DDX52,DExD-box helicase 52,0.16043024316713134,genetic_association;literature,False,False,0.1824,,,0.2548,,,,
T2D,ENSG00000174177,CTU2,cytosolic thiouridylase subunit 2,0.16032666414989988,genetic_association,False,False,,,,0.2637,,,,
T2D,ENSG00000167244,IGF2,insulin like growth factor 2,0.1603105651301031,genetic_association;literature,False,False,0.7861,,,0.1809,,,,
T2D,ENSG00000133961,NUMB,NUMB endocytic adaptor protein,0.16017919150454227,genetic_association,False,False,0.0942,,,0.2588,,,,
T2D,ENSG00000044459,CNTLN,centlein,0.1600828507644341,genetic_association,False,False,,,,0.2633,,,,
T2D,ENSG00000082497,SERTAD4,SERTA domain containing 4,0.15993963408129963,genetic_association,False,False,,,,0.2631,,,,
T2D,ENSG00000168140,VASN,vasorin,0.15990630370328987,genetic_association,False,False,0.0608,,,0.26,,,,
T2D,ENSG00000165868,HSPA12A,heat shock protein family A (Hsp70) member 12A,0.15987230067965985,genetic_association,False,False,,,,0.263,,,,
T2D,ENSG00000172238,ATOH1,atonal bHLH transcription factor 1,0.15983807485585955,genetic_association,False,False,,,,0.2629,,,,
T2D,ENSG00000163810,TGM4,transglutaminase 4,0.15946084272592073,genetic_association,False,False,0.0471,,,0.2599,,,,
T2D,ENSG00000160094,ZNF362,zinc finger protein 362,0.1594047860898749,genetic_association,False,False,,,,0.2622,,,,
T2D,ENSG00000169918,OTUD7A,OTU deubiquitinase 7A,0.15932237681312864,genetic_association,False,False,,,,0.2621,,,,
T2D,ENSG00000198515,CNGA1,cyclic nucleotide gated channel subunit alpha 1,0.15917030184867592,genetic_association,False,False,,,,0.2618,,,,
T2D,ENSG00000229937,PRPS1L1,phosphoribosyl pyrophosphate synthetase 1 like 1,0.1590439437510235,genetic_association,False,False,,,,0.2616,,,,
T2D,ENSG00000165370,GPR101,G protein-coupled receptor 101,0.15890754910639435,animal_model;genetic_association,False,False,,0.2894,,0.2469,,,,
T2D,ENSG00000171448,ZBTB26,zinc finger and BTB domain containing 26,0.1580411917182736,genetic_association,False,False,0.0334,,,0.2583,,,,
T2D,ENSG00000139292,LGR5,leucine rich repeat containing G protein-coupled receptor 5,0.15778438025687905,genetic_association;literature,False,False,0.4422,,,0.2374,,,,
T2D,ENSG00000124721,DNAH8,dynein axonemal heavy chain 8,0.15742765143931176,genetic_association,False,False,0.0122,,,0.2583,,,,
T2D,ENSG00000183826,BTBD9,BTB domain containing 9,0.15737619698743543,genetic_association,False,False,,,,0.2589,,,,
T2D,ENSG00000103241,FOXF1,forkhead box F1,0.15705976998177523,genetic_association;literature,False,False,0.1824,,,0.2492,,,,
T2D,ENSG00000105778,AVL9,AVL9 cell migration associated,0.1570309319116529,genetic_association,False,False,,,,0.2583,,,,
T2D,ENSG00000005483,KMT2E,lysine methyltransferase 2E (inactive),0.15691321007169598,animal_model;genetic_association,False,False,,0.2591,,0.2452,,,,
T2D,ENSG00000126653,NSRP1,nuclear speckle splicing regulatory protein 1,0.15688174270375022,genetic_association,False,False,,,,0.2581,,,,
T2D,ENSG00000198492,YTHDF2,YTH N6-methyladenosine RNA binding protein F2,0.15665307446865556,genetic_association;literature,False,False,0.182,,,0.2486,,,,
T2D,ENSG00000162753,SLC9C2,solute carrier family 9 member C2 (putative),0.15662708107652382,genetic_association,False,False,0.0304,,,0.2561,,,,
T2D,ENSG00000151033,LYZL2,lysozyme like 2,0.15647241686149943,genetic_association,False,False,,,,0.2574,,,,
T2D,ENSG00000121966,CXCR4,C-X-C motif chemokine receptor 4,0.15586506461317917,genetic_association;literature,False,False,0.3635,,,0.2382,,,,
T2D,ENSG00000120071,KANSL1,KAT8 regulatory NSL complex subunit 1,0.15580224457200859,genetic_association,False,False,,,,0.2563,,,,
T2D,ENSG00000106052,TAX1BP1,Tax1 binding protein 1,0.15579190948731816,genetic_association,False,False,,,,0.2563,,,,
T2D,ENSG00000185722,ANKFY1,ankyrin repeat and FYVE domain containing 1,0.15574275942618612,genetic_association,False,False,0.0912,,,0.2516,,,,
T2D,ENSG00000131080,EDA2R,ectodysplasin A2 receptor,0.15566329002402174,genetic_association,False,False,0.0638,,,0.2529,,,,
T2D,ENSG00000064989,CALCRL,calcitonin receptor like receptor,0.15563811124740562,genetic_association,False,False,0.0638,,,0.2528,,,,
T2D,ENSG00000138138,ATAD1,ATPase family AAA domain containing 1,0.15554993987545826,genetic_association,False,False,0.0917,,,0.2513,,,,
T2D,ENSG00000090975,PITPNM2,phosphatidylinositol transfer protein membrane associated 2,0.15546873569214895,genetic_association;literature,False,False,0.2227,,,0.2446,,,,
T2D,ENSG00000126861,OMG,oligodendrocyte myelin glycoprotein,0.1554348236428243,genetic_association,False,False,0.0122,,,0.2551,,,,
T2D,ENSG00000163072,NOSTRIN,nitric oxide synthase trafficking,0.15541589953403978,genetic_association,False,False,,,,0.2556,,,,
T2D,ENSG00000171729,TMEM51,transmembrane protein 51,0.15507190149262648,genetic_association,False,False,0.0608,,,0.252,,,,
T2D,ENSG00000162877,PM20D1,peptidase M20 domain containing 1,0.15503848518016441,genetic_association,False,False,0.0634,,,0.2519,,,,
T2D,ENSG00000196090,PTPRT,protein tyrosine phosphatase receptor type T,0.15503435771424318,genetic_association;literature,False,False,0.1389,,,0.2481,,,,
T2D,ENSG00000142230,SAE1,SUMO1 activating enzyme subunit 1,0.1549924808654691,genetic_association,False,False,,,,0.255,,,,
T2D,ENSG00000105821,DNAJC2,DnaJ heat shock protein family (Hsp40) member C2,0.1549552694791541,genetic_association,False,False,,,,0.2549,,,,
T2D,ENSG00000162374,ELAVL4,ELAV like RNA binding protein 4,0.15469738021580043,genetic_association,False,False,0.0764,,,0.2506,,,,
T2D,ENSG00000066027,PPP2R5A,protein phosphatase 2 regulatory subunit B'alpha,0.15460177198886232,genetic_association,False,False,,,,0.2543,,,,
T2D,ENSG00000100399,CHADL,chondroadherin like,0.15423100061288575,genetic_association,False,False,,,,0.2537,,,,
T2D,ENSG00000095917,TPSD1,tryptase delta 1,0.15364949710960446,genetic_association,False,False,,,,0.2527,,,,
T2D,ENSG00000168291,PDHB,pyruvate dehydrogenase E1 subunit beta,0.15350459915230985,genetic_association;literature,False,False,0.2543,,,0.2398,,,,
T2D,ENSG00000111331,OAS3,2'-5'-oligoadenylate synthetase 3,0.15349589938810593,genetic_association;literature,False,False,0.361,,,0.2344,,,,
T2D,ENSG00000165322,ARHGAP12,Rho GTPase activating protein 12,0.1532046720560528,genetic_association,False,False,,,,0.252,,,,
T2D,ENSG00000132964,CDK8,cyclin dependent kinase 8,0.15296535903379177,genetic_association,False,False,0.0182,,,0.2507,,,,
T2D,ENSG00000198205,ZXDA,zinc finger X-linked duplicated A,0.15267989269930846,genetic_association,False,False,,,,0.2511,,,,
T2D,ENSG00000172733,PURG,purine rich element binding protein G,0.15265997099346681,genetic_association,False,False,,,,0.2511,,,,
T2D,ENSG00000107854,TNKS2,tankyrase 2,0.15234662785122413,genetic_association,False,False,0.0501,,,0.2481,,,,
T2D,ENSG00000054598,FOXC1,forkhead box C1,0.151986672171403,genetic_association,False,False,0.0502,,,0.2475,,,,
T2D,ENSG00000131828,PDHA1,pyruvate dehydrogenase E1 subunit alpha 1,0.15172666770064058,genetic_association;literature,False,False,0.279,,,0.2356,,,,
T2D,ENSG00000116833,NR5A2,nuclear receptor subfamily 5 group A member 2,0.15166650906568233,genetic_association,False,False,0.0571,,,0.2466,,,,
T2D,ENSG00000184389,A3GALT2,"alpha 1,3-galactosyltransferase 2",0.15126873694147072,genetic_association,False,False,,,,0.2488,,,,
T2D,ENSG00000002933,TMEM176A,transmembrane protein 176A,0.15098446206379432,genetic_association;literature,False,False,0.1854,,,0.2391,,,,
T2D,ENSG00000090615,GOLGA3,golgin A3,0.1509040542762303,genetic_association,False,False,,,,0.2482,,,,
T2D,ENSG00000203756,TMEM244,transmembrane protein 244,0.15073879196056789,genetic_association,False,False,0.0182,,,0.247,,,,
T2D,ENSG00000185236,RAB11B,"RAB11B, member RAS oncogene family",0.15045461214987776,genetic_association,False,False,,,,0.2475,,,,
T2D,ENSG00000243789,JMJD7,jumonji domain containing 7,0.1503963876057452,genetic_association,False,False,,,,0.2474,,,,
T2D,ENSG00000175548,ALG10B,"ALG10 alpha-1,2-glucosyltransferase B",0.15034406123959948,genetic_association,False,False,,,,0.2473,,,,
T2D,ENSG00000133065,SLC41A1,solute carrier family 41 member 1,0.15030499917878337,genetic_association,False,False,0.0226,,,0.2461,,,,
T2D,ENSG00000175544,CABP4,calcium binding protein 4,0.15027887838744977,genetic_association,False,False,,,,0.2472,,,,
T2D,ENSG00000183779,ZNF703,zinc finger protein 703,0.15002775838694504,genetic_association,False,False,,,,0.2468,,,,
T2D,ENSG00000141524,TMC6,transmembrane channel like 6,0.14991315205310715,genetic_association,False,False,0.0122,,,0.246,,,,
T2D,ENSG00000267467,APOC4,apolipoprotein C4,0.14935895129286253,genetic_association,False,False,0.0813,,,0.2416,,,,
T2D,ENSG00000164188,RANBP3L,RAN binding protein 3 like,0.1491283670182099,genetic_association,False,False,0.0182,,,0.2444,,,,
T2D,ENSG00000198642,KLHL9,kelch like family member 9,0.14861189137759767,genetic_association,False,False,,,,0.2445,,,,
T2D,ENSG00000183960,KCNH8,potassium voltage-gated channel subfamily H member 8,0.14856485389829058,genetic_association,False,False,0.0122,,,0.2438,,,,
T2D,ENSG00000153495,TEX29,testis expressed 29,0.1482900634362386,genetic_association,False,False,,,,0.2439,,,,
T2D,ENSG00000160799,CCDC12,coiled-coil domain containing 12,0.14823019775574742,genetic_association,False,False,,,,0.2438,,,,
T2D,ENSG00000148702,HABP2,hyaluronan binding protein 2,0.1480626638543409,genetic_association,False,False,0.0591,,,0.2406,,,,
T2D,ENSG00000263528,IKBKE,inhibitor of nuclear factor kappa B kinase subunit epsilon,0.14805881092720505,genetic_association;literature,False,False,0.1013,,,0.2385,,,,
T2D,ENSG00000206560,ANKRD28,ankyrin repeat domain 28,0.14804062952588917,genetic_association,False,False,,,,0.2435,,,,
T2D,ENSG00000142224,IL19,interleukin 19,0.14790592185813992,genetic_association;literature,False,False,0.5485,,,0.2159,,,,
T2D,ENSG00000101307,SIRPB1,signal regulatory protein beta 1,0.14776345711595631,genetic_association,False,False,0.0304,,,0.2415,,,,
T2D,ENSG00000154124,OTULIN,OTU deubiquitinase with linear linkage specificity,0.14761829638450075,genetic_association,False,False,,,,0.2428,,,,
T2D,ENSG00000198169,ZNF251,zinc finger protein 251,0.14729941273103034,genetic_association,False,False,0.0304,,,0.2408,,,,
T2D,ENSG00000162419,GMEB1,glucocorticoid modulatory element binding protein 1,0.14677854090190462,genetic_association,False,False,0.0304,,,0.2399,,,,
T2D,ENSG00000168621,GDNF,glial cell derived neurotrophic factor,0.14643377769282503,genetic_association;literature,False,False,0.4206,,,0.2198,,,,
T2D,ENSG00000101134,DOK5,docking protein 5,0.14613624728111094,genetic_association;literature,False,False,0.3114,,,0.2248,,,,
T2D,ENSG00000154997,SEPTIN14,septin 14,0.1458219805416919,genetic_association,False,False,0.0122,,,0.2393,,,,
T2D,ENSG00000173641,HSPB7,heat shock protein family B (small) member 7,0.14575517963678833,genetic_association,False,False,,,,0.2398,,,,
T2D,ENSG00000120738,EGR1,early growth response 1,0.14544708498075254,genetic_association;literature,False,False,0.2723,,,0.2256,,,,
T2D,ENSG00000115310,RTN4,reticulon 4,0.1453022908052788,genetic_association;literature,False,False,0.1394,,,0.232,,,,
T2D,ENSG00000170891,CYTL1,cytokine like 1,0.14516253115324315,genetic_association,False,False,,,,0.2388,,,,
T2D,ENSG00000157554,ERG,ETS transcription factor ERG,0.1443136942637253,genetic_association,False,False,0.0994,,,0.2324,,,,
T2D,ENSG00000100393,EP300,EP300 lysine acetyltransferase,0.14415958140498106,genetic_association;literature,False,False,0.3821,,,0.218,,,,
T2D,ENSG00000016402,IL20RA,interleukin 20 receptor subunit alpha,0.1441300678460819,genetic_association,False,False,0.0241,,,0.2359,,,,
T2D,ENSG00000165118,QNG1,Q-nucleotide N-glycosylase 1,0.14407030534206108,genetic_association,False,False,,,,0.237,,,,
T2D,ENSG00000212122,TSSK1B,testis specific serine kinase 1B,0.14375409987604137,genetic_association,False,False,,,,0.2365,,,,
T2D,ENSG00000105329,TGFB1,transforming growth factor beta 1,0.14371575847768114,genetic_association;literature,False,False,0.909,,,0.191,,,,
T2D,ENSG00000167491,GATAD2A,GATA zinc finger domain containing 2A,0.14371536138192673,genetic_association,False,False,0.0871,,,0.232,,,,
T2D,ENSG00000111049,MYF5,myogenic factor 5,0.14366692430516123,genetic_association,False,False,0.0412,,,0.2343,,,,
T2D,ENSG00000071189,SNX13,sorting nexin 13,0.14336864299787855,genetic_association;literature,False,False,0.1277,,,0.2294,,,,
T2D,ENSG00000111328,CDK2AP1,cyclin dependent kinase 2 associated protein 1,0.14324256144853004,genetic_association,False,False,0.0515,,,0.233,,,,
T2D,ENSG00000146535,GNA12,G protein subunit alpha 12,0.1431680376738333,genetic_association,False,False,0.0568,,,0.2327,,,,
T2D,ENSG00000009780,FAM76A,family with sequence similarity 76 member A,0.14301295092491517,genetic_association,False,False,,,,0.2352,,,,
T2D,ENSG00000148481,MINDY3,MINDY lysine 48 deubiquitinase 3,0.14290567953376965,genetic_association,False,False,,,,0.2351,,,,
T2D,ENSG00000196109,ZNF676,zinc finger protein 676,0.1428398208433714,genetic_association,False,False,,,,0.235,,,,
T2D,ENSG00000239697,TNFSF12,TNF superfamily member 12,0.14270530138311616,genetic_association;literature,False,False,0.2447,,,0.2225,,,,
T2D,ENSG00000251154,PTTG1IP2,PTTG1IP family member 2,0.14266678129662624,genetic_association,False,False,,,,0.2347,,,,
T2D,ENSG00000160999,SH2B2,SH2B adaptor protein 2,0.14251717258012586,genetic_association,False,False,0.038,,,0.2325,,,,
T2D,ENSG00000163684,RPP14,ribonuclease P/MRP subunit p14,0.14251116858800597,genetic_association,False,False,,,,0.2344,,,,
T2D,ENSG00000187166,H1-7,H1.7 linker histone,0.1421056047540821,genetic_association,False,False,,,,0.2338,,,,
T2D,ENSG00000204217,BMPR2,bone morphogenetic protein receptor type 2,0.14198732815523352,genetic_association;literature,False,False,0.1815,,,0.2245,,,,
T2D,ENSG00000070031,SCT,secretin,0.14178541254323282,genetic_association,False,False,0.0845,,,0.229,,,,
T2D,ENSG00000139874,SSTR1,somatostatin receptor 1,0.14163452068160537,genetic_association,False,False,0.0447,,,0.2307,,,,
T2D,ENSG00000107521,HPS1,HPS1 biogenesis of lysosomal organelles complex 3 subunit 1,0.14157146658573136,animal_model;genetic_association,False,False,,0.2814,,0.2188,,,,
T2D,ENSG00000196417,ZNF765,zinc finger protein 765,0.1414775081535261,genetic_association,False,False,,,,0.2327,,,,
T2D,ENSG00000110245,APOC3,apolipoprotein C3,0.1414687074216988,animal_model;clinical;genetic_association;literature,False,False,0.898,0.2519,0.1216,0.1458,,,,
T2D,ENSG00000121440,PDZRN3,PDZ domain containing ring finger 3,0.14145172834651523,genetic_association,False,False,0.0122,,,0.2321,,,,
T2D,ENSG00000171843,MLLT3,MLLT3 super elongation complex subunit,0.1411582914914147,genetic_association,False,False,0.0304,,,0.2307,,,,
T2D,ENSG00000030419,IKZF2,IKAROS family zinc finger 2,0.14072024736564906,genetic_association,False,False,,,,0.2315,,,,
T2D,ENSG00000139734,DIAPH3,diaphanous related formin 3,0.14062863312561474,genetic_association,False,False,,,,0.2313,,,,
T2D,ENSG00000086015,MAST2,microtubule associated serine/threonine kinase 2,0.14044191496034433,genetic_association,False,False,0.0122,,,0.2304,,,,
T2D,ENSG00000175470,PPP2R2D,protein phosphatase 2 regulatory subunit Bdelta,0.14025859630807602,genetic_association,False,False,0.0304,,,0.2292,,,,
T2D,ENSG00000185340,GAS2L1,growth arrest specific 2 like 1,0.14011072406253663,genetic_association,False,False,0.0182,,,0.2296,,,,
T2D,ENSG00000172943,PHF8,PHD finger protein 8,0.1399180541253465,genetic_association,False,False,,,,0.2302,,,,
T2D,ENSG00000169375,SIN3A,SIN3 transcription regulator family member A,0.13988338487805993,genetic_association,False,False,0.0334,,,0.2284,,,,
T2D,ENSG00000095970,TREM2,triggering receptor expressed on myeloid cells 2,0.13973656549393407,genetic_association;literature,False,False,0.2331,,,0.2182,,,,
T2D,ENSG00000100234,TIMP3,TIMP metallopeptidase inhibitor 3,0.139529337694311,genetic_association;literature,False,False,0.3604,,,0.2115,,,,
T2D,ENSG00000096717,SIRT1,sirtuin 1,0.13951111105783678,animal_model;clinical;literature,False,False,0.9202,0.2592,0.1587,,,,,
T2D,ENSG00000111713,GYS2,glycogen synthase 2,0.13941568566909082,animal_model;genetic_association;literature,False,False,0.2759,0.3307,,0.2067,,,,
T2D,ENSG00000142089,IFITM3,interferon induced transmembrane protein 3,0.13915696945714792,genetic_association;literature,False,False,0.1371,,,0.222,,,,
T2D,ENSG00000238083,LRRC37A2,leucine rich repeat containing 37 member A2,0.1390430003107168,genetic_association,False,False,,,,0.2287,,,,
T2D,ENSG00000229676,ZNF492,zinc finger protein 492,0.1388939988715765,genetic_association,False,False,0.0213,,,0.2274,,,,
T2D,ENSG00000198900,TOP1,DNA topoisomerase I,0.13878657321361326,genetic_association,False,False,,,,0.2283,,,,
T2D,ENSG00000105983,LMBR1,limb development membrane protein 1,0.1387502941162959,genetic_association,False,False,,,,0.2282,,,,
T2D,ENSG00000185808,PIGP,phosphatidylinositol glycan anchor biosynthesis class P,0.13872793375936912,genetic_association,False,False,0.0304,,,0.2267,,,,
T2D,ENSG00000181191,PJA1,praja ring finger ubiquitin ligase 1,0.1386428223350869,genetic_association,False,False,,,,0.2281,,,,
T2D,ENSG00000137251,TINAG,tubulointerstitial nephritis antigen,0.138034260886749,genetic_association,False,False,,,,0.2271,,,,
T2D,ENSG00000147255,IGSF1,immunoglobulin superfamily member 1,0.13779474880292722,animal_model;genetic_association,False,False,,0.2806,,0.2126,,,,
T2D,ENSG00000187257,RSBN1L,round spermatid basic protein 1 like,0.1377042737685794,genetic_association,False,False,,,,0.2265,,,,
T2D,ENSG00000019505,SYT13,synaptotagmin 13,0.13761288422273069,genetic_association,False,False,0.0848,,,0.2221,,,,
T2D,ENSG00000133863,TEX15,"testis expressed 15, meiosis and synapsis associated",0.1374197414288576,genetic_association,False,False,,,,0.226,,,,
T2D,ENSG00000149927,DOC2A,double C2 domain alpha,0.13734316415867645,genetic_association,False,False,0.0608,,,0.2229,,,,
T2D,ENSG00000131374,TBC1D5,TBC1 domain family member 5,0.1373307420771242,genetic_association,False,False,,,,0.2259,,,,
T2D,ENSG00000133619,KRABD3,KRAB domain containing 3,0.13706289525321505,genetic_association,False,False,,,,0.2255,,,,
T2D,ENSG00000213390,ARHGAP19,Rho GTPase activating protein 19,0.137032745588554,genetic_association,False,False,0.0304,,,0.2239,,,,
T2D,ENSG00000048392,RRM2B,ribonucleotide reductase regulatory TP53 inducible subunit M2B,0.13695181083579414,animal_model;genetic_association,False,False,0.0304,0.336,,0.2078,,,,
T2D,ENSG00000206559,ZCWPW2,zinc finger CW-type and PWWP domain containing 2,0.13692498488037805,genetic_association,False,False,,,,0.2252,,,,
T2D,ENSG00000099624,ATP5F1D,ATP synthase F1 subunit delta,0.13684670460358106,genetic_association,False,False,,,,0.2251,,,,
T2D,ENSG00000166199,ALKBH3,"alkB homolog 3, alpha-ketoglutarate dependent dioxygenase",0.136493597641812,genetic_association,False,False,0.0182,,,0.2236,,,,
T2D,ENSG00000073614,KDM5A,lysine demethylase 5A,0.1364861843062268,genetic_association,False,False,0.073,,,0.2209,,,,
T2D,ENSG00000005882,PDK2,pyruvate dehydrogenase kinase 2,0.1364767957105028,genetic_association,False,False,0.0811,,,0.2204,,,,
T2D,ENSG00000113578,FGF1,fibroblast growth factor 1,0.1364631259166614,clinical;literature,False,False,0.7636,,0.181,0.0478,,,,
T2D,ENSG00000008128,CDK11A,cyclin dependent kinase 11A,0.13623175592963577,genetic_association;literature,False,False,0.1611,,,0.216,,,,
T2D,ENSG00000116044,NFE2L2,NFE2 like bZIP transcription factor 2,0.1361343176171226,clinical;literature,False,False,0.9173,,0.1619,,,,,
T2D,ENSG00000156110,ADK,adenosine kinase,0.13610923982582077,genetic_association,False,False,0.0731,,,0.2202,,,,
T2D,ENSG00000156136,DCK,deoxycytidine kinase,0.1361010787854484,genetic_association,False,False,,,,0.2239,,,,
T2D,ENSG00000139218,SCAF11,SR-related CTD associated factor 11,0.13609845370370252,genetic_association,False,False,0.0912,,,0.2193,,,,
T2D,ENSG00000130413,STK33,serine/threonine kinase 33,0.1360679547157466,genetic_association,False,False,,,,0.2238,,,,
T2D,ENSG00000109182,CWH43,cell wall biogenesis 43 C-terminal homolog,0.13585493643871327,genetic_association,False,False,,,,0.2235,,,,
T2D,ENSG00000117594,HSD11B1,hydroxysteroid 11-beta dehydrogenase 1,0.13581846042189225,animal_model;clinical;literature,False,False,0.7562,0.268,0.1796,,,,,
T2D,ENSG00000173465,ZNRD2,zinc ribbon domain containing 2,0.13569518197645825,genetic_association,False,False,0.0304,,,0.2217,,,,
T2D,ENSG00000181322,NME9,NME/NM23 family member 9,0.13553976329916934,genetic_association,False,False,,,,0.223,,,,
T2D,ENSG00000179889,PDXDC1,pyridoxal dependent decarboxylase domain containing 1,0.1354739030946056,genetic_association,False,False,0.0365,,,0.221,,,,
T2D,ENSG00000147437,GNRH1,gonadotropin releasing hormone 1,0.13524940191756557,genetic_association;literature,False,False,0.8333,,,0.1808,,,,
T2D,ENSG00000182670,TTC3,tetratricopeptide repeat domain 3,0.13516405913724389,genetic_association;literature,False,False,0.1261,,,0.216,,,,
T2D,ENSG00000172236,TPSAB1,tryptase alpha/beta 1,0.13486583102829577,genetic_association,False,False,,,,0.2218,,,,
T2D,ENSG00000126768,TIMM17B,translocase of inner mitochondrial membrane 17B,0.13483123174194955,genetic_association,False,False,,,,0.2218,,,,
T2D,ENSG00000109184,DCUN1D4,defective in cullin neddylation 1 domain containing 4,0.1348136364324884,genetic_association,False,False,0.073,,,0.2181,,,,
T2D,ENSG00000182600,SNORC,secondary ossification center associated regulator of chondrocyte maturation,0.13467685937016707,genetic_association,False,False,,,,0.2215,,,,
T2D,ENSG00000011454,RABGAP1,RAB GTPase activating protein 1,0.1346358833414156,genetic_association,False,False,0.0182,,,0.2206,,,,
T2D,ENSG00000168610,STAT3,signal transducer and activator of transcription 3,0.13460130274870458,genetic_association;literature,False,False,0.8398,,,0.1794,,,,
T2D,ENSG00000084674,APOB,apolipoprotein B,0.13456360216730548,clinical;literature,False,False,0.9548,,0.1216,,,,,
T2D,ENSG00000140479,PCSK6,proprotein convertase subtilisin/kexin type 6,0.13443377381215485,genetic_association,False,False,0.0304,,,0.2196,,,,
T2D,ENSG00000143839,REN,renin,0.13436612166179,clinical;literature,False,False,0.8306,,0.1795,,,,,
T2D,ENSG00000188770,OPTC,opticin,0.1343584816701794,genetic_association,False,False,,,,0.221,,,,
T2D,ENSG00000156113,KCNMA1,potassium calcium-activated channel subfamily M alpha 1,0.13410328248405137,genetic_association;literature,False,False,0.211,,,0.21,,,,
T2D,ENSG00000167740,CYB5D2,cytochrome b5 domain containing 2,0.13355433938596592,genetic_association,False,False,0.0365,,,0.2179,,,,
T2D,ENSG00000115263,GCG,glucagon,0.13352800357902977,animal_model;literature,False,False,0.9932,0.4203,,,,,,
T2D,ENSG00000139233,LLPH,"LLP homolog, long-term synaptic facilitation factor",0.13338634811492556,genetic_association,False,False,,,,0.2194,,,,
T2D,ENSG00000142534,RPS11,ribosomal protein S11,0.13325599875675595,genetic_association,False,False,,,,0.2192,,,,
T2D,ENSG00000023041,ZDHHC6,zDHHC palmitoyltransferase 6,0.13309133942653328,genetic_association,False,False,0.0973,,,0.2141,,,,
T2D,ENSG00000150782,IL18,interleukin 18,0.13302110012221724,clinical;literature,False,False,0.9041,,0.152,,,,,
T2D,ENSG00000173575,CHD2,chromodomain helicase DNA binding protein 2,0.132808298597643,genetic_association,False,False,0.0289,,,0.217,,,,
T2D,ENSG00000130427,EPO,erythropoietin,0.13269498024393625,genetic_association;literature,False,False,0.6792,,,0.1843,,,,
T2D,ENSG00000140511,HAPLN3,hyaluronan and proteoglycan link protein 3,0.132524404399627,genetic_association,False,False,,,,0.218,,,,
T2D,ENSG00000174529,TMEM81,transmembrane protein 81,0.1324691587667133,genetic_association,False,False,,,,0.2179,,,,
T2D,ENSG00000256762,STH,saitohin,0.13239335093405816,genetic_association,False,False,,,,0.2178,,,,
T2D,ENSG00000197852,INKA2,inka box actin regulator 2,0.13231779943654853,genetic_association,False,False,,,,0.2177,,,,
T2D,ENSG00000189339,SLC35E2B,solute carrier family 35 member E2B,0.13199504430209946,genetic_association,False,False,,,,0.2171,,,,
T2D,ENSG00000047346,ATOSA,atos homolog A,0.1319891055087413,genetic_association,False,False,,,,0.2171,,,,
T2D,ENSG00000163075,CFAP221,cilia and flagella associated protein 221,0.1318066660796735,genetic_association,False,False,,,,0.2168,,,,
T2D,ENSG00000090776,EFNB1,ephrin B1,0.1317589611094563,genetic_association,False,False,0.0304,,,0.2152,,,,
T2D,ENSG00000157856,DRC1,dynein regulatory complex subunit 1,0.13175828422331592,genetic_association,False,False,,,,0.2167,,,,
T2D,ENSG00000132026,RTBDN,retbindin,0.13165582472107423,genetic_association,False,False,,,,0.2166,,,,
T2D,ENSG00000180999,C1orf105,chromosome 1 open reading frame 105,0.1316123837514052,genetic_association,False,False,,,,0.2165,,,,
T2D,ENSG00000168917,SLC35G2,solute carrier family 35 member G2,0.1315647200069372,genetic_association,False,False,,,,0.2164,,,,
T2D,ENSG00000047188,YTHDC2,YTH N6-methyladenosine RNA binding protein C2,0.1307244883705597,genetic_association,False,False,0.0785,,,0.2111,,,,
T2D,ENSG00000138119,MYOF,myoferlin,0.13057662296803416,genetic_association,False,False,0.0623,,,0.2117,,,,
T2D,ENSG00000111642,CHD4,chromodomain helicase DNA binding protein 4,0.130511793448871,genetic_association,False,False,0.082,,,0.2106,,,,
T2D,ENSG00000204006,C1orf185,chromosome 1 open reading frame 185,0.13042972167678973,genetic_association,False,False,0.0122,,,0.2139,,,,
T2D,ENSG00000079337,RAPGEF3,Rap guanine nucleotide exchange factor 3,0.1304092909772404,animal_model;genetic_association;literature,False,False,0.1268,0.4935,,0.187,,,,
T2D,ENSG00000196151,WDSUB1,"WD repeat, sterile alpha motif and U-box domain containing 1",0.13033850989898782,genetic_association,False,False,,,,0.2144,,,,
T2D,ENSG00000124216,SNAI1,snail family transcriptional repressor 1,0.13017877233502548,genetic_association;literature,False,False,0.2414,,,0.2021,,,,
T2D,ENSG00000113790,EHHADH,enoyl-CoA hydratase and 3-hydroxyacyl CoA dehydrogenase,0.13016220176506113,genetic_association;literature,False,False,0.1532,,,0.2064,,,,
T2D,ENSG00000181092,ADIPOQ,"adiponectin, C1Q and collagen domain containing",0.12994164928674887,animal_model;literature,False,False,0.9908,0.3116,,,,,,
T2D,ENSG00000132855,ANGPTL3,angiopoietin like 3,0.12974866940525154,clinical;literature,False,False,0.8772,,0.152,,,,,
T2D,ENSG00000185261,KIAA0825,KIAA0825,0.12973963831448546,genetic_association,False,False,,,,0.2134,,,,
T2D,ENSG00000037749,MFAP3,microfibril associated protein 3,0.12968796821931092,genetic_association,False,False,,,,0.2133,,,,
T2D,ENSG00000185962,LCE3A,late cornified envelope 3A,0.12957918281562425,genetic_association,False,False,,,,0.2131,,,,
T2D,ENSG00000154096,THY1,Thy-1 cell surface antigen,0.12941541334193216,genetic_association;literature,False,False,0.4183,,,0.192,,,,
T2D,ENSG00000112167,SAYSD1,SAYSVFN motif domain containing 1,0.12933377178207767,genetic_association,False,False,,,,0.2127,,,,
T2D,ENSG00000137692,DCUN1D5,defective in cullin neddylation 1 domain containing 5,0.12932738541191718,genetic_association,False,False,,,,0.2127,,,,
T2D,ENSG00000167526,RPL13,ribosomal protein L13,0.12930746673371973,genetic_association,False,False,0.0334,,,0.211,,,,
T2D,ENSG00000123989,CHPF,chondroitin polymerizing factor,0.12912604056010746,genetic_association,False,False,,,,0.2124,,,,
T2D,ENSG00000145868,FBXO38,F-box protein 38,0.1291090674652844,genetic_association,False,False,,,,0.2124,,,,
T2D,ENSG00000110090,CPT1A,carnitine palmitoyltransferase 1A,0.12901211113897684,genetic_association;literature,False,False,0.4122,,,0.1916,,,,
T2D,ENSG00000105550,FGF21,fibroblast growth factor 21,0.1289437906184994,animal_model;literature,False,False,0.9793,0.325,,,,,,
T2D,ENSG00000164061,BSN,bassoon presynaptic cytomatrix protein,0.12878349355048802,genetic_association,False,False,0.0918,,,0.2072,,,,
T2D,ENSG00000166741,NNMT,nicotinamide N-methyltransferase,0.12868005087432863,genetic_association;literature,False,False,0.4596,,,0.1885,0.0095,,,
T2D,ENSG00000176601,MAP3K19,mitogen-activated protein kinase kinase kinase 19,0.12855937489985073,genetic_association,False,False,,,,0.2115,,,,
T2D,ENSG00000259571,BLID,"BH3-like motif containing, cell death inducer",0.12840738805010182,genetic_association,False,False,,,,0.2112,,,,
T2D,ENSG00000104918,RETN,resistin,0.12838672305082857,animal_model;literature,False,False,0.9638,0.3686,,,,,,
T2D,ENSG00000018189,RUFY3,RUN and FYVE domain containing 3,0.12789984770030538,genetic_association,False,False,,,,0.2104,,,,
T2D,ENSG00000182253,SYNM,synemin,0.12782856840443638,genetic_association;literature,False,False,0.1383,,,0.2034,,,,
T2D,ENSG00000115271,GCA,grancalcin,0.12765189848786004,genetic_association;literature,False,False,0.1634,,,0.2018,,,,
T2D,ENSG00000165591,FAAH2,fatty acid amide hydrolase 2,0.12758032829534677,genetic_association,False,False,0.0304,,,0.2083,,,,
T2D,ENSG00000103657,HERC1,HECT and RLD domain containing E3 ubiquitin protein ligase family member 1,0.12755962936014975,animal_model;genetic_association,False,False,,0.2873,,0.1955,,,,
T2D,ENSG00000118137,APOA1,apolipoprotein A1,0.12750142158057703,literature,False,True,0.9489,,,0.0798,,,,
T2D,ENSG00000172113,NME6,NME/NM23 nucleoside diphosphate kinase 6,0.12748913370727138,genetic_association,False,False,,,,0.2097,,,,
T2D,ENSG00000109576,AADAT,aminoadipate aminotransferase,0.12747713521616713,genetic_association,False,False,0.0182,,,0.2088,,,,
T2D,ENSG00000163412,EIF4E3,eukaryotic translation initiation factor 4E family member 3,0.1274194659543765,genetic_association,False,False,,,,0.2096,,,,
T2D,ENSG00000157483,MYO1E,myosin IE,0.1273650902329709,genetic_association,False,False,,,,0.2095,,,,
T2D,ENSG00000135828,RNASEL,ribonuclease L,0.1273004360690441,genetic_association,False,False,,,,0.2094,,,,
T2D,ENSG00000173163,COMMD1,copper metabolism domain containing 1,0.12694458483767312,genetic_association,False,False,,,,0.2088,,,,
T2D,ENSG00000005421,PON1,paraoxonase 1,0.12692288677478863,literature,False,True,0.9516,,,0.0739,,,,
T2D,ENSG00000171246,NPTX1,neuronal pentraxin 1,0.12683759737168435,genetic_association,False,False,,,,0.2086,,,,
T2D,ENSG00000145192,AHSG,alpha 2-HS glycoprotein,0.12679496078260635,animal_model;literature,False,False,0.9643,0.3143,,,,,,
T2D,ENSG00000204406,MBD5,methyl-CpG binding domain protein 5,0.12673793417042786,animal_model;genetic_association,False,False,,0.3279,,0.1921,,,,
T2D,ENSG00000166441,RPL27A,ribosomal protein L27a,0.1264367150700378,genetic_association,False,False,,,,0.208,,,,
T2D,ENSG00000181409,LMTK1,lemur tail kinase 1,0.12615741882538054,genetic_association,False,False,0.0304,,,0.206,,,,
T2D,ENSG00000099995,SF3A1,splicing factor 3a subunit 1,0.1261455824491196,genetic_association,False,False,,,,0.2075,,,,
T2D,ENSG00000111142,METAP2,methionyl aminopeptidase 2,0.1260994087930038,clinical;genetic_association;literature,False,False,0.2904,,0.1655,0.1419,,,,
T2D,ENSG00000179115,FARSA,phenylalanyl-tRNA synthetase subunit alpha,0.1260231480377643,genetic_association,False,False,0.0608,,,0.2043,,,,
T2D,ENSG00000113391,ARB2A,ARB2 cotranscriptional regulator A,0.1259488886845242,genetic_association,False,False,,,,0.2072,,,,
T2D,ENSG00000160321,ZNF208,zinc finger protein 208,0.1257584187046108,genetic_association,False,False,,,,0.2069,,,,
T2D,ENSG00000140400,MAN2C1,mannosidase alpha class 2C member 1,0.12574576794587114,genetic_association,False,False,0.0182,,,0.2059,,,,
T2D,ENSG00000174851,YIF1A,"Yip1 interacting factor homolog A, membrane trafficking protein",0.1257041721233443,genetic_association,False,False,,,,0.2068,,,,
T2D,ENSG00000017427,IGF1,insulin like growth factor 1,0.12558976992892965,animal_model;literature,False,False,0.9704,0.2503,,,,,,
T2D,ENSG00000068120,COASY,Coenzyme A synthase,0.12557556565335223,genetic_association,False,False,,,,0.2066,,,,
T2D,ENSG00000139746,RBM26,RNA binding motif protein 26,0.12531710625814566,genetic_association,False,False,,,,0.2061,,,,
T2D,ENSG00000070081,NUCB2,nucleobindin 2,0.12525145526710973,literature,False,True,0.9304,,,0.0798,,,,
T2D,ENSG00000108691,CCL2,C-C motif chemokine ligand 2,0.1251389245463932,animal_model;literature,False,False,0.9513,0.3077,,,0.0087,,,
T2D,ENSG00000166682,TMPRSS5,transmembrane serine protease 5,0.12494280601066267,genetic_association,False,False,,,,0.2055,,,,
T2D,ENSG00000104870,FCGRT,Fc gamma receptor and transporter,0.12487303746529174,genetic_association,False,False,0.0877,,,0.201,,,,
T2D,ENSG00000157017,GHRL,ghrelin and obestatin prepropeptide,0.12482564715125392,animal_model;literature,False,False,0.9467,0.3198,,,,,,
T2D,ENSG00000155876,RRAGA,Ras related GTP binding A,0.12471410043246531,genetic_association,False,False,0.0302,,,0.2036,,,,
T2D,ENSG00000134222,PSRC1,proline and serine rich coiled-coil 1,0.1246717698909584,genetic_association,False,False,0.0421,,,0.203,,,,
T2D,ENSG00000196396,PTPN1,protein tyrosine phosphatase non-receptor type 1,0.1243971573389733,animal_model;literature,False,False,0.8528,0.6812,,,,,,
T2D,ENSG00000106366,SERPINE1,serpin family E member 1,0.12438539236686913,animal_model;literature,False,False,0.9605,0.2499,,,,,,
T2D,ENSG00000181274,FRAT2,FRAT regulator of Wnt signaling pathway 2,0.12434397413100413,genetic_association,False,False,,,,0.2045,,,,
T2D,ENSG00000153914,SREK1,splicing regulatory glutamic acid and lysine rich protein 1,0.12433077317342447,genetic_association,False,False,0.0304,,,0.203,,,,
T2D,ENSG00000164867,NOS3,nitric oxide synthase 3,0.12429832511965423,animal_model;literature,False,False,0.9128,0.4379,,,,,,
T2D,ENSG00000163945,UVSSA,UV stimulated scaffold protein A,0.12427560323698421,genetic_association,False,False,,,,0.204,0.0091,,,
T2D,ENSG00000160097,FNDC5,fibronectin type III domain containing 5,0.12401344231894962,literature,False,True,0.9797,,,0.0322,,,,
T2D,ENSG00000183734,ASCL2,achaete-scute family bHLH transcription factor 2,0.12388268577305975,genetic_association,False,False,0.0836,,,0.1996,,,,
T2D,ENSG00000140548,ZNF710,zinc finger protein 710,0.12376020755637676,genetic_association,False,False,,,,0.2036,,,,
T2D,ENSG00000138182,KIF20B,kinesin family member 20B,0.1237305789872178,genetic_association,False,False,,,,0.2035,,,,
T2D,ENSG00000001084,GCLC,glutamate-cysteine ligase catalytic subunit,0.12366467175499113,genetic_association;literature,False,False,0.3773,,,0.1846,,,,
T2D,ENSG00000205269,TMEM170B,transmembrane protein 170B,0.12355939414637442,genetic_association,False,False,,,,0.2032,,,,
T2D,ENSG00000188732,FAM221A,family with sequence similarity 221 member A,0.12355080296275213,genetic_association,False,False,,,,0.2032,,,,
T2D,ENSG00000109929,SC5D,sterol-C5-desaturase,0.12312206985698529,genetic_association,False,False,,,,0.2025,,,,
T2D,ENSG00000118972,FGF23,fibroblast growth factor 23,0.1231115989749781,animal_model;literature,False,False,0.8632,0.4102,,0.083,,,,
T2D,ENSG00000173473,SMARCC1,SWI/SNF related BAF chromatin remodeling complex subunit C1,0.12309352208564994,genetic_association,False,False,0.0122,,,0.2019,,,,
T2D,ENSG00000068400,GRIPAP1,GRIP1 associated protein 1,0.1229363118231826,genetic_association,False,False,,,,0.2022,,,,
T2D,ENSG00000204120,GIGYF2,GRB10 interacting GYF protein 2,0.12272195159987209,genetic_association,False,False,0.0748,,,0.1981,,,,
T2D,ENSG00000095383,TBC1D2,TBC1 domain family member 2,0.12258074681162213,genetic_association,False,False,,,,0.2016,,,,
T2D,ENSG00000170323,FABP4,fatty acid binding protein 4,0.12252895487831182,animal_model;literature,False,False,0.9391,0.2748,,,,,,
T2D,ENSG00000147262,GPR119,G protein-coupled receptor 119,0.12249680873757512,animal_model;clinical;literature,False,False,0.4532,0.2586,0.1731,,,,,
T2D,ENSG00000172687,ZNF738,zinc finger protein 738,0.12245709744410242,genetic_association,False,False,,,,0.2014,,,,
T2D,ENSG00000109606,DHX15,DEAH-box helicase 15,0.12242168951688111,genetic_association;literature,False,False,0.2447,,,0.1891,,,,
T2D,ENSG00000185966,LCE3E,late cornified envelope 3E,0.12223440508430235,genetic_association,False,False,,,,0.2011,,,,
T2D,ENSG00000112031,MTRF1L,mitochondrial translation release factor 1 like,0.12182124311640864,genetic_association,False,False,,,,0.2004,,,,
T2D,ENSG00000148346,LCN2,lipocalin 2,0.12170017944997086,animal_model;literature,False,False,0.919,0.3279,,,,,,
T2D,ENSG00000109323,MANBA,mannosidase beta,0.12167761589007832,genetic_association;literature,False,False,0.1124,,,0.1945,,,,
T2D,ENSG00000136527,TRA2B,transformer 2 beta homolog,0.12155160947255196,genetic_association;literature,False,False,0.1793,,,0.191,,,,
T2D,ENSG00000172020,GAP43,growth associated protein 43,0.12127149752442949,genetic_association;literature,False,False,0.1257,,,0.1932,,,,
T2D,ENSG00000198673,TAFA2,TAFA chemokine like family member 2,0.12126108731233882,genetic_association,False,False,,,,0.1995,,,,
T2D,ENSG00000103489,XYLT1,xylosyltransferase 1,0.1212149262218759,genetic_association,False,False,,,,0.1994,,,,
T2D,ENSG00000154380,ENAH,ENAH actin regulator,0.12113760645042222,genetic_association,False,False,0.0304,,,0.1977,,,,
T2D,ENSG00000080618,CPB2,carboxypeptidase B2,0.12108199124701383,genetic_association,False,False,0.0699,,,0.1957,,,,
T2D,ENSG00000013523,ANGEL1,angel homolog 1,0.12101010223757189,genetic_association,False,False,,,,0.1991,,,,
T2D,ENSG00000146070,PLA2G7,phospholipase A2 group VII,0.12092396187952001,literature,False,True,0.9186,,0.0608,,,,,
T2D,ENSG00000132463,GRSF1,G-rich RNA sequence binding factor 1,0.12088851140290852,genetic_association,False,False,0.0608,,,0.1958,,,,
T2D,ENSG00000187118,CMC1,C-X9-C motif containing 1,0.12086179553198534,genetic_association,False,False,,,,0.1988,,,,
T2D,ENSG00000166152,C16orf78,chromosome 16 open reading frame 78,0.12084410650519377,genetic_association,False,False,,,,0.1988,,,,
T2D,ENSG00000185013,NT5C1B,"5'-nucleotidase, cytosolic IB",0.12078317534048019,genetic_association,False,False,,,,0.1987,,,,
T2D,ENSG00000242120,MDFIC2,MyoD family inhibitor domain containing 2,0.12077532058773321,genetic_association,False,False,,,,0.1987,,,,
T2D,ENSG00000165953,SERPINA12,serpin family A member 12,0.1206765248804937,animal_model;literature,False,False,0.9061,0.3458,,,,,,
T2D,ENSG00000226887,ERVMER34-1,"endogenous retrovirus group MER34 member 1, envelope",0.12065500822042255,genetic_association,False,False,,,,0.1985,,,,
T2D,ENSG00000056736,IL17RB,interleukin 17 receptor B,0.12052173779043542,genetic_association,False,False,,,,0.1982,,,,
T2D,ENSG00000197584,KCNMB2,potassium calcium-activated channel subfamily M regulatory beta subunit 2,0.12037379427356258,genetic_association,False,False,,,,0.198,,,,
T2D,ENSG00000163202,LCE3D,late cornified envelope 3D,0.12026357930059263,genetic_association,False,False,,,,0.1978,,,,
T2D,ENSG00000265972,TXNIP,thioredoxin interacting protein,0.12024076631105936,animal_model;literature,False,False,0.9003,0.3544,,,,,,
T2D,ENSG00000119514,GALNT12,polypeptide N-acetylgalactosaminyltransferase 12,0.12018117553101537,genetic_association,False,False,,,,0.1977,,,,
T2D,ENSG00000082701,GSK3B,glycogen synthase kinase 3 beta,0.12010129299326933,animal_model;literature,False,False,0.9238,0.2558,,,,,,
T2D,ENSG00000105705,SUGP1,SURP and G-patch domain containing 1,0.12009339607032044,genetic_association,False,False,0.043,,,0.1954,,,,
T2D,ENSG00000128918,ALDH1A2,aldehyde dehydrogenase 1 family member A2,0.11991583021134253,genetic_association,False,False,0.0543,,,0.1945,,,,
T2D,ENSG00000132153,DHX30,DExH-box helicase 30,0.1198890156268597,genetic_association,False,False,,,,0.1972,,,,
T2D,ENSG00000115138,POMC,proopiomelanocortin,0.11988283295808333,animal_model;literature,False,False,0.8394,0.4346,,0.0683,,,,
T2D,ENSG00000135392,DNAJC14,DnaJ heat shock protein family (Hsp40) member C14,0.11978979204532961,genetic_association,False,False,,,,0.197,,,,
T2D,ENSG00000135218,CD36,CD36 molecule (CD36 blood group),0.11963615448392353,animal_model;literature,False,False,0.9054,0.2806,,0.0152,,,,
T2D,ENSG00000136244,IL6,interleukin 6,0.11943133876522549,literature,False,True,0.9823,,,,,,,
T2D,ENSG00000112851,ERBIN,erbb2 interacting protein,0.11938888776589626,genetic_association,False,False,0.038,,,0.1945,,,,
T2D,ENSG00000185565,LSAMP,limbic system associated membrane protein,0.11934167263181909,genetic_association,False,False,0.035,,,0.1946,,,,
T2D,ENSG00000132693,CRP,C-reactive protein,0.11922565149004236,literature,False,True,0.9806,,,,,,,
T2D,ENSG00000134852,CLOCK,clock circadian regulator,0.1192207999726538,animal_model;literature,False,False,0.9125,0.272,,,,,,
T2D,ENSG00000213347,MXD3,MAX dimerization protein 3,0.11895950434057222,genetic_association,False,False,0.0122,,,0.1951,,,,
T2D,ENSG00000172789,HOXC5,homeobox C5,0.1188103503014507,genetic_association,False,False,,,,0.1954,,,,
T2D,ENSG00000146674,IGFBP3,insulin like growth factor binding protein 3,0.11858132070449953,animal_model;literature,False,False,0.8858,0.3581,,,,,,
T2D,ENSG00000173918,C1QTNF1,C1q and TNF related 1,0.11835057337570212,animal_model;literature,False,False,0.8915,0.3277,,,,,,
T2D,ENSG00000091164,TXNL1,thioredoxin like 1,0.11832060981175148,genetic_association,False,False,0.0304,,,0.1931,,,,
T2D,ENSG00000068903,SIRT2,sirtuin 2,0.11823234663919968,genetic_association;literature,False,False,0.7581,,,0.1566,,,,
T2D,ENSG00000109320,NFKB1,nuclear factor kappa B subunit 1,0.11814691963374871,literature,False,True,0.8455,,0.076,0.0562,,,,
T2D,ENSG00000121807,CCR2,C-C motif chemokine receptor 2,0.11810721599290885,clinical;literature,False,False,0.2093,,0.1838,,,,,
T2D,ENSG00000289653,ENSG00000289653,novel protein,0.11808658163145462,genetic_association,False,False,,,,0.1942,,,,
T2D,ENSG00000103599,IQCH,IQ motif containing H,0.11806506160374687,genetic_association,False,False,,,,0.1942,,,,
T2D,ENSG00000123810,B9D2,B9 domain containing 2,0.11805550831158318,genetic_association,False,False,0.0304,,,0.1927,,,,
T2D,ENSG00000083750,RRAGB,Ras related GTP binding B,0.11804253070457586,genetic_association,False,False,,,,0.1942,,,,
T2D,ENSG00000138207,RBP4,retinol binding protein 4,0.11803927126000878,literature,False,True,0.9708,,,,,,,
T2D,ENSG00000104331,BPNT2,"3'(2'), 5'-bisphosphate nucleotidase 2",0.11802978784982532,genetic_association,False,False,,,,0.1942,,,,
T2D,ENSG00000151327,FAM177A1,family with sequence similarity 177 member A1,0.11795159334718532,genetic_association,False,False,,,,0.194,,,,
T2D,ENSG00000010610,CD4,CD4 molecule,0.11774491503130444,literature,False,True,0.9684,,,,,,,
T2D,ENSG00000101440,ASIP,agouti signaling protein,0.11722458824649903,animal_model;genetic_association,False,False,0.0716,0.4106,,0.1707,,,,
T2D,ENSG00000130513,GDF15,growth differentiation factor 15,0.11722020214280095,literature,False,True,0.9641,,,,,,,
T2D,ENSG00000197885,NKIRAS1,NFKB inhibitor interacting Ras like 1,0.11717524099938885,genetic_association,False,False,,,,0.1927,,,,
T2D,ENSG00000254087,LYN,"LYN proto-oncogene, Src family tyrosine kinase",0.11711256701355904,clinical;literature,False,False,0.543,,0.1655,,,,,
T2D,ENSG00000186868,MAPT,microtubule associated protein tau,0.11708790239059841,genetic_association;literature,False,False,0.7793,,,0.147,,,,
T2D,ENSG00000153563,CD8A,CD8 subunit alpha,0.11696747548619743,literature,False,True,0.962,,,,,,,
T2D,ENSG00000232810,TNF,tumor necrosis factor,0.11695687606442469,literature,False,True,0.9619,,,,,,,
T2D,ENSG00000171444,MCC,MCC regulator of Wnt signaling pathway,0.11691985271242679,genetic_association,False,False,0.0122,,,0.1917,,,,
T2D,ENSG00000159596,TMEM69,transmembrane protein 69,0.11682777335359602,genetic_association,False,False,0.0486,,,0.1897,,,,
T2D,ENSG00000164037,SLC9B1,solute carrier family 9 member B1,0.11673314389955314,genetic_association,False,False,0.0122,,,0.1914,,,,
T2D,ENSG00000167701,GPT,glutamic--pyruvic transaminase,0.1167201884111926,literature,False,True,0.96,,,,,,,
T2D,ENSG00000069764,PLA2G10,phospholipase A2 group X,0.11662644689573069,genetic_association,False,False,0.0182,,,0.1909,,,,
T2D,ENSG00000163499,CRYBA2,crystallin beta A2,0.11659835820812131,genetic_association,False,False,0.0304,,,0.1903,,,,
T2D,ENSG00000115594,IL1R1,interleukin 1 receptor type 1,0.11648788940664605,animal_model;clinical;literature,False,False,0.3528,0.358,0.1659,,,,,
T2D,ENSG00000152104,PTPN14,protein tyrosine phosphatase non-receptor type 14,0.11647748258603079,genetic_association,False,False,0.0304,,,0.1901,,,,
T2D,ENSG00000104343,UBE2W,ubiquitin conjugating enzyme E2 W,0.11638526780458372,genetic_association,False,False,0.0426,,,0.1893,,,,
T2D,ENSG00000176422,SPRYD4,SPRY domain containing 4,0.11637491771318206,genetic_association,False,False,,,,0.1914,,,,
T2D,ENSG00000157214,STEAP2,STEAP2 metalloreductase,0.11628701214003087,genetic_association,False,False,,,,0.1913,,,,
T2D,ENSG00000240654,C1QTNF9,C1q and TNF related 9,0.1162200734077566,animal_model;literature,False,False,0.8594,0.3859,,,,,,
T2D,ENSG00000119655,NPC2,NPC intracellular cholesterol transporter 2,0.11615772604869348,genetic_association,False,False,0.0213,,,0.19,,,,
T2D,ENSG00000137462,TLR2,toll like receptor 2,0.11593817527566931,animal_model;literature,False,False,0.8607,0.3714,,,,,,
T2D,ENSG00000155903,RASA2,RAS p21 protein activator 2,0.11583375379501921,genetic_association,False,False,0.0122,,,0.1899,,,,
T2D,ENSG00000116497,S100PBP,S100P binding protein,0.11580285502731648,genetic_association,False,False,,,,0.1905,,,,
T2D,ENSG00000107175,CREB3,cAMP responsive element binding protein 3,0.11568241176026046,animal_model;genetic_association;literature,False,False,0.1444,0.2846,,0.1729,,,,
T2D,ENSG00000082641,NFE2L1,NFE2 like bZIP transcription factor 1,0.11566901440052739,genetic_association,False,False,0.0401,,,0.1883,,,,
T2D,ENSG00000177000,MTHFR,methylenetetrahydrofolate reductase,0.1156310263925145,literature,False,True,0.951,,,,,,,
T2D,ENSG00000183908,LRRC55,leucine rich repeat containing 55,0.1154937045889693,genetic_association,False,False,,,,0.19,,,,
T2D,ENSG00000008300,CELSR3,cadherin EGF LAG seven-pass G-type receptor 3,0.1154937045889693,genetic_association,False,False,,,,0.19,,,,
T2D,ENSG00000120937,NPPB,natriuretic peptide B,0.11541679909919854,literature,False,True,0.9493,,,,,,,
T2D,ENSG00000151617,EDNRA,endothelin receptor type A,0.11534733624985488,clinical;literature,False,False,0.2809,,0.1757,,,,,
T2D,ENSG00000111725,PRKAB1,protein kinase AMP-activated non-catalytic subunit beta 1,0.1151878668343545,animal_model;genetic_association;literature,False,False,0.437,0.4382,,0.1579,,,,
T2D,ENSG00000174943,KCTD13,potassium channel tetramerization domain containing 13,0.11511168267376133,genetic_association,False,False,0.0547,,,0.1866,,,,
T2D,ENSG00000189299,FOXR2,forkhead box R2,0.11500950878431773,genetic_association,False,False,,,,0.1892,,,,
T2D,ENSG00000134184,GSTM1,glutathione S-transferase mu 1,0.11477601540754225,literature,False,True,0.888,,,0.0448,,,,
T2D,ENSG00000150907,FOXO1,forkhead box O1,0.11467764534428213,animal_model;literature,False,False,0.8676,0.3023,,,,,,
T2D,ENSG00000121351,IAPP,islet amyloid polypeptide,0.11459087192764249,animal_model;literature,False,False,0.8595,0.332,,,,,,
T2D,ENSG00000106538,RARRES2,retinoic acid receptor responder 2,0.114521782943735,literature,False,True,0.9419,,,,,,,
T2D,ENSG00000255154,HTD2,hydroxyacyl-thioester dehydratase type 2,0.11444206179446076,genetic_association,False,False,,,,0.1882,,,,
T2D,ENSG00000144035,NAT8,N-acetyltransferase 8 (putative),0.11438582158795102,genetic_association,False,False,0.0274,,,0.1868,,,,
T2D,ENSG00000106268,NUDT1,nudix hydrolase 1,0.11420286104546529,genetic_association,False,False,,,,0.1879,,,,
T2D,ENSG00000139318,DUSP6,dual specificity phosphatase 6,0.11398781237585474,genetic_association,False,False,0.0446,,,0.1853,,,,
T2D,ENSG00000167941,SOST,sclerostin,0.11388307572620306,literature,False,True,0.9366,,,,,,,
T2D,ENSG00000162711,NLRP3,NLR family pyrin domain containing 3,0.11378732793260209,literature,False,True,0.9359,,,,,,,
T2D,ENSG00000187942,LDLRAD2,low density lipoprotein receptor class A domain containing 2,0.11376973910845678,genetic_association,False,False,,,,0.1871,,,,
T2D,ENSG00000121380,BCL2L14,BCL2 like 14,0.11371806113497104,genetic_association,False,False,,,,0.1871,,,,
T2D,ENSG00000245848,CEBPA,CCAAT enhancer binding protein alpha,0.11365864921051053,animal_model;genetic_association;literature,False,False,0.2483,0.3434,,0.1643,,,,
T2D,ENSG00000037042,TUBG2,tubulin gamma 2,0.11325767881732542,genetic_association,False,False,,,,0.1863,,,,
T2D,ENSG00000169228,RAB24,"RAB24, member RAS oncogene family",0.11315365166432621,genetic_association,False,False,,,,0.1861,,,,
T2D,ENSG00000186326,RGS9BP,regulator of G protein signaling 9 binding protein,0.11315308066842486,genetic_association,False,False,,,,0.1861,,,,
T2D,ENSG00000104093,DMXL2,Dmx like 2,0.11307976923484789,genetic_association,False,False,,,,0.186,,,,
T2D,ENSG00000175567,UCP2,uncoupling protein 2,0.11307136700247566,literature,False,True,0.93,,,,,,,
T2D,ENSG00000155545,MIER3,MIER family member 3,0.11303602633132946,genetic_association,False,False,,,,0.1859,,,,
T2D,ENSG00000134453,RBM17,RNA binding motif protein 17,0.11285163269430447,genetic_association,False,False,,,,0.1856,,,,
T2D,ENSG00000163110,PDLIM5,PDZ and LIM domain 5,0.11284986582528671,genetic_association;literature,False,False,0.2379,,,0.1737,,,,
T2D,ENSG00000164440,TXLNB,taxilin beta,0.11279649263872801,genetic_association,False,False,0.0243,,,0.1843,,,,
T2D,ENSG00000079999,KEAP1,kelch like ECH associated protein 1,0.11272716979064552,clinical;literature,False,False,0.4715,,0.1619,,,,,
T2D,ENSG00000213341,CHUK,component of inhibitor of nuclear factor kappa B kinase complex,0.11261861251381182,genetic_association;literature,False,False,0.3545,,,0.1675,,,,
T2D,ENSG00000115008,IL1A,interleukin 1 alpha,0.11260974975863369,clinical;literature,False,False,0.3901,,0.1655,,0.0106,,,
T2D,ENSG00000221843,SPATA31H1,SPATA31 subfamily H member 1,0.11257093866450645,genetic_association,False,False,0.0393,,,0.1832,,,,
T2D,ENSG00000171388,APLN,apelin,0.11244995587383934,literature,False,True,0.9249,,,,,,,
T2D,ENSG00000274070,CASTOR2,cytosolic arginine sensor for mTORC1 subunit 2,0.11242159645467567,genetic_association,False,False,,,,0.1849,,,,
T2D,ENSG00000163631,ALB,albumin,0.11201183581593317,literature,False,True,0.9213,,,,,,,
T2D,ENSG00000127318,IL22,interleukin 22,0.11191191166195337,literature,False,True,0.9204,,,,,,,
T2D,ENSG00000142168,SOD1,superoxide dismutase 1,0.11185832543795882,literature,False,True,0.92,,,,,,,
T2D,ENSG00000121361,KCNJ8,potassium inwardly rectifying channel subfamily J member 8,0.11142369669470141,clinical;genetic_association;literature,False,False,0.1324,,0.152,0.1134,,,,
T2D,ENSG00000170006,TMEM154,transmembrane protein 154,0.11130591048396254,genetic_association;literature,False,False,0.3434,,,0.1659,,,,
T2D,ENSG00000204021,LIPK,lipase family member K,0.1112312074214592,genetic_association,False,False,,,,0.183,,,,
T2D,ENSG00000150556,LYPD6B,LY6/PLAUR domain containing 6B,0.11123004334361422,genetic_association,False,False,,,,0.183,,,,
T2D,ENSG00000169410,PTPN9,protein tyrosine phosphatase non-receptor type 9,0.11095580289066705,genetic_association;literature,False,False,0.1853,,,0.1733,,,,
T2D,ENSG00000160179,ABCG1,ATP binding cassette subfamily G member 1,0.11093499903387703,literature,False,True,0.9124,,,,,,,
T2D,ENSG00000137818,RPLP1,ribosomal protein lateral stalk subunit P1,0.11088559195204976,genetic_association,False,False,,,,0.1824,,,,
T2D,ENSG00000173511,VEGFB,vascular endothelial growth factor B,0.11069193232269291,literature,False,True,0.8448,,,0.0525,,,,
T2D,ENSG00000117222,RBBP5,"RB binding protein 5, histone lysine methyltransferase complex subunit",0.11062758712445991,genetic_association,False,False,,,,0.182,,,,
T2D,ENSG00000131914,LIN28A,lin-28 RNA binding posttranscriptional regulator A,0.11061375931889288,genetic_association,False,False,0.0452,,,0.1797,,,,
T2D,ENSG00000111245,MYL2,myosin light chain 2,0.11048782875620655,genetic_association,False,False,0.0689,,,0.1783,,,,
T2D,ENSG00000141510,TP53,tumor protein p53,0.1103966729773141,literature,False,True,0.908,,,,,,,
T2D,ENSG00000087085,ACHE,acetylcholinesterase (Yt blood group),0.11023158858224957,clinical;literature,False,False,0.3766,,0.1625,,,,,
T2D,ENSG00000197728,RPS26,ribosomal protein S26,0.11019210121252246,genetic_association,False,False,0.0973,,,0.1764,,,,
T2D,ENSG00000131981,LGALS3,galectin 3,0.11016257439838993,literature,False,True,0.906,,,,,,,
T2D,ENSG00000197766,CFD,complement factor D,0.11004888667522865,literature,False,True,0.9051,,,,,,,
T2D,ENSG00000123444,KBTBD4,kelch repeat and BTB domain containing 4,0.11003941543694283,genetic_association,False,False,,,,0.181,,,,
T2D,ENSG00000070915,SLC12A3,solute carrier family 12 member 3,0.1099636930916681,clinical;literature,False,False,0.3562,,0.1631,,,,,
T2D,ENSG00000187955,COL14A1,collagen type XIV alpha 1 chain,0.10991360186674326,genetic_association,False,False,,,,0.1808,,,,
T2D,ENSG00000128298,BAIAP2L2,BAR/IMD domain containing adaptor protein 2 like 2,0.10970276479727392,genetic_association,False,False,,,,0.1805,,,,
T2D,ENSG00000105835,NAMPT,nicotinamide phosphoribosyltransferase,0.10962675078434977,literature,False,True,0.9016,,,,,,,
T2D,ENSG00000196993,NPIPB9,nuclear pore complex interacting protein family member B9,0.10944827408197758,genetic_association,False,False,,,,0.18,,,,
T2D,ENSG00000100292,HMOX1,heme oxygenase 1,0.10936990267848228,animal_model;literature,False,False,0.8294,0.2803,,,,,,
T2D,ENSG00000251562,MALAT1,metastasis associated lung adenocarcinoma transcript 1,0.10936067656147297,literature,False,True,0.8995,,,,,,,
T2D,ENSG00000006453,BAIAP2L1,BAR/IMD domain containing adaptor protein 2 like 1,0.10929657731647469,animal_model;genetic_association,False,False,0.0851,0.2874,,0.1635,,,,
T2D,ENSG00000170577,SIX2,SIX homeobox 2,0.10919872059948281,genetic_association;literature,False,False,0.6034,,,0.1495,,,,
T2D,ENSG00000170458,CD14,CD14 molecule,0.1091546925362987,literature,False,True,0.8978,,,,,,,
T2D,ENSG00000159346,ADIPOR1,adiponectin receptor 1,0.1090049058550264,animal_model;literature,False,False,0.8237,0.2911,,,,,,
T2D,ENSG00000100985,MMP9,matrix metallopeptidase 9,0.10891408668062166,literature,False,True,0.8958,,,,,,,
T2D,ENSG00000104365,IKBKB,inhibitor of nuclear factor kappa B kinase subunit beta,0.10863372300102273,clinical;literature,False,False,0.3368,,0.1619,,,,,
T2D,ENSG00000010438,PRSS3,serine protease 3,0.10846272498314784,genetic_association,False,False,0.073,,,0.1748,,,,
T2D,ENSG00000197771,MCMBP,minichromosome maintenance complex binding protein,0.10845465725838553,genetic_association,False,False,,,,0.1784,,,,
T2D,ENSG00000142669,SH3BGRL3,SH3 domain binding glutamate rich protein like 3,0.10840021159899331,genetic_association,False,False,0.0304,,,0.1768,,,,
T2D,ENSG00000110243,APOA5,apolipoprotein A5,0.10833913535597484,literature,False,True,0.8049,,,0.0689,,,,
T2D,ENSG00000145384,FABP2,fatty acid binding protein 2,0.10820854817593493,animal_model;literature,False,False,0.7996,0.3614,,,,,,
T2D,ENSG00000130234,ACE2,angiotensin converting enzyme 2,0.10797972967685987,literature,False,True,0.8881,,,,,,,
T2D,ENSG00000184898,RBM43,RNA binding motif protein 43,0.10756396678510455,genetic_association;literature,False,False,0.1465,,,0.1696,,,,
T2D,ENSG00000176208,ATAD5,ATPase family AAA domain containing 5,0.1075532590687042,genetic_association,False,False,,,,0.1769,,,,
T2D,ENSG00000146678,IGFBP1,insulin like growth factor binding protein 1,0.10751083897333184,literature,False,True,0.8842,,,,,,,
T2D,ENSG00000175206,NPPA,natriuretic peptide A,0.10741083808690391,literature,False,True,0.8834,,,,,,,
T2D,ENSG00000128594,LRRC4,leucine rich repeat containing 4,0.10728253551388303,genetic_association,False,False,,,,0.1765,,,,
T2D,ENSG00000168374,ARF4,ARF GTPase 4,0.10727704150090919,genetic_association,False,False,,,,0.1765,,,,
T2D,ENSG00000213625,LEPROT,leptin receptor overlapping transcript,0.1072505186481726,genetic_association;literature,False,False,0.1102,,,0.1709,,,,
T2D,ENSG00000114739,ACVR2B,activin A receptor type 2B,0.10712811058657495,clinical;literature,False,False,0.2145,,0.1655,,,,,
T2D,ENSG00000082196,C1QTNF3,C1q and TNF related 3,0.10709633495334069,literature,False,True,0.8808,,,,,,,
T2D,ENSG00000162344,FGF19,fibroblast growth factor 19,0.10706076149681992,literature,False,True,0.8805,,,,,,,
T2D,ENSG00000135744,AGT,angiotensinogen,0.1069377773057683,animal_model;literature,False,False,0.7752,0.4171,,,,,,
T2D,ENSG00000141556,TBCD,tubulin folding cofactor D,0.10690775308315974,genetic_association,False,False,,,,0.1759,,,,
T2D,ENSG00000174405,LIG4,DNA ligase 4,0.10686886334288508,genetic_association;literature,False,False,0.101,,,0.1707,,,,
T2D,ENSG00000137752,CASP1,caspase 1,0.10686065002562507,literature,False,True,0.8398,,,0.0313,,,,
T2D,ENSG00000151006,PRSS53,serine protease 53,0.10683217328216697,genetic_association,False,False,0.0973,,,0.1709,,,,
T2D,ENSG00000101230,ISM1,isthmin 1,0.10669039857794728,literature,False,True,0.8775,,,,,,,
T2D,ENSG00000107643,MAPK8,mitogen-activated protein kinase 8,0.10663095451637486,animal_model;genetic_association;literature,False,False,0.6141,0.3451,,0.137,,,,
T2D,ENSG00000169752,NRG4,neuregulin 4,0.10657796805486691,literature,False,True,0.8766,,,,,,,
T2D,ENSG00000104368,PLAT,"plasminogen activator, tissue type",0.10652472204397721,literature,False,True,0.8761,,,,,,,
T2D,ENSG00000272398,CD24,CD24 molecule,0.10649739168253235,genetic_association;literature,False,False,0.1856,,,0.1659,,,,
T2D,ENSG00000152266,PTH,parathyroid hormone,0.10644572311975783,literature,False,True,0.8755,,,,,,,
T2D,ENSG00000136404,TM6SF1,transmembrane 6 superfamily member 1,0.10629420383837379,genetic_association,False,False,0.0122,,,0.1742,,,,
T2D,ENSG00000113916,BCL6,BCL6 transcription repressor,0.1062823491032336,genetic_association;literature,False,False,0.1036,,,0.1695,0.0088,,,
T2D,ENSG00000162409,PRKAA2,protein kinase AMP-activated catalytic subunit alpha 2,0.10621011577013738,animal_model;literature,False,False,0.766,0.4301,,,,,,
T2D,ENSG00000131473,ACLY,ATP citrate lyase,0.10611224567430246,clinical;literature,False,False,0.1735,,0.1659,,,,,
T2D,ENSG00000173599,PC,pyruvate carboxylase,0.10604679849932323,genetic_association;literature,False,False,0.1241,,,0.1682,,,,
T2D,ENSG00000112245,PTP4A1,protein tyrosine phosphatase 4A1,0.10603440270932715,genetic_association,False,False,0.0912,,,0.1699,,,,
T2D,ENSG00000117984,CTSD,cathepsin D,0.10584483169746442,literature,False,True,0.8705,,,,,,,
T2D,ENSG00000171456,ASXL1,ASXL transcriptional regulator 1,0.10579626095568397,genetic_association;literature,False,False,0.1683,,,0.1656,,,,
T2D,ENSG00000164078,MST1R,macrophage stimulating 1 receptor,0.1057921365606941,genetic_association,False,False,0.0836,,,0.1698,,,,
T2D,ENSG00000183230,CTNNA3,catenin alpha 3,0.10576934525672022,genetic_association;literature,False,False,0.3906,,,0.1545,,,,
T2D,ENSG00000105697,HAMP,hepcidin antimicrobial peptide,0.1056923232590967,literature,False,True,0.8693,,,,,,,
T2D,ENSG00000213221,DNLZ,DNL-type zinc finger,0.10563516239703656,genetic_association,False,False,0.0612,,,0.1707,,,,
T2D,ENSG00000289490,ENSG00000289490,novel protein,0.105614827829778,genetic_association,False,False,,,,0.1737,,,,
T2D,ENSG00000166501,PRKCB,protein kinase C beta,0.10554374999612394,clinical;literature,False,False,0.2975,,0.1587,,,,,
T2D,ENSG00000030066,NUP160,nucleoporin 160,0.10553983945559514,genetic_association,False,False,0.0608,,,0.1706,,,,
T2D,ENSG00000182111,ZNF716,zinc finger protein 716,0.105416423310563,genetic_association,False,False,0.0304,,,0.1719,,,,
T2D,ENSG00000170681,CAVIN4,caveolae associated protein 4,0.10541418651880656,genetic_association,False,False,,,,0.1734,,,,
T2D,ENSG00000141434,MEP1B,meprin A subunit beta,0.10506317912893391,genetic_association,False,False,0.0289,,,0.1714,,,,
T2D,ENSG00000152495,CAMK4,calcium/calmodulin dependent protein kinase IV,0.10499825949929334,genetic_association,False,False,0.0405,,,0.1707,,,,
T2D,ENSG00000175354,PTPN2,protein tyrosine phosphatase non-receptor type 2,0.10497322547946344,literature,False,True,0.7495,,,0.0911,,,,
T2D,ENSG00000184584,STING1,stimulator of interferon response cGAMP interactor 1,0.10492248058103049,literature,False,True,0.8629,,,,,,,
T2D,ENSG00000105388,CEACAM5,CEA cell adhesion molecule 5,0.10470732530829556,animal_model;literature,False,False,0.779,0.3287,,,,,,
T2D,ENSG00000109424,UCP1,uncoupling protein 1,0.10442673617316865,literature,False,True,0.8589,,,,,,,
T2D,ENSG00000121879,PIK3CA,"phosphatidylinositol-4,5-bisphosphate 3-kinase catalytic subunit alpha",0.10434084248782637,animal_model;literature,False,False,0.7499,0.2908,0.0608,,,,,
T2D,ENSG00000204444,APOM,apolipoprotein M,0.10422879571933866,literature,False,True,0.8572,,,,,,,
T2D,ENSG00000008869,HEATR5B,HEAT repeat containing 5B,0.10421194949990711,genetic_association,False,False,,,,0.1714,,,,
T2D,ENSG00000169429,CXCL8,C-X-C motif chemokine ligand 8,0.10414237195103106,literature,False,True,0.8421,,,,0.0579,,,
T2D,ENSG00000101017,CD40,CD40 molecule,0.10409711705623077,clinical;literature,False,False,0.2499,,0.1587,,,,,
T2D,ENSG00000165471,MBL2,mannose binding lectin 2,0.10406080153601459,literature,False,True,0.8559,,,,,,,
T2D,ENSG00000084207,GSTP1,glutathione S-transferase pi 1,0.10392123023743072,literature,False,True,0.8547,,,,,,,
T2D,ENSG00000106266,SNX8,sorting nexin 8,0.10389190999255499,genetic_association,False,False,,,,0.1709,,,,
T2D,ENSG00000100150,DEPDC5,"DEP domain containing 5, GATOR1 subcomplex subunit",0.10387967746344319,genetic_association,False,False,,,,0.1709,,,,
T2D,ENSG00000134262,AP4B1,adaptor related protein complex 4 subunit beta 1,0.10372811166123978,genetic_association,False,False,,,,0.1706,,,,
T2D,ENSG00000156006,NAT2,N-acetyltransferase 2,0.10350118152635575,literature,False,True,0.8513,,,,,,,
T2D,ENSG00000100625,SIX4,SIX homeobox 4,0.10345353178782278,genetic_association,False,False,,,,0.1702,,,,
T2D,ENSG00000100991,TRPC4AP,transient receptor potential cation channel subfamily C member 4 associated protein,0.10345340888976619,animal_model;genetic_association,False,False,0.0456,0.3435,,0.152,,,,
T2D,ENSG00000081320,STK17B,serine/threonine kinase 17b,0.1034332807801246,genetic_association;literature,False,False,0.1108,,,0.1646,,,,
T2D,ENSG00000198876,DCAF12,DDB1 and CUL4 associated factor 12,0.1032554451461794,genetic_association,False,False,,,,0.1698,,,,
T2D,ENSG00000137033,IL33,interleukin 33,0.10321881139243948,literature,False,True,0.8489,,,,,,,
T2D,ENSG00000104980,TIMM44,translocase of inner mitochondrial membrane 44,0.10319900494243833,genetic_association,False,False,0.065,,,0.1665,,,,
T2D,ENSG00000140832,MARVELD3,MARVEL domain containing 3,0.10314938530089793,genetic_association,False,False,,,,0.1697,,,,
T2D,ENSG00000118785,SPP1,secreted phosphoprotein 1,0.10308849048738371,literature,False,True,0.8479,,,,,,,
T2D,ENSG00000162337,LRP5,LDL receptor related protein 5,0.10297122105500822,animal_model;literature,False,False,0.7515,0.3817,,,,,,
T2D,ENSG00000100097,LGALS1,galectin 1,0.1029497757673915,literature,False,True,0.8467,,,,,,,
T2D,ENSG00000173702,MUC13,"mucin 13, cell surface associated",0.10277221031120289,genetic_association,False,False,,,,0.1691,,,,
T2D,ENSG00000103266,STUB1,STIP1 homology and U-box containing protein 1,0.10276482689594249,literature,False,True,0.8452,,,,,,,
T2D,ENSG00000188659,SAXO2,stabilizer of axonemal microtubules 2,0.10275062220876735,genetic_association,False,False,,,,0.169,,,,
T2D,ENSG00000174792,ODAPH,odontogenesis associated phosphoprotein,0.10268842148862499,genetic_association,False,False,,,,0.1689,,,,
T2D,ENSG00000198521,ZNF43,zinc finger protein 43,0.10257275132363323,genetic_association,False,False,,,,0.1687,,,,
T2D,ENSG00000196793,ZNF239,zinc finger protein 239,0.10250891670324634,genetic_association,False,False,0.0669,,,0.1653,,,,
T2D,ENSG00000204305,AGER,advanced glycosylation end-product specific receptor,0.10245763642129044,literature,False,True,0.8427,,,,,,,
T2D,ENSG00000176108,CHMP6,charged multivesicular body protein 6,0.10215740717521248,genetic_association,False,False,,,,0.168,,,,
T2D,ENSG00000197786,OR5B17,olfactory receptor family 5 subfamily B member 17,0.10189255020864493,genetic_association,False,False,,,,0.1676,,,,
T2D,ENSG00000087088,BAX,"BCL2 associated X, apoptosis regulator",0.10184921433248263,literature,False,True,0.8377,,,,,,,
T2D,ENSG00000027697,IFNGR1,interferon gamma receptor 1,0.10180955805864009,genetic_association,False,False,0.0638,,,0.1643,,,,
T2D,ENSG00000196689,TRPV1,transient receptor potential cation channel subfamily V member 1,0.10178307897461705,clinical;literature,False,False,0.1738,,0.1587,,,,,
T2D,ENSG00000174564,IL20RB,interleukin 20 receptor subunit beta,0.10176008552398581,genetic_association,False,False,0.0122,,,0.1668,,,,
T2D,ENSG00000183454,GRIN2A,glutamate ionotropic receptor NMDA type subunit 2A,0.10173455458227008,clinical,True,False,0.0371,,0.1655,,,,,
T2D,ENSG00000239732,TLR9,toll like receptor 9,0.10170475190712545,clinical;literature,False,False,0.4372,,0.1454,,,,,
T2D,ENSG00000172938,MRGPRD,MAS related GPR family member D,0.10166885313470249,genetic_association,False,False,,,,0.1672,,,,
T2D,ENSG00000147256,ARHGAP36,Rho GTPase activating protein 36,0.10155132601810785,genetic_association,False,False,,,,0.167,,,,
T2D,ENSG00000130429,ARPC1B,actin related protein 2/3 complex subunit 1B,0.10154070553327556,genetic_association;literature,False,False,0.1488,,,0.1596,,,,
T2D,ENSG00000127080,IPPK,inositol-pentakisphosphate 2-kinase,0.10150811677022284,genetic_association,False,False,,,,0.167,,,,
T2D,ENSG00000109738,GLRB,glycine receptor beta,0.10140160351669024,genetic_association,False,False,,,,0.1668,,,,
T2D,ENSG00000196296,ATP2A1,ATPase sarcoplasmic/endoplasmic reticulum Ca2+ transporting 1,0.10128082396531933,genetic_association,False,False,0.0727,,,0.163,,,,
T2D,ENSG00000254852,NPIPA2,nuclear pore complex interacting protein family member A2,0.10116086880765057,genetic_association,False,False,,,,0.1664,,,,
T2D,ENSG00000152402,GUCY1A2,guanylate cyclase 1 soluble subunit alpha 2,0.10108932975263304,clinical,True,False,,,0.1663,,,,,
T2D,ENSG00000164116,GUCY1A1,guanylate cyclase 1 soluble subunit alpha 1,0.10108932975263304,clinical,True,False,,,0.1663,,,,,
T2D,ENSG00000174579,MSL2,MSL complex subunit 2,0.10104820519666602,genetic_association,False,False,,,,0.1662,,,,
T2D,ENSG00000172247,C1QTNF4,C1q and TNF related 4,0.10080491795723273,literature,False,True,0.7442,,,0.0679,,,,
T2D,ENSG00000185624,P4HB,prolyl 4-hydroxylase subunit beta,0.10079763435666099,clinical;literature,False,False,0.2764,,0.152,,,,,
T2D,ENSG00000129422,MTUS1,microtubule associated scaffold protein 1,0.10074752862226123,genetic_association,False,False,0.0881,,,0.1613,,,,
T2D,ENSG00000174059,CD34,CD34 molecule,0.10071580477594957,literature,False,True,0.8283,,,,,,,
T2D,ENSG00000214029,ZNF891,zinc finger protein 891,0.10056373779450246,genetic_association,False,False,,,,0.1654,,,,
T2D,ENSG00000163453,IGFBP7,insulin like growth factor binding protein 7,0.1005615119922179,literature,False,True,0.8271,,,,,,,
T2D,ENSG00000131470,PSMC3IP,PSMC3 interacting protein,0.10055837835455705,genetic_association,False,False,,,,0.1654,,,,
T2D,ENSG00000147408,CSGALNACT1,chondroitin sulfate N-acetylgalactosaminyltransferase 1,0.10046328678432677,genetic_association,False,False,0.0152,,,0.1645,,,,
T2D,ENSG00000028116,VRK2,VRK serine/threonine kinase 2,0.10038213289428735,genetic_association,False,False,0.0304,,,0.1636,,,,
T2D,ENSG00000184502,GAST,gastrin,0.10032150407988463,animal_model;literature,False,False,0.7546,0.2821,,,,,,
T2D,ENSG00000174990,CA5A,carbonic anhydrase 5A,0.10023131468415505,genetic_association,False,False,0.0532,,,0.1622,,,,
NAFLD,ENSG00000100344,PNPLA3,"patatin like domain 3, 1-acylglycerol-3-phosphate O-acyltransferase ",0.7454802950606034,animal_model;genetic_association;genetic_literature;literature,False,False,0.9881,0.6463,,0.913,,0.6079,,
NAFLD,ENSG00000112164,GLP1R,glucagon like peptide 1 receptor,0.5703168765058145,clinical;literature,False,False,0.9298,,0.8916,,,,,
NAFLD,ENSG00000151090,THRB,thyroid hormone receptor beta,0.5521890984154045,clinical;literature,False,False,0.7338,,0.8716,,,,,
NAFLD,ENSG00000130203,APOE,apolipoprotein E,0.5135477801565171,genetic_association;literature,False,False,0.8756,,,0.801,,,,
NAFLD,ENSG00000110243,APOA5,apolipoprotein A5,0.48022765171307547,genetic_association;literature,False,False,0.8382,,,0.748,,,,
NAFLD,ENSG00000132170,PPARG,peroxisome proliferator activated receptor gamma,0.4776120665563147,clinical;genetic_association;literature,False,False,0.9399,,0.6606,0.4165,,,,
NAFLD,ENSG00000175445,LPL,lipoprotein lipase,0.46661993595892476,genetic_association;literature,False,False,0.881,,,0.7235,,,,
NAFLD,ENSG00000173334,TRIB1,tribbles pseudokinase 1,0.45427726999068796,genetic_association;literature,False,False,0.7471,,,0.7099,,,,
NAFLD,ENSG00000166035,LIPC,"lipase C, hepatic type",0.44293278426405175,genetic_association;literature,False,False,0.4602,,,0.7056,,,,
NAFLD,ENSG00000084734,GCKR,glucokinase regulator,0.4414055330110653,genetic_association;literature,False,False,0.8832,,,0.6819,,,,
NAFLD,ENSG00000073060,SCARB1,scavenger receptor class B member 1,0.43951558479643693,genetic_association;literature,False,False,0.2781,,,0.7091,,,,
NAFLD,ENSG00000146374,RSPO3,R-spondin 3,0.4374475534542946,genetic_association;literature,False,False,0.1665,,,0.7112,,,,
NAFLD,ENSG00000213996,TM6SF2,transmembrane 6 superfamily member 2,0.4263960257488554,animal_model;genetic_association;literature,False,False,0.9073,0.4089,,0.6469,,,,
NAFLD,ENSG00000186951,PPARA,peroxisome proliferator activated receptor alpha,0.4206662714837888,clinical;literature,False,False,0.9701,,0.6435,,,,,
NAFLD,ENSG00000104313,EYA1,EYA transcriptional coactivator and phosphatase 1,0.41834509261143304,genetic_association,False,False,,,,0.6881,,,,
NAFLD,ENSG00000140675,SLC5A2,solute carrier family 5 member 2,0.414503810421093,clinical;literature,False,False,0.8704,,0.6383,,,,,
NAFLD,ENSG00000172260,NEGR1,neuronal growth regulator 1,0.41374366567766574,genetic_association,False,False,,,,0.6806,,,,
NAFLD,ENSG00000153815,CMIP,c-Maf inducing protein,0.4104216865755251,genetic_association;literature,False,False,0.6184,,,0.6442,,,,
NAFLD,ENSG00000186205,MTARC1,mitochondrial amidoxime reducing component 1,0.40915353639596774,genetic_association;literature,False,False,0.502,,,0.6479,,,,
NAFLD,ENSG00000213619,NDUFS3,NADH:ubiquinone oxidoreductase core subunit S3,0.4091342124704592,clinical;genetic_association,False,False,,,0.622,0.2039,,,,
NAFLD,ENSG00000111424,VDR,vitamin D receptor,0.4001398390764843,clinical;literature,False,False,0.8784,,0.6143,,,,,
NAFLD,ENSG00000164258,NDUFS4,NADH:ubiquinone oxidoreductase subunit S4,0.39988893304157225,clinical;genetic_association,False,False,0.0697,,0.622,0.1369,,,,
NAFLD,ENSG00000084674,APOB,apolipoprotein B,0.3970750267204451,animal_model;genetic_association;literature,False,False,0.8889,0.5581,,0.5963,,,,
NAFLD,ENSG00000139180,NDUFA9,NADH:ubiquinone oxidoreductase subunit A9,0.39098508455913966,clinical;literature,False,False,0.4225,,0.622,,,,,
NAFLD,ENSG00000143641,GALNT2,polypeptide N-acetylgalactosaminyltransferase 2,0.38949307833721863,genetic_association,False,False,,,,0.6407,,,,
NAFLD,ENSG00000140718,FTO,FTO alpha-ketoglutarate dependent dioxygenase,0.3876773123999601,genetic_association;literature,False,False,0.8412,,,0.5956,,,,
NAFLD,ENSG00000135100,HNF1A,HNF1 homeobox A,0.38563097019278303,genetic_association;literature,False,False,0.6532,,,0.6017,,,,
NAFLD,ENSG00000186010,NDUFA13,NADH:ubiquinone oxidoreductase subunit A13,0.385589513115781,clinical,True,False,0.0243,,0.622,0.0468,,,,
NAFLD,ENSG00000158864,NDUFS2,NADH:ubiquinone oxidoreductase core subunit S2,0.3845585015304557,clinical;literature,False,False,0.2111,,0.622,,,,,
NAFLD,ENSG00000130414,NDUFA10,NADH:ubiquinone oxidoreductase subunit A10,0.38451743710215736,clinical;literature,False,False,0.2097,,0.622,,,,,
NAFLD,ENSG00000198695,MT-ND6,mitochondrially encoded NADH:ubiquinone oxidoreductase core subunit 6,0.38292388008637235,clinical;literature,False,False,0.1573,,0.622,,,,,
NAFLD,ENSG00000189043,COXFA4,cytochrome c oxidase associated subunit FA4,0.38227947709043536,clinical;literature,False,False,0.1361,,0.622,,,,,
NAFLD,ENSG00000166136,NDUFB8,NADH:ubiquinone oxidoreductase subunit B8,0.38192524506582715,clinical;literature,False,False,0.1245,,0.622,,,,,
NAFLD,ENSG00000165264,NDUFB6,NADH:ubiquinone oxidoreductase subunit B6,0.3814613710176625,clinical;literature,False,False,0.1092,,0.622,,,,,
NAFLD,ENSG00000115159,GPD2,glycerol-3-phosphate dehydrogenase 2,0.38076517496640017,clinical,True,False,0.0863,,0.622,,,,,
NAFLD,ENSG00000267855,NDUFA7,NADH:ubiquinone oxidoreductase subunit A7,0.3805367540839909,clinical,True,False,0.0788,,0.622,,,,,
NAFLD,ENSG00000167792,NDUFV1,NADH:ubiquinone oxidoreductase core subunit V1,0.38046109287485125,clinical,True,False,0.0763,,0.622,,,,,
NAFLD,ENSG00000090266,NDUFB2,NADH:ubiquinone oxidoreductase subunit B2,0.38032373236219347,clinical,True,False,0.0718,,0.622,,,,,
NAFLD,ENSG00000184983,NDUFA6,NADH:ubiquinone oxidoreductase subunit A6,0.38031346625511886,clinical,True,False,0.0714,,0.622,,,,,
NAFLD,ENSG00000168653,NDUFS5,NADH:ubiquinone oxidoreductase subunit S5,0.380262135719746,clinical,True,False,0.0697,,0.622,,,,,
NAFLD,ENSG00000145494,NDUFS6,NADH:ubiquinone oxidoreductase subunit S6,0.3802210712914477,clinical,True,False,0.0684,,0.622,,,,,
NAFLD,ENSG00000004779,NDUFAB1,NADH:ubiquinone oxidoreductase subunit AB1,0.38017487380961207,clinical,True,False,0.0669,,0.622,,,,,
NAFLD,ENSG00000119421,NDUFA8,NADH:ubiquinone oxidoreductase subunit A8,0.37999008388226974,clinical,True,False,0.0608,,0.622,,,,,
NAFLD,ENSG00000099795,NDUFB7,NADH:ubiquinone oxidoreductase subunit B7,0.37999008388226974,clinical,True,False,0.0608,,0.622,,,,,
NAFLD,ENSG00000212907,MT-ND4L,mitochondrially encoded NADH:ubiquinone oxidoreductase core subunit 4L,0.37999008388226974,clinical,True,False,0.0608,,0.622,,,,,
NAFLD,ENSG00000170906,NDUFA3,NADH:ubiquinone oxidoreductase subunit A3,0.37999008388226974,clinical,True,False,0.0608,,0.622,,,,,
NAFLD,ENSG00000140990,NDUFB10,NADH:ubiquinone oxidoreductase subunit B10,0.37976936258016636,clinical,True,False,0.0535,,0.622,,,,,
NAFLD,ENSG00000147684,NDUFB9,NADH:ubiquinone oxidoreductase subunit B9,0.3795986885500516,clinical,True,False,0.0479,,0.622,,,,,
NAFLD,ENSG00000119013,NDUFB3,NADH:ubiquinone oxidoreductase subunit B3,0.37940686633936316,clinical,True,False,0.0416,,0.622,,,,,
NAFLD,ENSG00000023228,NDUFS1,NADH:ubiquinone oxidoreductase core subunit S1,0.3794023492522503,clinical,True,False,0.0415,,0.622,,,,,
NAFLD,ENSG00000125356,NDUFA1,NADH:ubiquinone oxidoreductase subunit A1,0.3793997827254817,clinical,True,False,0.0414,,0.622,,,,,
NAFLD,ENSG00000198840,MT-ND3,mitochondrially encoded NADH:ubiquinone oxidoreductase core subunit 3,0.3793933664085601,clinical,True,False,0.0412,,0.622,,,,,
NAFLD,ENSG00000128609,NDUFA5,NADH:ubiquinone oxidoreductase subunit A5,0.3792509241729003,clinical,True,False,0.0365,,0.622,,,,,
NAFLD,ENSG00000101076,HNF4A,hepatocyte nuclear factor 4 alpha,0.37911689838200674,genetic_association;literature,False,False,0.8417,,,0.5815,,,,
NAFLD,ENSG00000198886,MT-ND4,mitochondrially encoded NADH:ubiquinone oxidoreductase core subunit 4,0.379066134245558,clinical,True,False,0.0304,,0.622,,,,,
NAFLD,ENSG00000131495,NDUFA2,NADH:ubiquinone oxidoreductase subunit A2,0.379066134245558,clinical,True,False,0.0304,,0.622,,,,,
NAFLD,ENSG00000184752,NDUFA12,NADH:ubiquinone oxidoreductase subunit A12,0.37888134431821563,clinical,True,False,0.0243,,0.622,,,,,
NAFLD,ENSG00000215644,GCGR,glucagon receptor,0.3787148895298274,clinical;literature,False,False,0.3269,,0.6066,,,,,
NAFLD,ENSG00000160194,NDUFV3,NADH:ubiquinone oxidoreductase subunit V3,0.3785117644635309,clinical,True,False,0.0122,,0.622,,,,,
NAFLD,ENSG00000151366,NDUFC2,NADH:ubiquinone oxidoreductase subunit C2,0.3785117644635309,clinical,True,False,0.0122,,0.622,,,,,
NAFLD,ENSG00000178127,NDUFV2,NADH:ubiquinone oxidoreductase core subunit V2,0.3785117644635309,clinical,True,False,0.0122,,0.622,,,,,
NAFLD,ENSG00000136521,NDUFB5,NADH:ubiquinone oxidoreductase subunit B5,0.3785117644635309,clinical,True,False,0.0122,,0.622,,,,,
NAFLD,ENSG00000183648,NDUFB1,NADH:ubiquinone oxidoreductase subunit B1,0.3785117644635309,clinical,True,False,0.0122,,0.622,,,,,
NAFLD,ENSG00000115286,NDUFS7,NADH:ubiquinone oxidoreductase core subunit S7,0.3785117644635309,clinical,True,False,0.0122,,0.622,,,,,
NAFLD,ENSG00000198786,MT-ND5,mitochondrially encoded NADH:ubiquinone oxidoreductase core subunit 5,0.37814218460884624,clinical,True,False,,,0.622,,,,,
NAFLD,ENSG00000198888,MT-ND1,mitochondrially encoded NADH:ubiquinone oxidoreductase core subunit 1,0.37814218460884624,clinical,True,False,,,0.622,,,,,
NAFLD,ENSG00000109390,NDUFC1,NADH:ubiquinone oxidoreductase subunit C1,0.37814218460884624,clinical,True,False,,,0.622,,,,,
NAFLD,ENSG00000178057,NDUFAF3,NADH:ubiquinone oxidoreductase complex assembly factor 3,0.37814218460884624,clinical,True,False,,,0.622,,,,,
NAFLD,ENSG00000137806,NDUFAF1,NADH:ubiquinone oxidoreductase complex assembly factor 1,0.37814218460884624,clinical,True,False,,,0.622,,,,,
NAFLD,ENSG00000147123,NDUFB11,NADH:ubiquinone oxidoreductase subunit B11,0.37814218460884624,clinical,True,False,,,0.622,,,,,
NAFLD,ENSG00000174886,NDUFA11,NADH:ubiquinone oxidoreductase subunit A11,0.37814218460884624,clinical,True,False,,,0.622,,,,,
NAFLD,ENSG00000123545,NDUFAF4,NADH:ubiquinone oxidoreductase complex assembly factor 4,0.37814218460884624,clinical,True,False,,,0.622,,,,,
NAFLD,ENSG00000164182,NDUFAF2,NADH:ubiquinone oxidoreductase complex assembly factor 2,0.37814218460884624,clinical,True,False,,,0.622,,,,,
NAFLD,ENSG00000185633,COXFA4L2,cytochrome c oxidase hypoxia associated subunit FA4L2,0.37814218460884624,clinical,True,False,,,0.622,,,,,
NAFLD,ENSG00000198763,MT-ND2,mitochondrially encoded NADH:ubiquinone oxidoreductase core subunit 2,0.37814218460884624,clinical,True,False,,,0.622,,,,,
NAFLD,ENSG00000065518,NDUFB4,NADH:ubiquinone oxidoreductase subunit B4,0.37814218460884624,clinical,True,False,,,0.622,,,,,
NAFLD,ENSG00000110717,NDUFS8,NADH:ubiquinone oxidoreductase core subunit S8,0.37814218460884624,clinical,True,False,,,0.622,,,,,
NAFLD,ENSG00000165029,ABCA1,ATP binding cassette subfamily A member 1,0.3780407868320412,genetic_association;literature,False,False,0.4439,,,0.5997,,,,
NAFLD,ENSG00000142347,MYO1F,myosin IF,0.3721900655415789,genetic_association,False,False,,,,0.6122,,,,
NAFLD,ENSG00000197635,DPP4,dipeptidyl peptidase 4,0.3669180143020247,clinical;literature,False,False,0.9036,,0.5584,,,,,
NAFLD,ENSG00000112033,PPARD,peroxisome proliferator activated receptor delta,0.36141842494081244,clinical;literature,False,False,0.2622,,0.5814,,,,,
NAFLD,ENSG00000118004,COLEC11,collectin subfamily member 11,0.36099964134302454,genetic_association,False,False,,,,0.5938,,,,
NAFLD,ENSG00000165476,REEP3,receptor accessory protein 3,0.3605246858189609,genetic_association,False,False,0.0122,,,0.5924,,,,
NAFLD,ENSG00000169047,IRS1,insulin receptor substrate 1,0.36043884980842067,genetic_association;literature,False,False,0.7004,,,0.5579,,,,
NAFLD,ENSG00000176697,BDNF,brain derived neurotrophic factor,0.3603622904661552,genetic_association;literature,False,False,0.3087,,,0.5773,,,,
NAFLD,ENSG00000164161,HHIP,hedgehog interacting protein,0.36018480150061016,genetic_association,False,False,0.0304,,,0.591,,,,
NAFLD,ENSG00000198670,LPA,lipoprotein(a),0.3599923147268746,genetic_association;literature,False,False,0.8642,,,0.549,,,,
NAFLD,ENSG00000171105,INSR,insulin receptor,0.3544559361305986,clinical;genetic_association;literature,False,False,0.4743,,0.1731,0.5292,,,,
NAFLD,ENSG00000215817,ZC3H11B,zinc finger CCCH-type containing 11B,0.3535044394211543,genetic_association,False,False,,,,0.5815,,,,
NAFLD,ENSG00000116678,LEPR,leptin receptor,0.35204589549637866,animal_model;clinical;genetic_association;literature,False,False,0.7039,0.4071,0.4771,0.3252,,,,
NAFLD,ENSG00000138821,SLC39A8,solute carrier family 39 member 8,0.35155058873687706,genetic_association,False,False,0.0122,,,0.5777,,,,
NAFLD,ENSG00000119927,GPAM,"glycerol-3-phosphate acyltransferase, mitochondrial",0.3513064479807723,genetic_association;literature,False,False,0.7159,,,0.5421,,,,
NAFLD,ENSG00000100031,GGT1,gamma-glutamyltransferase 1,0.34728634441805706,genetic_association;literature,False,False,0.6821,,,0.5372,,,,
NAFLD,ENSG00000118432,CNR1,cannabinoid receptor 1,0.3470137599594793,clinical;literature,False,False,0.5615,,0.5427,,,,,
NAFLD,ENSG00000171634,BPTF,bromodomain PHD finger transcription factor,0.34596150223963734,genetic_association,False,False,0.0304,,,0.5676,,,,
NAFLD,ENSG00000087157,PGS1,phosphatidylglycerophosphate synthase 1,0.34464973776274443,genetic_association,False,False,,,,0.5669,,,,
NAFLD,ENSG00000205436,EXOC3L4,exocyst complex component 3 like 4,0.3445563141480209,genetic_association,False,False,,,,0.5668,,,,
NAFLD,ENSG00000128271,ADORA2A,adenosine A2a receptor,0.33932929396438355,clinical;literature,False,False,0.7021,,0.5231,,,,,
NAFLD,ENSG00000078747,ITCH,itchy E3 ubiquitin protein ligase,0.33730666130640924,genetic_association;literature,False,False,0.5273,,,0.5285,,,,
NAFLD,ENSG00000113448,PDE4D,phosphodiesterase 4D,0.33608907461492704,clinical;literature,False,False,0.3486,,0.5354,,,,,
NAFLD,ENSG00000082438,COBLL1,cordon-bleu WH2 repeat protein like 1,0.3352653949692671,genetic_association,False,False,0.0781,,,0.5476,,,,
NAFLD,ENSG00000012504,NR1H4,nuclear receptor subfamily 1 group H member 4,0.3332211645458083,clinical;literature,False,False,0.9695,,0.4996,,,,,
NAFLD,ENSG00000065989,PDE4A,phosphodiesterase 4A,0.3315251757270854,clinical;literature,False,False,0.1985,,0.5354,,,,,
NAFLD,ENSG00000182732,RGS6,regulator of G protein signaling 6,0.3278183137800885,genetic_association;literature,False,False,0.5769,,,0.5104,,,,
NAFLD,ENSG00000154478,GPR26,G protein-coupled receptor 26,0.32755751186014553,genetic_association,False,False,,,,0.5388,,,,
NAFLD,ENSG00000169855,ROBO1,roundabout guidance receptor 1,0.3271876664277435,genetic_association,False,False,0.0973,,,0.5333,,,,
NAFLD,ENSG00000184588,PDE4B,phosphodiesterase 4B,0.32666478832046714,clinical,True,False,0.0386,,0.5354,,,,,
NAFLD,ENSG00000153814,JAZF1,JAZF zinc finger 1,0.3260144472060382,genetic_association;literature,False,False,0.28,,,0.5223,,,,
NAFLD,ENSG00000182481,KPNA2,karyopherin subunit alpha 2,0.32561236213756156,genetic_association,False,False,0.0898,,,0.5311,,,,
NAFLD,ENSG00000105650,PDE4C,phosphodiesterase 4C,0.32549188558719694,clinical,True,False,,,0.5354,,,,,
NAFLD,ENSG00000138735,PDE5A,phosphodiesterase 5A,0.32347576299663433,clinical,True,False,0.0857,,0.5278,,,,,
NAFLD,ENSG00000152270,PDE3B,phosphodiesterase 3B,0.32147698337607294,clinical;literature,False,False,0.1148,,0.5231,,,,,
NAFLD,ENSG00000172572,PDE3A,phosphodiesterase 3A,0.3206859483991185,clinical,True,False,0.0182,,0.5266,,,,,
NAFLD,ENSG00000186642,PDE2A,phosphodiesterase 2A,0.3190952465347715,clinical,True,False,0.0365,,0.5231,,,,,
NAFLD,ENSG00000123360,PDE1B,phosphodiesterase 1B,0.3190028515711003,clinical,True,False,0.0334,,0.5231,,,,,
NAFLD,ENSG00000170425,ADORA2B,adenosine A2b receptor,0.31835608682540206,clinical,True,False,0.0122,,0.5231,,,,,
NAFLD,ENSG00000095464,PDE6C,phosphodiesterase 6C,0.3179865069707174,clinical,True,False,,,0.5231,,,,,
NAFLD,ENSG00000073417,PDE8A,phosphodiesterase 8A,0.3179865069707174,clinical,True,False,,,0.5231,,,,,
NAFLD,ENSG00000132915,PDE6A,phosphodiesterase 6A,0.3179865069707174,clinical,True,False,,,0.5231,,,,,
NAFLD,ENSG00000160191,PDE9A,phosphodiesterase 9A,0.3179865069707174,clinical,True,False,,,0.5231,,,,,
NAFLD,ENSG00000171408,PDE7B,phosphodiesterase 7B,0.3179865069707174,clinical,True,False,,,0.5231,,,,,
NAFLD,ENSG00000156973,PDE6D,phosphodiesterase 6D,0.3179865069707174,clinical,True,False,,,0.5231,,,,,
NAFLD,ENSG00000112541,PDE10A,phosphodiesterase 10A,0.3179865069707174,clinical,True,False,,,0.5231,,,,,
NAFLD,ENSG00000133256,PDE6B,phosphodiesterase 6B,0.3179865069707174,clinical,True,False,,,0.5231,,,,,
NAFLD,ENSG00000205268,PDE7A,phosphodiesterase 7A,0.3179865069707174,clinical,True,False,,,0.5231,,,,,
NAFLD,ENSG00000154678,PDE1C,phosphodiesterase 1C,0.3179865069707174,clinical,True,False,,,0.5231,,,,,
NAFLD,ENSG00000115252,PDE1A,phosphodiesterase 1A,0.3179865069707174,clinical,True,False,,,0.5231,,,,,
NAFLD,ENSG00000139053,PDE6H,phosphodiesterase 6H,0.3179865069707174,clinical,True,False,,,0.5231,,,,,
NAFLD,ENSG00000113231,PDE8B,phosphodiesterase 8B,0.3179865069707174,clinical,True,False,,,0.5231,,,,,
NAFLD,ENSG00000185527,PDE6G,phosphodiesterase 6G,0.3179865069707174,clinical,True,False,,,0.5231,,,,,
NAFLD,ENSG00000266265,KLF14,KLF transcription factor 14,0.31550987354622506,genetic_association;literature,False,False,0.1094,,,0.5135,,,,
NAFLD,ENSG00000151208,DLG5,discs large MAGUK scaffold protein 5,0.31537558797121157,genetic_association,False,False,,,,0.5188,,,,
NAFLD,ENSG00000138085,ATRAID,all-trans retinoic acid induced differentiation factor,0.3117541287159616,genetic_association,False,False,,,,0.5128,,,,
NAFLD,ENSG00000144891,AGTR1,angiotensin II receptor type 1,0.3104934811745064,clinical;literature,False,False,0.7496,,0.4733,,,,,
NAFLD,ENSG00000139364,TMEM132B,transmembrane protein 132B,0.3077968863531353,genetic_association,False,False,,,,0.5063,,,,
NAFLD,ENSG00000158786,PLA2G2F,phospholipase A2 group IIF,0.307147078478026,genetic_association,False,False,0.0973,,,0.5004,,,,
NAFLD,ENSG00000113161,HMGCR,3-hydroxy-3-methylglutaryl-CoA reductase,0.3041354171478661,animal_model;clinical;literature,False,False,0.3086,0.2725,0.4788,,,,,
NAFLD,ENSG00000163935,SFMBT1,Scm like with four mbt domains 1,0.3023436793598151,genetic_association,False,False,,,,0.4973,,,,
NAFLD,ENSG00000137764,MAP2K5,mitogen-activated protein kinase kinase 5,0.2997475617889535,genetic_association,False,False,0.0152,,,0.4923,,,,
NAFLD,ENSG00000163795,ZNF513,zinc finger protein 513,0.2988974295624767,genetic_association,False,False,0.0182,,,0.4908,,,,
NAFLD,ENSG00000260314,MRC1,mannose receptor C-type 1,0.29553601100001,genetic_association;literature,False,False,0.2697,,,0.4726,,,,
NAFLD,ENSG00000156515,HK1,hexokinase 1,0.29303118507395215,genetic_association;literature,False,False,0.144,,,0.4748,,,,
NAFLD,ENSG00000143590,EFNA3,ephrin A3,0.2905420667933153,genetic_association,False,False,,,,0.4779,,,,
NAFLD,ENSG00000130158,DOCK6,dedicator of cytokinesis 6,0.2902530285361147,genetic_association,False,False,,,,0.4774,,,,
NAFLD,ENSG00000163281,GNPDA2,glucosamine-6-phosphate deaminase 2,0.2901210288327476,genetic_association,False,False,0.0182,,,0.4763,,,,
NAFLD,ENSG00000125970,RALY,RALY heterogeneous nuclear ribonucleoprotein,0.28900796953345353,genetic_association,False,False,0.0608,,,0.4724,,,,
NAFLD,ENSG00000064655,EYA2,EYA transcriptional coactivator and phosphatase 2,0.2879192665481301,genetic_association,False,False,,,,0.4736,,,,
NAFLD,ENSG00000112115,IL17A,interleukin 17A,0.2878129687829545,clinical;literature,False,False,0.9576,,0.4256,,,,,
NAFLD,ENSG00000139083,ETV6,ETS variant transcription factor 6,0.28643213971228587,genetic_association;literature,False,False,0.2432,,,0.459,,,,
NAFLD,ENSG00000087237,CETP,cholesteryl ester transfer protein,0.2862877651587971,genetic_association;literature,False,False,0.4109,,,0.4504,,,,
NAFLD,ENSG00000100347,SAMM50,SAMM50 sorting and assembly machinery component,0.2859163843461449,genetic_association;literature,False,False,0.5641,,,0.4421,,,,
NAFLD,ENSG00000002726,AOC1,amine oxidase copper containing 1,0.28483424605576735,genetic_association,False,False,0.0484,,,0.4661,,,,
NAFLD,ENSG00000104447,TRPS1,transcriptional repressor GATA binding 1,0.27860543309228314,genetic_association,False,False,0.0304,,,0.4568,,,,
NAFLD,ENSG00000159322,ADPGK,ADP dependent glucokinase,0.2785148502956107,genetic_association,False,False,,,,0.4581,,,,
NAFLD,ENSG00000115234,SNX17,sorting nexin 17,0.27842749996481914,genetic_association,False,False,0.0182,,,0.4571,,,,
NAFLD,ENSG00000011523,CEP68,centrosomal protein 68,0.27787214164595864,genetic_association,False,False,,,,0.4571,,,,
NAFLD,ENSG00000083123,BCKDHB,branched chain keto acid dehydrogenase E1 subunit beta,0.276549513507232,genetic_association,False,False,0.038,,,0.453,,,,
NAFLD,ENSG00000138823,MTTP,microsomal triglyceride transfer protein,0.2756212639479607,animal_model;genetic_association;literature,False,False,0.6229,0.2998,,0.4156,,,,
NAFLD,ENSG00000213625,LEPROT,leptin receptor overlapping transcript,0.27331202949394423,genetic_association,False,False,,,,0.4496,,,,
NAFLD,ENSG00000141458,NPC1,NPC intracellular cholesterol transporter 1,0.2730575604007081,genetic_association;literature,False,False,0.2166,,,0.4383,,,,
NAFLD,ENSG00000009954,BAZ1B,bromodomain adjacent to zinc finger domain 1B,0.27217636313377963,genetic_association,False,False,,,,0.4477,,,,
NAFLD,ENSG00000196821,ILRUN,inflammation and lipid regulator with UBA-like and NBR1-like domains,0.2717528390609011,genetic_association,False,False,0.0122,,,0.4464,,,,
NAFLD,ENSG00000091831,ESR1,estrogen receptor 1,0.27123502627425344,clinical;literature,False,False,0.4122,,0.4256,,,,,
NAFLD,ENSG00000117592,PRDX6,peroxiredoxin 6,0.27004297663679294,genetic_association;literature,False,False,0.1575,,,0.4363,,,,
NAFLD,ENSG00000132855,ANGPTL3,angiopoietin like 3,0.269826243292553,clinical;genetic_association;literature,False,False,0.4699,,0.152,0.3954,,,,
NAFLD,ENSG00000025434,NR1H3,nuclear receptor subfamily 1 group H member 3,0.2697586982735139,animal_model;genetic_association;literature,False,False,0.4415,0.4053,,0.4126,,,,
NAFLD,ENSG00000109917,ZPR1,ZPR1 zinc finger,0.2664052889669555,genetic_association;literature,False,False,0.2136,,,0.4275,,,,
NAFLD,ENSG00000110245,APOC3,apolipoprotein C3,0.2642943670436062,genetic_association;literature,False,False,0.8888,,,0.3903,,,,
NAFLD,ENSG00000064989,CALCRL,calcitonin receptor like receptor,0.2641755480270609,genetic_association,False,False,,,,0.4345,,,,
NAFLD,ENSG00000108175,ZMIZ1,zinc finger MIZ-type containing 1,0.26272414465443866,genetic_association,False,False,,,,0.4322,,,,
NAFLD,ENSG00000113361,CDH6,cadherin 6,0.26192252201759697,genetic_association,False,False,0.0304,,,0.4293,,,,
NAFLD,ENSG00000114859,CLCN2,chloride voltage-gated channel 2,0.26161633963493325,clinical,True,False,0.0957,,0.4256,,,,,
NAFLD,ENSG00000151612,ZNF827,zinc finger protein 827,0.2591304525452295,genetic_association,False,False,,,,0.4262,,,,
NAFLD,ENSG00000101670,LIPG,"lipase G, endothelial type",0.258147919828103,genetic_association,False,False,0.0956,,,0.4199,,,,
NAFLD,ENSG00000102908,NFAT5,nuclear factor of activated T cells 5,0.25551542069956323,genetic_association,False,False,0.0377,,,0.4184,,,,
NAFLD,ENSG00000134575,ACP2,"acid phosphatase 2, lysosomal",0.2539899728965146,genetic_association,False,False,,,,0.4178,,,,
NAFLD,ENSG00000185305,ARL15,ARF like GTPase 15,0.2489723031162467,genetic_association,False,False,,,,0.4095,,,,
NAFLD,ENSG00000170390,DCLK2,doublecortin like kinase 2,0.24672945347392686,genetic_association,False,False,,,,0.4059,,,,
NAFLD,ENSG00000079689,SCGN,"secretagogin, EF-hand calcium binding protein",0.24567160367591612,genetic_association,False,False,0.0851,,,0.3999,,,,
NAFLD,ENSG00000151353,TMEM18,transmembrane protein 18,0.24485917958622153,genetic_association,False,False,0.0122,,,0.4022,,,,
NAFLD,ENSG00000117713,ARID1A,AT-rich interaction domain 1A,0.24456219671027662,genetic_association;literature,False,False,0.1781,,,0.3934,,,,
NAFLD,ENSG00000108852,MPP2,MAGUK p55 scaffold protein 2,0.24423104916185745,genetic_association,False,False,,,,0.4017,,,,
NAFLD,ENSG00000095015,MAP3K1,mitogen-activated protein kinase kinase kinase 1,0.23943778559165402,genetic_association,False,False,0.0442,,,0.3916,,,,
NAFLD,ENSG00000170509,HSD17B13,hydroxysteroid 17-beta dehydrogenase 13,0.2389957492190305,animal_model;genetic_association;literature,False,False,0.8289,0.3925,,0.343,,,,
NAFLD,ENSG00000122483,CCDC18,coiled-coil domain containing 18,0.23561583225408833,genetic_association,False,False,,,,0.3876,,,,
NAFLD,ENSG00000174579,MSL2,MSL complex subunit 2,0.2352516541832065,genetic_association,False,False,,,,0.387,,,,
NAFLD,ENSG00000112041,TULP1,TUB like protein 1,0.2340253225510067,genetic_association,False,False,0.0122,,,0.3843,,,,
NAFLD,ENSG00000137309,HMGA1,high mobility group AT-hook 1,0.23174824203321057,genetic_association;literature,False,False,0.1988,,,0.3713,,,,
NAFLD,ENSG00000151655,ITIH2,inter-alpha-trypsin inhibitor heavy chain 2,0.2311570403607432,genetic_association;literature,False,False,0.1047,,,0.375,,,,
NAFLD,ENSG00000115392,FANCL,FA complementation group L,0.23086021560297665,genetic_association,False,False,,,,0.3797,,,,
NAFLD,ENSG00000119522,DENND1A,DENN domain containing 1A,0.23000094304001467,genetic_association,False,False,,,,0.3783,,,,
NAFLD,ENSG00000164330,EBF1,EBF transcription factor 1,0.22992893129831904,genetic_association,False,False,,,,0.3782,,,,
NAFLD,ENSG00000149187,CELF1,CUGBP Elav-like family member 1,0.22868512581543438,genetic_association;literature,False,False,0.1398,,,0.3692,,,,
NAFLD,ENSG00000072736,NFATC3,nuclear factor of activated T cells 3,0.22815893634929432,genetic_association;literature,False,False,0.1641,,,0.3671,,,,
NAFLD,ENSG00000196502,SULT1A1,sulfotransferase family 1A member 1,0.22676087934730743,genetic_association;literature,False,False,0.3326,,,0.3564,,,,
NAFLD,ENSG00000189283,FHIT,fragile histidine triad diadenosine triphosphatase,0.22427621884763127,genetic_association,False,False,,,,0.3689,,,,
NAFLD,ENSG00000021645,NRXN3,neurexin 3,0.21886086538035462,genetic_association,False,False,,,,0.36,,,,
NAFLD,ENSG00000186577,SMIM29,small integral membrane protein 29,0.21737840157463642,genetic_association,False,False,,,,0.3576,,,,
NAFLD,ENSG00000004534,RBM6,RNA binding motif protein 6,0.2172556625504113,genetic_association,False,False,0.0122,,,0.3568,,,,
NAFLD,ENSG00000243156,MICAL3,"microtubule associated monooxygenase, calponin and LIM domain containing 3",0.2161010955862776,genetic_association,False,False,0.0122,,,0.3549,,,,
NAFLD,ENSG00000186666,BCDIN3D,BCDIN3 domain containing RNA methyltransferase,0.2150529003401348,genetic_association,False,False,,,,0.3537,,,,
NAFLD,ENSG00000130749,ZC3H4,zinc finger CCCH-type containing 4,0.21428471635224525,genetic_association,False,False,,,,0.3525,,,,
NAFLD,ENSG00000184226,PCDH9,protocadherin 9,0.21374408858696692,genetic_association,False,False,,,,0.3516,,,,
NAFLD,ENSG00000141252,VPS53,VPS53 subunit of GARP complex,0.21310573086516002,genetic_association,False,False,0.0851,,,0.3463,,,,
NAFLD,ENSG00000120054,CPN1,carboxypeptidase N subunit 1,0.2126406329625024,genetic_association,False,False,0.0643,,,0.3466,,,,
NAFLD,ENSG00000185236,RAB11B,"RAB11B, member RAS oncogene family",0.21238254018356362,genetic_association,False,False,,,,0.3494,,,,
NAFLD,ENSG00000137656,BUD13,BUD13 spliceosome associated protein,0.21060876591779176,genetic_association,False,False,0.0304,,,0.3449,,,,
NAFLD,ENSG00000167191,GPRC5B,G protein-coupled receptor class C group 5 member B,0.2086325986758083,genetic_association,False,False,,,,0.3432,,,,
NAFLD,ENSG00000197756,RPL37A,ribosomal protein L37a,0.20848439732185012,genetic_association,False,False,0.0334,,,0.3413,,,,
NAFLD,ENSG00000127603,MACF1,microtubule actin crosslinking factor 1,0.20839136264542923,genetic_association,False,False,,,,0.3428,,,,
NAFLD,ENSG00000142632,ARHGEF19,Rho guanine nucleotide exchange factor 19,0.20647881097037296,genetic_association,False,False,,,,0.3396,,,,
NAFLD,ENSG00000134825,TMEM258,transmembrane protein 258,0.20633218810321902,genetic_association,False,False,,,,0.3394,,,,
NAFLD,ENSG00000109919,MTCH2,mitochondrial carrier 2,0.20597338344320548,genetic_association,False,False,0.0593,,,0.3358,,,,
NAFLD,ENSG00000172493,AFF1,ALF transcription elongation factor 1,0.205413724487967,genetic_association,False,False,,,,0.3379,,,,
NAFLD,ENSG00000196296,ATP2A1,ATPase sarcoplasmic/endoplasmic reticulum Ca2+ transporting 1,0.20472947063661157,genetic_association,False,False,0.0304,,,0.3352,,,,
NAFLD,ENSG00000183682,BMP8A,bone morphogenetic protein 8a,0.2042689993488185,genetic_association;literature,False,False,0.3977,,,0.3161,,,,
NAFLD,ENSG00000103510,KAT8,lysine acetyltransferase 8,0.20134124038420587,genetic_association;literature,False,False,0.3983,,,0.3113,,,,
NAFLD,ENSG00000152359,POC5,POC5 centriolar protein,0.20038582088976822,genetic_association,False,False,0.0243,,,0.3284,,,,
NAFLD,ENSG00000164512,ANKRD55,ankyrin repeat domain 55,0.20003784701990868,genetic_association,False,False,,,,0.329,,,,
NAFLD,ENSG00000197442,MAP3K5,mitogen-activated protein kinase kinase kinase 5,0.1996197338742922,clinical;literature,False,False,0.6608,,0.2953,,,,,
NAFLD,ENSG00000107295,SH3GL2,"SH3 domain containing GRB2 like 2, endophilin A1",0.19580247500510978,genetic_association,False,False,0.0973,,,0.3172,,,,
NAFLD,ENSG00000188738,FSIP2,fibrous sheath interacting protein 2,0.1943292692350924,genetic_association,False,False,,,,0.3197,,,,
NAFLD,ENSG00000007866,TEAD3,TEA domain transcription factor 3,0.19167907007521365,genetic_association,False,False,0.0122,,,0.3147,,,,
NAFLD,ENSG00000163933,RFT1,RFT1 glycolipid translocator homolog,0.1891451053451672,genetic_association,False,False,,,,0.3111,,,,
NAFLD,ENSG00000120341,SEC16B,"SEC16 homolog B, endoplasmic reticulum export factor",0.1886936730656214,genetic_association,False,False,,,,0.3104,,,,
NAFLD,ENSG00000115290,GRB14,growth factor receptor bound protein 14,0.18601915014158835,genetic_association,False,False,0.0447,,,0.3038,,,,
NAFLD,ENSG00000160791,CCR5,C-C motif chemokine receptor 5,0.18555556972552106,clinical;literature,False,False,0.6878,,0.2708,,,,,
NAFLD,ENSG00000204160,ZDHHC18,zDHHC palmitoyltransferase 18,0.1841312671777232,genetic_association,False,False,,,,0.3029,,,,
NAFLD,ENSG00000117500,TMED5,transmembrane p24 trafficking protein 5,0.18341458898780003,genetic_association,False,False,,,,0.3017,,,,
NAFLD,ENSG00000016082,ISL1,ISL LIM homeobox 1,0.1832781260103404,genetic_association;literature,False,False,0.617,,,0.2706,,,,
NAFLD,ENSG00000121807,CCR2,C-C motif chemokine receptor 2,0.1824881464848907,clinical;literature,False,False,0.6693,,0.2667,,,,,
NAFLD,ENSG00000173273,TNKS,tankyrase,0.17777904268023703,genetic_association,False,False,0.0957,,,0.2876,,,,
NAFLD,ENSG00000119242,CCDC92,coiled-coil domain containing 92,0.1753951155925477,genetic_association,False,False,,,,0.2885,,,,
NAFLD,ENSG00000184304,PRKD1,protein kinase D1,0.17472352250241044,genetic_association,False,False,0.0228,,,0.2863,,,,
NAFLD,ENSG00000205078,SYCE1L,synaptonemal complex central element protein 1 like,0.1725242724561135,genetic_association,False,False,,,,0.2838,,,,
NAFLD,ENSG00000173281,PPP1R3B,protein phosphatase 1 regulatory subunit 3B,0.17151326706376538,genetic_association;literature,False,False,0.3375,,,0.2652,,,,
NAFLD,ENSG00000174482,LINGO2,leucine rich repeat and Ig domain containing 2,0.17022000686523212,genetic_association,False,False,,,,0.28,,,,
NAFLD,ENSG00000095596,CYP26A1,cytochrome P450 family 26 subfamily A member 1,0.1639658162490704,genetic_association,False,False,0.0834,,,0.2655,,,,
NAFLD,ENSG00000164442,CITED2,Cbp/p300 interacting transactivator with ED-rich tail 2,0.16087555894683384,genetic_association;literature,False,False,0.1216,,,0.2585,,,,
NAFLD,ENSG00000111859,NEDD9,"neural precursor cell expressed, developmentally down-regulated 9",0.16038887788898973,genetic_association,False,False,0.0122,,,0.2632,,,,
NAFLD,ENSG00000044459,CNTLN,centlein,0.1600828507644341,genetic_association,False,False,,,,0.2633,,,,
NAFLD,ENSG00000116641,DOCK7,dedicator of cytokinesis 7,0.15775941747188774,genetic_association,False,False,,,,0.2595,,,,
NAFLD,ENSG00000101444,AHCY,adenosylhomocysteinase,0.1573477432579875,genetic_association;literature,False,False,0.1733,,,0.2502,,,,
NAFLD,ENSG00000162753,SLC9C2,solute carrier family 9 member C2 (putative),0.15570313143981207,genetic_association,False,False,,,,0.2561,,,,
NAFLD,ENSG00000197653,DNAH10,dynein axonemal heavy chain 10,0.15047156321602484,genetic_association,False,False,,,,0.2475,,,,
NAFLD,ENSG00000163660,CCNL1,cyclin L1,0.1470607641889289,genetic_association,False,False,,,,0.2419,,,,
NAFLD,ENSG00000188779,SKOR1,SKI family transcriptional corepressor 1,0.14479918741846312,genetic_association,False,False,,,,0.2382,,,,
NAFLD,ENSG00000134962,KLB,klotho beta,0.13978576517133112,clinical;literature,False,False,0.8404,,0.1879,,,,,
NAFLD,ENSG00000134183,GNAT2,G protein subunit alpha transducin 2,0.13823653920370232,genetic_association,False,False,,,,0.2274,,,,
NAFLD,ENSG00000137251,TINAG,tubulointerstitial nephritis antigen,0.138034260886749,genetic_association,False,False,,,,0.2271,,,,
NAFLD,ENSG00000103111,MON1B,MON1 vesicular trafficking associated B,0.1359595010563009,genetic_association,False,False,,,,0.2236,,,,
NAFLD,ENSG00000278540,ACACA,acetyl-CoA carboxylase alpha,0.13520948464650656,clinical;literature,False,False,0.6604,,0.1894,,,,,
NAFLD,ENSG00000134184,GSTM1,glutathione S-transferase mu 1,0.1339186893140736,genetic_association;literature,False,False,0.5717,,,0.1917,,,,
NAFLD,ENSG00000118137,APOA1,apolipoprotein A1,0.13349502666756022,genetic_association;literature,False,False,0.8962,,,0.1614,,,,
NAFLD,ENSG00000197081,IGF2R,insulin like growth factor 2 receptor,0.13329208172796964,genetic_association,False,False,,,,0.2193,,,,
NAFLD,ENSG00000028116,VRK2,VRK serine/threonine kinase 2,0.13049583870265574,genetic_association,False,False,,,,0.2147,,,,
NAFLD,ENSG00000151806,GUF1,GTP binding elongation factor GUF1,0.1299294263721725,genetic_association,False,False,,,,0.2137,,,,
NAFLD,ENSG00000113578,FGF1,fibroblast growth factor 1,0.129390248998162,clinical;literature,False,False,0.4984,,0.1879,,,,,
NAFLD,ENSG00000160867,FGFR4,fibroblast growth factor receptor 4,0.1284026179996847,clinical;literature,False,False,0.7576,,0.1733,,,,,
NAFLD,ENSG00000198026,ZNF335,zinc finger protein 335,0.12775822499839506,genetic_association,False,False,,,,0.2102,,,,
NAFLD,ENSG00000111057,KRT18,keratin 18,0.12755824615776945,animal_model;literature,False,False,0.9412,0.4316,,,,,,
NAFLD,ENSG00000174697,LEP,leptin,0.12668351348288365,animal_model;literature,False,False,0.9566,0.3412,,,,,,
NAFLD,ENSG00000060642,PIGV,phosphatidylinositol glycan anchor biosynthesis class V,0.12590843302113353,genetic_association,False,False,,,,0.2071,,,,
NAFLD,ENSG00000137752,CASP1,caspase 1,0.12535262318882967,clinical;literature,False,False,0.6621,,0.1731,,,,,
NAFLD,ENSG00000115211,EIF2B4,eukaryotic translation initiation factor 2B subunit delta,0.12402421445408456,genetic_association,False,False,0.0182,,,0.2031,,,,
NAFLD,ENSG00000205269,TMEM170B,transmembrane protein 170B,0.12355939414637442,genetic_association,False,False,,,,0.2032,,,,
NAFLD,ENSG00000189045,ANKDD1B,ankyrin repeat and death domain containing 1B,0.12320811386526404,genetic_association,False,False,,,,0.2027,,,,
NAFLD,ENSG00000164305,CASP3,caspase 3,0.12314508382145484,clinical;literature,False,False,0.7414,,0.1655,,,,,
NAFLD,ENSG00000158125,XDH,xanthine dehydrogenase,0.12269873786195128,clinical;literature,False,False,0.8192,,0.152,,,,,
NAFLD,ENSG00000015520,NPC1L1,NPC1 like intracellular cholesterol transporter 1,0.12166000780227545,clinical;literature,False,False,0.5406,,0.1731,,,,,
NAFLD,ENSG00000167701,GPT,glutamic--pyruvic transaminase,0.12081375987028735,literature,False,True,0.9936,,,,,,,
NAFLD,ENSG00000130208,APOC1,apolipoprotein C1,0.11973122738195968,animal_model;genetic_association;literature,False,False,0.2098,0.3,,0.1773,,,,
NAFLD,ENSG00000076555,ACACB,acetyl-CoA carboxylase beta,0.11968914959279638,clinical;literature,False,False,0.1498,,0.1894,,,,,
NAFLD,ENSG00000150907,FOXO1,forkhead box O1,0.11967982764892263,animal_model;literature,False,False,0.8715,0.4512,,,,,,
NAFLD,ENSG00000169083,AR,androgen receptor,0.11953711060480295,clinical;literature,False,False,0.6736,,0.1629,,,,,
NAFLD,ENSG00000105550,FGF21,fibroblast growth factor 21,0.11930518080973959,literature,False,True,0.9812,,,,,,,
NAFLD,ENSG00000105697,HAMP,hepcidin antimicrobial peptide,0.11919304206787192,animal_model;literature,False,False,0.9061,0.2969,,,,,,
NAFLD,ENSG00000254647,INS,insulin,0.1186335695437187,literature,False,True,0.9757,,,,,,,
NAFLD,ENSG00000064012,CASP8,caspase 8,0.11810799619329666,clinical;literature,False,False,0.4237,,0.1731,,,,,
NAFLD,ENSG00000181092,ADIPOQ,"adiponectin, C1Q and collagen domain containing",0.11767289468703576,literature,False,True,0.9678,,,,,,,
NAFLD,ENSG00000164077,MON1A,MON1 vesicular trafficking associated A,0.11766142869218996,genetic_association,False,False,0.0365,,,0.1917,,,,
NAFLD,ENSG00000162711,NLRP3,NLR family pyrin domain containing 3,0.11747603230690004,literature,False,True,0.9662,,,,,,,
NAFLD,ENSG00000153563,CD8A,CD8 subunit alpha,0.11723635727535091,literature,False,True,0.9642,,,,,,,
NAFLD,ENSG00000112715,VEGFA,vascular endothelial growth factor A,0.11717325485445064,literature,False,True,0.8391,,,0.0997,,,,
NAFLD,ENSG00000106144,CASP2,caspase 2,0.11709604506611944,clinical;literature,False,False,0.5424,,0.1655,,,,,
NAFLD,ENSG00000115263,GCG,glucagon,0.1170880731087336,literature,False,True,0.963,,,,,,,
NAFLD,ENSG00000232810,TNF,tumor necrosis factor,0.11680069960643492,literature,False,True,0.9606,,,,,,,
NAFLD,ENSG00000096717,SIRT1,sirtuin 1,0.11618630583568366,literature,False,True,0.9556,,,,,,,
NAFLD,ENSG00000130513,GDF15,growth differentiation factor 15,0.11588079530346151,literature,False,True,0.9531,,,,,,,
NAFLD,ENSG00000130173,ANGPTL8,angiopoietin like 8,0.11581860814035042,literature,False,True,0.9526,,,,,,,
NAFLD,ENSG00000125255,SLC10A2,solute carrier family 10 member 2,0.11580859408530503,clinical;literature,False,False,0.2171,,0.1796,,,,,
NAFLD,ENSG00000138207,RBP4,retinol binding protein 4,0.11559870041608987,literature,False,True,0.9508,,,,,,,
NAFLD,ENSG00000129214,SHBG,sex hormone binding globulin,0.11559170690753183,literature,False,True,0.9507,,,,,,,
NAFLD,ENSG00000124762,CDKN1A,cyclin dependent kinase inhibitor 1A,0.11540465509278766,animal_model;literature,False,False,0.7723,0.7074,,,,,,
NAFLD,ENSG00000132356,PRKAA1,protein kinase AMP-activated catalytic subunit alpha 1,0.11529315982475499,literature,False,True,0.9482,,,,,,,
NAFLD,ENSG00000124713,GNMT,glycine N-methyltransferase,0.11450972797600571,animal_model;literature,False,False,0.8789,0.2516,,,,,,
NAFLD,ENSG00000010610,CD4,CD4 molecule,0.11439306195634544,literature,False,True,0.9408,,,,,,,
NAFLD,ENSG00000145192,AHSG,alpha 2-HS glycoprotein,0.11436480115760121,literature,False,True,0.9406,,,,,,,
NAFLD,ENSG00000166603,MC4R,melanocortin 4 receptor,0.11400352195957589,genetic_association;literature,False,False,0.6496,,,0.155,,,,
NAFLD,ENSG00000104918,RETN,resistin,0.11384964725965879,literature,False,True,0.9364,,,,,,,
NAFLD,ENSG00000017427,IGF1,insulin like growth factor 1,0.11379004328592597,literature,False,True,0.9359,,,,,,,
NAFLD,ENSG00000121380,BCL2L14,BCL2 like 14,0.11371806113497104,genetic_association,False,False,,,,0.1871,,,,
NAFLD,ENSG00000148346,LCN2,lipocalin 2,0.11350515235318552,literature,False,True,0.9335,,,,,,,
NAFLD,ENSG00000155542,SETD9,SET domain containing 9,0.11348277483579965,genetic_association,False,False,,,,0.1867,,,,
NAFLD,ENSG00000177000,MTHFR,methylenetetrahydrofolate reductase,0.11336597884870271,animal_model;literature,False,False,0.8438,0.3544,,,,,,
NAFLD,ENSG00000160097,FNDC5,fibronectin type III domain containing 5,0.11256568875755504,literature,False,True,0.9258,,,,,,,
NAFLD,ENSG00000135218,CD36,CD36 molecule (CD36 blood group),0.11246386485671567,literature,False,True,0.925,,,,,,,
NAFLD,ENSG00000132693,CRP,C-reactive protein,0.11243589025300155,literature,False,True,0.9247,,,,,,,
NAFLD,ENSG00000162344,FGF19,fibroblast growth factor 19,0.11232553990964331,literature,False,True,0.9238,,,,,,,
NAFLD,ENSG00000136869,TLR4,toll like receptor 4,0.11231936326964155,literature,False,True,0.9238,,,,,,,
NAFLD,ENSG00000177575,CD163,CD163 molecule,0.11228527499253683,literature,False,True,0.9235,,,,,,,
NAFLD,ENSG00000133048,CHI3L1,chitinase 3 like 1,0.11227462048196603,literature,False,True,0.9234,,,,,,,
NAFLD,ENSG00000010310,GIPR,gastric inhibitory polypeptide receptor,0.11213541472663176,clinical;literature,False,False,0.3085,,0.169,,,,,
NAFLD,ENSG00000151224,MAT1A,methionine adenosyltransferase 1A,0.11213314490254539,animal_model;literature,False,False,0.8364,0.3436,,,,,,
NAFLD,ENSG00000185499,MUC1,"mucin 1, cell surface associated",0.11160690134105387,genetic_association;literature,False,False,0.6696,,,0.1501,,,,
NAFLD,ENSG00000106366,SERPINE1,serpin family E member 1,0.11142102100757466,literature,False,True,0.9164,,,,,,,
NAFLD,ENSG00000189403,HMGB1,high mobility group box 1,0.11136345931866833,literature,False,True,0.9159,,,,,,,
NAFLD,ENSG00000259384,GH1,growth hormone 1,0.11132852328954669,literature,False,True,0.9156,,,,,,,
NAFLD,ENSG00000116016,EPAS1,endothelial PAS domain protein 1,0.1111224752665586,literature,False,True,0.9139,,,,,,,
NAFLD,ENSG00000116044,NFE2L2,NFE2 like bZIP transcription factor 2,0.11103097928354133,literature,False,True,0.9132,,,,,,,
NAFLD,ENSG00000184584,STING1,stimulator of interferon response cGAMP interactor 1,0.11101037418582971,literature,False,True,0.913,,,,,,,
NAFLD,ENSG00000118785,SPP1,secreted phosphoprotein 1,0.11093560476466909,literature,False,True,0.9124,,,,,,,
NAFLD,ENSG00000132906,CASP9,caspase 9,0.11090519917044962,clinical;literature,False,False,0.1868,,0.1731,,,,,
NAFLD,ENSG00000188389,PDCD1,programmed cell death 1,0.11085613124871209,literature,False,True,0.9117,,,,,,,
NAFLD,ENSG00000134240,HMGCS2,3-hydroxy-3-methylglutaryl-CoA synthase 2,0.11069938391091166,animal_model;literature,False,False,0.8267,0.3348,,,,,,
NAFLD,ENSG00000188677,PARVB,parvin beta,0.11058596103555979,genetic_association;literature,False,False,0.491,,,0.1574,,,,
NAFLD,ENSG00000169752,NRG4,neuregulin 4,0.11044817632412415,literature,False,True,0.9084,,,,,,,
NAFLD,ENSG00000047457,CP,ceruloplasmin,0.1103856946782374,animal_model;literature,False,False,0.8093,0.3942,,,,,,
NAFLD,ENSG00000114054,PCCB,propionyl-CoA carboxylase subunit beta,0.11020856350640745,genetic_association,False,False,0.0304,,,0.1798,,,,
NAFLD,ENSG00000135052,GOLM1,golgi membrane protein 1,0.11011742658827019,literature,False,True,0.9057,,,,,,,
NAFLD,ENSG00000095303,PTGS1,prostaglandin-endoperoxide synthase 1,0.11000547170906176,clinical;literature,False,False,0.7054,,0.1457,,,,,
NAFLD,ENSG00000170323,FABP4,fatty acid binding protein 4,0.10999259724401957,literature,False,True,0.9046,,,,,,,
NAFLD,ENSG00000151623,NR3C2,nuclear receptor subfamily 3 group C member 2,0.10996416497010929,clinical;literature,False,False,0.3754,,0.1621,,,,,
NAFLD,ENSG00000163631,ALB,albumin,0.10994434478283192,literature,False,True,0.9043,,,,,,,
NAFLD,ENSG00000263761,GDF2,growth differentiation factor 2,0.1098200663806374,literature,False,True,0.9032,,,,,,,
NAFLD,ENSG00000111725,PRKAB1,protein kinase AMP-activated non-catalytic subunit beta 1,0.10979664421055177,literature,False,True,0.903,,,,,,,
NAFLD,ENSG00000282608,ADORA3,adenosine A3 receptor,0.10969971749513938,clinical;literature,False,False,0.1471,,0.1731,,,,,
NAFLD,ENSG00000163661,PTX3,pentraxin 3,0.10968326342393717,literature,False,True,0.9021,,,,,,,
NAFLD,ENSG00000159216,RUNX1,RUNX family transcription factor 1,0.10967199981780008,literature,False,True,0.902,,,,,,,
NAFLD,ENSG00000138794,CASP6,caspase 6,0.10962426314321021,clinical;literature,False,False,0.2966,,0.1655,,,,,
NAFLD,ENSG00000105675,ATP4A,ATPase H+/K+ transporting subunit alpha,0.10929297591592597,clinical,True,False,0.0608,,0.1767,,,,,
NAFLD,ENSG00000073756,PTGS2,prostaglandin-endoperoxide synthase 2,0.10921845683607019,clinical;literature,False,False,0.6795,,0.1457,,,,,
NAFLD,ENSG00000265972,TXNIP,thioredoxin interacting protein,0.10920634148056918,literature,False,True,0.8982,,,,,,,
NAFLD,ENSG00000172179,PRL,prolactin,0.10920466605375356,literature,False,True,0.8982,,,,,,,
NAFLD,ENSG00000161533,ACOX1,acyl-CoA oxidase 1,0.10919686883322986,animal_model;literature,False,False,0.7474,0.6027,,,,,,
NAFLD,ENSG00000137801,THBS1,thrombospondin 1,0.10901247986059322,literature,False,True,0.8966,,,,,,,
NAFLD,ENSG00000112964,GHR,growth hormone receptor,0.10886984007151418,clinical;literature,False,False,0.7339,,0.1292,,,,,
NAFLD,ENSG00000162409,PRKAA2,protein kinase AMP-activated catalytic subunit alpha 2,0.10860241795795314,literature,False,True,0.8932,,,,,,,
NAFLD,ENSG00000109819,PPARGC1A,PPARG coactivator 1 alpha,0.10847657523178544,literature,False,True,0.8922,,,,,,,
NAFLD,ENSG00000095970,TREM2,triggering receptor expressed on myeloid cells 2,0.1084701073108344,literature,False,True,0.8921,,,,,,,
NAFLD,ENSG00000010704,HFE,homeostatic iron regulator,0.10842363372354677,animal_model;literature,False,False,0.6438,0.7308,,,,,,
NAFLD,ENSG00000133027,PEMT,phosphatidylethanolamine N-methyltransferase,0.10833978495185652,animal_model;literature,False,False,0.8184,0.2907,,,,,,
NAFLD,ENSG00000162607,USP1,ubiquitin specific peptidase 1,0.10817642415240775,genetic_association,False,False,,,,0.1779,,,,
NAFLD,ENSG00000173511,VEGFB,vascular endothelial growth factor B,0.10806586238043471,literature,False,True,0.8888,,,,,,,
NAFLD,ENSG00000196954,CASP4,caspase 4,0.10774751542944587,clinical;literature,False,False,0.2349,,0.1655,,,,,
NAFLD,ENSG00000120057,SFRP5,secreted frizzled related protein 5,0.10758867886367882,literature,False,True,0.8849,,,,,,,
NAFLD,ENSG00000100985,MMP9,matrix metallopeptidase 9,0.10752867952035504,literature,False,True,0.8844,,,,,,,
NAFLD,ENSG00000186009,ATP4B,ATPase H+/K+ transporting subunit beta,0.10744507664250247,clinical,True,False,,,0.1767,,,,,
NAFLD,ENSG00000108691,CCL2,C-C motif chemokine ligand 2,0.10743291754699316,literature,False,True,0.8836,,,,,,,
NAFLD,ENSG00000102245,CD40LG,CD40 ligand,0.1072782080367709,literature,False,True,0.8823,,,,,,,
NAFLD,ENSG00000125730,C3,complement C3,0.10726014074253444,literature,False,True,0.8822,,,,,,,
NAFLD,ENSG00000100292,HMOX1,heme oxygenase 1,0.10681895084604272,literature,False,True,0.8785,,,,,,,
NAFLD,ENSG00000163586,FABP1,fatty acid binding protein 1,0.1067956099128294,literature,False,True,0.8784,,,,,,,
NAFLD,ENSG00000138028,CGREF1,cell growth regulator with EF-hand domain 1,0.10675438957578333,genetic_association,False,False,0.0152,,,0.1748,,,,
NAFLD,ENSG00000105835,NAMPT,nicotinamide phosphoribosyltransferase,0.10669255038130392,literature,False,True,0.8775,,,,,,,
NAFLD,ENSG00000168610,STAT3,signal transducer and activator of transcription 3,0.10668593989856848,literature,False,True,0.8775,,,,,,,
NAFLD,ENSG00000198793,MTOR,mechanistic target of rapamycin kinase,0.10668556359362516,literature,False,True,0.8774,,,,,,,
NAFLD,ENSG00000101200,AVP,arginine vasopressin,0.1066271870367675,literature,False,True,0.877,,,,,,,
NAFLD,ENSG00000147872,PLIN2,perilipin 2,0.10642717097412968,literature,False,True,0.8753,,,,,,,
NAFLD,ENSG00000127445,PIN1,"peptidylprolyl cis/trans isomerase, NIMA-interacting 1",0.10638619552095513,literature,False,True,0.875,,,,,,,
NAFLD,ENSG00000240972,MIF,macrophage migration inhibitory factor,0.10637804242816536,literature,False,True,0.8749,,,,,,,
NAFLD,ENSG00000125505,MBOAT7,membrane bound acylglycerophosphatidylinositol O-acyltransferase MBOAT7,0.10628908643698642,literature,False,True,0.8742,,,,,,,
NAFLD,ENSG00000141510,TP53,tumor protein p53,0.10586411808799052,literature,False,True,0.8707,,,,,,,
NAFLD,ENSG00000134824,FADS2,fatty acid desaturase 2,0.10544885923468343,genetic_association;literature,False,False,0.7135,,,0.123,,,,
NAFLD,ENSG00000125538,IL1B,interleukin 1 beta,0.10540082544056105,literature,False,True,0.8669,,,,,,,
NAFLD,ENSG00000136960,ENPP2,ectonucleotide pyrophosphatase/phosphodiesterase 2,0.10519783773706647,literature,False,True,0.8652,,,,,,,
NAFLD,ENSG00000154743,TSEN2,tRNA splicing endonuclease subunit 2,0.10515355423924945,genetic_association,False,False,,,,0.173,,,,
NAFLD,ENSG00000116985,BMP8B,bone morphogenetic protein 8b,0.10507703991606639,literature,False,True,0.8642,,,,,,,
NAFLD,ENSG00000129465,RIPK3,receptor interacting serine/threonine kinase 3,0.10504427614164957,literature,False,True,0.8639,,,,,,,
NAFLD,ENSG00000113140,SPARC,secreted protein acidic and cysteine rich,0.10449748859461978,literature,False,True,0.8595,,,,,,,
NAFLD,ENSG00000110514,MADD,MAP kinase activating death domain,0.10440873166220974,genetic_association,False,False,,,,0.1717,,,,
NAFLD,ENSG00000165819,METTL3,"methyltransferase 3, N6-adenosine-methyltransferase complex catalytic subunit",0.10432138230415981,literature,False,True,0.858,,,,,,,
NAFLD,ENSG00000150782,IL18,interleukin 18,0.10431210173242172,literature,False,True,0.8579,,,,,,,
NAFLD,ENSG00000165806,CASP7,caspase 7,0.10421946265698513,clinical;literature,False,False,0.1188,,0.1655,,,,,
NAFLD,ENSG00000115457,IGFBP2,insulin like growth factor binding protein 2,0.10415396167414694,literature,False,True,0.8566,,,,,,,
NAFLD,ENSG00000241635,UGT1A1,UDP glucuronosyltransferase family 1 member A1,0.10373725174821849,literature,False,True,0.8532,,,,,,,
NAFLD,ENSG00000179921,GPBAR1,G protein-coupled bile acid receptor 1,0.10358019219620687,literature,False,True,0.8519,,,,,,,
NAFLD,ENSG00000146070,PLA2G7,phospholipase A2 group VII,0.10345393133611022,literature,False,True,0.8509,,,,,,,
NAFLD,ENSG00000100170,SLC5A1,solute carrier family 5 member 1,0.10335330632834085,clinical;literature,False,False,0.3605,,0.152,,,,,
NAFLD,ENSG00000204256,BRD2,bromodomain containing 2,0.10311540868795802,literature,False,True,0.8481,,,,,,,
NAFLD,ENSG00000164761,TNFRSF11B,TNF receptor superfamily member 11b,0.10303549026229127,literature,False,True,0.8474,,,,,,,
NAFLD,ENSG00000044574,HSPA5,heat shock protein family A (Hsp70) member 5,0.10298757841470091,literature,False,True,0.847,,,,,,,
NAFLD,ENSG00000177606,JUN,"Jun proto-oncogene, AP-1 transcription factor subunit",0.10278214036783388,literature,False,True,0.8453,,,,,,,
NAFLD,ENSG00000171988,JMJD1C,jumonji domain containing 1C,0.1027800242350228,genetic_association,False,False,0.0122,,,0.1685,,,,
NAFLD,ENSG00000186340,THBS2,thrombospondin 2,0.10277202065111979,literature,False,True,0.8453,,,,,,,
NAFLD,ENSG00000005381,MPO,myeloperoxidase,0.10269921203668728,literature,False,True,0.8447,,,,,,,
NAFLD,ENSG00000068903,SIRT2,sirtuin 2,0.10266153145424536,literature,False,True,0.8444,,,,,,,
NAFLD,ENSG00000019991,HGF,hepatocyte growth factor,0.10230749310536535,literature,False,True,0.8414,,,,,,,
NAFLD,ENSG00000214456,PLIN5,perilipin 5,0.10224032718086833,literature,False,True,0.8409,,,,,,,
NAFLD,ENSG00000117984,CTSD,cathepsin D,0.10219651510212184,literature,False,True,0.8405,,,,,,,
NAFLD,ENSG00000141505,ASGR1,asialoglycoprotein receptor 1,0.10217294566836317,clinical;literature,False,False,0.3217,,0.152,,,,,
NAFLD,ENSG00000163220,S100A9,S100 calcium binding protein A9,0.10197059702163402,literature,False,True,0.8387,,,,,,,
NAFLD,ENSG00000204403,CASP12,caspase 12 (gene/pseudogene),0.1017801360976812,clinical,True,False,0.0386,,0.1655,,,,,
NAFLD,ENSG00000118523,CCN2,cellular communication network factor 2,0.10176388043774548,literature,False,True,0.837,,,,,,,
NAFLD,ENSG00000003400,CASP10,caspase 10,0.10171658889488958,clinical,True,False,0.0365,,0.1655,,,,,
NAFLD,ENSG00000129933,MAU2,MAU2 sister chromatid cohesion factor,0.10160918234372938,genetic_association;literature,False,False,0.1781,,,0.1582,,,,
NAFLD,ENSG00000105141,CASP14,caspase 14,0.10153179896754723,clinical,True,False,0.0304,,0.1655,,,,,
NAFLD,ENSG00000137462,TLR2,toll like receptor 2,0.10141396787957409,literature,False,True,0.8341,,,,,,,
NAFLD,ENSG00000142208,AKT1,AKT serine/threonine kinase 1,0.10132995289144574,literature,False,True,0.8334,,,,,,,
NAFLD,ENSG00000135744,AGT,angiotensinogen,0.10127673182154416,literature,False,True,0.833,,,,,,,
NAFLD,ENSG00000204305,AGER,advanced glycosylation end-product specific receptor,0.10123977352712243,literature,False,True,0.8327,,,,,,,
NAFLD,ENSG00000169429,CXCL8,C-X-C motif chemokine ligand 8,0.10122165436351116,literature,False,True,0.8325,,,,,,,
NAFLD,ENSG00000110944,IL23A,interleukin 23 subunit alpha,0.1012167186731872,literature,False,True,0.8221,,0.0083,,,,,
NAFLD,ENSG00000065978,YBX1,Y-box binding protein 1,0.10121129889760616,literature,False,True,0.8324,,,,,,,
NAFLD,ENSG00000110244,APOA4,apolipoprotein A4,0.1010356689016061,genetic_association;literature,False,False,0.4973,,,0.1413,,,,
NAFLD,ENSG00000137757,CASP5,caspase 5,0.10097742918552018,clinical,True,False,0.0122,,0.1655,,,,,
NAFLD,ENSG00000129667,RHBDF2,rhomboid 5 homolog 2,0.10067918411847943,literature,False,True,0.828,,,,,,,
NAFLD,ENSG00000018408,WWTR1,WW domain containing transcription regulator 1,0.10051798109719032,literature,False,True,0.8267,,,,,,,
NAFLD,ENSG00000129988,LBP,lipopolysaccharide binding protein,0.1004283070044023,literature,False,True,0.826,,,,,,,
NAFLD,ENSG00000146648,EGFR,epidermal growth factor receptor,0.1003619915419628,literature,False,True,0.8254,,,,,,,
NAFLD,ENSG00000169174,PCSK9,proprotein convertase subtilisin/kexin type 9,0.10029766442755843,literature,False,True,0.8249,,,,,,,
NAFLD,ENSG00000105705,SUGP1,SURP and G-patch domain containing 1,0.10015885931860506,genetic_association;literature,False,False,0.1122,,,0.1591,,,,
Obesity,ENSG00000166603,MC4R,melanocortin 4 receptor,0.8362189195914966,animal_model;clinical;genetic_association;genetic_literature;literature,False,False,0.9879,0.9927,0.9308,0.9133,,0.6079,,
Obesity,ENSG00000087460,GNAS,GNAS complex locus,0.8235741529752748,animal_model;genetic_association;genetic_literature;literature,False,False,0.6955,0.5582,,0.8824,,0.9524,,
Obesity,ENSG00000175426,PCSK1,proprotein convertase subtilisin/kexin type 1,0.7874274225985441,animal_model;genetic_association;genetic_literature;literature,False,False,0.9143,0.623,,0.8501,,0.8304,,
Obesity,ENSG00000116678,LEPR,leptin receptor,0.7641278842341838,animal_model;clinical;genetic_association;genetic_literature;literature,False,False,0.9734,0.9937,0.5653,0.8333,,0.7295,,
Obesity,ENSG00000115138,POMC,proopiomelanocortin,0.7471168942866344,affected_pathway;animal_model;genetic_association;genetic_literature;literature,False,False,0.963,0.9588,,0.7726,,0.7447,,0.6079
Obesity,ENSG00000010310,GIPR,gastric inhibitory polypeptide receptor,0.7424641778569231,animal_model;clinical;genetic_association;literature,False,False,0.4345,0.4177,0.9785,0.9117,,,,
Obesity,ENSG00000112164,GLP1R,glucagon like peptide 1 receptor,0.7369817945434964,animal_model;clinical;genetic_association;literature,False,False,0.9623,0.4118,0.9944,0.7654,,,,
Obesity,ENSG00000132170,PPARG,peroxisome proliferator activated receptor gamma,0.7247834716096531,animal_model;clinical;genetic_association;genetic_literature;literature,False,False,0.9084,0.5651,0.1488,0.8286,,0.7532,,
Obesity,ENSG00000174697,LEP,leptin,0.7227295558189168,animal_model;genetic_association;genetic_literature;literature,False,False,0.9962,0.9669,,0.8083,,0.7295,,
Obesity,ENSG00000140718,FTO,FTO alpha-ketoglutarate dependent dioxygenase,0.7020351552939784,animal_model;genetic_association;genetic_literature;literature,False,False,0.9933,0.3704,,0.9761,,0.6079,,
Obesity,ENSG00000112246,SIM1,SIM bHLH transcription factor 1,0.6677361136729568,animal_model;genetic_association;genetic_literature;literature,False,False,0.6868,0.675,,0.7282,,0.7295,,
Obesity,ENSG00000118432,CNR1,cannabinoid receptor 1,0.6410164017005022,animal_model;clinical;genetic_literature;literature,False,False,0.8904,0.4919,0.9525,,,0.304,,
Obesity,ENSG00000138031,ADCY3,adenylate cyclase 3,0.6217729293500711,animal_model;genetic_association;genetic_literature;literature,False,False,0.8947,0.6511,,0.7122,,0.6079,,
Obesity,ENSG00000142319,SLC6A3,solute carrier family 6 member 3,0.6206315680446661,animal_model;clinical;literature,False,False,0.5706,0.4477,0.9824,,,,,
Obesity,ENSG00000103546,SLC6A2,solute carrier family 6 member 2,0.6043536035837788,clinical,True,False,0.0972,,0.9893,,,,,
Obesity,ENSG00000176697,BDNF,brain derived neurotrophic factor,0.6025938234964573,animal_model;genetic_association;literature,False,False,0.9844,0.9151,,0.7663,,,,
Obesity,ENSG00000112038,OPRM1,opioid receptor mu 1,0.6016552204798199,animal_model;clinical;literature,False,False,0.4295,0.5048,0.9549,,,,,
Obesity,ENSG00000175535,PNLIP,pancreatic lipase,0.6010153275060267,animal_model;clinical;literature,False,False,0.4739,0.3916,0.9562,,,,,
Obesity,ENSG00000108576,SLC6A4,solute carrier family 6 member 4,0.5979142657174287,animal_model;clinical;literature,False,False,0.7277,0.2609,0.9413,,,,,
Obesity,ENSG00000147246,HTR2C,5-hydroxytryptamine receptor 2C,0.5928048249729536,animal_model;clinical;literature,False,False,0.2218,0.5167,0.9444,,,,,
Obesity,ENSG00000116329,OPRD1,opioid receptor delta 1,0.5856209233450472,clinical;literature,False,False,0.1765,,0.9545,,,,,
Obesity,ENSG00000082556,OPRK1,opioid receptor kappa 1,0.5842292052582787,clinical;literature,False,False,0.1307,,0.9545,,,,,
Obesity,ENSG00000182333,LIPF,"lipase F, gastric type",0.5840654229880412,clinical,True,False,0.0903,,0.9562,,,,,
Obesity,ENSG00000186487,MYT1L,myelin transcription factor 1 like,0.5817081864462159,animal_model;genetic_association;genetic_literature;literature,False,False,0.601,0.2707,,0.2987,,0.8655,,
Obesity,ENSG00000131910,NR0B2,nuclear receptor subfamily 0 group B member 2,0.5760272989081802,animal_model;genetic_association;genetic_literature;literature,False,False,0.6339,0.4399,,0.776,,0.6079,,
Obesity,ENSG00000310517,CAST,calpastatin ,0.5737726169484488,genetic_association;literature,False,False,0.4376,,,0.7473,,,,
Obesity,ENSG00000197594,ENPP1,ectonucleotide pyrophosphatase/phosphodiesterase 1,0.5639281053377694,animal_model;genetic_association;literature,False,False,0.6293,0.4687,,0.8857,,,,
Obesity,ENSG00000130203,APOE,apolipoprotein E,0.557484554201315,animal_model;genetic_association;literature,False,False,0.9514,0.5513,,0.8572,,,,
Obesity,ENSG00000172260,NEGR1,neuronal growth regulator 1,0.5538310012304096,genetic_association;literature,False,False,0.4263,,,0.8897,,,,
Obesity,ENSG00000008196,TFAP2B,transcription factor AP-2 beta,0.5496017706142406,animal_model;genetic_association;literature,False,False,0.2648,0.3417,,0.8811,,,,
Obesity,ENSG00000138821,SLC39A8,solute carrier family 39 member 8,0.5463122529553355,animal_model;genetic_association;literature,False,False,0.1197,0.4302,,0.8745,,,,
Obesity,ENSG00000175564,UCP3,uncoupling protein 3,0.5457387974757448,genetic_association;genetic_literature;literature,False,False,0.5107,,,0.8104,,0.304,,
Obesity,ENSG00000155393,HEATR3,HEAT repeat containing 3,0.5453212038246638,genetic_literature,False,False,,,,,,0.897,,
Obesity,ENSG00000188778,ADRB3,adrenoceptor beta 3,0.5415202950803453,clinical;genetic_association;literature,False,False,0.5628,,0.7847,0.3742,,,,
Obesity,ENSG00000120341,SEC16B,"SEC16 homolog B, endoplasmic reticulum export factor",0.5412029974875617,genetic_association;literature,False,False,0.4465,,,0.8679,,,,
Obesity,ENSG00000167632,TRAPPC9,trafficking protein particle complex subunit 9,0.5397563197404922,animal_model;genetic_association;genetic_literature;literature,False,False,0.8647,0.4991,,0.6444,,0.6079,,
Obesity,ENSG00000148737,TCF7L2,transcription factor 7 like 2,0.537539624039521,animal_model;genetic_association;literature,False,False,0.8966,0.45,,0.8294,,,,
Obesity,ENSG00000165533,TTC8,tetratricopeptide repeat domain 8,0.5369430485285036,animal_model;genetic_association;genetic_literature;literature,False,False,0.2714,0.4723,,0.4377,,0.7599,,
Obesity,ENSG00000134443,GRP,gastrin releasing peptide,0.5341593352574183,genetic_association;literature,False,False,0.2461,,,0.8663,,,,
Obesity,ENSG00000179546,HTR1D,5-hydroxytryptamine receptor 1D,0.5314045005012283,clinical,True,False,0.076,,0.8703,,,,,
Obesity,ENSG00000148680,HTR7,5-hydroxytryptamine receptor 7,0.5270740810547817,clinical;genetic_association,False,False,0.0152,,0.7599,0.427,,,,
Obesity,ENSG00000174007,CEP19,centrosomal protein 19,0.52508280465632,animal_model;genetic_association;genetic_literature;literature,False,False,0.1672,0.6063,,0.5839,,0.6079,,
Obesity,ENSG00000196353,CPNE4,copine 4,0.521484382724136,genetic_association,False,False,,,,0.8578,,,,
Obesity,ENSG00000162104,ADCY9,adenylate cyclase 9,0.5184399962389351,genetic_association;literature,False,False,0.1901,,,0.8433,,,,
Obesity,ENSG00000053900,ANAPC4,anaphase promoting complex subunit 4,0.517721614533121,genetic_association,False,False,0.0433,,,0.8494,,,,
Obesity,ENSG00000140463,BBS4,Bardet-Biedl syndrome 4,0.5134206548803609,animal_model;genetic_association;genetic_literature;literature,False,False,0.1412,0.4659,,0.29,,0.7599,,
Obesity,ENSG00000178394,HTR1A,5-hydroxytryptamine receptor 1A,0.5123155789099691,clinical;genetic_association;literature,False,False,0.1517,,0.7606,0.315,,,,
Obesity,ENSG00000136531,SCN2A,sodium voltage-gated channel alpha subunit 2,0.5120093715804019,clinical;genetic_association,False,False,0.0152,,0.6798,0.6484,,,,
Obesity,ENSG00000165646,SLC18A2,solute carrier family 18 member A2,0.5116102245387136,clinical;literature,False,False,0.131,,0.835,,,,,
Obesity,ENSG00000164574,GALNT10,polypeptide N-acetylgalactosaminyltransferase 10,0.5115005769341138,genetic_association,False,False,0.038,,,0.8395,,,,
Obesity,ENSG00000144285,SCN1A,sodium voltage-gated channel alpha subunit 1,0.5114221567023058,clinical;genetic_association,False,False,0.0228,,0.6798,0.4477,,,,
Obesity,ENSG00000153064,BANK1,B cell scaffold protein with ankyrin repeats 1,0.5113358371138188,genetic_association,False,False,0.0173,,,0.8402,,,,
Obesity,ENSG00000155511,GRIA1,glutamate ionotropic receptor AMPA type subunit 1,0.5109780484684625,clinical;genetic_association;literature,False,False,0.869,,0.6757,0.5821,,,,
Obesity,ENSG00000244405,ETV5,ETS variant transcription factor 5,0.5103892530360393,animal_model;genetic_association;literature,False,False,0.3976,0.326,,0.8124,,,,
Obesity,ENSG00000132600,PRMT7,protein arginine methyltransferase 7,0.5093749885115952,genetic_association;literature,False,False,0.1665,,,0.6673,,,,
Obesity,ENSG00000169856,ONECUT1,one cut homeobox 1,0.5083241541733731,animal_model;genetic_association,False,False,0.0426,0.4025,,0.8151,,,,
Obesity,ENSG00000158321,AUTS2,activator of transcription and developmental regulator AUTS2,0.5081164886831467,genetic_association,False,False,0.0601,,,0.8328,,,,
Obesity,ENSG00000122507,BBS9,Bardet-Biedl syndrome 9,0.5075884256483092,animal_model;genetic_association;genetic_literature;literature,False,False,0.2421,0.4343,,0.2494,,0.7599,,
Obesity,ENSG00000189283,FHIT,fragile histidine triad diadenosine triphosphatase,0.5073709870827828,genetic_association,False,False,0.0635,,,0.8314,,,,
Obesity,ENSG00000135472,FAIM2,Fas apoptotic inhibitory molecule 2,0.5072981961486529,genetic_association;literature,False,False,0.4689,,,0.811,,,,
Obesity,ENSG00000136944,LMX1B,LIM homeobox transcription factor 1 beta,0.5064864298809509,animal_model;genetic_association;literature,False,False,0.3307,0.5326,,0.7992,,,,
Obesity,ENSG00000274286,ADRA2B,adrenoceptor alpha 2B,0.5044577462295923,clinical;genetic_association,False,False,0.0889,,0.8003,0.1102,,,,
Obesity,ENSG00000176165,FOXG1,forkhead box G1,0.5009901943448148,animal_model;genetic_association,False,False,,0.4046,,0.8039,,,,
Obesity,ENSG00000169047,IRS1,insulin receptor substrate 1,0.4995340709092677,animal_model;genetic_association;literature,False,False,0.693,0.4961,,0.776,,,,
Obesity,ENSG00000150594,ADRA2A,adrenoceptor alpha 2A,0.49949240870406314,animal_model;clinical;literature,False,False,0.191,0.3422,0.8003,,,,,
Obesity,ENSG00000081138,CDH7,cadherin 7,0.498474847888411,genetic_association,False,False,,,,0.82,,,,
Obesity,ENSG00000120907,ADRA1A,adrenoceptor alpha 1A,0.4977531966946203,clinical,True,False,0.0249,,0.8175,,,,,
Obesity,ENSG00000156564,LRFN2,leucine rich repeat and fibronectin type III domain containing 2,0.49704257955944164,genetic_association,False,False,0.043,,,0.8154,,,,
Obesity,ENSG00000115392,FANCL,FA complementation group L,0.49618065433629677,animal_model;genetic_association;literature,False,False,0.1585,0.2503,,0.8001,,,,
Obesity,ENSG00000196616,ADH1B,"alcohol dehydrogenase 1B (class I), beta polypeptide",0.4957807491305309,genetic_association;literature,False,False,0.5343,,,0.7888,,,,
Obesity,ENSG00000163281,GNPDA2,glucosamine-6-phosphate deaminase 2,0.4953104959120115,genetic_association;literature,False,False,0.3491,,,0.7973,,,,
Obesity,ENSG00000043591,ADRB1,adrenoceptor beta 1,0.48944925767892367,clinical;literature,False,False,0.4095,,0.7846,,,,,
Obesity,ENSG00000169760,NLGN1,neuroligin 1,0.48915124307349195,genetic_association,False,False,0.0152,,,0.8039,,,,
Obesity,ENSG00000184160,ADRA2C,adrenoceptor alpha 2C,0.4865111797841663,clinical,True,False,,,0.8003,,,,,
Obesity,ENSG00000125124,BBS2,Bardet-Biedl syndrome 2,0.48619699810228695,animal_model;genetic_literature;literature,False,False,0.3596,0.5505,,0.0693,,0.7599,,
Obesity,ENSG00000198597,ZNF536,zinc finger protein 536,0.48573727800553973,genetic_association,False,False,0.0152,,,0.7982,,,,
Obesity,ENSG00000170927,PKHD1,PKHD1 ciliary IPT domain containing fibrocystin/polyductin,0.48325565932571424,animal_model;genetic_association,False,False,0.0445,0.3295,,0.7775,,,,
Obesity,ENSG00000140836,ZFHX3,zinc finger homeobox 3,0.4828716736728013,genetic_association;literature,False,False,0.3617,,,0.7762,,,,
Obesity,ENSG00000151090,THRB,thyroid hormone receptor beta,0.4826393140188593,animal_model;clinical;genetic_association;literature,False,False,0.2633,0.6088,0.5319,0.6441,,,,
Obesity,ENSG00000102837,OLFM4,olfactomedin 4,0.4808032252196173,genetic_association;literature,False,False,0.422,,,0.7698,,,,
Obesity,ENSG00000118946,PCDH17,protocadherin 17,0.4801996718851744,genetic_association,False,False,,,,0.7899,,,,
Obesity,ENSG00000138686,BBS7,Bardet-Biedl syndrome 7,0.4796299859338082,animal_model;genetic_literature;literature,False,False,0.1275,0.4811,,0.0305,,0.7599,,
Obesity,ENSG00000125863,MKKS,MKKS centrosomal shuttling protein,0.47877089100118203,animal_model;genetic_literature;literature,False,False,0.1998,0.4638,,,,0.7599,,
Obesity,ENSG00000113966,ARL6,ARF like GTPase 6,0.4785509564777589,animal_model;genetic_literature;literature,False,False,0.1929,0.4596,,,,0.7599,,
Obesity,ENSG00000163093,BBS5,Bardet-Biedl syndrome 5,0.47853822261077,animal_model;genetic_literature;literature,False,False,0.2993,0.4119,,,,0.7599,,
Obesity,ENSG00000179941,BBS10,Bardet-Biedl syndrome 10,0.4778131548659485,animal_model;genetic_literature;literature,False,False,0.1106,0.4719,,,,0.7599,,
Obesity,ENSG00000011143,MKS1,MKS transition zone complex subunit 1,0.47777219338466076,animal_model;genetic_literature;literature,False,False,0.1125,0.4697,,,,0.7599,,
Obesity,ENSG00000169252,ADRB2,adrenoceptor beta 2,0.47726522227985446,clinical;literature,False,False,0.701,,0.75,,,,,
Obesity,ENSG00000021645,NRXN3,neurexin 3,0.4771209645362996,genetic_association;literature,False,False,0.2914,,,0.7703,,,,
Obesity,ENSG00000146247,PHIP,PHIP subunit of CUL4-Ring ligase complex,0.4765362145969622,genetic_literature;literature,False,False,0.479,,,,,0.7599,,
Obesity,ENSG00000152578,GRIA4,glutamate ionotropic receptor AMPA type subunit 4,0.47616922120543315,clinical;genetic_association,False,False,0.0532,,0.6757,0.4256,,,,
Obesity,ENSG00000181004,BBS12,Bardet-Biedl syndrome 12,0.47592660553199573,animal_model;genetic_literature,False,False,0.0431,0.4399,,,,0.7599,,
Obesity,ENSG00000054282,SDCCAG8,SHH signaling and ciliogenesis regulator SDCCAG8,0.4754878051588613,animal_model;genetic_literature;literature,False,False,0.138,0.2765,,0.0574,,0.7599,,
Obesity,ENSG00000132549,VPS13B,vacuolar protein sorting 13 homolog B,0.4750743667472604,animal_model;genetic_literature;literature,False,False,0.1127,0.3809,,,,0.7599,,
Obesity,ENSG00000272391,POM121C,POM121 transmembrane nucleoporin C,0.472885542492671,genetic_association,False,False,,,,0.7779,,,,
Obesity,ENSG00000135312,HTR1B,5-hydroxytryptamine receptor 1B,0.4726389429525523,animal_model;clinical;literature,False,False,0.1226,0.2964,0.7599,,,,,
Obesity,ENSG00000004948,CALCR,calcitonin receptor,0.47212793921299284,animal_model;clinical;genetic_association;literature,False,False,0.2174,0.253,0.3708,0.6756,,,,
Obesity,ENSG00000147955,SIGMAR1,sigma non-opioid intracellular receptor 1,0.47178628224468566,clinical,True,False,0.0526,,0.7734,,,,,
Obesity,ENSG00000115850,LCT,lactase,0.47175012123736754,genetic_association;literature,False,False,0.4943,,,0.7513,,,,
Obesity,ENSG00000090273,NUDC,"nuclear distribution C, dynein complex regulator",0.4717263066852536,genetic_association,False,False,,,,0.776,,,,
Obesity,ENSG00000152359,POC5,POC5 centriolar protein,0.4714348360941232,genetic_association;literature,False,False,0.1098,,,0.77,,,,
Obesity,ENSG00000162631,NTNG1,netrin G1,0.4702830640657209,genetic_association,False,False,0.038,,,0.7717,,,,
Obesity,ENSG00000102468,HTR2A,5-hydroxytryptamine receptor 2A,0.46858588888461256,clinical;literature,False,False,0.1964,,0.761,,,,,
Obesity,ENSG00000164270,HTR4,5-hydroxytryptamine receptor 4,0.46751994128023344,clinical;literature,False,False,0.1824,,0.7599,,,,,
Obesity,ENSG00000135914,HTR2B,5-hydroxytryptamine receptor 2B,0.46672442911639905,clinical;literature,False,False,0.1563,,0.7599,,,,,
Obesity,ENSG00000166736,HTR3A,5-hydroxytryptamine receptor 3A,0.4665247080960058,clinical;literature,False,False,0.1497,,0.7599,,,,,
Obesity,ENSG00000124222,STX16,syntaxin 16,0.46610985229390994,genetic_literature;literature,False,False,0.136,,,,,0.7599,,
Obesity,ENSG00000078403,MLLT10,MLLT10 histone lysine methyltransferase DOT1L cofactor,0.46601003400264146,genetic_association,False,False,0.0359,,,0.7648,,,,
Obesity,ENSG00000153250,RBMS1,RNA binding motif single stranded interacting protein 1,0.46583823271951447,genetic_association;literature,False,False,0.1065,,,0.7609,,,,
Obesity,ENSG00000157219,HTR5A,5-hydroxytryptamine receptor 5A,0.464900680344543,clinical,True,False,0.0963,,0.7599,,,,,
Obesity,ENSG00000162670,BRINP3,BMP/retinoic acid inducible neural specific 3,0.46481560302742214,genetic_association,False,False,,,,0.7646,,,,
Obesity,ENSG00000158748,HTR6,5-hydroxytryptamine receptor 6,0.4636882958885824,clinical,True,False,0.0564,,0.7599,,,,,
Obesity,ENSG00000140945,CDH13,cadherin 13,0.46345833713244905,genetic_association;literature,False,False,0.1897,,,0.7529,,,,
Obesity,ENSG00000170214,ADRA1B,adrenoceptor alpha 1B,0.4623068075185089,animal_model;clinical,False,False,0.0792,0.5332,0.732,,,,,
Obesity,ENSG00000186090,HTR3D,5-hydroxytryptamine receptor 3D,0.4619748183558772,clinical,True,False,,,0.7599,,,,,
Obesity,ENSG00000186038,HTR3E,5-hydroxytryptamine receptor 3E,0.4619748183558772,clinical,True,False,,,0.7599,,,,,
Obesity,ENSG00000179097,HTR1F,5-hydroxytryptamine receptor 1F,0.4619748183558772,clinical,True,False,,,0.7599,,,,,
Obesity,ENSG00000149305,HTR3B,5-hydroxytryptamine receptor 3B,0.4619748183558772,clinical,True,False,,,0.7599,,,,,
Obesity,ENSG00000178084,HTR3C,5-hydroxytryptamine receptor 3C,0.4619748183558772,clinical,True,False,,,0.7599,,,,,
Obesity,ENSG00000168830,HTR1E,5-hydroxytryptamine receptor 1E,0.4619748183558772,clinical,True,False,,,0.7599,,,,,
Obesity,ENSG00000213619,NDUFS3,NADH:ubiquinone oxidoreductase core subunit S3,0.4591920168149355,animal_model;clinical;genetic_association,False,False,0.0173,0.2934,0.6664,0.3288,,,,
Obesity,ENSG00000168952,STXBP6,syntaxin binding protein 6,0.4585389313837389,genetic_association,False,False,0.038,,,0.7524,,,,
Obesity,ENSG00000120451,SNX19,sorting nexin 19,0.4583648702709144,genetic_association,False,False,,,,0.754,,,,
Obesity,ENSG00000162613,FUBP1,far upstream element binding protein 1,0.45744871203614906,genetic_association,False,False,0.0152,,,0.7517,,,,
Obesity,ENSG00000172995,ARPP21,cAMP regulated phosphoprotein 21,0.4562100977062107,genetic_association,False,False,0.0412,,,0.7484,,,,
Obesity,ENSG00000182256,GABRG3,gamma-aminobutyric acid type A receptor subunit gamma3,0.45313161620872,clinical;genetic_association,False,False,0.0458,,0.6771,0.2689,,,,
Obesity,ENSG00000186073,CDIN1,CDAN1 interacting nuclease 1,0.4526565513903504,genetic_association,False,False,0.038,,,0.7427,,,,
Obesity,ENSG00000151353,TMEM18,transmembrane protein 18,0.4526273606017239,animal_model;genetic_association;literature,False,False,0.7766,0.5134,,0.6943,,,,
Obesity,ENSG00000130558,OLFM1,olfactomedin 1,0.4521824807205553,animal_model;genetic_association,False,False,,0.3793,,0.7248,,,,
Obesity,ENSG00000078142,PIK3C3,phosphatidylinositol 3-kinase catalytic subunit type 3,0.45190384101573855,genetic_association,False,False,0.0268,,,0.742,,,,
Obesity,ENSG00000179088,C12orf42,chromosome 12 open reading frame 42,0.45144723537187936,genetic_association,False,False,,,,0.7426,,,,
Obesity,ENSG00000077092,RARB,retinoic acid receptor beta,0.45006296749236063,animal_model;genetic_association;literature,False,False,0.1021,0.4798,,0.7141,,,,
Obesity,ENSG00000175161,CADM2,cell adhesion molecule 2,0.44966526036444615,genetic_association;literature,False,False,0.2959,,,0.7249,,,,
Obesity,ENSG00000127152,BCL11B,BCL11 transcription factor B,0.44895933712475006,genetic_association,False,False,0.038,,,0.7366,,,,
Obesity,ENSG00000138039,LHCGR,luteinizing hormone/choriogonadotropin receptor,0.44750573216669964,animal_model;clinical;genetic_association,False,False,0.0872,0.5996,0.6079,0.4551,,,,
Obesity,ENSG00000176463,SLCO3A1,solute carrier organic anion transporter family member 3A1,0.4466417527834672,genetic_association,False,False,0.0181,,,0.7338,,,,
Obesity,ENSG00000168356,SCN11A,sodium voltage-gated channel alpha subunit 11,0.44538461450493255,clinical;genetic_association,False,False,,,0.6798,0.2114,,,,
Obesity,ENSG00000171873,ADRA1D,adrenoceptor alpha 1D,0.44502958201858367,clinical,True,False,,,0.732,,,,,
Obesity,ENSG00000174482,LINGO2,leucine rich repeat and Ig domain containing 2,0.44478993509659753,genetic_association,False,False,0.0542,,,0.7289,,,,
Obesity,ENSG00000117020,AKT3,AKT serine/threonine kinase 3,0.44099460762165515,genetic_association;literature,False,False,0.1455,,,0.7181,,,,
Obesity,ENSG00000078328,RBFOX1,RNA binding fox-1 homolog 1,0.4401613380615358,genetic_association;literature,False,False,0.5516,,,0.6965,,,,
Obesity,ENSG00000197891,SLC22A12,solute carrier family 22 member 12,0.4391375021014892,genetic_association;literature,False,False,0.2648,,,0.7091,,,,
Obesity,ENSG00000186297,GABRA5,gamma-aminobutyric acid type A receptor subunit alpha5,0.4381961701007544,animal_model;clinical;genetic_association;literature,False,False,0.1621,0.503,0.6771,0.1219,,,,
Obesity,ENSG00000182985,CADM1,cell adhesion molecule 1,0.4380794421551265,genetic_association;literature,False,False,0.1565,,,0.7128,,,,
Obesity,ENSG00000129810,SGO1,shugoshin 1,0.4368076403603136,animal_model;genetic_association,False,False,,0.2773,,0.7047,,,,
Obesity,ENSG00000145194,ECE2,endothelin converting enzyme 2,0.4362239889973781,genetic_association,False,False,,,,0.7176,,,,
Obesity,ENSG00000120251,GRIA2,glutamate ionotropic receptor AMPA type subunit 2,0.43570089441441817,clinical;literature,False,False,0.8201,,0.6757,,,,,
Obesity,ENSG00000171303,KCNK3,potassium two pore domain channel subfamily K member 3,0.43566791600901844,animal_model;genetic_association;literature,False,False,0.3366,0.339,0.0083,0.6917,,,,
Obesity,ENSG00000166136,NDUFB8,NADH:ubiquinone oxidoreductase subunit B8,0.43400850769220267,clinical;genetic_association,False,False,0.038,,0.6664,0.1867,,,,
Obesity,ENSG00000069667,RORA,RAR related orphan receptor A,0.4335144657904833,animal_model;genetic_association;literature,False,False,0.5922,0.4052,,0.6745,,,,
Obesity,ENSG00000185313,SCN10A,sodium voltage-gated channel alpha subunit 10,0.43187765337059925,clinical;literature,False,False,0.4344,,0.6798,0.0802,,,,
Obesity,ENSG00000186010,NDUFA13,NADH:ubiquinone oxidoreductase subunit A13,0.4315350430967464,animal_model;clinical;literature,False,False,0.651,0.396,0.6664,0.0337,,,,
Obesity,ENSG00000153253,SCN3A,sodium voltage-gated channel alpha subunit 3,0.4306546632561666,clinical;genetic_association,False,False,,,0.6798,0.1145,,,,
Obesity,ENSG00000111404,RERGL,RERG like,0.43005277424892113,genetic_association,False,False,,,,0.7074,,,,
Obesity,ENSG00000205189,ZBTB10,zinc finger and BTB domain containing 10,0.4291106030231341,animal_model;genetic_association,False,False,,0.3591,,0.6879,,,,
Obesity,ENSG00000137269,LRRC1,leucine rich repeat containing 1,0.428044412256126,genetic_association,False,False,,,,0.7041,,,,
Obesity,ENSG00000166206,GABRB3,gamma-aminobutyric acid type A receptor subunit beta3,0.42747577475264675,animal_model;clinical,False,False,0.0406,0.4258,0.6771,0.0382,,,,
Obesity,ENSG00000151322,NPAS3,neuronal PAS domain protein 3,0.42699337199426707,genetic_association,False,False,,,,0.7024,,,,
Obesity,ENSG00000196876,SCN8A,sodium voltage-gated channel alpha subunit 8,0.4269087773767461,animal_model;clinical,False,False,,0.4492,0.6798,,,,,
Obesity,ENSG00000215644,GCGR,glucagon receptor,0.4266387155016273,animal_model;clinical;literature,False,False,0.4415,0.481,0.6679,,,,,
Obesity,ENSG00000183873,SCN5A,sodium voltage-gated channel alpha subunit 5,0.4266150504670081,animal_model;clinical;literature,False,False,0.277,0.3164,0.6798,,,,,
Obesity,ENSG00000145864,GABRB2,gamma-aminobutyric acid type A receptor subunit beta2,0.4258824364354005,animal_model;clinical,False,False,0.0152,0.4616,0.6771,,,,,
Obesity,ENSG00000144560,VGLL4,vestigial like family member 4,0.4250042787449805,genetic_association,False,False,,,,0.6991,,,,
Obesity,ENSG00000135547,HEY2,hes related family bHLH transcription factor with YRPW motif 2,0.42378422065947313,animal_model;genetic_association,False,False,,0.3828,,0.678,,,,
Obesity,ENSG00000112964,GHR,growth hormone receptor,0.4237703213573386,animal_model;clinical;genetic_association;literature,False,False,0.8607,0.5276,0.457,0.5571,,,,
Obesity,ENSG00000115159,GPD2,glycerol-3-phosphate dehydrogenase 2,0.42300128491510247,animal_model;clinical;literature,False,False,0.3935,0.4134,0.6664,,,,,
Obesity,ENSG00000197584,KCNMB2,potassium calcium-activated channel subfamily M regulatory beta subunit 2,0.4227525998869565,genetic_association,False,False,,,,0.6954,,,,
Obesity,ENSG00000185760,KCNQ5,potassium voltage-gated channel subfamily Q member 5,0.4226623926800766,genetic_association,False,False,0.0348,,,0.6935,,,,
Obesity,ENSG00000105737,GRIK5,glutamate ionotropic receptor kainate type subunit 5,0.4225157737847938,animal_model;clinical,False,False,,0.3863,0.6757,,,,,
Obesity,ENSG00000256463,SALL3,spalt like transcription factor 3,0.42110550188405216,genetic_association,False,False,,,,0.6927,,,,
Obesity,ENSG00000165966,PDZRN4,PDZ domain containing ring finger 4,0.4204495635635033,genetic_association,False,False,0.038,,,0.6897,,,,
Obesity,ENSG00000219438,TAFA5,TAFA chemokine like family member 5,0.4202576154363604,genetic_association;literature,False,False,0.1705,,,0.6828,,,,
Obesity,ENSG00000164258,NDUFS4,NADH:ubiquinone oxidoreductase subunit S4,0.41966726973939733,animal_model;clinical,False,False,0.0521,0.4555,0.6664,,,,,
Obesity,ENSG00000188779,SKOR1,SKI family transcriptional corepressor 1,0.41901836049178387,genetic_association,False,False,0.0435,,,0.6871,,,,
Obesity,ENSG00000163873,GRIK3,glutamate ionotropic receptor kainate type subunit 3,0.41838375197563255,clinical,True,False,0.0122,,0.6757,0.049,,,,
Obesity,ENSG00000004779,NDUFAB1,NADH:ubiquinone oxidoreductase subunit AB1,0.4182192682477416,clinical;literature,False,False,0.431,,0.6664,,,,,
Obesity,ENSG00000170396,ZNF804A,zinc finger protein 804A,0.4170029967527131,genetic_association,False,False,,,,0.6859,,,,
Obesity,ENSG00000137806,NDUFAF1,NADH:ubiquinone oxidoreductase complex assembly factor 1,0.41599640610467153,clinical,True,False,,,0.6664,0.0716,,,,
Obesity,ENSG00000159723,AGRP,agouti related neuropeptide,0.41557321956171694,animal_model;genetic_association;genetic_literature;literature,False,False,0.9123,0.479,,0.1976,,0.6079,,
Obesity,ENSG00000171189,GRIK1,glutamate ionotropic receptor kainate type subunit 1,0.415490112077773,clinical;literature,False,False,0.1551,,0.6757,,,,,
Obesity,ENSG00000169432,SCN9A,sodium voltage-gated channel alpha subunit 9,0.4146168325813791,clinical,True,False,0.0448,,0.6798,,,,,
Obesity,ENSG00000145863,GABRA6,gamma-aminobutyric acid type A receptor subunit alpha6,0.4146159535328628,clinical,True,False,0.0977,,0.6771,,,,,
Obesity,ENSG00000139174,PRICKLE1,prickle planar cell polarity protein 1,0.41431063260956874,animal_model;genetic_association,False,False,,0.4842,,0.6573,,,,
Obesity,ENSG00000136546,SCN7A,sodium voltage-gated channel alpha subunit 7,0.4137168374854975,clinical,True,False,0.0152,,0.6798,,,,,
Obesity,ENSG00000119772,DNMT3A,DNA methyltransferase 3 alpha,0.4136413530190451,animal_model;genetic_association;literature,False,False,0.5691,0.3587,,0.5306,,,,
Obesity,ENSG00000167434,CA4,carbonic anhydrase 4,0.41363518052100345,clinical,True,False,0.0941,,0.6757,,,,,
Obesity,ENSG00000163618,CADPS,calcium dependent secretion activator,0.4136259787001935,genetic_association,False,False,,,,0.6804,,,,
Obesity,ENSG00000007314,SCN4A,sodium voltage-gated channel alpha subunit 4,0.41325628358161554,clinical,True,False,,,0.6798,,,,,
Obesity,ENSG00000151834,GABRA2,gamma-aminobutyric acid type A receptor subunit alpha2,0.41316701272701983,clinical,True,False,0.05,,0.6771,,,,,
Obesity,ENSG00000187730,GABRD,gamma-aminobutyric acid type A receptor subunit delta,0.4129618220545527,clinical,True,False,0.0433,,0.6771,,,,,
Obesity,ENSG00000147684,NDUFB9,NADH:ubiquinone oxidoreductase subunit B9,0.41290413603491044,animal_model;clinical,False,False,0.0152,0.2494,0.6664,,,,,
Obesity,ENSG00000140443,IGF1R,insulin like growth factor 1 receptor,0.4126385981792115,animal_model;genetic_association;literature,False,False,0.2926,0.3682,,0.6538,,,,
Obesity,ENSG00000113327,GABRG2,gamma-aminobutyric acid type A receptor subunit gamma2,0.4125704267223345,clinical,True,False,0.0304,,0.6771,,,,,
Obesity,ENSG00000104267,CA2,carbonic anhydrase 2,0.4121774111104595,clinical,True,False,0.0462,,0.6757,,,,,
Obesity,ENSG00000164418,GRIK2,glutamate ionotropic receptor kainate type subunit 2,0.4120636673726093,clinical,True,False,0.0424,,0.6757,,,,,
Obesity,ENSG00000151067,CACNA1C,calcium voltage-gated channel subunit alpha1 C,0.41190466012188587,animal_model;clinical;genetic_association;literature,False,False,0.1821,0.5294,0.5546,0.4358,,,,
Obesity,ENSG00000125675,GRIA3,glutamate ionotropic receptor AMPA type subunit 3,0.41176223194631795,clinical,True,False,0.0325,,0.6757,,,,,
Obesity,ENSG00000268089,GABRQ,gamma-aminobutyric acid type A receptor subunit theta,0.41164647708562274,clinical,True,False,,,0.6771,,,,,
Obesity,ENSG00000109158,GABRA4,gamma-aminobutyric acid type A receptor subunit alpha4,0.41164647708562274,clinical,True,False,,,0.6771,,,,,
Obesity,ENSG00000102287,GABRE,gamma-aminobutyric acid type A receptor subunit epsilon,0.41164647708562274,clinical,True,False,,,0.6771,,,,,
Obesity,ENSG00000094755,GABRP,gamma-aminobutyric acid type A receptor subunit pi,0.41164647708562274,clinical,True,False,,,0.6771,,,,,
Obesity,ENSG00000011677,GABRA3,gamma-aminobutyric acid type A receptor subunit alpha3,0.41164647708562274,clinical,True,False,,,0.6771,,,,,
Obesity,ENSG00000163285,GABRG1,gamma-aminobutyric acid type A receptor subunit gamma1,0.41164647708562274,clinical,True,False,,,0.6771,,,,,
Obesity,ENSG00000163288,GABRB1,gamma-aminobutyric acid type A receptor subunit beta1,0.41164647708562274,clinical,True,False,,,0.6771,,,,,
Obesity,ENSG00000022355,GABRA1,gamma-aminobutyric acid type A receptor subunit alpha1,0.41164647708562274,clinical,True,False,,,0.6771,,,,,
Obesity,ENSG00000147488,ST18,ST18 C2H2C-type zinc finger transcription factor,0.4115686176564931,genetic_association;literature,False,False,0.1463,,,0.6697,,,,
Obesity,ENSG00000023228,NDUFS1,NADH:ubiquinone oxidoreductase core subunit S1,0.4114851732553782,clinical,True,False,0.0509,,0.6664,0.0374,,,,
Obesity,ENSG00000186088,GSAP,gamma-secretase activating protein,0.411448795317079,genetic_association,False,False,,,,0.6768,,,,
Obesity,ENSG00000119421,NDUFA8,NADH:ubiquinone oxidoreductase subunit A8,0.41131953121136455,clinical,True,False,0.0833,,0.6664,0.0334,,,,
Obesity,ENSG00000169554,ZEB2,zinc finger E-box binding homeobox 2,0.410834258804949,genetic_association,False,False,0.0832,,,0.6716,,,,
Obesity,ENSG00000149403,GRIK4,glutamate ionotropic receptor kainate type subunit 4,0.4107741191403901,clinical,True,False,,,0.6757,,,,,
Obesity,ENSG00000212907,MT-ND4L,mitochondrially encoded NADH:ubiquinone oxidoreductase core subunit 4L,0.41002018123552086,clinical;literature,False,False,0.1613,,0.6664,,,,,
Obesity,ENSG00000198695,MT-ND6,mitochondrially encoded NADH:ubiquinone oxidoreductase core subunit 6,0.4091944950627018,clinical;literature,False,False,0.1341,,0.6664,,,,,
Obesity,ENSG00000198786,MT-ND5,mitochondrially encoded NADH:ubiquinone oxidoreductase core subunit 5,0.40896350765352385,clinical;literature,False,False,0.1265,,0.6664,,,,,
Obesity,ENSG00000198763,MT-ND2,mitochondrially encoded NADH:ubiquinone oxidoreductase core subunit 2,0.4088979331066947,clinical;literature,False,False,0.1243,,0.6664,,,,,
Obesity,ENSG00000134489,HRH4,histamine receptor H4,0.4088472366816138,genetic_association,False,False,,,,0.6725,,,,
Obesity,ENSG00000184983,NDUFA6,NADH:ubiquinone oxidoreductase subunit A6,0.4085835422115048,clinical;literature,False,False,0.114,,0.6664,,,,,
Obesity,ENSG00000189043,COXFA4,cytochrome c oxidase associated subunit FA4,0.40817982440811135,clinical;literature,False,False,0.1007,,0.6664,,,,,
Obesity,ENSG00000163638,ADAMTS9,ADAM metallopeptidase with thrombospondin type 1 motif 9,0.4081294892063789,genetic_association;literature,False,False,0.1307,,,0.6648,,,,
Obesity,ENSG00000198840,MT-ND3,mitochondrially encoded NADH:ubiquinone oxidoreductase core subunit 3,0.4076786443220215,clinical,True,False,0.0842,,0.6664,,,,,
Obesity,ENSG00000198886,MT-ND4,mitochondrially encoded NADH:ubiquinone oxidoreductase core subunit 4,0.40762737952116074,clinical,True,False,0.0825,,0.6664,,,,,
Obesity,ENSG00000165264,NDUFB6,NADH:ubiquinone oxidoreductase subunit B6,0.4074927683348312,clinical,True,False,0.0781,,0.6664,,,,,
Obesity,ENSG00000167792,NDUFV1,NADH:ubiquinone oxidoreductase core subunit V1,0.40742860516561513,clinical,True,False,0.076,,0.6664,,,,,
Obesity,ENSG00000090266,NDUFB2,NADH:ubiquinone oxidoreductase subunit B2,0.4069666303472592,clinical,True,False,0.0608,,0.6664,,,,,
Obesity,ENSG00000168653,NDUFS5,NADH:ubiquinone oxidoreductase subunit S5,0.4065046555289034,clinical,True,False,0.0456,,0.6664,,,,,
Obesity,ENSG00000185633,COXFA4L2,cytochrome c oxidase hypoxia associated subunit FA4L2,0.4065046555289034,clinical,True,False,0.0456,,0.6664,,,,,
Obesity,ENSG00000158864,NDUFS2,NADH:ubiquinone oxidoreductase core subunit S2,0.4065041503421547,clinical,True,False,0.0456,,0.6664,,,,,
Obesity,ENSG00000174886,NDUFA11,NADH:ubiquinone oxidoreductase subunit A11,0.40627366811972543,clinical,True,False,0.038,,0.6664,,,,,
Obesity,ENSG00000151366,NDUFC2,NADH:ubiquinone oxidoreductase subunit C2,0.40627366811972543,clinical,True,False,0.038,,0.6664,,,,,
Obesity,ENSG00000123545,NDUFAF4,NADH:ubiquinone oxidoreductase complex assembly factor 4,0.40627366811972543,clinical,True,False,0.038,,0.6664,,,,,
Obesity,ENSG00000184752,NDUFA12,NADH:ubiquinone oxidoreductase subunit A12,0.4061389254643717,clinical,True,False,0.0336,,0.6664,,,,,
Obesity,ENSG00000198888,MT-ND1,mitochondrially encoded NADH:ubiquinone oxidoreductase core subunit 1,0.40613189318102555,clinical,True,False,0.0333,,0.6664,,,,,
Obesity,ENSG00000164182,NDUFAF2,NADH:ubiquinone oxidoreductase complex assembly factor 2,0.40581169330136957,clinical,True,False,0.0228,,0.6664,,,,,
Obesity,ENSG00000131495,NDUFA2,NADH:ubiquinone oxidoreductase subunit A2,0.40558070589219164,clinical,True,False,0.0152,,0.6664,,,,,
Obesity,ENSG00000136521,NDUFB5,NADH:ubiquinone oxidoreductase subunit B5,0.40558070589219164,clinical,True,False,0.0152,,0.6664,,,,,
Obesity,ENSG00000139180,NDUFA9,NADH:ubiquinone oxidoreductase subunit A9,0.40558070589219164,clinical,True,False,0.0152,,0.6664,,,,,
Obesity,ENSG00000170906,NDUFA3,NADH:ubiquinone oxidoreductase subunit A3,0.40558070589219164,clinical,True,False,0.0152,,0.6664,,,,,
Obesity,ENSG00000178057,NDUFAF3,NADH:ubiquinone oxidoreductase complex assembly factor 3,0.4051187310738357,clinical,True,False,,,0.6664,,,,,
Obesity,ENSG00000128609,NDUFA5,NADH:ubiquinone oxidoreductase subunit A5,0.4051187310738357,clinical,True,False,,,0.6664,,,,,
Obesity,ENSG00000109390,NDUFC1,NADH:ubiquinone oxidoreductase subunit C1,0.4051187310738357,clinical,True,False,,,0.6664,,,,,
Obesity,ENSG00000125356,NDUFA1,NADH:ubiquinone oxidoreductase subunit A1,0.4051187310738357,clinical,True,False,,,0.6664,,,,,
Obesity,ENSG00000145494,NDUFS6,NADH:ubiquinone oxidoreductase subunit S6,0.4051187310738357,clinical,True,False,,,0.6664,,,,,
Obesity,ENSG00000267855,NDUFA7,NADH:ubiquinone oxidoreductase subunit A7,0.4051187310738357,clinical,True,False,,,0.6664,,,,,
Obesity,ENSG00000147123,NDUFB11,NADH:ubiquinone oxidoreductase subunit B11,0.4051187310738357,clinical,True,False,,,0.6664,,,,,
Obesity,ENSG00000178127,NDUFV2,NADH:ubiquinone oxidoreductase core subunit V2,0.4051187310738357,clinical,True,False,,,0.6664,,,,,
Obesity,ENSG00000160194,NDUFV3,NADH:ubiquinone oxidoreductase subunit V3,0.4051187310738357,clinical,True,False,,,0.6664,,,,,
Obesity,ENSG00000130414,NDUFA10,NADH:ubiquinone oxidoreductase subunit A10,0.4051187310738357,clinical,True,False,,,0.6664,,,,,
Obesity,ENSG00000115286,NDUFS7,NADH:ubiquinone oxidoreductase core subunit S7,0.4051187310738357,clinical,True,False,,,0.6664,,,,,
Obesity,ENSG00000183648,NDUFB1,NADH:ubiquinone oxidoreductase subunit B1,0.4051187310738357,clinical,True,False,,,0.6664,,,,,
Obesity,ENSG00000099795,NDUFB7,NADH:ubiquinone oxidoreductase subunit B7,0.4051187310738357,clinical,True,False,,,0.6664,,,,,
Obesity,ENSG00000065518,NDUFB4,NADH:ubiquinone oxidoreductase subunit B4,0.4051187310738357,clinical,True,False,,,0.6664,,,,,
Obesity,ENSG00000119013,NDUFB3,NADH:ubiquinone oxidoreductase subunit B3,0.4051187310738357,clinical,True,False,,,0.6664,,,,,
Obesity,ENSG00000140990,NDUFB10,NADH:ubiquinone oxidoreductase subunit B10,0.4051187310738357,clinical,True,False,,,0.6664,,,,,
Obesity,ENSG00000110717,NDUFS8,NADH:ubiquinone oxidoreductase core subunit S8,0.4051187310738357,clinical,True,False,,,0.6664,,,,,
Obesity,ENSG00000157388,CACNA1D,calcium voltage-gated channel subunit alpha1 D,0.4050726397699774,animal_model;clinical;genetic_association,False,False,0.0433,0.5894,0.5546,0.3925,,,,
Obesity,ENSG00000132849,PATJ,PATJ crumbs cell polarity complex component,0.4049928080853148,genetic_association,False,False,0.0348,,,0.6644,,,,
Obesity,ENSG00000188730,VWC2,von Willebrand factor C domain containing 2,0.4049801757346269,genetic_association,False,False,0.0684,,,0.6627,,,,
Obesity,ENSG00000004700,RECQL,RecQ like helicase,0.4043642960297067,genetic_association,False,False,,,,0.6651,,,,
Obesity,ENSG00000162374,ELAVL4,ELAV like RNA binding protein 4,0.4039391195588139,genetic_association,False,False,0.0449,,,0.6622,,,,
Obesity,ENSG00000164330,EBF1,EBF transcription factor 1,0.4037731630104725,genetic_association;literature,False,False,0.3164,,,0.6484,,,,
Obesity,ENSG00000198890,PRMT6,protein arginine methyltransferase 6,0.4033543116234665,genetic_association;literature,False,False,0.1,,,0.6585,,,,
Obesity,ENSG00000138814,PPP3CA,protein phosphatase 3 catalytic subunit alpha,0.4005945396789478,animal_model;genetic_association,False,False,0.038,0.304,,0.6429,,,,
Obesity,ENSG00000205482,SPDYE18,speedy/RINGO cell cycle regulator family member E18,0.3996652342362376,genetic_association,False,False,,,,0.6574,,,,
Obesity,ENSG00000115561,CHMP3,charged multivesicular body protein 3,0.39923949443443185,genetic_association,False,False,0.076,,,0.6529,,,,
Obesity,ENSG00000105173,CCNE1,cyclin E1,0.398881889508721,genetic_association,False,False,0.0684,,,0.6527,,,,
Obesity,ENSG00000165030,NFIL3,"nuclear factor, interleukin 3 regulated",0.3988073993898346,genetic_association;literature,False,False,0.1478,,,0.6486,,,,
Obesity,ENSG00000105662,CRTC1,CREB regulated transcription coactivator 1,0.39870756358451753,animal_model;genetic_association;literature,False,False,0.8514,0.5966,,0.6,,,,
Obesity,ENSG00000128573,FOXP2,forkhead box P2,0.39870190473576544,animal_model;genetic_association;literature,False,False,0.2532,0.875,,0.6065,,,,
Obesity,ENSG00000197381,ADARB1,adenosine deaminase RNA specific B1,0.39806814266258495,genetic_association;literature,False,False,0.1282,,,0.6484,,,,
Obesity,ENSG00000117569,PTBP2,polypyrimidine tract binding protein 2,0.39704193956630324,genetic_association;literature,False,False,0.1692,,,0.6446,,,,
Obesity,ENSG00000171132,PRKCE,protein kinase C epsilon,0.39573569507531126,genetic_association;literature,False,False,0.1331,,,0.6443,,,,
Obesity,ENSG00000124172,ATP5F1E,ATP synthase F1 subunit epsilon,0.39432931981994274,genetic_association,False,False,0.038,,,0.6467,,,,
Obesity,ENSG00000169744,LDB2,LIM domain binding 2,0.39289409112502177,genetic_association,False,False,,,,0.6463,,,,
Obesity,ENSG00000196628,TCF4,transcription factor 4,0.39212418114651837,genetic_association;literature,False,False,0.139,,,0.6381,,,,
Obesity,ENSG00000184588,PDE4B,phosphodiesterase 4B,0.3914302460632902,clinical;genetic_association;literature,False,False,0.1285,,0.4878,0.5191,,,,
Obesity,ENSG00000198795,ZNF521,zinc finger protein 521,0.39083513582167917,genetic_association,False,False,0.0152,,,0.6421,,,,
Obesity,ENSG00000155903,RASA2,RAS p21 protein activator 2,0.39080639786051835,genetic_association;literature,False,False,0.1138,,,0.6372,,,,
Obesity,ENSG00000124721,DNAH8,dynein axonemal heavy chain 8,0.3903933626353802,genetic_association,False,False,0.0152,,,0.5135,,,,
Obesity,ENSG00000196767,POU3F4,POU class 3 homeobox 4,0.38816609088815157,animal_model;genetic_association,False,False,,0.6115,,0.6079,,,,
Obesity,ENSG00000151623,NR3C2,nuclear receptor subfamily 3 group C member 2,0.3880563752058164,animal_model;clinical;genetic_association;literature,False,False,0.932,0.27,0.5427,0.2862,,,,
Obesity,ENSG00000115310,RTN4,reticulon 4,0.3865022510660206,genetic_association;literature,False,False,0.7756,,,0.597,,,,
Obesity,ENSG00000163581,SLC2A2,solute carrier family 2 member 2,0.3863440803965396,animal_model;genetic_association;literature,False,False,0.2715,0.3706,,0.6109,,,,
Obesity,ENSG00000167984,NLRC3,NLR family CARD domain containing 3,0.3862503570350069,genetic_association;literature,False,False,0.1874,,,0.626,,,,
Obesity,ENSG00000102882,MAPK3,mitogen-activated protein kinase 3,0.38411306144703944,genetic_association;literature,False,False,0.3484,,,0.6144,,,,
Obesity,ENSG00000278311,GGNBP2,gametogenetin binding protein 2,0.38296944123660515,genetic_association;literature,False,False,0.127,,,0.6236,,,,
Obesity,ENSG00000075891,PAX2,paired box 2,0.3825147036156295,animal_model;genetic_association,False,False,0.0825,0.5083,,0.602,,,,
Obesity,ENSG00000168702,LRP1B,LDL receptor related protein 1B,0.38126338417986577,genetic_association;literature,False,False,0.1477,,,0.6198,,,,
Obesity,ENSG00000268104,SLC6A14,solute carrier family 6 member 14,0.3806025841805899,affected_pathway;literature,False,False,0.3626,,,,,,,0.6079
Obesity,ENSG00000203760,CENPW,centromere protein W,0.37926449545998164,genetic_association,False,False,0.038,,,0.622,,,,
Obesity,ENSG00000178568,ERBB4,erb-b2 receptor tyrosine kinase 4,0.37800088828390277,genetic_association;literature,False,False,0.6577,,,0.5889,,,,
Obesity,ENSG00000028116,VRK2,VRK serine/threonine kinase 2,0.3779727369202371,genetic_association,False,False,0.0152,,,0.621,,,,
Obesity,ENSG00000124786,SLC35B3,solute carrier family 35 member B3,0.3767547131532093,genetic_association,False,False,,,,0.6197,,,,
Obesity,ENSG00000185352,HS6ST3,heparan sulfate 6-O-sulfotransferase 3,0.3759998482320256,genetic_association;literature,False,False,0.1541,,,0.6108,,,,
Obesity,ENSG00000164129,NPY5R,neuropeptide Y receptor Y5,0.3751628525257491,animal_model;clinical;literature,False,False,0.1771,0.7364,0.5672,0.0982,,,,
Obesity,ENSG00000111711,GOLT1B,golgi transport 1B,0.3746875005919063,genetic_association,False,False,,,,0.6163,,,,
Obesity,ENSG00000002822,MAD1L1,mitotic arrest deficient 1 like 1,0.3718049186062862,genetic_association,False,False,0.0819,,,0.6075,,,,
Obesity,ENSG00000175866,BAIAP2,BAR/IMD domain containing adaptor protein 2,0.371222357433138,genetic_association,False,False,,,,0.6106,,,,
Obesity,ENSG00000122025,FLT3,fms related receptor tyrosine kinase 3,0.37085479206099453,genetic_association;literature,False,False,0.1674,,,0.6017,,,,
Obesity,ENSG00000102924,CBLN1,cerebellin 1 precursor,0.370722995581163,genetic_association;literature,False,False,0.1791,,,0.6009,,,,
Obesity,ENSG00000145996,CDKAL1,CDKAL1 threonylcarbamoyladenosine tRNA methylthiotransferase,0.3690916590714316,animal_model;genetic_association;literature,False,False,0.4788,0.5351,,0.4714,,,,
Obesity,ENSG00000049239,H6PD,hexose-6-phosphate dehydrogenase/glucose 1-dehydrogenase,0.3690020306657926,animal_model;genetic_association;literature,False,False,0.2218,0.2661,,0.5887,,,,
Obesity,ENSG00000169519,METTL15,"methyltransferase 15, mitochondrial 12S rRNA N4-cytidine",0.3678409927924225,genetic_association,False,False,0.0401,,,0.6031,,,,
Obesity,ENSG00000169083,AR,androgen receptor,0.3667616103743698,animal_model;clinical;literature,False,False,0.3668,0.6727,0.5615,,,,,
Obesity,ENSG00000148053,NTRK2,neurotrophic receptor tyrosine kinase 2,0.36668806871522924,animal_model;genetic_association;literature,False,False,0.8705,0.4987,,0.4621,,,,
Obesity,ENSG00000154678,PDE1C,phosphodiesterase 1C,0.36543660680813655,genetic_association;literature,False,False,0.1596,,,0.5931,,,,
Obesity,ENSG00000187486,KCNJ11,potassium inwardly rectifying channel subfamily J member 11,0.3652390016336479,animal_model;clinical;genetic_association;literature,False,False,0.1595,0.4408,0.4771,0.4478,,,,
Obesity,ENSG00000085788,DDHD2,DDHD domain containing 2,0.3650832364343901,genetic_association;literature,False,False,0.1191,,,0.4783,,,,
Obesity,ENSG00000138696,BMPR1B,bone morphogenetic protein receptor type 1B,0.36482647266342155,animal_model;genetic_association,False,False,0.0249,0.4509,,0.577,,,,
Obesity,ENSG00000091844,RGS17,regulator of G protein signaling 17,0.3636580729715663,genetic_association,False,False,,,,0.5982,,,,
Obesity,ENSG00000197272,IL27,interleukin 27,0.3636356167172931,genetic_association;literature,False,False,0.4288,,,0.5767,,,,
Obesity,ENSG00000178700,DHFR2,dihydrofolate reductase 2,0.36290977537089475,genetic_association,False,False,,,,0.597,,,,
Obesity,ENSG00000111783,RFX4,regulatory factor X4,0.36282760290241506,genetic_association,False,False,,,,0.5968,,,,
Obesity,ENSG00000154415,PPP1R3A,protein phosphatase 1 regulatory subunit 3A,0.36247317299304094,animal_model;genetic_association;literature,False,False,0.1243,0.5124,,0.5679,,,,
Obesity,ENSG00000176928,GCNT4,glucosaminyl (N-acetyl) transferase 4,0.36188888942679176,genetic_association,False,False,,,,0.5953,,,,
Obesity,ENSG00000116117,PARD3B,par-3 family cell polarity regulator beta,0.3616133918338637,genetic_association,False,False,0.042,,,0.5927,,,,
Obesity,ENSG00000185008,ROBO2,roundabout guidance receptor 2,0.36133020916156855,genetic_association,False,False,,,,0.5944,,,,
Obesity,ENSG00000157404,KIT,"KIT proto-oncogene, receptor tyrosine kinase",0.36076542267599776,animal_model;genetic_association;literature,False,False,0.3803,0.4553,,0.5622,,,,
Obesity,ENSG00000152208,GRID2,glutamate ionotropic receptor delta type subunit 2,0.3606585201476319,animal_model;genetic_association,False,False,0.0819,0.3414,,0.5744,,,,
Obesity,ENSG00000124299,PEPD,peptidase D,0.36032415262949957,animal_model;genetic_association;literature,False,False,0.3802,0.3544,,0.5658,,,,
Obesity,ENSG00000133794,BMAL1,basic helix-loop-helix ARNT like 1,0.3602120691116483,animal_model;genetic_association;literature,False,False,0.9185,0.5333,,0.5347,,,,
Obesity,ENSG00000187323,DCC,DCC netrin 1 receptor,0.35872233888646504,genetic_association,False,False,0.0438,,,0.5879,,,,
Obesity,ENSG00000148219,ASTN2,astrotactin 2,0.35785101364341027,genetic_association,False,False,0.0683,,,0.5852,,,,
Obesity,ENSG00000168621,GDNF,glial cell derived neurotrophic factor,0.3562663791604461,genetic_association;literature,False,False,0.2634,,,0.5729,,,,
Obesity,ENSG00000145743,FBXL17,F-box and leucine rich repeat protein 17,0.3562270245018184,genetic_association,False,False,0.0152,,,0.5852,,,,
Obesity,ENSG00000172238,ATOH1,atonal bHLH transcription factor 1,0.3561663700529123,animal_model;genetic_association,False,False,0.0152,0.4319,,0.5639,,,,
Obesity,ENSG00000008197,TFAP2D,transcription factor AP-2 delta,0.356149934097834,genetic_association,False,False,,,,0.5858,,,,
Obesity,ENSG00000103351,IFT38,intraflagellar transport 38,0.35577620084830164,genetic_association,False,False,0.0789,,,0.5813,,,,
Obesity,ENSG00000100784,RPS6KA5,ribosomal protein S6 kinase A5,0.35518083820193014,genetic_association,False,False,0.0422,,,0.5821,,,,
Obesity,ENSG00000157680,DGKI,diacylglycerol kinase iota,0.35508363981049124,genetic_association,False,False,0.0901,,,0.5796,,,,
Obesity,ENSG00000109452,INPP4B,inositol polyphosphate-4-phosphatase type II B,0.35450001498846484,animal_model;genetic_association;literature,False,False,0.1193,0.3486,,0.563,,,,
Obesity,ENSG00000151136,ABTB3,ankyrin repeat and BTB domain containing 3,0.35379424868201326,genetic_association,False,False,,,,0.582,,,,
Obesity,ENSG00000073282,TP63,tumor protein p63,0.3537477577978526,animal_model;genetic_association;literature,False,False,0.184,0.4434,,0.5556,,,,
Obesity,ENSG00000111249,CUX2,cut like homeobox 2,0.3534042357324307,genetic_association,False,False,0.0122,,,0.5807,,,,
Obesity,ENSG00000091656,ZFHX4,zinc finger homeobox 4,0.3531594108127812,animal_model;genetic_association,False,False,,0.3971,,0.5611,,,,
Obesity,ENSG00000131724,IL13RA1,interleukin 13 receptor subunit alpha 1,0.3530333129362309,genetic_association,False,False,0.0173,,,0.5798,,,,
Obesity,ENSG00000171045,TSNARE1,t-SNARE domain containing 1,0.3528599299272429,genetic_association,False,False,,,,0.5804,,,,
Obesity,ENSG00000081248,CACNA1S,calcium voltage-gated channel subunit alpha1 S,0.3525917939649898,animal_model;clinical,False,False,0.0933,0.4671,0.5546,,,,,
Obesity,ENSG00000102001,CACNA1F,calcium voltage-gated channel subunit alpha1 F,0.35247109631369083,animal_model;clinical;literature,False,False,0.1169,0.4527,0.5546,,,,,
Obesity,ENSG00000100767,PAPLN,"papilin, proteoglycan like sulfated glycoprotein",0.35180186640701805,genetic_association,False,False,0.0456,,,0.5764,,,,
Obesity,ENSG00000159640,ACE,angiotensin I converting enzyme,0.35117747806469096,animal_model;clinical;literature,False,False,0.7289,0.4175,0.5319,,,,,
Obesity,ENSG00000140521,POLG,"DNA polymerase gamma, catalytic subunit",0.35106633221358996,animal_model;genetic_association;literature,False,False,0.203,0.2734,,0.5593,,,,
Obesity,ENSG00000118520,ARG1,arginase 1,0.351063990376389,animal_model;genetic_association;literature,False,False,0.2028,0.2951,,0.5582,,,,
Obesity,ENSG00000159217,IGF2BP1,insulin like growth factor 2 mRNA binding protein 1,0.35068886628778867,genetic_association,False,False,0.0557,,,0.5741,,,,
Obesity,ENSG00000182197,EXT1,exostosin glycosyltransferase 1,0.3503022576828397,genetic_association;literature,False,False,0.1154,,,0.5705,,,,
Obesity,ENSG00000178445,GLDC,glycine decarboxylase,0.3500733272933724,genetic_association;literature,False,False,0.331,,,0.5593,,,,
Obesity,ENSG00000165379,LRFN5,leucine rich repeat and fibronectin type III domain containing 5,0.349113240815813,genetic_association,False,False,0.038,,,0.5724,,,,
Obesity,ENSG00000182263,FIGN,"fidgetin, microtubule severing factor",0.34881998885508125,animal_model;genetic_association,False,False,0.0152,0.5002,,0.5484,,,,
Obesity,ENSG00000145416,MARCHF1,membrane associated ring-CH-type finger 1,0.3479602097674554,genetic_association;literature,False,False,0.6274,,,0.541,,,,
Obesity,ENSG00000125347,IRF1,interferon regulatory factor 1,0.3478996888225652,genetic_association;literature,False,False,0.23,,,0.5608,,,,
Obesity,ENSG00000141458,NPC1,NPC intracellular cholesterol transporter 1,0.34701135886036866,animal_model;genetic_association;literature,False,False,0.4628,0.5123,,0.5349,,,,
Obesity,ENSG00000150907,FOXO1,forkhead box O1,0.34656522412258634,animal_model;genetic_association;literature,False,False,0.5969,0.4237,,0.5308,,,,
Obesity,ENSG00000138650,PCDH10,protocadherin 10,0.3463020867174247,genetic_association,False,False,,,,0.5696,,,,
Obesity,ENSG00000214413,BBIP1,BBSome interacting protein 1,0.3458907897965485,animal_model;genetic_association,False,False,0.0401,0.4187,,0.5471,,,,
Obesity,ENSG00000101115,SALL4,spalt like transcription factor 4,0.34587167318554024,animal_model;genetic_association,False,False,,0.3985,,0.549,,,,
Obesity,ENSG00000082175,PGR,progesterone receptor,0.345688507082647,animal_model;clinical;literature,False,False,0.2263,0.4306,0.5421,,,,,
Obesity,ENSG00000156113,KCNMA1,potassium calcium-activated channel subfamily M alpha 1,0.34520136425860065,animal_model;genetic_association;literature,False,False,0.6225,0.4652,,0.5264,,,,
Obesity,ENSG00000146263,MMS22L,"MMS22 like, DNA repair protein",0.3449221306016768,genetic_association,False,False,,,,0.5674,,,,
Obesity,ENSG00000152954,NRSN1,neurensin 1,0.3447145097800876,genetic_association,False,False,0.076,,,0.5632,,,,
Obesity,ENSG00000147894,C9orf72,C9orf72-SMCR8 complex subunit,0.34441205880057696,genetic_association,False,False,0.0228,,,0.5654,,,,
Obesity,ENSG00000164944,VIRMA,vir like m6A methyltransferase associated,0.3442148089616037,genetic_association;literature,False,False,0.1121,,,0.5606,,,,
Obesity,ENSG00000064651,SLC12A2,solute carrier family 12 member 2,0.34311461947102095,animal_model;genetic_association,False,False,0.0477,0.5185,,0.5374,,,,
Obesity,ENSG00000001617,SEMA3F,semaphorin 3F,0.3430931421214913,animal_model;genetic_association,False,False,0.0813,0.3533,,0.5449,,,,
Obesity,ENSG00000112530,PACRG,parkin coregulated,0.3424021190099857,genetic_association,False,False,0.0456,,,0.5609,,,,
Obesity,ENSG00000146376,ARHGAP18,Rho GTPase activating protein 18,0.34239643595425767,genetic_association,False,False,0.0152,,,0.5625,,,,
Obesity,ENSG00000187391,MAGI2,"membrane associated guanylate kinase, WW and PDZ domain containing 2",0.341809035140049,animal_model;genetic_association,False,False,0.0249,0.875,,0.5179,,,,
Obesity,ENSG00000126351,THRA,thyroid hormone receptor alpha,0.3416901049706466,animal_model;clinical,False,False,0.0923,0.5613,0.5319,,,,,
Obesity,ENSG00000230358,SPDYE21,speedy/RINGO cell cycle regulator family member E21,0.3414356548119233,genetic_association,False,False,,,,0.5616,,,,
Obesity,ENSG00000152413,HOMER1,homer scaffold protein 1,0.3410526888749407,genetic_association,False,False,0.0737,,,0.5573,,,,
Obesity,ENSG00000182771,GRID1,glutamate ionotropic receptor delta type subunit 1,0.34104245873763706,animal_model;genetic_association,False,False,0.0661,0.446,,0.5372,,,,
Obesity,ENSG00000140386,SCAPER,S-phase cyclin A associated protein in the ER,0.3407064285374594,genetic_association,False,False,0.0228,,,0.5593,,,,
Obesity,ENSG00000172530,BANP,BTG3 associated nuclear protein,0.34058638370841826,genetic_association,False,False,0.0152,,,0.5595,,,,
Obesity,ENSG00000182674,KCNB2,potassium voltage-gated channel subfamily B member 2,0.34045300624354224,genetic_association,False,False,0.038,,,0.5581,,,,
Obesity,ENSG00000139915,MDGA2,MAM domain containing glycosylphosphatidylinositol anchor 2,0.3402671791415675,animal_model;genetic_association,False,False,,0.2748,,0.546,,,,
Obesity,ENSG00000165731,RET,ret proto-oncogene,0.3400803652906761,genetic_association;literature,False,False,0.1029,,,0.5543,,,,
Obesity,ENSG00000169946,ZFPM2,"zinc finger protein, FOG family member 2",0.3399320010700031,animal_model;genetic_association,False,False,0.0844,0.4435,,0.5351,,,,
Obesity,ENSG00000132434,LANCL2,LanC like glutathione S-transferase 2,0.3394289144662276,genetic_association,False,False,0.0152,,,0.5576,,,,
Obesity,ENSG00000130787,HIP1R,huntingtin interacting protein 1 related,0.3394177123857754,animal_model;genetic_association,False,False,0.0684,0.2624,,0.5437,,,,
Obesity,ENSG00000166118,SPATA19,spermatogenesis associated 19,0.33924365836804465,genetic_association,False,False,,,,0.558,,,,
Obesity,ENSG00000135100,HNF1A,HNF1 homeobox A,0.3388637486357847,animal_model;genetic_association;literature,False,False,0.3044,0.4739,,0.5269,,,,
Obesity,ENSG00000138675,FGF5,fibroblast growth factor 5,0.33868633185154084,genetic_association,False,False,0.0799,,,0.5531,,,,
Obesity,ENSG00000167397,VKORC1,vitamin K epoxide reductase complex subunit 1,0.33827821832165106,animal_model;genetic_association;literature,False,False,0.1843,0.2595,,0.5394,,,,
Obesity,ENSG00000198648,STK39,serine/threonine kinase 39,0.3356169208873076,animal_model;genetic_association;literature,False,False,0.1879,0.2581,,0.535,,,,
Obesity,ENSG00000043143,JADE2,jade family PHD finger 2,0.33515217986255375,genetic_association,False,False,0.038,,,0.5494,,,,
Obesity,ENSG00000118898,PPL,periplakin,0.33450822912174827,genetic_association,False,False,0.0509,,,0.5477,,,,
Obesity,ENSG00000075884,ARHGAP15,Rho GTPase activating protein 15,0.3344452179708772,genetic_association,False,False,,,,0.5501,,,,
Obesity,ENSG00000186094,AGBL4,AGBL carboxypeptidase 4,0.334205809778414,genetic_association,False,False,0.0441,,,0.5475,,,,
Obesity,ENSG00000118777,ABCG2,ATP binding cassette subfamily G member 2 (JR blood group),0.3336010611588724,animal_model;genetic_association;literature,False,False,0.4049,0.4482,,0.5173,,,,
Obesity,ENSG00000041353,RAB27B,"RAB27B, member RAS oncogene family",0.3327803636471192,genetic_association,False,False,0.0409,,,0.5454,,,,
Obesity,ENSG00000168916,ZNF608,zinc finger protein 608,0.33261244549088853,genetic_association,False,False,0.058,,,0.5442,,,,
Obesity,ENSG00000135211,TMEM60,transmembrane protein 60,0.3322531721888835,genetic_association,False,False,,,,0.5465,,,,
Obesity,ENSG00000150625,GPM6A,glycoprotein M6A,0.33212453000637954,genetic_association,False,False,0.0821,,,0.5422,,,,
Obesity,ENSG00000055118,KCNH2,potassium voltage-gated channel subfamily H member 2,0.33116434784680704,genetic_association,False,False,0.0442,,,0.435,,,,
Obesity,ENSG00000278259,MYO19,myosin XIX,0.330494326644947,genetic_association,False,False,,,,0.5436,,,,
Obesity,ENSG00000182704,TSKU,"tsukushi, small leucine rich proteoglycan",0.33026085357667095,genetic_association;literature,False,False,0.6273,,,0.5119,,,,
Obesity,ENSG00000189056,RELN,reelin,0.3301852838779545,animal_model;genetic_association;literature,False,False,0.1809,0.3202,,0.5231,,,,
Obesity,ENSG00000101489,CELF4,CUGBP Elav-like family member 4,0.32989144256257913,animal_model;genetic_association;literature,False,False,0.1751,0.4652,,0.5155,,,,
Obesity,ENSG00000259571,BLID,"BH3-like motif containing, cell death inducer",0.3298121125772718,genetic_association,False,False,,,,0.5425,,,,
Obesity,ENSG00000114439,BBX,BBX high mobility group box domain containing,0.32972973318189686,animal_model;genetic_association,False,False,0.0401,0.2521,,0.5289,,,,
Obesity,ENSG00000144229,THSD7B,thrombospondin type 1 domain containing 7B,0.3294451573634506,genetic_association,False,False,,,,0.5419,,,,
Obesity,ENSG00000114480,GBE1,"1,4-alpha-glucan branching enzyme 1",0.3292680745713229,genetic_association,False,False,0.0819,,,0.5375,,,,
Obesity,ENSG00000166002,SMCO4,single-pass membrane protein with coiled-coil domains 4,0.3292437849757959,genetic_association,False,False,,,,0.5416,,,,
Obesity,ENSG00000166436,TRIM66,tripartite motif containing 66,0.3287852695407119,genetic_association,False,False,0.0152,,,0.5401,,,,
Obesity,ENSG00000172264,MACROD2,mono-ADP ribosylhydrolase 2,0.32876717354990115,genetic_association;literature,False,False,0.6016,,,0.5107,,,,
Obesity,ENSG00000152214,RIT2,Ras like without CAAX 2,0.32863944025966874,genetic_association,False,False,,,,0.5406,,,,
Obesity,ENSG00000130508,PXDN,peroxidasin,0.3285332445860587,animal_model;genetic_association,False,False,0.0518,0.5942,,0.5096,,,,
Obesity,ENSG00000133943,DGLUCY,D-glutamate cyclase,0.3281559883358683,genetic_association,False,False,0.038,,,0.5379,,,,
Obesity,ENSG00000188316,ENO4,enolase 4,0.32788418486889864,animal_model;genetic_association,False,False,,0.2526,,0.5267,,,,
Obesity,ENSG00000187164,SHTN1,shootin 1,0.32776086682863614,genetic_association,False,False,,,,0.5391,,,,
Obesity,ENSG00000138735,PDE5A,phosphodiesterase 5A,0.32739647042594633,clinical;genetic_association;literature,False,False,0.2402,,0.4695,0.255,,,,
Obesity,ENSG00000053918,KCNQ1,potassium voltage-gated channel subfamily Q member 1,0.3268858083893855,animal_model;genetic_association;literature,False,False,0.1592,0.4985,,0.5092,,,,
Obesity,ENSG00000117000,RLF,RLF zinc finger,0.3268165112583839,genetic_association,False,False,,,,0.5376,,,,
Obesity,ENSG00000144218,AFF3,ALF transcription elongation factor 3,0.3267972365850077,animal_model;genetic_association,False,False,0.095,0.4216,,0.5144,,,,
Obesity,ENSG00000205683,DPF3,double PHD fingers 3,0.3267596887293325,genetic_association,False,False,0.0152,,,0.5367,,,,
Obesity,ENSG00000104447,TRPS1,transcriptional repressor GATA binding 1,0.32675263925094,animal_model;genetic_association,False,False,0.079,0.3622,,0.5176,,,,
Obesity,ENSG00000058335,RASGRF1,Ras protein specific guanine nucleotide releasing factor 1,0.32641814027668536,genetic_association,False,False,0.038,,,0.535,,,,
Obesity,ENSG00000091136,LAMB1,laminin subunit beta 1,0.3260364318564341,genetic_association,False,False,0.0443,,,0.5341,,,,
Obesity,ENSG00000173068,BNC2,basonuclin zinc finger protein 2,0.32594853971814536,genetic_association,False,False,0.0336,,,0.5345,,,,
Obesity,ENSG00000117114,ADGRL2,adhesion G protein-coupled receptor L2,0.3255762527447868,genetic_association,False,False,,,,0.5355,,,,
Obesity,ENSG00000143442,POGZ,pogo transposable element derived with ZNF domain,0.3247693920646135,genetic_association,False,False,0.0456,,,0.5319,,,,
Obesity,ENSG00000072657,TRHDE,thyrotropin releasing hormone degrading enzyme,0.3245603184064648,genetic_association,False,False,0.0228,,,0.5327,,,,
Obesity,ENSG00000144891,AGTR1,angiotensin II receptor type 1,0.32428125112064365,clinical;literature,False,False,0.3548,,0.5157,,,,,
Obesity,ENSG00000140464,PML,PML nuclear body scaffold,0.3238524724846409,genetic_association;literature,False,False,0.202,,,0.5226,,,,
Obesity,ENSG00000184903,IMMP2L,inner mitochondrial membrane peptidase subunit 2,0.3236779113524917,genetic_association,False,False,0.0933,,,0.5278,,,,
Obesity,ENSG00000140675,SLC5A2,solute carrier family 5 member 2,0.3231208753377037,animal_model;clinical;literature,False,False,0.5046,0.5322,0.4937,,,,,
Obesity,ENSG00000132842,AP3B1,adaptor related protein complex 3 subunit beta 1,0.32311857119380394,genetic_association,False,False,,,,0.5315,,,,
Obesity,ENSG00000091831,ESR1,estrogen receptor 1,0.322503486429672,animal_model;clinical;literature,False,False,0.9567,0.594,0.4695,,,,,
Obesity,ENSG00000171791,BCL2,BCL2 apoptosis regulator,0.3222165216128745,genetic_association;literature,False,False,0.4041,,,0.5098,,,,
Obesity,ENSG00000135069,PSAT1,phosphoserine aminotransferase 1,0.3218903561899944,genetic_association,False,False,0.043,,,0.5273,,,,
Obesity,ENSG00000186645,SPDYE17,speedy/RINGO cell cycle regulator family member E17,0.32188460875072156,genetic_association,False,False,,,,0.5295,,,,
Obesity,ENSG00000159363,ATP13A2,ATPase cation transporting 13A2,0.3217180182660385,genetic_association,False,False,,,,0.5292,,,,
Obesity,ENSG00000136997,MYC,"MYC proto-oncogene, bHLH transcription factor",0.3203068101679706,genetic_association;literature,False,False,0.3951,,,0.5071,,,,
Obesity,ENSG00000128271,ADORA2A,adenosine A2a receptor,0.3199246779837324,clinical;literature,False,False,0.8147,,0.4855,,,,,
Obesity,ENSG00000179776,CDH5,cadherin 5,0.31967122312665874,genetic_association;literature,False,False,0.2451,,,0.5136,,,,
Obesity,ENSG00000151320,AKAP6,A-kinase anchoring protein 6,0.3196428796022402,genetic_association,False,False,0.0304,,,0.5243,,,,
Obesity,ENSG00000115504,EHBP1,EH domain binding protein 1,0.31925154496033886,genetic_association,False,False,0.0152,,,0.5244,,,,
Obesity,ENSG00000095951,HIVEP1,HIVEP zinc finger 1,0.3186907224063792,genetic_association,False,False,0.0152,,,0.5235,,,,
Obesity,ENSG00000157103,SLC6A1,solute carrier family 6 member 1,0.31859846742786846,genetic_association,False,False,0.0514,,,0.5215,,,,
Obesity,ENSG00000184226,PCDH9,protocadherin 9,0.3172952356634427,genetic_association,False,False,0.0797,,,0.5179,,,,
Obesity,ENSG00000121621,KIF18A,kinesin family member 18A,0.31618333546111566,genetic_association,False,False,,,,0.5201,,,,
Obesity,ENSG00000213639,PPP1CB,protein phosphatase 1 catalytic subunit beta,0.31559198266569954,genetic_association;literature,False,False,0.3334,,,0.5025,,,,
Obesity,ENSG00000143032,BARHL2,BarH like homeobox 2,0.3153706222071599,animal_model;genetic_association,False,False,,0.3049,,0.5035,,,,
Obesity,ENSG00000168917,SLC35G2,solute carrier family 35 member G2,0.315301142060823,genetic_association,False,False,,,,0.5186,,,,
Obesity,ENSG00000153015,CWC27,CWC27 spliceosome associated cyclophilin,0.31512446106532893,genetic_association,False,False,,,,0.5184,,,,
Obesity,ENSG00000084636,COL16A1,collagen type XVI alpha 1 chain,0.31425211889323085,genetic_association,False,False,0.0441,,,0.5147,,,,
Obesity,ENSG00000130222,GADD45G,growth arrest and DNA damage inducible gamma,0.3133808464247019,genetic_association,False,False,0.0762,,,0.5117,,,,
Obesity,ENSG00000052126,PLEKHA5,pleckstrin homology domain containing A5,0.3124494752008872,animal_model;genetic_association,False,False,0.076,0.3385,,0.4953,,,,
Obesity,ENSG00000133789,SWAP70,switching B cell complex subunit SWAP70,0.3115964364391404,genetic_association,False,False,,,,0.5126,,,,
Obesity,ENSG00000120088,CRHR1,corticotropin releasing hormone receptor 1,0.3110706440528007,genetic_association;literature,False,False,0.1882,,,0.5023,,,,
Obesity,ENSG00000148655,LRMDA,leucine rich melanocyte differentiation associated,0.31082517809557975,genetic_association,False,False,0.0456,,,0.509,,,,
Obesity,ENSG00000152217,SETBP1,SET binding protein 1,0.3108119733306757,genetic_association,False,False,0.0443,,,0.509,,,,
Obesity,ENSG00000164924,YWHAZ,tyrosine 3-monooxygenase/tryptophan 5-monooxygenase activation protein zeta,0.3106254601487814,genetic_association;literature,False,False,0.1387,,,0.504,,,,
Obesity,ENSG00000110172,CHORDC1,cysteine and histidine rich domain containing 1,0.3106139134342124,genetic_association,False,False,,,,0.5109,,,,
Obesity,ENSG00000145050,MANF,mesencephalic astrocyte derived neurotrophic factor,0.3100697674115538,animal_model;genetic_association;literature,False,False,0.6166,0.3762,,0.4709,,,,
Obesity,ENSG00000064989,CALCRL,calcitonin receptor like receptor,0.3092126797332232,clinical;genetic_association,False,False,0.054,,0.152,0.4694,,,,
Obesity,ENSG00000149084,HSD17B12,hydroxysteroid 17-beta dehydrogenase 12,0.3088645335973332,genetic_association,False,False,0.0893,,,0.5036,,,,
Obesity,ENSG00000005421,PON1,paraoxonase 1,0.30855490629124516,genetic_association;literature,False,False,0.8804,,,0.4635,,,,
Obesity,ENSG00000164749,HNF4G,hepatocyte nuclear factor 4 gamma,0.3078375418842577,animal_model;genetic_association;literature,False,False,0.3126,0.3697,,0.4809,,,,
Obesity,ENSG00000101542,CDH20,cadherin 20,0.3075682242909911,genetic_association,False,False,0.038,,,0.504,,,,
Obesity,ENSG00000168092,PAFAH1B2,platelet activating factor acetylhydrolase 1b catalytic subunit 2,0.30750510414898613,genetic_association,False,False,,,,0.5058,,,,
Obesity,ENSG00000085382,HACE1,HECT domain and ankyrin repeat containing E3 ubiquitin protein ligase 1,0.3074065935316724,genetic_association,False,False,0.0401,,,0.5037,,,,
Obesity,ENSG00000122481,RWDD3,RWD domain containing 3,0.3073400336425124,genetic_association,False,False,,,,0.5056,,,,
Obesity,ENSG00000164180,TMEM161B,transmembrane protein 161B,0.3071626798317161,animal_model;genetic_association,False,False,,0.276,,0.4915,,,,
Obesity,ENSG00000105650,PDE4C,phosphodiesterase 4C,0.3066575485560102,clinical,True,False,,,0.4878,0.0666,,,,
Obesity,ENSG00000061337,LZTS1,leucine zipper tumor suppressor 1,0.3066053772994258,genetic_association,False,False,,,,0.5043,,,,
Obesity,ENSG00000256269,HMBS,hydroxymethylbilane synthase,0.306578459209048,animal_model;genetic_association,False,False,,0.2684,,0.4909,,,,
Obesity,ENSG00000185052,SLC24A3,solute carrier family 24 member 3,0.3064688166060365,genetic_association;literature,False,False,0.1469,,,0.4968,,,,
Obesity,ENSG00000139117,CPNE8,copine 8,0.3064318688738427,genetic_association,False,False,0.0152,,,0.5033,,,,
Obesity,ENSG00000122515,ZMIZ2,zinc finger MIZ-type containing 2,0.3061546265320423,genetic_association,False,False,,,,0.5036,,,,
Obesity,ENSG00000181982,CCDC149,coiled-coil domain containing 149,0.3060675251473177,genetic_association,False,False,,,,0.5035,,,,
Obesity,ENSG00000172728,POFUT3,protein O-fucosyltransferase 3,0.3060469826237482,genetic_association,False,False,0.0152,,,0.5027,,,,
Obesity,ENSG00000141564,RPTOR,regulatory associated protein of MTOR complex 1,0.3057731422666675,genetic_association;literature,False,False,0.426,,,0.4817,,,,
Obesity,ENSG00000111142,METAP2,methionyl aminopeptidase 2,0.30574130615931633,clinical;literature,False,False,0.3911,,0.4834,,,,,
Obesity,ENSG00000020256,ZFP64,ZFP64 zinc finger protein,0.30557220445897976,genetic_association,False,False,,,,0.5026,,,,
Obesity,ENSG00000125834,STK35,serine/threonine kinase 35,0.3055006355519611,animal_model;genetic_association,False,False,,0.4432,,0.4804,,,,
Obesity,ENSG00000102572,STK24,serine/threonine kinase 24,0.30540285190668814,genetic_association;literature,False,False,0.1583,,,0.4944,,,,
Obesity,ENSG00000065989,PDE4A,phosphodiesterase 4A,0.30534965611923226,clinical;literature,False,False,0.29,,0.4878,,,,,
Obesity,ENSG00000175806,MSRA,methionine sulfoxide reductase A,0.3050623951699411,genetic_association;literature,False,False,0.3546,,,0.4841,,,,
Obesity,ENSG00000184209,SNRNP35,small nuclear ribonucleoprotein U11/U12 subunit 35,0.30495124402199314,genetic_association,False,False,,,,0.5016,,,,
Obesity,ENSG00000141452,RMC1,regulator of MON1-CCZ1,0.30491795901298396,genetic_association,False,False,0.0152,,,0.5008,,,,
Obesity,ENSG00000180219,GARIN6,golgi associated RAB2 interactor family member 6,0.3047840904288495,genetic_association,False,False,,,,0.5013,,,,
Obesity,ENSG00000162676,GFI1,growth factor independent 1 transcriptional repressor,0.30467301078300274,animal_model;genetic_association;literature,False,False,0.8448,0.4759,,0.4483,,,,
Obesity,ENSG00000113389,NPR3,natriuretic peptide receptor 3,0.3038186055378464,animal_model;genetic_association;literature,False,False,0.3514,0.4233,,0.4708,,,,
Obesity,ENSG00000147454,SLC25A37,solute carrier family 25 member 37,0.3030878638762558,genetic_association;literature,False,False,0.1216,,,0.4925,,,,
Obesity,ENSG00000156395,SORCS3,sortilin related VPS10 domain containing receptor 3,0.3029403702932781,genetic_association,False,False,0.0409,,,0.4963,,,,
Obesity,ENSG00000110675,ELMOD1,ELMO domain containing 1,0.3029045459743576,animal_model;genetic_association,False,False,,0.4534,,0.4756,,,,
Obesity,ENSG00000163964,PIGX,phosphatidylinositol glycan anchor biosynthesis class X,0.3029043401896384,genetic_association,False,False,,,,0.3986,,,,
Obesity,ENSG00000130413,STK33,serine/threonine kinase 33,0.30288741606425607,genetic_association,False,False,0.0933,,,0.4936,,,,
Obesity,ENSG00000174891,RSRC1,arginine and serine rich coiled-coil 1,0.30276826669999907,genetic_association,False,False,0.0514,,,0.4955,,,,
Obesity,ENSG00000170425,ADORA2B,adenosine A2b receptor,0.30231154472150157,clinical;literature,False,False,0.1213,,0.4855,0.0363,,,,
Obesity,ENSG00000113448,PDE4D,phosphodiesterase 4D,0.302245716854337,clinical;literature,False,False,0.1878,,0.4878,,,,,
Obesity,ENSG00000171634,BPTF,bromodomain PHD finger transcription factor,0.3017912696673459,genetic_association,False,False,0.0228,,,0.4953,,,,
Obesity,ENSG00000176887,SOX11,SRY-box transcription factor 11,0.3016104440971472,animal_model;genetic_association;literature,False,False,0.1456,0.4348,,0.4711,,,,
Obesity,ENSG00000141503,MINK1,misshapen like kinase 1,0.30117742342950304,genetic_association,False,False,,,,0.4954,,,,
Obesity,ENSG00000054803,CBLN4,cerebellin 4 precursor,0.3006127183214063,genetic_association,False,False,,,,0.4945,,,,
Obesity,ENSG00000130749,ZC3H4,zinc finger CCCH-type containing 4,0.3003697898773614,animal_model;genetic_association,False,False,0.0304,0.7799,,0.4544,,,,
Obesity,ENSG00000125816,NKX2-4,NK2 homeobox 4,0.3002432648232069,genetic_association,False,False,0.0152,,,0.4931,,,,
Obesity,ENSG00000260230,FRRS1L,ferric chelate reductase 1 like,0.3002417774470064,genetic_association,False,False,,,,0.4939,,,,
Obesity,ENSG00000171819,ANGPTL7,angiopoietin like 7,0.29946923041031015,genetic_association;literature,False,False,0.3889,,,0.4732,,,,
Obesity,ENSG00000187094,CCK,cholecystokinin,0.2993978852611809,genetic_association;literature,False,False,0.4585,,,0.4696,,,,
Obesity,ENSG00000092607,TBX15,T-box transcription factor 15,0.2993966301520508,animal_model;genetic_association;literature,False,False,0.8581,0.5403,,0.4376,,,,
Obesity,ENSG00000146374,RSPO3,R-spondin 3,0.2992868458323623,genetic_association;literature,False,False,0.7963,,,0.4525,,,,
Obesity,ENSG00000154127,UBASH3B,ubiquitin associated and SH3 domain containing B,0.2992732734914559,genetic_association;literature,False,False,0.114,,,0.4866,,,,
Obesity,ENSG00000070961,ATP2B1,ATPase plasma membrane Ca2+ transporting 1,0.2992099939169086,genetic_association,False,False,0.038,,,0.4903,,,,
Obesity,ENSG00000151468,CCDC3,coiled-coil domain containing 3,0.29890890603019304,genetic_association,False,False,0.0803,,,0.4877,,,,
Obesity,ENSG00000189403,HMGB1,high mobility group box 1,0.29886287271217654,genetic_association;literature,False,False,0.3819,,,0.4725,,,,
Obesity,ENSG00000165496,RPL10L,ribosomal protein L10 like,0.2984256864373941,genetic_association,False,False,,,,0.4909,,,,
Obesity,ENSG00000163485,ADORA1,adenosine A1 receptor,0.2979623705873762,clinical,True,False,0.0922,,0.4855,,,,,
Obesity,ENSG00000282608,ADORA3,adenosine A3 receptor,0.2976563065005416,clinical,True,False,0.0821,,0.4855,,,,,
Obesity,ENSG00000133275,CSNK1G2,casein kinase 1 gamma 2,0.29736887720684596,animal_model;genetic_association,False,False,,0.5146,,0.4634,,,,
Obesity,ENSG00000130844,ZNF331,zinc finger protein 331,0.2971861906238683,genetic_association,False,False,0.0249,,,0.4876,,,,
Obesity,ENSG00000215817,ZC3H11B,zinc finger CCCH-type containing 11B,0.2970047036719152,genetic_association,False,False,,,,0.4886,,,,
Obesity,ENSG00000118263,KLF7,KLF transcription factor 7,0.2968934819587133,animal_model;genetic_association;literature,False,False,0.2304,0.3373,,0.4664,,,,
Obesity,ENSG00000114455,HHLA2,HHLA2 member of B7 family,0.29673395311666834,genetic_association,False,False,,,,0.4881,,,,
Obesity,ENSG00000184828,ZBTB7C,zinc finger and BTB domain containing 7C,0.29635581278144035,genetic_association;literature,False,False,0.1193,,,0.4815,,,,
Obesity,ENSG00000183715,OPCML,opioid binding protein/cell adhesion molecule like,0.2961856708270693,genetic_association,False,False,0.0152,,,0.4864,,,,
Obesity,ENSG00000168785,TSPAN5,tetraspanin 5,0.2961542464802465,genetic_association,False,False,,,,0.4872,,,,
Obesity,ENSG00000205678,TECRL,"trans-2,3-enoyl-CoA reductase like",0.29601002826335976,genetic_association;literature,False,False,0.1216,,,0.4808,,,,
Obesity,ENSG00000178573,MAF,MAF bZIP transcription factor,0.29590345610068886,animal_model;genetic_association;literature,False,False,0.1306,0.4192,,0.4629,,,,
Obesity,ENSG00000115290,GRB14,growth factor receptor bound protein 14,0.29586032646811794,genetic_association;literature,False,False,0.2649,,,0.4734,,,,
Obesity,ENSG00000115896,PLCL1,phospholipase C like 1 (inactive),0.2957143432982987,genetic_association;literature,False,False,0.1963,,,0.4766,,,,
Obesity,ENSG00000173531,MST1,macrophage stimulating 1,0.2952693647931917,genetic_association;literature,False,False,0.1663,,,0.4774,,,,
Obesity,ENSG00000127124,HIVEP3,HIVEP zinc finger 3,0.2946799871840242,animal_model;genetic_association;literature,False,False,0.4552,0.2504,,0.4564,,,,
Obesity,ENSG00000130876,SLC7A10,solute carrier family 7 member 10,0.2945472981944871,genetic_association;literature,False,False,0.1306,,,0.478,,,,
Obesity,ENSG00000184730,APOBR,apolipoprotein B receptor,0.2945253176018395,genetic_association;literature,False,False,0.1435,,,0.4773,,,,
Obesity,ENSG00000196275,GTF2IRD2,GTF2I repeat domain containing 2,0.2945144429330109,genetic_association,False,False,,,,0.4845,,,,
Obesity,ENSG00000172554,SNTG2,syntrophin gamma 2,0.29428951793324787,genetic_association,False,False,0.0152,,,0.4833,,,,
Obesity,ENSG00000149295,DRD2,dopamine receptor D2,0.29423299929196073,animal_model;clinical;genetic_association;literature,False,False,0.6561,0.5226,0.1454,0.4265,,,,
Obesity,ENSG00000103111,MON1B,MON1 vesicular trafficking associated B,0.29418442024770824,genetic_association,False,False,,,,0.4839,,,,
Obesity,ENSG00000101746,NOL4,nucleolar protein 4,0.2937516228512278,genetic_association,False,False,,,,0.4832,,,,
Obesity,ENSG00000215912,TTC34,tetratricopeptide repeat domain 34,0.2936281080651502,genetic_association,False,False,,,,0.483,,,,
Obesity,ENSG00000101191,DIDO1,death inducer-obliterator 1,0.2935532950237195,genetic_association,False,False,0.0779,,,0.479,,,,
Obesity,ENSG00000118922,KLF12,KLF transcription factor 12,0.29339259018952285,genetic_association,False,False,0.0433,,,0.4804,,,,
Obesity,ENSG00000155363,MOV10,Mov10 RNA helicase,0.2933721259408882,animal_model;genetic_association;literature,False,False,0.1292,0.292,,0.4651,,,,
Obesity,ENSG00000171105,INSR,insulin receptor,0.2929547064892902,animal_model;clinical;literature,False,False,0.8629,0.5253,0.4271,,,,,
Obesity,ENSG00000162373,BEND5,BEN domain containing 5,0.2924619091768707,genetic_association,False,False,0.0152,,,0.4803,,,,
Obesity,ENSG00000134640,MTNR1B,melatonin receptor 1B,0.2917326934119403,clinical;literature,False,False,0.6306,,0.4483,,,,,
Obesity,ENSG00000135324,MRAP2,melanocortin 2 receptor accessory protein 2,0.29138946280624284,animal_model;genetic_association;genetic_literature;literature,False,False,0.6814,0.8924,,0.375,,0.304,,
Obesity,ENSG00000073792,IGF2BP2,insulin like growth factor 2 mRNA binding protein 2,0.29122992764071426,animal_model;genetic_association;literature,False,False,0.319,0.3769,,0.4531,,,,
Obesity,ENSG00000121361,KCNJ8,potassium inwardly rectifying channel subfamily J member 8,0.2911724619026348,clinical,True,False,0.038,,0.4771,,,,,
Obesity,ENSG00000112115,IL17A,interleukin 17A,0.29114201899821984,clinical;genetic_association;literature,False,False,0.7638,,0.4256,0.1365,,,,
Obesity,ENSG00000121904,CSMD2,CUB and Sushi multiple domains 2,0.2911338786277477,genetic_association,False,False,0.0152,,,0.4781,,,,
Obesity,ENSG00000155530,LRGUK,leucine rich repeats and guanylate kinase domain containing,0.2898760376233228,animal_model;genetic_association,False,False,,0.2646,,0.4636,,,,
Obesity,ENSG00000198373,WWP2,WW domain containing E3 ubiquitin protein ligase 2,0.2891246684697375,genetic_association,False,False,0.0304,,,0.4741,,,,
Obesity,ENSG00000067208,EVI5,ecotropic viral integration site 5,0.28890828801246476,genetic_association,False,False,,,,0.4752,,,,
Obesity,ENSG00000122965,RBM19,RNA binding motif protein 19,0.28866113772316543,genetic_association,False,False,0.0152,,,0.4741,,,,
Obesity,ENSG00000178342,KCNG2,potassium voltage-gated channel modifier subfamily G member 2,0.2883273918275414,genetic_association,False,False,,,,0.4743,,,,
Obesity,ENSG00000102908,NFAT5,nuclear factor of activated T cells 5,0.2877574527009841,genetic_association;literature,False,False,0.7954,,,0.4336,,,,
Obesity,ENSG00000131558,EXOC4,exocyst complex component 4,0.287394736507045,genetic_association,False,False,0.0726,,,0.4691,,,,
Obesity,ENSG00000149654,CDH22,cadherin 22,0.28722454251551083,genetic_association,False,False,,,,0.4715,0.0187,,,
Obesity,ENSG00000112137,PHACTR1,phosphatase and actin regulator 1,0.28688043194658536,genetic_association,False,False,0.0983,,,0.467,,,,
Obesity,ENSG00000129911,KLF16,KLF transcription factor 16,0.2865034615158506,genetic_association,False,False,,,,0.4713,,,,
Obesity,ENSG00000171435,KSR2,kinase suppressor of ras 2,0.2862428075381613,animal_model;genetic_association;genetic_literature;literature,False,False,0.7745,0.9187,,0.2432,,0.38,,
Obesity,ENSG00000157045,NTAN1,N-terminal asparagine amidase,0.2860396331247695,genetic_association,False,False,,,,0.4705,,,,
Obesity,ENSG00000158186,MRAS,muscle RAS oncogene homolog,0.2859996557636957,genetic_association,False,False,0.0876,,,0.4661,,,,
Obesity,ENSG00000069020,MAST4,microtubule associated serine/threonine kinase family member 4,0.28594659139960366,animal_model;genetic_association,False,False,0.0304,0.2624,,0.4566,,,,
Obesity,ENSG00000100354,TNRC6B,trinucleotide repeat containing adaptor 6B,0.2856699855849127,genetic_association,False,False,0.0152,,,0.4691,,,,
Obesity,ENSG00000137941,TTLL7,tubulin tyrosine ligase like 7,0.28527278411032,animal_model;genetic_association,False,False,0.0152,0.3727,,0.4503,,,,
Obesity,ENSG00000124089,MC3R,melanocortin 3 receptor,0.28522186244317105,animal_model;genetic_association;literature,False,False,0.4388,0.9137,,0.4137,,,,
Obesity,ENSG00000173334,TRIB1,tribbles pseudokinase 1,0.28506475875416676,genetic_association;literature,False,False,0.2311,,,0.4574,,,,
Obesity,ENSG00000158747,NBL1,"NBL1, DAN family BMP antagonist",0.2850452072250065,genetic_association,False,False,,,,0.4689,,,,
Obesity,ENSG00000163823,CCR1,C-C motif chemokine receptor 1,0.2848408744739175,genetic_association;literature,False,False,0.1305,,,0.462,,,,
Obesity,ENSG00000185274,GALNT17,polypeptide N-acetylgalactosaminyltransferase 17,0.28482767588567764,genetic_association,False,False,,,,0.4685,,,,
Obesity,ENSG00000154478,GPR26,G protein-coupled receptor 26,0.2845624798583583,animal_model;genetic_association;literature,False,False,0.631,0.5394,,0.4245,,,,
Obesity,ENSG00000149294,NCAM1,neural cell adhesion molecule 1,0.2844447860867368,animal_model;genetic_association;literature,False,False,0.2465,0.4341,,0.4407,,,,
Obesity,ENSG00000078618,NRDC,nardilysin convertase,0.2844262126897827,genetic_association,False,False,0.0401,,,0.4659,,,,
Obesity,ENSG00000016082,ISL1,ISL LIM homeobox 1,0.2834267516658782,animal_model;genetic_association;literature,False,False,0.1102,0.424,,0.4426,,,,
Obesity,ENSG00000137767,SQOR,sulfide quinone oxidoreductase,0.2834059698851123,genetic_association,False,False,0.0304,,,0.4647,,,,
Obesity,ENSG00000073331,ALPK1,alpha kinase 1,0.2833150061435115,genetic_association,False,False,0.0333,,,0.4644,,,,
Obesity,ENSG00000186867,QRFPR,pyroglutamylated RFamide peptide receptor,0.28310828485995765,genetic_association;literature,False,False,0.3926,,,0.4461,,,,
Obesity,ENSG00000134077,THUMPD3,THUMP domain 3 tRNA guanosine methyltransferase,0.2828463268198921,genetic_association,False,False,,,,0.4653,,,,
Obesity,ENSG00000048540,LMO3,LIM domain only 3,0.2826574406450329,genetic_association;literature,False,False,0.4203,,,0.4439,,,,
Obesity,ENSG00000176681,LRRC37A,leucine rich repeat containing 37A,0.28253269354598815,genetic_association,False,False,,,,0.4647,,,,
Obesity,ENSG00000168412,MTNR1A,melatonin receptor 1A,0.281945287279219,clinical;literature,False,False,0.3086,,0.4483,,,,,
Obesity,ENSG00000087470,DNM1L,dynamin 1L,0.28189895578958785,animal_model;genetic_association;literature,False,False,0.5206,0.3604,,0.3536,,,,
Obesity,ENSG00000154237,LRRK1,leucine rich repeat kinase 1,0.2818772472811443,animal_model;genetic_association,False,False,,0.4562,,0.4409,,,,
Obesity,ENSG00000163687,DNASE1L3,deoxyribonuclease 1L3,0.2812874841980161,animal_model;genetic_association,False,False,0.0477,0.3831,,0.4425,,,,
Obesity,ENSG00000136205,TNS3,tensin 3,0.28122838665705296,genetic_association,False,False,,,,0.4626,,,,
Obesity,ENSG00000206527,HACD2,3-hydroxyacyl-CoA dehydratase 2,0.28105158568058825,genetic_association;literature,False,False,0.1358,,,0.4555,,,,
Obesity,ENSG00000172348,RCAN2,regulator of calcineurin 2,0.28103986200970854,genetic_association;literature,False,False,0.7874,,,0.4229,,,,
Obesity,ENSG00000188352,FOCAD,focadhesin,0.28100149129472035,genetic_association,False,False,,,,0.4622,,,,
Obesity,ENSG00000114251,WNT5A,Wnt family member 5A,0.2809668541002942,animal_model;genetic_association;literature,False,False,0.8454,0.3773,,0.4115,,,,
Obesity,ENSG00000139734,DIAPH3,diaphanous related formin 3,0.28056268006970425,genetic_association,False,False,,,,0.4615,,,,
Obesity,ENSG00000204120,GIGYF2,GRB10 interacting GYF protein 2,0.28001860701950665,genetic_association;literature,False,False,0.266,,,0.4473,,,,
Obesity,ENSG00000118689,FOXO3,forkhead box O3,0.2792749651402251,animal_model;genetic_association;literature,False,False,0.7029,0.3253,,0.417,,,,
Obesity,ENSG00000204740,MALRD1,MAM and LDL receptor class A domain containing 1,0.27917557840219365,genetic_association,False,False,,,,0.4592,,,,
Obesity,ENSG00000157017,GHRL,ghrelin and obestatin prepropeptide,0.27910720947714585,animal_model;genetic_association;literature,False,False,0.9736,0.3643,,0.4023,,,,
Obesity,ENSG00000178188,SH2B1,SH2B adaptor protein 1,0.27889700422152097,genetic_association;genetic_literature;literature,False,False,0.946,,,0.1849,,0.38,,
Obesity,ENSG00000111605,CPSF6,cleavage and polyadenylation specific factor 6,0.2786842728423777,genetic_association,False,False,,,,0.4584,,,,
Obesity,ENSG00000100345,MYH9,myosin heavy chain 9,0.27775787433471233,animal_model;genetic_association;literature,False,False,0.1967,0.2962,,0.4377,,,,
Obesity,ENSG00000163064,EN1,engrailed homeobox 1,0.2776430065492466,animal_model;genetic_association,False,False,0.0357,0.3452,,0.4386,,,,
Obesity,ENSG00000150394,CDH8,cadherin 8,0.2768993988224376,genetic_association,False,False,0.076,,,0.4517,,,,
Obesity,ENSG00000132938,MTUS2,microtubule associated scaffold protein 2,0.2766694199961882,genetic_association,False,False,,,,0.4551,,,,
Obesity,ENSG00000178662,CSRNP3,cysteine and serine rich nuclear protein 3,0.27658688980648727,genetic_association,False,False,0.0401,,,0.453,,,,
Obesity,ENSG00000156052,GNAQ,G protein subunit alpha q,0.2764747948470001,genetic_association;literature,False,False,0.2109,,,0.4442,,,,
Obesity,ENSG00000115594,IL1R1,interleukin 1 receptor type 1,0.2761405546126672,animal_model;clinical;literature,False,False,0.3174,0.4325,0.4256,,,,,
Obesity,ENSG00000183826,BTBD9,BTB domain containing 9,0.27593676826261343,genetic_association,False,False,,,,0.4539,,,,
Obesity,ENSG00000142700,DMRTA2,DMRT like family A2,0.2755607283616377,genetic_association,False,False,,,,0.4533,,,,
Obesity,ENSG00000172638,EFEMP2,EGF-like fibulin extracellular matrix protein 2,0.2754915899599555,animal_model;genetic_association,False,False,0.0532,0.2612,,0.4389,,,,
Obesity,ENSG00000121542,SEC22A,"SEC22 homolog A, vesicle trafficking protein",0.2751030269350829,genetic_association,False,False,,,,0.4525,,,,
Obesity,ENSG00000181722,ZBTB20,zinc finger and BTB domain containing 20,0.2746980008278915,animal_model;genetic_association,False,False,0.0454,0.4799,,0.4269,,,,
Obesity,ENSG00000177508,IRX3,iroquois homeobox 3,0.2744066928734687,genetic_association;literature,False,False,0.9454,,,0.4041,,,,
Obesity,ENSG00000138081,FBXO11,F-box protein 11,0.27415073702320325,animal_model;genetic_association,False,False,0.0152,0.5014,,0.4256,,,,
Obesity,ENSG00000221818,EBF2,EBF transcription factor 2,0.2739547228593935,animal_model;genetic_association;literature,False,False,0.125,0.3873,,0.4285,,,,
Obesity,ENSG00000110944,IL23A,interleukin 23 subunit alpha,0.2739074485991264,clinical;literature,False,False,0.5001,,0.4256,,,,,
Obesity,ENSG00000144283,PKP4,plakophilin 4,0.27372649903203045,genetic_association,False,False,,,,0.4503,,,,
Obesity,ENSG00000185345,PRKN,parkin RBR E3 ubiquitin protein ligase,0.27367512908918806,genetic_association;literature,False,False,0.3935,,,0.4305,,,,
Obesity,ENSG00000005339,CREBBP,CREB binding lysine acetyltransferase ,0.27367494046426283,animal_model;genetic_association;literature,False,False,0.1187,0.4673,,0.4242,,,,
Obesity,ENSG00000106128,GHRHR,growth hormone releasing hormone receptor,0.27360177103735717,animal_model;clinical,False,False,0.0263,0.448,0.4271,,,,,
Obesity,ENSG00000011114,BTBD7,BTB domain containing 7,0.2733915089567885,genetic_association,False,False,,,,0.4497,,,,
Obesity,ENSG00000162105,SHANK2,SH3 and multiple ankyrin repeat domains 2,0.2708837034911582,genetic_association,False,False,0.0173,,,0.4447,,,,
Obesity,ENSG00000177565,TBL1XR1,TBL1X/Y related 1,0.2707117934739057,animal_model;genetic_association,False,False,0.0428,0.4618,,0.4213,,,,
Obesity,ENSG00000180592,SKIDA1,SKI/DACH domain containing 1,0.2705840039107574,genetic_association,False,False,0.038,,,0.4432,,,,
Obesity,ENSG00000166037,CEP57,centrosomal protein 57,0.2702881311169773,genetic_association,False,False,,,,0.4446,,,,
Obesity,ENSG00000134014,ELP3,elongator acetyltransferase complex subunit 3,0.26987813340010985,genetic_association,False,False,,,,0.4439,,,,
Obesity,ENSG00000067606,PRKCZ,protein kinase C zeta,0.26986287817109317,genetic_association;literature,False,False,0.1603,,,0.4359,,,,
Obesity,ENSG00000278535,DHRS11,dehydrogenase/reductase 11,0.2694411201391949,genetic_association,False,False,,,,0.4432,,,,
Obesity,ENSG00000138092,CENPO,centromere protein O,0.269385590209469,animal_model;genetic_association,False,False,0.0433,0.4122,,0.3458,,,,
Obesity,ENSG00000134146,DPH6,diphthamine biosynthesis 6,0.2691923763119073,genetic_association,False,False,0.038,,,0.4409,,,,
Obesity,ENSG00000172247,C1QTNF4,C1q and TNF related 4,0.26900819281340355,genetic_association;literature,False,False,0.1323,,,0.4359,,,,
Obesity,ENSG00000228075,BOD1L2,biorientation of chromosomes in cell division 1 like 2,0.2688269029548793,genetic_association,False,False,,,,0.4422,,,,
Obesity,ENSG00000176884,GRIN1,glutamate ionotropic receptor NMDA type subunit 1,0.2687744255099289,animal_model;clinical,False,False,0.0249,0.2545,0.4288,,,,,
Obesity,ENSG00000019995,ZRANB1,zinc finger RANBP2-type containing 1,0.26872899694517255,genetic_association,False,False,0.0152,,,0.4413,,,,
Obesity,ENSG00000141433,ADCYAP1,adenylate cyclase activating polypeptide 1,0.26849403834958036,animal_model;genetic_association;literature,False,False,0.1752,0.5478,,0.4104,,,,
Obesity,ENSG00000214194,SMIM30,small integral membrane protein 30,0.26847437445862,genetic_association,False,False,,,,0.4416,,,,
Obesity,ENSG00000133103,COG6,component of oligomeric golgi complex 6,0.26774727536642223,genetic_association,False,False,,,,0.4404,,,,
Obesity,ENSG00000066557,LRRC40,leucine rich repeat containing 40,0.2673942900428464,genetic_association,False,False,,,,0.4398,,,,
Obesity,ENSG00000162341,TPCN2,two pore segment channel 2,0.2668935111197376,genetic_association,False,False,0.084,,,0.4348,,,,
Obesity,ENSG00000078687,TNRC6C,trinucleotide repeat containing adaptor 6C,0.2668798568209088,genetic_association,False,False,,,,0.439,,,,
Obesity,ENSG00000116604,MEF2D,myocyte enhancer factor 2D,0.26686607864589135,genetic_association;literature,False,False,0.2387,,,0.4266,0.0196,,,
Obesity,ENSG00000198286,CARD11,caspase recruitment domain family member 11,0.2668542420723192,genetic_association,False,False,0.0532,,,0.4363,,,,
Obesity,ENSG00000183454,GRIN2A,glutamate ionotropic receptor NMDA type subunit 2A,0.26611838456880027,clinical;literature,False,False,0.1782,,0.4288,,,,,
Obesity,ENSG00000108465,CDK5RAP3,CDK5 regulatory subunit associated protein 3,0.2655949953483731,animal_model;genetic_association,False,False,,0.3837,,0.4177,,,,
Obesity,ENSG00000175764,TTLL11,tubulin tyrosine ligase like 11,0.26542433163825246,genetic_association,False,False,,,,0.4366,,,,
Obesity,ENSG00000108094,CUL2,cullin 2,0.2650623270453836,genetic_association,False,False,0.0511,,,0.4335,,,,
Obesity,ENSG00000075429,CACNG5,calcium voltage-gated channel auxiliary subunit gamma 5,0.2650059454015815,genetic_association,False,False,,,0.0304,0.4283,,,,
Obesity,ENSG00000141431,ASXL3,ASXL transcriptional regulator 3,0.26490485228303756,genetic_association,False,False,0.0304,,,0.4342,,,,
Obesity,ENSG00000136869,TLR4,toll like receptor 4,0.26489711077360434,animal_model;genetic_association;literature,False,False,0.9204,0.3935,,0.381,,,,
Obesity,ENSG00000196092,PAX5,paired box 5,0.2645956319706037,animal_model;genetic_association,False,False,0.0644,0.2667,,0.4205,,,,
Obesity,ENSG00000273079,GRIN2B,glutamate ionotropic receptor NMDA type subunit 2B,0.2637811447960873,clinical;literature,False,False,0.1013,,0.4288,,,,,
Obesity,ENSG00000069275,NUCKS1,nuclear casein kinase and cyclin dependent kinase substrate 1,0.26360124227579057,animal_model;genetic_association,False,False,0.0561,0.4906,,0.4078,,,,
Obesity,ENSG00000118900,UBN1,ubinuclein 1,0.2632401925477284,genetic_association,False,False,,,,0.433,,,,
Obesity,ENSG00000083067,TRPM3,transient receptor potential cation channel subfamily M member 3,0.26305784926210096,animal_model;genetic_association,False,False,0.0553,0.5485,,0.4041,,,,
Obesity,ENSG00000196502,SULT1A1,sulfotransferase family 1A member 1,0.26237459446733724,genetic_association;literature,False,False,0.1489,,,0.4241,,,,
Obesity,ENSG00000130449,ZSWIM6,zinc finger SWIM-type containing 6,0.2620659718742665,genetic_association,False,False,,,,0.4311,,,,
Obesity,ENSG00000198785,GRIN3A,glutamate ionotropic receptor NMDA type subunit 3A,0.26194492059213914,clinical,True,False,0.0409,,0.4288,,,,,
Obesity,ENSG00000081189,MEF2C,myocyte enhancer factor 2C,0.2618039821420157,genetic_association;literature,False,False,0.125,,,0.4244,,,,
Obesity,ENSG00000105464,GRIN2D,glutamate ionotropic receptor NMDA type subunit 2D,0.2614829457737833,clinical,True,False,0.0257,,0.4288,,,,,
Obesity,ENSG00000239268,LINC03051,long independently transcribed non-coding RNA 3051,0.26129862497606315,genetic_association,False,False,,,,0.4298,,,,
Obesity,ENSG00000152219,ARL14EP,ARF like GTPase 14 effector protein,0.26124296289343446,genetic_association,False,False,,,,0.4297,,,,
Obesity,ENSG00000116032,GRIN3B,glutamate ionotropic receptor NMDA type subunit 3B,0.2611627458941273,clinical,True,False,0.0152,,0.4288,,,,,
Obesity,ENSG00000161509,GRIN2C,glutamate ionotropic receptor NMDA type subunit 2C,0.2611627458941273,clinical,True,False,0.0152,,0.4288,,,,,
Obesity,ENSG00000145675,PIK3R1,phosphoinositide-3-kinase regulatory subunit 1,0.26054700705071393,animal_model;genetic_association;literature,False,False,0.5177,0.4018,,0.3938,,,,
Obesity,ENSG00000112584,FAM120B,family with sequence similarity 120 member B,0.26033370288322283,genetic_association,False,False,,,,0.4282,,,,
Obesity,ENSG00000179915,NRXN1,neurexin 1,0.2602905970899045,genetic_association,False,False,0.0521,,,0.4256,,,,
Obesity,ENSG00000125851,PCSK2,proprotein convertase subtilisin/kexin type 2,0.2602270457036394,animal_model;genetic_association,False,False,0.0477,0.4687,,0.4036,,,,
Obesity,ENSG00000189292,ALKAL2,ALK and LTK ligand 2,0.2601372309002264,genetic_association,False,False,0.061,,,0.4249,,,,
Obesity,ENSG00000124813,RUNX2,RUNX family transcription factor 2,0.26001404094460684,animal_model;genetic_association;literature,False,False,0.133,0.4793,,0.4008,,,,
Obesity,ENSG00000168675,LDLRAD4,low density lipoprotein receptor class A domain containing 4,0.260009547934749,genetic_association,False,False,0.0582,,,0.4248,,,,
Obesity,ENSG00000113302,IL12B,interleukin 12B,0.2600079711621414,clinical,True,False,0.0428,,0.4256,,,,,
Obesity,ENSG00000111011,RSRC2,arginine and serine rich coiled-coil 2,0.259950047795659,genetic_association,False,False,0.0409,,,0.4256,,,,
Obesity,ENSG00000227868,TEX46,testis expressed 46,0.2598323009815474,genetic_association,False,False,0.0152,,,0.4266,,,,
Obesity,ENSG00000154118,JPH3,junctophilin 3,0.25976816772913347,genetic_association,False,False,0.0178,,,0.4264,,,,
Obesity,ENSG00000078369,GNB1,G protein subunit beta 1,0.25972755087247246,genetic_association;genetic_literature;literature,False,False,0.2868,,,0.1636,,0.38,,
Obesity,ENSG00000188517,COL25A1,collagen type XXV alpha 1 chain,0.25969515765332624,genetic_association,False,False,,,,0.4272,,,,
Obesity,ENSG00000184838,PRR16,proline rich 16,0.25960768178111043,genetic_association,False,False,,,,0.427,,,,
Obesity,ENSG00000182901,RGS7,regulator of G protein signaling 7,0.25958651998858656,genetic_association;literature,False,False,0.1321,,,0.4204,,,,
Obesity,ENSG00000106399,RPA3,replication protein A3,0.25954917361777496,genetic_association,False,False,,,,0.4269,,,,
Obesity,ENSG00000140563,MCTP2,multiple C2 and transmembrane domain containing 2,0.2589044821468317,genetic_association,False,False,0.042,,,0.4238,,,,
Obesity,ENSG00000127463,EMC1,ER membrane protein complex subunit 1,0.25870589827929125,genetic_association,False,False,,,,0.4256,,,,
Obesity,ENSG00000151327,FAM177A1,family with sequence similarity 177 member A1,0.25870589827929125,genetic_association,False,False,,,,0.4256,,,,
Obesity,ENSG00000150764,DIXDC1,DIX domain containing 1,0.25870589827929125,genetic_association,False,False,,,,0.4256,,,,
Obesity,ENSG00000048052,HDAC9,histone deacetylase 9,0.25768206026933343,genetic_association;literature,False,False,0.82,,,0.3829,,,,
Obesity,ENSG00000153956,CACNA2D1,calcium voltage-gated channel auxiliary subunit alpha2delta 1,0.2576815299931407,genetic_association;literature,False,False,0.1444,,0.0304,0.4131,,,,
Obesity,ENSG00000184304,PRKD1,protein kinase D1,0.25723621310713995,genetic_association;literature,False,False,0.3432,,,0.406,,,,
Obesity,ENSG00000110931,CAMKK2,calcium/calmodulin dependent protein kinase kinase 2,0.25721760361489093,animal_model;genetic_association;literature,False,False,0.3312,0.2717,,0.4005,,,,
Obesity,ENSG00000150672,DLG2,discs large MAGUK scaffold protein 2,0.2569360060720112,genetic_association,False,False,0.0228,,,0.4215,,,,
Obesity,ENSG00000175567,UCP2,uncoupling protein 2,0.2563171439827015,animal_model;genetic_association;literature,False,False,0.7896,0.2854,,0.3758,,,,
Obesity,ENSG00000170044,ZPLD1,zona pellucida like domain containing 1,0.25590795772420827,genetic_association;literature,False,False,0.1064,,,0.4156,,,,
Obesity,ENSG00000110693,SOX6,SRY-box transcription factor 6,0.25579532633338153,genetic_association;literature,False,False,0.3283,,,0.4043,,,,
Obesity,ENSG00000141510,TP53,tumor protein p53,0.2557268617060529,animal_model;genetic_association;literature,False,False,0.7223,0.4564,,0.3744,,,,
Obesity,ENSG00000072315,TRPC5,transient receptor potential cation channel subfamily C member 5,0.25569135856585823,genetic_literature;literature,False,False,0.8127,,,,,0.38,,
Obesity,ENSG00000134375,TIMM17A,translocase of inner mitochondrial membrane 17A,0.2556397885534601,genetic_association,False,False,,,,0.4205,,,,
Obesity,ENSG00000173950,XXYLT1,xyloside xylosyltransferase 1,0.25540489678175593,genetic_association,False,False,,,,0.4201,,,,
Obesity,ENSG00000006576,PHTF2,putative homeodomain transcription factor 2,0.2552636032096811,genetic_association,False,False,,,,0.4199,,,,
Obesity,ENSG00000154473,BUB3,BUB3 mitotic checkpoint protein,0.2551456707998687,genetic_association,False,False,,,,0.4197,,,,
Obesity,ENSG00000185532,PRKG1,protein kinase cGMP-dependent 1,0.2550760012821151,animal_model;genetic_association;literature,False,False,0.2119,0.2513,,0.4023,,,,
Obesity,ENSG00000182240,BACE2,beta-secretase 2,0.25491040915059454,genetic_association,False,False,0.0775,,,0.4154,,,,
Obesity,ENSG00000027075,PRKCH,protein kinase C eta,0.2549035172813146,genetic_association;literature,False,False,0.268,,,0.4059,,,,
Obesity,ENSG00000163104,SMARCAD1,SNF2 related chromatin remodeling ATPase with DExD box 1,0.2546161512277303,genetic_association,False,False,0.076,,,0.415,,,,
Obesity,ENSG00000148344,PTGES,prostaglandin E synthase,0.2544794987064979,genetic_association,False,False,0.0928,,,0.414,,,,
Obesity,ENSG00000083642,PDS5B,PDS5 cohesin associated factor B,0.25421738189466636,animal_model;genetic_association,False,False,0.0152,0.4127,,0.3972,,,,
Obesity,ENSG00000171246,NPTX1,neuronal pentraxin 1,0.25388471988280337,genetic_association,False,False,,,,0.4176,,,,
Obesity,ENSG00000151806,GUF1,GTP binding elongation factor GUF1,0.2535166113411153,animal_model;genetic_association,False,False,,0.4184,,0.3961,,,,
Obesity,ENSG00000183166,CALN1,calneuron 1,0.2531192126238054,genetic_association,False,False,0.0401,,,0.4144,,,,
Obesity,ENSG00000120519,SLC10A7,solute carrier family 10 member 7,0.252817243166761,animal_model;genetic_association,False,False,0.0152,0.4982,,0.3906,,,,
Obesity,ENSG00000188580,NKAIN2,sodium/potassium transporting ATPase interacting 2,0.252548137018433,genetic_association,False,False,0.0532,,,0.4128,,,,
Obesity,ENSG00000176771,NCKAP5,NCK associated protein 5,0.2525038523305879,genetic_association,False,False,,,,0.4153,,,,
Obesity,ENSG00000113100,CDH9,cadherin 9,0.2518298189037284,genetic_association,False,False,,,,0.4142,,,,
Obesity,ENSG00000132437,DDC,dopa decarboxylase,0.25150375719683843,animal_model;genetic_association,False,False,0.0173,0.2529,,0.4007,,,,
Obesity,ENSG00000133878,DUSP26,dual specificity phosphatase 26,0.25145387201271785,genetic_association;literature,False,False,0.19,,,0.4041,,,,
Obesity,ENSG00000151006,PRSS53,serine protease 53,0.2510511552077079,genetic_association,False,False,0.076,,,0.4092,,,,
Obesity,ENSG00000058063,ATP11B,ATPase phospholipid transporting 11B (putative),0.2510128928753317,genetic_association,False,False,,,,0.4129,,,,
Obesity,ENSG00000204186,ZDBF2,zinc finger DBF-type containing 2,0.25064450128475435,genetic_association,False,False,,,,0.4123,,,,
Obesity,ENSG00000188729,OSTN,osteocrin,0.25055070238560634,genetic_association;literature,False,False,0.7869,,,0.3728,,,,
Obesity,ENSG00000237515,SHISA9,shisa family member 9,0.2505102213600962,genetic_association,False,False,,,,0.4121,,,,
Obesity,ENSG00000198947,DMD,dystrophin,0.2500974087592967,animal_model;genetic_association,False,False,0.056,0.4384,,0.3882,,,,
Obesity,ENSG00000168959,GRM5,glutamate metabotropic receptor 5,0.2500562022559018,genetic_association;literature,False,False,0.2229,,,0.4002,,,,
Obesity,ENSG00000164334,FAM170A,family with sequence similarity 170 member A,0.2496946615877533,animal_model;genetic_association,False,False,,0.3858,,0.3914,,,,
Obesity,ENSG00000145982,FARS2,"phenylalanyl-tRNA synthetase 2, mitochondrial",0.2494882596456029,genetic_association,False,False,0.0304,,,0.4089,,,,
Obesity,ENSG00000119669,IRF2BPL,interferon regulatory factor 2 binding protein like,0.2488941894313116,genetic_association,False,False,,,,0.4094,,,,
Obesity,ENSG00000065060,BLTP3A,bridge-like lipid transfer protein family member 3A,0.24876586454256985,genetic_association;literature,False,False,0.3785,,,0.3903,,,,
Obesity,ENSG00000143862,ARL8A,ARF like GTPase 8A,0.24870721002980878,genetic_association,False,False,,,,0.4091,,,,
Obesity,ENSG00000171735,CAMTA1,calmodulin binding transcription activator 1,0.24862265339773051,genetic_association,False,False,0.0152,,,0.4082,,,,
Obesity,ENSG00000009724,MASP2,MBL associated serine protease 2,0.2485175041635594,genetic_association,False,False,0.0173,,,0.4079,,,,
Obesity,ENSG00000172016,REG3A,regenerating family member 3 alpha,0.24842226237923,genetic_association;literature,False,False,0.3786,,,0.3897,,,,
Obesity,ENSG00000168036,CTNNB1,catenin beta 1,0.24773100766139727,animal_model;genetic_association;literature,False,False,0.4627,0.4787,,0.3733,,,,
Obesity,ENSG00000125970,RALY,RALY heterogeneous nuclear ribonucleoprotein,0.24755849651527767,genetic_association,False,False,0.0355,,,0.4054,,,,
Obesity,ENSG00000188641,DPYD,dihydropyrimidine dehydrogenase,0.24754958394493687,genetic_association,False,False,0.0601,,,0.4042,,,,
Obesity,ENSG00000198876,DCAF12,DDB1 and CUL4 associated factor 12,0.24733852228172223,genetic_association,False,False,,,,0.4038,0.062,,,
Obesity,ENSG00000164989,CCDC171,coiled-coil domain containing 171,0.2470028566825582,genetic_association,False,False,0.0249,,,0.4051,,,,
Obesity,ENSG00000138050,THUMPD2,THUMP domain 2 tRNA and snRNA guanosine methyltransferase,0.24655113310436827,genetic_association,False,False,0.0608,,,0.4025,,,,
Obesity,ENSG00000066468,FGFR2,fibroblast growth factor receptor 2,0.24645335388701456,animal_model;genetic_association,False,False,0.0869,0.4761,,0.3797,,,,
Obesity,ENSG00000106367,AP1S1,adaptor related protein complex 1 subunit sigma 1,0.2457724176470783,genetic_association,False,False,,,,0.4043,,,,
Obesity,ENSG00000131370,SH3BP5,SH3 domain binding protein 5,0.24549423512138815,genetic_association,False,False,0.038,,,0.4019,,,,
Obesity,ENSG00000101134,DOK5,docking protein 5,0.24547909511561622,genetic_association;literature,False,False,0.2946,,,0.3891,,,,
Obesity,ENSG00000205884,DEFB136,defensin beta 136,0.2454757079034765,genetic_association,False,False,,,,0.4038,,,,
Obesity,ENSG00000070081,NUCB2,nucleobindin 2,0.24543573623985554,genetic_association;literature,False,False,0.5052,,,0.3785,,,,
Obesity,ENSG00000114850,SSR3,signal sequence receptor subunit 3,0.2449114709047438,genetic_association,False,False,,,,0.4029,,,,
Obesity,ENSG00000181090,EHMT1,euchromatic histone lysine methyltransferase 1,0.24465874171498855,genetic_association;literature,False,False,0.1157,,,0.3967,,,,
Obesity,ENSG00000162959,MEMO1,mediator of cell motility 1,0.24458671910016247,animal_model;genetic_association,False,False,,0.3734,,0.3837,,,,
Obesity,ENSG00000076356,PLXNA2,plexin A2,0.24421603483242396,genetic_association,False,False,0.0228,,,0.4006,,,,
Obesity,ENSG00000132639,SNAP25,synaptosome associated protein 25,0.2441434484568136,animal_model;clinical,False,False,0.0911,0.6621,0.3665,,,,,
Obesity,ENSG00000146166,LGSN,"lengsin, lens protein with glutamine synthetase domain",0.24408679713095308,genetic_association,False,False,,,,0.4015,,,,
Obesity,ENSG00000148516,ZEB1,zinc finger E-box binding homeobox 1,0.24404986778023874,animal_model;genetic_association;literature,False,False,0.2734,0.6181,,0.3645,,,,
Obesity,ENSG00000011405,PIK3C2A,phosphatidylinositol-4-phosphate 3-kinase catalytic subunit type 2 alpha,0.24401452976327423,genetic_association;literature,False,False,0.2467,,,0.3891,,,,
Obesity,ENSG00000165895,ARHGAP42,Rho GTPase activating protein 42,0.24376798877035052,genetic_association;literature,False,False,0.152,,,0.3934,,,,
Obesity,ENSG00000214226,C17orf67,chromosome 17 open reading frame 67,0.24362054643645104,genetic_association,False,False,,,,0.4007,,,,
Obesity,ENSG00000170185,USP38,ubiquitin specific peptidase 38,0.24357778290210952,genetic_association;literature,False,False,0.1298,,,0.3942,,,,
Obesity,ENSG00000188981,MSANTD1,Myb/SANT DNA binding domain containing 1,0.24331729417609074,genetic_association,False,False,,,,0.4002,,,,
Obesity,ENSG00000259956,RBM15B,RNA binding motif protein 15B,0.24322258959386042,genetic_association,False,False,0.076,,,0.3963,,,,
Obesity,ENSG00000162413,KLHL21,kelch like family member 21,0.24299417205001933,genetic_association,False,False,,,,0.3997,,,,
Obesity,ENSG00000187257,RSBN1L,round spermatid basic protein 1 like,0.24295896132105751,genetic_association,False,False,,,,0.3996,,,,
Obesity,ENSG00000196436,NPIPB15,nuclear pore complex interacting protein family member B15,0.24276878565198962,genetic_association,False,False,,,,0.3993,,,,
Obesity,ENSG00000142230,SAE1,SUMO1 activating enzyme subunit 1,0.24259756360716017,genetic_association,False,False,0.0781,,,0.3951,,,,
Obesity,ENSG00000130517,PGPEP1,pyroglutamyl-peptidase I,0.2423482089694488,genetic_association,False,False,,,,0.3986,,,,
Obesity,ENSG00000166167,BTRC,beta-transducin repeat containing E3 ubiquitin protein ligase,0.24214221898615487,genetic_association,False,False,0.0521,,,0.3957,,,,
Obesity,ENSG00000137872,SEMA6D,semaphorin 6D,0.241255598011344,genetic_association,False,False,0.0228,,,0.3957,,,,
Obesity,ENSG00000140678,ITGAX,integrin subunit alpha X,0.2412168556201234,genetic_association;literature,False,False,0.8398,,,0.3548,,,,
Obesity,ENSG00000235268,KDM4E,lysine demethylase 4E,0.24119184085510204,genetic_association,False,False,,,,0.3967,,,,
Obesity,ENSG00000263001,GTF2I,general transcription factor IIi,0.24107495229475162,genetic_association,False,False,0.038,,,0.3947,,,,
Obesity,ENSG00000205981,DNAJC19,DnaJ heat shock protein family (Hsp40) member C19,0.2410360760874269,genetic_association,False,False,,,,0.3965,,,,
Obesity,ENSG00000129696,TTI2,TELO2 interacting protein 2,0.2407347592910123,genetic_association,False,False,,,,0.396,,,,
Obesity,ENSG00000066382,MPPED2,metallophosphoesterase domain containing 2,0.24003951618836405,genetic_association,False,False,,,,0.3948,,,,
Obesity,ENSG00000186472,PCLO,piccolo presynaptic cytomatrix protein,0.23991541125558744,genetic_association,False,False,,,,0.3946,,,,
Obesity,ENSG00000177182,CLVS1,clavesin 1,0.23990364794262764,genetic_association,False,False,,,,0.3946,,,,
Obesity,ENSG00000181847,TIGIT,T cell immunoreceptor with Ig and ITIM domains,0.23963383469901167,genetic_association,False,False,0.0544,,,0.3915,,,,
Obesity,ENSG00000183783,KCTD8,potassium channel tetramerization domain containing 8,0.23916199242832994,genetic_association,False,False,0.0152,,,0.3926,,,,
Obesity,ENSG00000172164,SNTB1,syntrophin beta 1,0.23909294861014566,genetic_association,False,False,,,,0.3933,,,,
Obesity,ENSG00000037749,MFAP3,microfibril associated protein 3,0.23896267292625212,genetic_association,False,False,,,,0.3931,,,,
Obesity,ENSG00000147905,ZCCHC7,zinc finger CCHC-type containing 7,0.23883783237223832,genetic_association,False,False,,,,0.3929,,,,
Obesity,ENSG00000133401,PDZD2,PDZ domain containing 2,0.23843208581338457,animal_model;genetic_association,False,False,0.0122,0.4123,,0.3713,,,,
Obesity,ENSG00000185046,ANKS1B,ankyrin repeat and sterile alpha motif domain containing 1B,0.23819578231880653,genetic_association,False,False,0.038,,,0.3899,,,,
Obesity,ENSG00000159322,ADPGK,ADP dependent glucokinase,0.2377061261561027,genetic_association,False,False,0.038,,,0.3891,,,,
Obesity,ENSG00000174004,NRROS,negative regulator of reactive oxygen species,0.23672389668328175,genetic_association,False,False,,,,0.3894,,,,
Obesity,ENSG00000103550,KNOP1,lysine rich nucleolar protein 1,0.23670668511733312,genetic_association,False,False,0.0152,,,0.3886,,,,
Obesity,ENSG00000132792,CTNNBL1,catenin beta like 1,0.23658076439710501,genetic_association;literature,False,False,0.3094,,,0.3737,,,,
Obesity,ENSG00000148484,RSU1,Ras suppressor protein 1,0.23502555185320828,genetic_association,False,False,,,,0.3866,,,,
Obesity,ENSG00000174197,MGA,MAX dimerization protein MGA,0.23483352876299937,genetic_association,False,False,,,,0.3863,,,,
Obesity,ENSG00000077380,DYNC1I2,dynein cytoplasmic 1 intermediate chain 2,0.23383630624595306,genetic_association,False,False,,,,0.3846,,,,
Obesity,ENSG00000214558,ZC3H11C,zinc finger CCCH-type containing 11C,0.2336880147065955,genetic_association,False,False,,,,0.3844,,,,
Obesity,ENSG00000111218,PRMT8,protein arginine methyltransferase 8,0.23335514538309424,animal_model;genetic_association,False,False,,0.335,,0.3671,,,,
Obesity,ENSG00000119522,DENND1A,DENN domain containing 1A,0.23324214336872293,genetic_association;literature,False,False,0.1035,,,0.3785,,,,
Obesity,ENSG00000115963,RND3,Rho family GTPase 3,0.2330968712736833,animal_model;genetic_association;literature,False,False,0.1786,0.4118,,0.3589,,,,
Obesity,ENSG00000198874,TYW1,tRNA-yW synthesizing protein 1 homolog,0.2324051362121952,genetic_association,False,False,,,,0.3823,,,,
Obesity,ENSG00000158402,CDC25C,cell division cycle 25C,0.23212167567693703,genetic_association,False,False,0.038,,,0.3799,,,,
Obesity,ENSG00000182095,TNRC18,trinucleotide repeat containing 18,0.2318818615364001,genetic_association,False,False,,,,0.3814,,,,
Obesity,ENSG00000076685,NT5C2,"5'-nucleotidase, cytosolic II",0.23109867953266236,genetic_association,False,False,0.0897,,,0.3757,,,,
Obesity,ENSG00000160789,LMNA,lamin A/C,0.23105585322313604,animal_model;genetic_association;literature,False,False,0.5456,0.4921,,0.3419,,,,
Obesity,ENSG00000071575,TRIB2,tribbles pseudokinase 2,0.2310379873581753,genetic_association,False,False,0.0883,,,0.3756,,,,
Obesity,ENSG00000132436,FIGNL1,fidgetin like 1,0.23059283153423943,genetic_association,False,False,,,,0.3793,,,,
Obesity,ENSG00000072506,HSD17B10,hydroxysteroid 17-beta dehydrogenase 10,0.23013114973398818,genetic_association,False,False,0.0346,,,0.3768,,,,
Obesity,ENSG00000132329,RAMP1,receptor activity modifying protein 1,0.23007744879985467,clinical;literature,False,False,0.153,,0.3708,,,,,
Obesity,ENSG00000156269,NAA11,"N-alpha-acetyltransferase 11, NatA catalytic subunit",0.22982506609119296,genetic_association,False,False,,,,0.378,,,,
Obesity,ENSG00000170092,SPDYE5,speedy/RINGO cell cycle regulator family member E5,0.2292075577810027,genetic_association,False,False,,,,0.377,,,,
Obesity,ENSG00000163377,TAFA4,TAFA chemokine like family member 4,0.22911728473277096,genetic_association,False,False,,,,0.3769,,,,
Obesity,ENSG00000090905,TNRC6A,trinucleotide repeat containing adaptor 6A,0.22899652353118774,genetic_association,False,False,,,,0.3767,,,,
Obesity,ENSG00000168038,ULK4,unc-51 like kinase 4,0.2289913411631102,animal_model;genetic_association;literature,False,False,0.1424,0.4055,,0.2927,,,,
Obesity,ENSG00000198892,SHISA4,shisa family member 4,0.22827334963544244,genetic_association,False,False,,,,0.3755,,,,
Obesity,ENSG00000175595,ERCC4,"ERCC excision repair 4, endonuclease catalytic subunit",0.22781348670625035,genetic_association,False,False,0.076,,,0.3709,,,,
Obesity,ENSG00000127720,METTL25,methyltransferase like 25,0.22758472771793195,genetic_association,False,False,,,,0.3744,,,,
Obesity,ENSG00000101292,PROKR2,prokineticin receptor 2,0.22727641634970353,animal_model;genetic_association,False,False,0.0379,0.3953,,0.3532,,,,
Obesity,ENSG00000122679,RAMP3,receptor activity modifying protein 3,0.22696313396449727,clinical;literature,False,False,0.1049,,0.3681,,,,,
Obesity,ENSG00000083937,CHMP2B,charged multivesicular body protein 2B,0.2267490919242693,genetic_association,False,False,,,,0.373,,,,
Obesity,ENSG00000230989,HSBP1,heat shock factor binding protein 1,0.22652336408176232,genetic_association,False,False,,,,0.3726,,,,
Obesity,ENSG00000110400,NECTIN1,nectin cell adhesion molecule 1,0.22634798688498012,animal_model;genetic_association,False,False,,0.451,,0.3498,,,,
Obesity,ENSG00000148481,MINDY3,MINDY lysine 48 deubiquitinase 3,0.22623293845855008,genetic_association,False,False,0.0152,,,0.3714,,,,
Obesity,ENSG00000196090,PTPRT,protein tyrosine phosphatase receptor type T,0.22610820030527548,genetic_association;literature,False,False,0.7671,,,0.3336,,,,
Obesity,ENSG00000166401,SERPINB8,serpin family B member 8,0.22602436787059707,genetic_association,False,False,0.0988,,,0.3669,,,,
Obesity,ENSG00000159788,RGS12,regulator of G protein signaling 12,0.22563898226713314,genetic_association;literature,False,False,0.2453,,,0.3589,,,,
Obesity,ENSG00000139044,B4GALNT3,"beta-1,4-N-acetyl-galactosaminyltransferase 3",0.22544292361221596,genetic_association,False,False,,,,0.3708,,,,
Obesity,ENSG00000204103,MAFB,MAF bZIP transcription factor B,0.22531012484632248,genetic_association;literature,False,False,0.2116,,,0.36,,,,
Obesity,ENSG00000002746,HECW1,"HECT, C2 and WW domain containing E3 ubiquitin protein ligase 1",0.22524404872569764,genetic_association,False,False,,,,0.3705,,,,
Obesity,ENSG00000166170,BAG5,BAG cochaperone 5,0.22496654641732425,animal_model;genetic_association,False,False,,0.45,,0.3476,,,,
Obesity,ENSG00000184185,KCNJ12,potassium inwardly rectifying channel subfamily J member 12,0.2249557268410391,genetic_association,False,False,0.0152,,,0.3693,,,,
Obesity,ENSG00000160695,VPS11,VPS11 core subunit of CORVET and HOPS complexes,0.22469822199708353,genetic_association,False,False,0.0249,,,0.3684,,,,
Obesity,ENSG00000153790,SPMIP4,sperm microtubule inner protein 4,0.22463430114330296,genetic_association,False,False,0.0228,,,0.3684,,,,
Obesity,ENSG00000131477,RAMP2,receptor activity modifying protein 2,0.22446780264841568,clinical,True,False,0.0228,,0.3681,,,,,
Obesity,ENSG00000119535,CSF3R,colony stimulating factor 3 receptor,0.22386221191174013,genetic_association,False,False,,,,0.3682,,,,
Obesity,ENSG00000150540,HNMT,histamine N-methyltransferase,0.22381417862858416,genetic_association,False,False,0.0401,,,0.3662,,,,
Obesity,ENSG00000110921,MVK,mevalonate kinase,0.22300149941196779,genetic_association,False,False,0.0409,,,0.3648,,,,
Obesity,ENSG00000125522,NPBWR2,neuropeptides B and W receptor 2,0.22294760331478017,genetic_association,False,False,,,,0.3667,,,,
Obesity,ENSG00000132471,WBP2,WW domain binding protein 2,0.22288102964230214,animal_model;genetic_association,False,False,,0.4342,,0.3449,,,,
Obesity,ENSG00000176601,MAP3K19,mitogen-activated protein kinase kinase kinase 19,0.22286786363820116,genetic_association,False,False,,,,0.3666,,,,
Obesity,ENSG00000154822,PLCL2,phospholipase C like 2,0.2228165925741343,genetic_association;literature,False,False,0.1659,,,0.3582,,,,
Obesity,ENSG00000175105,ZNF654,zinc finger protein 654,0.2226092927225919,genetic_association,False,False,,,,0.3662,,,,
Obesity,ENSG00000122585,NPY,neuropeptide Y,0.22257220558137986,genetic_association;literature,False,False,0.9055,,,0.3208,,,,
Obesity,ENSG00000187775,DNAH17,dynein axonemal heavy chain 17,0.2219081361825094,genetic_association,False,False,,,,0.365,,,,
Obesity,ENSG00000065361,ERBB3,erb-b2 receptor tyrosine kinase 3,0.2216025582276702,animal_model;genetic_association,False,False,0.0284,0.2609,,0.3508,,,,
Obesity,ENSG00000106266,SNX8,sorting nexin 8,0.22119772148884823,animal_model;genetic_association,False,False,,0.2597,,0.3509,,,,
Obesity,ENSG00000181409,LMTK1,lemur tail kinase 1,0.2210124487802115,genetic_association,False,False,0.0401,,,0.3615,,,,
Obesity,ENSG00000146373,RNF217,ring finger protein 217,0.22099848403763925,genetic_association,False,False,,,,0.3635,,,,
Obesity,ENSG00000135124,P2RX4,purinergic receptor P2X 4,0.22008736199064718,genetic_association;literature,False,False,0.1962,,,0.3522,,,,
Obesity,ENSG00000234906,APOC2,apolipoprotein C2,0.21989977067067018,animal_model;genetic_association,False,False,0.086,0.4362,,0.338,,,,
Obesity,ENSG00000182552,RWDD4,RWD domain containing 4,0.21907315573052932,genetic_association,False,False,,,,0.3604,,,,
Obesity,ENSG00000254093,PINX1,PIN2 (TERF1) interacting telomerase inhibitor 1,0.2190321600708621,genetic_association;literature,False,False,0.1798,,,0.3513,,,,
Obesity,ENSG00000171604,CXXC5,CXXC finger protein 5,0.218748437518811,animal_model;genetic_association;literature,False,False,0.5724,0.4541,,0.3211,,,,
Obesity,ENSG00000185104,FAF1,Fas associated factor 1,0.21845549368543768,genetic_association,False,False,,,,0.3593,,,,
Obesity,ENSG00000137764,MAP2K5,mitogen-activated protein kinase kinase 5,0.21819012502938787,genetic_association;literature,False,False,0.1592,,,0.3509,,,,
Obesity,ENSG00000243646,IL10RB,interleukin 10 receptor subunit beta,0.2177224005203299,genetic_association,False,False,0.072,,,0.3545,,,,
Obesity,ENSG00000088727,KIF9,kinesin family member 9,0.21733070949119465,genetic_association,False,False,,,,0.3575,,,,
Obesity,ENSG00000116191,RALGPS2,Ral GEF with PH domain and SH3 binding motif 2,0.21560529141837292,genetic_association,False,False,,,,0.3547,,,,
Obesity,ENSG00000079156,OSBPL6,oxysterol binding protein like 6,0.21508158167622776,genetic_association,False,False,,,,0.3538,,,,
Obesity,ENSG00000166152,C16orf78,chromosome 16 open reading frame 78,0.2149591270201805,genetic_association,False,False,,,,0.3536,,,,
Obesity,ENSG00000149927,DOC2A,double C2 domain alpha,0.214729043932865,genetic_association;literature,False,False,0.1345,,,0.3465,,,,
Obesity,ENSG00000156687,UNC5D,unc-5 netrin receptor D,0.21466555471075152,genetic_association,False,False,0.038,,,0.3512,,,,
Obesity,ENSG00000131808,FSHB,follicle stimulating hormone subunit beta,0.2145824338849766,animal_model;genetic_association,False,False,0.0871,0.4673,,0.3277,,,,
Obesity,ENSG00000143006,DMRTB1,DMRT like family B with proline rich C-terminal 1,0.21447801798374705,genetic_association,False,False,,,,0.3528,,,,
Obesity,ENSG00000124126,PREX1,"phosphatidylinositol-3,4,5-trisphosphate dependent Rac exchange factor 1",0.21435704428317762,genetic_association,False,False,0.0181,,,0.3517,,,,
Obesity,ENSG00000168589,DYNLRB2,dynein light chain roadblock-type 2,0.2139832318931303,genetic_association,False,False,,,,0.352,,,,
Obesity,ENSG00000162367,TAL1,"TAL bHLH transcription factor 1, erythroid differentiation factor",0.21388543701615664,animal_model;genetic_association,False,False,0.0819,0.257,,0.3372,,,,
Obesity,ENSG00000163053,SLC16A14,solute carrier family 16 member 14,0.21349078084216472,genetic_association,False,False,,,,0.3512,,,,
Obesity,ENSG00000205078,SYCE1L,synaptonemal complex central element protein 1 like,0.21257277982910772,genetic_association,False,False,,,,0.3497,,,,
Obesity,ENSG00000165568,AKR1E2,aldo-keto reductase family 1 member E2,0.21214568785969953,genetic_association,False,False,,,,0.349,,,,
Obesity,ENSG00000168502,MTCL1,microtubule crosslinking factor 1,0.2118328806611439,genetic_association,False,False,,,,0.3484,,,,
Obesity,ENSG00000008130,NADK,NAD kinase,0.21160294338342503,genetic_association;literature,False,False,0.1541,,,0.3404,,,,
Obesity,ENSG00000130164,LDLR,low density lipoprotein receptor,0.21146978475367942,animal_model;genetic_association;literature,False,False,0.419,0.5846,,0.3093,,,,
Obesity,ENSG00000054356,PTPRN,protein tyrosine phosphatase receptor type N,0.21084333555721738,genetic_association,False,False,0.0442,,,0.3446,,,,
Obesity,ENSG00000135250,SRPK2,SRSF protein kinase 2,0.21083977508028723,genetic_association;literature,False,False,0.1235,,,0.3406,,,,
Obesity,ENSG00000077984,CST7,cystatin F,0.21050437527167254,genetic_association,False,False,,,,0.3463,,,,
Obesity,ENSG00000164402,SEPTIN8,septin 8,0.21029490459202005,genetic_association,False,False,,,,0.3459,,,,
Obesity,ENSG00000177272,KCNA3,potassium voltage-gated channel subfamily A member 3,0.21019932675797434,animal_model;genetic_association;literature,False,False,0.2029,0.3803,,0.3222,,,,
Obesity,ENSG00000119707,RBM25,RNA binding motif protein 25,0.2091886124737825,animal_model;genetic_association,False,False,,0.3653,,0.3258,,,,
Obesity,ENSG00000196781,TLE1,"TLE family member 1, transcriptional corepressor",0.20856207937690857,genetic_association,False,False,,,,0.3431,,,,
Obesity,ENSG00000111913,RIPOR2,RHO family interacting cell polarization regulator 2,0.20847986261179655,animal_model;genetic_association,False,False,0.038,0.4534,,0.3194,,,,
Obesity,ENSG00000164326,CARTPT,CART prepropeptide,0.20844363249631204,animal_model;genetic_association;literature,False,False,0.419,0.5889,,0.2596,,,,
Obesity,ENSG00000140332,TLE3,"TLE family member 3, transcriptional corepressor",0.20792730617543964,animal_model;genetic_association;literature,False,False,0.1301,0.4087,,0.3187,,,,
Obesity,ENSG00000151640,DPYSL4,dihydropyrimidinase like 4,0.20749023540234304,genetic_association,False,False,0.0249,,,0.3401,,,,
Obesity,ENSG00000135272,MDFIC,MyoD family inhibitor domain containing,0.2074197394293635,genetic_association,False,False,0.038,,,0.3393,,,,
Obesity,ENSG00000142856,ITGB3BP,integrin subunit beta 3 binding protein,0.20704704961577206,genetic_association,False,False,,,,0.3406,,,,
Obesity,ENSG00000127946,HIP1,huntingtin interacting protein 1,0.20689108512082305,animal_model;genetic_association,False,False,0.038,0.4446,,0.3172,,,,
Obesity,ENSG00000148704,VAX1,ventral anterior homeobox 1,0.20689041177728731,animal_model;genetic_association,False,False,0.0228,0.466,,0.3165,,,,
Obesity,ENSG00000172469,MANEA,mannosidase endo-alpha,0.2065286618640583,genetic_association,False,False,,,,0.3397,,,,
Obesity,ENSG00000169783,LINGO1,leucine rich repeat and Ig domain containing 1,0.20588735222320947,genetic_association,False,False,0.0409,,,0.3366,,,,
Obesity,ENSG00000125398,SOX9,SRY-box transcription factor 9,0.2056434176316538,genetic_association;literature,False,False,0.1808,,,0.3292,,,,
Obesity,ENSG00000104897,SF3A2,splicing factor 3a subunit 2,0.20524102410481332,genetic_association,False,False,,,,0.3376,,,,
Obesity,ENSG00000124766,SOX4,SRY-box transcription factor 4,0.20517830193294942,animal_model;genetic_association;literature,False,False,0.4031,0.3247,,0.3101,,,,
Obesity,ENSG00000175264,CHST1,carbohydrate sulfotransferase 1,0.2047989481994254,genetic_association,False,False,,,,0.3369,,,,
Obesity,ENSG00000124562,SNRPC,small nuclear ribonucleoprotein polypeptide C,0.20471415788697464,genetic_association,False,False,0.038,,,0.3348,,,,
Obesity,ENSG00000109323,MANBA,mannosidase beta,0.20460450305334738,animal_model;genetic_association,False,False,,0.2667,,0.3232,,,,
Obesity,ENSG00000111052,LIN7A,lin-7 cell polarity scaffold A,0.20421630097952667,genetic_association,False,False,0.0401,,,0.3339,,,,
Obesity,ENSG00000099308,MAST3,microtubule associated serine/threonine kinase 3,0.2041798077636524,genetic_association;literature,False,False,0.1906,,,0.3263,,,,
Obesity,ENSG00000109787,KLF3,KLF transcription factor 3,0.2039153731292208,animal_model;genetic_association;literature,False,False,0.2015,0.3052,,0.3157,,,,
Obesity,ENSG00000148019,CEP78,centrosomal protein 78,0.2036889298555568,animal_model;genetic_association,False,False,,0.3822,,0.3159,,,,
Obesity,ENSG00000156162,DPY19L4,dpy-19 like 4,0.2036455707837933,genetic_association,False,False,,,,0.335,,,,
Obesity,ENSG00000115839,RAB3GAP1,RAB3 GTPase activating protein catalytic subunit 1,0.20355088602737134,genetic_association,False,False,,,,0.3348,,,,
Obesity,ENSG00000155761,SPAG17,sperm associated antigen 17,0.20301363261291341,animal_model;genetic_association,False,False,,0.2781,,0.32,,,,
Obesity,ENSG00000065548,ZC3H15,zinc finger CCCH-type containing 15,0.20298206706404007,genetic_association,False,False,,,,0.3339,,,,
Obesity,ENSG00000111912,NCOA7,nuclear receptor coactivator 7,0.20286240257431376,genetic_association,False,False,,,,0.3337,,,,
Obesity,ENSG00000173769,TOPAZ1,testis and ovary specific TOPAZ 1,0.2028209933854599,genetic_association,False,False,,,,0.3336,,,,
Obesity,ENSG00000138078,PREPL,prolyl endopeptidase like,0.20234120882316822,genetic_association,False,False,,,,0.3328,,,,
Obesity,ENSG00000135365,PHF21A,PHD finger protein 21A,0.2021725801898826,genetic_association,False,False,0.0304,,,0.331,,,,
Obesity,ENSG00000173226,IQCB1,IQ motif containing B1,0.20191270698325303,animal_model;genetic_association,False,False,,0.4034,,0.312,,,,
Obesity,ENSG00000027697,IFNGR1,interferon gamma receptor 1,0.2018063914549059,animal_model;genetic_association;literature,False,False,0.393,0.2593,,0.3065,,,,
Obesity,ENSG00000149527,PLCH2,phospholipase C eta 2,0.2017598500360498,genetic_association,False,False,,,,0.3319,,,,
Obesity,ENSG00000149131,SERPING1,serpin family G member 1,0.20160963967580833,animal_model;genetic_association,False,False,0.0517,0.2586,,0.3176,,,,
Obesity,ENSG00000173402,DAG1,dystroglycan 1,0.2008073934202153,genetic_association,False,False,,,,0.3303,,,,
Obesity,ENSG00000186716,BCR,BCR activator of RhoGEF and GTPase,0.2004915370306635,clinical;literature,False,False,0.5166,,0.304,,,,,
Obesity,ENSG00000182568,SATB1,SATB homeobox 1,0.20018142931787322,genetic_association,False,False,,,,0.3293,,,,
Obesity,ENSG00000168447,SCNN1B,sodium channel epithelial 1 subunit beta,0.1990960852650594,animal_model;genetic_association,False,False,,0.3515,,0.3099,,,,
Obesity,ENSG00000170549,IRX1,iroquois homeobox 1,0.19898624979722349,genetic_association,False,False,0.0813,,,0.3233,,,,
Obesity,ENSG00000129451,KLK10,kallikrein related peptidase 10,0.19873974637114944,animal_model;genetic_association,False,False,0.0412,0.2888,,0.3116,,,,
Obesity,ENSG00000135966,TGFBRAP1,transforming growth factor beta receptor associated protein 1,0.19869583744016947,genetic_association,False,False,,,,0.3268,,,,
Obesity,ENSG00000149428,HYOU1,hypoxia up-regulated 1,0.19867063369772062,genetic_association,False,False,0.0412,,,0.3247,,,,
Obesity,ENSG00000219545,UMAD1,UBAP1-MVB12-associated (UMA) domain containing 1,0.19823801546780456,genetic_association,False,False,,,,0.3261,,,,
Obesity,ENSG00000178694,NSUN3,NOP2/Sun RNA methyltransferase 3,0.19645577117612817,genetic_association,False,False,0.0304,,,0.3216,,,,
Obesity,ENSG00000072310,SREBF1,sterol regulatory element binding transcription factor 1,0.1964083679466943,genetic_association;literature,False,False,0.5456,,,0.2488,,,,
Obesity,ENSG00000088538,DOCK3,dedicator of cytokinesis 3,0.196283520257512,genetic_association,False,False,0.0152,,,0.3221,,,,
Obesity,ENSG00000101474,APMAP,adipocyte plasma membrane associated protein,0.19611387480396528,genetic_association;literature,False,False,0.1141,,,0.3169,,,,
Obesity,ENSG00000055955,ITIH4,inter-alpha-trypsin inhibitor heavy chain 4,0.1949013777618197,genetic_association;literature,False,False,0.1025,,,0.3155,,,,
Obesity,ENSG00000168228,ZCCHC4,zinc finger CCHC-type containing 4,0.19474766926722165,genetic_association,False,False,0.0152,,,0.3196,,,,
Obesity,ENSG00000244219,TMEM225B,transmembrane protein 225B,0.19465630695831468,genetic_association,False,False,,,,0.3202,,,,
Obesity,ENSG00000060237,WNK1,WNK lysine deficient protein kinase 1,0.19454163629133725,genetic_association;literature,False,False,0.1693,,,0.3115,,,,
Obesity,ENSG00000198498,TMA16,translation machinery associated 16 homolog,0.1942914239698023,genetic_association,False,False,,,,0.3196,,,,
Obesity,ENSG00000130720,FIBCD1,fibrinogen C domain containing 1,0.19412418226195483,genetic_association,False,False,,,,0.3193,,,,
Obesity,ENSG00000117280,RAB29,"RAB29, member RAS oncogene family",0.19409315230950944,genetic_association,False,False,,,,0.3193,,,,
Obesity,ENSG00000112249,ASCC3,activating signal cointegrator 1 complex subunit 3,0.19404062336368222,genetic_association,False,False,,,,0.3192,,,,
Obesity,ENSG00000166275,BORCS7,BLOC-1 related complex subunit 7,0.19378443097233045,animal_model;genetic_association,False,False,0.0152,0.326,,0.3021,,,,
Obesity,ENSG00000112619,PRPH2,peripherin 2,0.19361699769121643,animal_model;genetic_association,False,False,,0.5591,,0.2905,,,,
Obesity,ENSG00000139350,NEDD1,NEDD1 gamma-tubulin ring complex targeting factor,0.19356360268429088,genetic_association,False,False,0.0228,,,0.3173,,,,
Obesity,ENSG00000160299,PCNT,pericentrin,0.1932374139858051,animal_model;genetic_association,False,False,0.0421,0.4307,,0.2954,,,,
Obesity,ENSG00000214435,AS3MT,arsenite methyltransferase,0.19303091098434477,genetic_association,False,False,0.0553,,,0.3148,,,,
Obesity,ENSG00000138430,OLA1,Obg like ATPase 1,0.19253080407280512,genetic_association,False,False,,,,0.3167,,,,
Obesity,ENSG00000080644,CHRNA3,cholinergic receptor nicotinic alpha 3 subunit,0.19214122358322636,animal_model;genetic_association;literature,False,False,0.1036,0.4055,,0.2935,,,,
Obesity,ENSG00000188107,EYS,EGF-like photoreceptor maintenance factor,0.1915442956520615,genetic_association;literature,False,False,0.1245,,,0.3088,,,,
Obesity,ENSG00000142405,NLRP12,NLR family pyrin domain containing 12,0.19151572617526438,genetic_association;literature,False,False,0.2119,,,0.3044,,,,
Obesity,ENSG00000172179,PRL,prolactin,0.19151221314098654,animal_model;genetic_association;literature,False,False,0.4894,0.6006,,0.2741,,,,
Obesity,ENSG00000225190,PLEKHM1,pleckstrin homology and RUN domain containing M1,0.19119282071847227,animal_model;genetic_association,False,False,,0.3686,,0.2961,,,,
Obesity,ENSG00000118473,SGIP1,SH3GL interacting endocytic adaptor 1,0.19043327277062133,genetic_association,False,False,0.0903,,,0.3087,,,,
Obesity,ENSG00000018236,CNTN1,contactin 1,0.19015554251709857,genetic_association,False,False,0.0877,,,0.3084,,,,
Obesity,ENSG00000213625,LEPROT,leptin receptor overlapping transcript,0.18981258058931946,genetic_association;literature,False,False,0.5028,,,0.2393,,,,
Obesity,ENSG00000120992,LYPLA1,lysophospholipase 1,0.18976477337656297,genetic_association,False,False,,,,0.3121,,,,
Obesity,ENSG00000079102,RUNX1T1,RUNX1 partner transcriptional co-repressor 1,0.1895295221543533,genetic_association;literature,False,False,0.1389,,,0.3048,,,,
Obesity,ENSG00000152430,BOLL,boule RNA binding protein,0.18937143350733823,genetic_association,False,False,,,,0.3115,,,,
Obesity,ENSG00000143363,PRUNE1,prune exopolyphosphatase 1,0.18914880753951982,genetic_association,False,False,,,,0.3111,,,,
Obesity,ENSG00000267467,APOC4,apolipoprotein C4,0.18896366672972473,animal_model;genetic_association,False,False,0.0433,0.4133,,0.2892,,,,
Obesity,ENSG00000131196,NFATC1,nuclear factor of activated T cells 1,0.18882974753371137,genetic_association,False,False,0.084,,,0.3064,,,,
Obesity,ENSG00000077458,FAM76B,family with sequence similarity 76 member B,0.18882679235441518,genetic_association,False,False,,,,0.3106,,,,
Obesity,ENSG00000117153,KLHL12,kelch like family member 12,0.18875306854402435,genetic_association,False,False,0.0228,,,0.3093,,,,
Obesity,ENSG00000143013,LMO4,LIM domain only 4,0.1887526823295321,animal_model;genetic_association,False,False,0.0181,0.3401,,0.2931,,,,
Obesity,ENSG00000204334,ERICH2,glutamate rich 2,0.18828572401561774,genetic_association,False,False,,,,0.3097,,,,
Obesity,ENSG00000076003,MCM6,minichromosome maintenance complex component 6,0.1874381020572873,genetic_association,False,False,0.0534,,,0.3057,,,,
Obesity,ENSG00000157637,SLC38A10,solute carrier family 38 member 10,0.18713902311806116,animal_model;genetic_association,False,False,,0.3439,,0.2906,,,,
Obesity,ENSG00000097007,ABL1,"ABL proto-oncogene 1, non-receptor tyrosine kinase",0.1871078097382741,clinical,True,False,0.0763,,0.304,,,,,
Obesity,ENSG00000035720,STAP1,signal transducing adaptor family member 1,0.1870805792114923,genetic_association,False,False,,,,0.3077,,,,
Obesity,ENSG00000157216,SSBP3,single stranded DNA binding protein 3,0.1870651371096481,genetic_association,False,False,,,,0.3077,,,,
Obesity,ENSG00000116783,TNNI3K,TNNI3 interacting kinase,0.1868882141946136,animal_model;genetic_association;literature,False,False,0.1315,0.4828,,0.2804,,,,
Obesity,ENSG00000104728,ARHGEF10,Rho guanine nucleotide exchange factor 10,0.18666948006082712,genetic_association,False,False,,,,0.3071,,,,
Obesity,ENSG00000075035,WSCD2,WSC domain sialate O sulfotransferase 2,0.18647498888082376,genetic_association,False,False,,,,0.3067,,,,
Obesity,ENSG00000110075,PPP6R3,protein phosphatase 6 regulatory subunit 3,0.18632198668924296,genetic_association;literature,False,False,0.2424,,,0.2944,,,,
Obesity,ENSG00000106976,DNM1,dynamin 1,0.18624949467974078,animal_model;genetic_association,False,False,,0.2646,,0.2931,,,,
Obesity,ENSG00000162621,LRRC53,leucine rich repeat containing 53,0.1859967600937714,genetic_association,False,False,,,,0.306,,,,
Obesity,ENSG00000177143,CETN1,centrin 1,0.18597824165757784,animal_model;genetic_association;literature,False,False,0.1465,0.2641,,0.2895,,,,
Obesity,ENSG00000198727,MT-CYB,mitochondrially encoded cytochrome b,0.18586927132882536,genetic_association,False,False,0.0355,,,0.304,,,,
Obesity,ENSG00000188385,JAKMIP3,Janus kinase and microtubule interacting protein 3,0.18584998688090404,genetic_association;literature,False,False,0.228,,,0.2943,,,,
Obesity,ENSG00000173114,LRRN3,leucine rich repeat neuronal 3,0.18554841871282046,genetic_association,False,False,,,,0.3052,,,,
Obesity,ENSG00000167139,TBC1D21,TBC1 domain family member 21,0.18451782913695938,genetic_association,False,False,,,,0.3035,,,,
Obesity,ENSG00000110786,PTPN5,protein tyrosine phosphatase non-receptor type 5,0.18439158279506346,genetic_association,False,False,,,,0.3033,,,,
Obesity,ENSG00000130208,APOC1,apolipoprotein C1,0.18422276961873807,animal_model;genetic_association;literature,False,False,0.2374,0.3836,,0.2786,,,,
Obesity,ENSG00000115602,IL33R,interleukin 33 receptor,0.18391193601867517,genetic_association;literature,False,False,0.3907,,,0.283,,,,
Obesity,ENSG00000105778,AVL9,AVL9 cell migration associated,0.18380440843749302,genetic_association,False,False,,,,0.3023,,,,
Obesity,ENSG00000106049,HIBADH,3-hydroxyisobutyrate dehydrogenase,0.1837061453227805,genetic_association,False,False,0.0952,,,0.2974,,,,
Obesity,ENSG00000196141,SPATS2L,spermatogenesis associated serine rich 2 like,0.18356462189399175,genetic_association,False,False,0.038,,,0.3001,,,,
Obesity,ENSG00000145934,TENM2,teneurin transmembrane protein 2,0.18292721781138568,genetic_association;literature,False,False,0.1498,,,0.2934,,,,
Obesity,ENSG00000164604,GPR85,G protein-coupled receptor 85,0.1828644693307029,genetic_association,False,False,0.0152,,,0.3,,,,
Obesity,ENSG00000171853,TRAPPC12,trafficking protein particle complex subunit 12,0.18285008213778686,genetic_association,False,False,,,,0.3008,,,,
Obesity,ENSG00000170989,S1PR1,sphingosine-1-phosphate receptor 1,0.18229372235148172,genetic_association;literature,False,False,0.1735,,,0.2912,,,,
Obesity,ENSG00000132872,SYT4,synaptotagmin 4,0.1817340967176456,genetic_association;literature,False,False,0.1042,,,0.2937,,,,
Obesity,ENSG00000143469,SYT14,synaptotagmin 14,0.18129853640427496,genetic_association,False,False,,,,0.2982,,,,
Obesity,ENSG00000133773,CCDC59,coiled-coil domain containing 59,0.18090616162817125,genetic_association,False,False,,,,0.2976,,,,
Obesity,ENSG00000139220,PPFIA2,PPFI scaffold protein A2,0.1808380820051335,genetic_association,False,False,,,,0.2975,,,,
Obesity,ENSG00000268696,ZNF723,zinc finger protein 723,0.18001905583314062,genetic_association,False,False,,,,0.2961,,,,
Obesity,ENSG00000129910,CDH15,cadherin 15,0.17971018075324288,genetic_association,False,False,,,,0.2956,,,,
Obesity,ENSG00000167191,GPRC5B,G protein-coupled receptor class C group 5 member B,0.17921943543567562,genetic_association;literature,False,False,0.3064,,,0.2795,,,,
Obesity,ENSG00000119042,SATB2,SATB homeobox 2,0.17909084503618886,animal_model;genetic_association,False,False,0.0382,0.2759,,0.2799,,,,
Obesity,ENSG00000163320,CGGBP1,CGG triplet repeat binding protein 1,0.17886298174042708,genetic_association,False,False,,,,0.2942,,,,
Obesity,ENSG00000125107,CNOT1,CCR4-NOT transcription complex subunit 1,0.17879336928868747,genetic_association,False,False,,,,0.2941,,,,
Obesity,ENSG00000145687,SSBP2,single stranded DNA binding protein 2,0.17779549229661903,genetic_association,False,False,,,,0.2925,,,,
Obesity,ENSG00000197275,RAD54B,RAD54 homolog B,0.1776017721202741,genetic_association,False,False,,,,0.2921,,,,
Obesity,ENSG00000109536,FRG1,FSHD region gene 1,0.17738524124997812,genetic_association,False,False,,,,0.2918,,,,
Obesity,ENSG00000170743,SYT9,synaptotagmin 9,0.17736689136290792,genetic_association,False,False,,,,0.2918,,,,
Obesity,ENSG00000131668,BARX1,BARX homeobox 1,0.17725610959210567,genetic_association,False,False,0.0152,,,0.2908,,,,
Obesity,ENSG00000141582,CBX4,chromobox 4,0.177227537958819,genetic_association,False,False,,,,0.2915,,,,
Obesity,ENSG00000196091,MYBPC1,myosin binding protein C1,0.1772001673289454,genetic_association,False,False,,,,0.2915,,,,
Obesity,ENSG00000196277,GRM7,glutamate metabotropic receptor 7,0.17699116576617133,genetic_association;literature,False,False,0.1635,,,0.283,,,,
Obesity,ENSG00000110975,SYT10,synaptotagmin 10,0.17689761876240026,genetic_association,False,False,,,,0.291,,,,
Obesity,ENSG00000164651,SP8,Sp8 transcription factor,0.17685543032169074,animal_model;genetic_association,False,False,,0.4599,,0.2679,,,,
Obesity,ENSG00000198894,CIPC,CLOCK interacting pacemaker,0.17633244676875484,genetic_association,False,False,,,,0.2901,,,,
Obesity,ENSG00000146576,INTS15,integrator complex subunit 15,0.17624976999311925,animal_model;genetic_association,False,False,,0.5702,,0.2614,,,,
Obesity,ENSG00000143919,CAMKMT,calmodulin-lysine N-methyltransferase,0.1756669115645051,genetic_association,False,False,0.0228,,,0.2878,,,,
Obesity,ENSG00000198042,MAK16,MAK16 homolog,0.17507863465334586,genetic_association,False,False,,,,0.288,,,,
Obesity,ENSG00000066855,MTFR1,mitochondrial fission regulator 1,0.17481843789906962,genetic_association,False,False,,,,0.2876,,,,
Obesity,ENSG00000108511,HOXB6,homeobox B6,0.1747843763648286,genetic_association,False,False,,,,0.2875,,,,
Obesity,ENSG00000079841,RIMS1,regulating synaptic membrane exocytosis 1,0.17462135509123325,genetic_association,False,False,0.038,,,0.2853,,,,
Obesity,ENSG00000225968,ELFN1,extracellular leucine rich repeat and fibronectin type III domain containing 1,0.17462084042306325,genetic_association,False,False,0.0257,,,0.286,,,,
Obesity,ENSG00000187672,ERC2,ELKS/RAB6-interacting/CAST family member 2,0.17448574199235464,genetic_association,False,False,0.081,,,0.283,,,,
Obesity,ENSG00000126777,KTN1,kinectin 1,0.1744276716568841,genetic_association,False,False,0.0152,,,0.2862,,,,
Obesity,ENSG00000136379,ABHD17C,"abhydrolase domain containing 17C, depalmitoylase",0.1740998735037678,genetic_association,False,False,,,,0.2864,,,,
Obesity,ENSG00000126091,ST3GAL3,"ST3 beta-galactoside alpha-2,3-sialyltransferase 3",0.17396876983882387,genetic_association,False,False,,,,0.2862,,,,
Obesity,ENSG00000177613,CSTF2T,cleavage stimulation factor subunit 2 tau variant,0.17387943254348992,genetic_association,False,False,,,,0.286,,,,
Obesity,ENSG00000152034,MCHR2,melanin concentrating hormone receptor 2,0.1738344314411977,genetic_association;literature,False,False,0.2588,,,0.273,,,,
Obesity,ENSG00000181449,SOX2,SRY-box transcription factor 2,0.1736252304483015,animal_model;genetic_association,False,False,0.0482,0.4817,,0.2604,,,,
Obesity,ENSG00000175857,GAPT,"GRB2 binding adaptor protein, transmembrane",0.17345968713751256,genetic_association,False,False,,,,0.2853,,,,
Obesity,ENSG00000167114,SLC27A4,solute carrier family 27 member 4,0.1734108635085721,animal_model;genetic_association;literature,False,False,0.3427,0.3308,,0.2608,,,,
Obesity,ENSG00000198535,C2CD4A,C2 calcium dependent domain containing 4A,0.17317896470548486,genetic_association,False,False,,,,0.2849,,,,
Obesity,ENSG00000111530,CAND1,cullin associated and neddylation dissociated 1,0.17312623995073448,genetic_association,False,False,0.0304,,,0.2833,,,,
Obesity,ENSG00000149972,CNTN5,contactin 5,0.172779617657631,genetic_association,False,False,0.0249,,,0.283,,,,
Obesity,ENSG00000105229,PIAS4,protein inhibitor of activated STAT 4,0.17270734176763436,genetic_association,False,False,,,,0.2841,,,,
Obesity,ENSG00000166377,ATP9B,ATPase phospholipid transporting 9B,0.1726146180223031,genetic_association,False,False,,,,0.2839,,,,
Obesity,ENSG00000088386,SLC15A1,solute carrier family 15 member 1,0.172358635300753,genetic_association;literature,False,False,0.2524,,,0.2709,,,,
Obesity,ENSG00000055147,FAM114A2,family with sequence similarity 114 member A2,0.17217413903021508,genetic_association,False,False,,,,0.2832,,,,
Obesity,ENSG00000148948,LRRC4C,leucine rich repeat containing 4C,0.1720224922608811,genetic_association,False,False,,,,0.283,,,,
Obesity,ENSG00000164151,ICE1,interactor of little elongation complex ELL subunit 1,0.17200168837930957,genetic_association,False,False,0.076,,,0.2791,,,,
Obesity,ENSG00000120053,GOT1,glutamic-oxaloacetic transaminase 1,0.17192908705690663,genetic_association,False,False,0.0644,,,0.2796,,,,
Obesity,ENSG00000142973,CYP4B1,cytochrome P450 family 4 subfamily B member 1,0.17158108317550774,animal_model;genetic_association,False,False,0.0152,0.3504,,0.2644,,,,
Obesity,ENSG00000203965,EFCAB7,EF-hand calcium binding domain 7,0.17150756094610384,genetic_association,False,False,,,,0.2821,,,,
Obesity,ENSG00000163431,LMOD1,leiomodin 1,0.17148939573276703,genetic_association,False,False,0.038,,,0.2802,,,,
Obesity,ENSG00000145740,SLC30A5,solute carrier family 30 member 5,0.1714284747728621,genetic_association,False,False,0.0181,,,0.2811,,,,
Obesity,ENSG00000164751,PEX2,peroxisomal biogenesis factor 2,0.17139870742539434,animal_model;genetic_association,False,False,0.038,0.3923,,0.2615,,,,
Obesity,ENSG00000143333,RGS16,regulator of G protein signaling 16,0.17138540092359747,genetic_association,False,False,,,,0.2819,,,,
Obesity,ENSG00000196296,ATP2A1,ATPase sarcoplasmic/endoplasmic reticulum Ca2+ transporting 1,0.17117839294881856,genetic_association,False,False,0.0878,,,0.2772,,,,
Obesity,ENSG00000172346,CSDC2,cold shock domain containing C2,0.1710179421097676,genetic_association,False,False,,,,0.2813,,,,
Obesity,ENSG00000106536,POU6F2,POU class 6 homeobox 2,0.1708249759872387,genetic_association,False,False,0.038,,,0.2791,,,,
Obesity,ENSG00000143443,C1orf56,chromosome 1 open reading frame 56,0.17061385756262482,genetic_association,False,False,,,,0.2806,,,,
Obesity,ENSG00000171150,SOCS5,suppressor of cytokine signaling 5,0.17053260385514746,genetic_association,False,False,0.0152,,,0.2798,,,,
Obesity,ENSG00000167757,KLK11,kallikrein related peptidase 11,0.17030055766032484,genetic_association,False,False,0.0409,,,0.2781,,,,
Obesity,ENSG00000172497,ACOT12,acyl-CoA thioesterase 12,0.1702266141603963,animal_model;genetic_association,False,False,,0.344,,0.2628,,,,
Obesity,ENSG00000122034,GTF3A,general transcription factor IIIA,0.16990906115863427,genetic_association,False,False,0.038,,,0.2776,,,,
Obesity,ENSG00000178809,TRIM73,tripartite motif containing 73,0.16981678657073931,genetic_association,False,False,,,,0.2793,,,,
Obesity,ENSG00000133226,SRRM1,serine and arginine repetitive matrix 1,0.16971598635365517,genetic_association,False,False,0.038,,,0.2773,,,,
Obesity,ENSG00000183023,SLC8A1,solute carrier family 8 member A1,0.16964497407459725,genetic_association,False,False,0.0846,,,0.2748,,,,
Obesity,ENSG00000119408,NEK6,NIMA related kinase 6,0.1694441588562149,genetic_association,False,False,0.0834,,,0.2746,,,,
Obesity,ENSG00000119906,SLF2,SMC5/6 complex localization factor 2,0.16909660084002853,genetic_association,False,False,,,,0.2782,,,,
Obesity,ENSG00000182700,IGIP,IgA inducing protein,0.16897150962682794,genetic_association,False,False,,,,0.2779,,,,
Obesity,ENSG00000173436,MICOS10,mitochondrial contact site and cristae organizing system subunit 10,0.16888772355783457,genetic_association,False,False,,,,0.2778,,,,
Obesity,ENSG00000248333,CDK11B,cyclin dependent kinase 11B,0.16878857248736281,genetic_association,False,False,,,,0.2776,,,,
Obesity,ENSG00000224877,NDUFAF8,NADH:ubiquinone oxidoreductase complex assembly factor 8,0.16871532713981366,genetic_association,False,False,,,,0.2775,,,,
Obesity,ENSG00000170180,GYPA,glycophorin A (MNS blood group),0.1685946026190971,genetic_association;literature,False,False,0.1522,,,0.2697,,,,
Obesity,ENSG00000154646,TMPRSS15,transmembrane serine protease 15,0.16824882353248746,genetic_association;literature,False,False,0.2232,,,0.2656,,,,
Obesity,ENSG00000145632,PLK2,polo like kinase 2,0.16800416437963264,genetic_association,False,False,,,,0.2764,,,,
Obesity,ENSG00000144642,RBMS3,RNA binding motif single stranded interacting protein 3,0.16775048258791272,genetic_association,False,False,0.0152,,,0.2752,,,,
Obesity,ENSG00000185924,RTN4RL1,reticulon 4 receptor like 1,0.16756951657437197,genetic_association,False,False,,,,0.2756,,,,
Obesity,ENSG00000235568,NFAM1,NFAT activating protein with ITAM motif 1,0.16703874664158336,genetic_association,False,False,,,,0.2748,,,,
Obesity,ENSG00000143207,COP1,COP1 E3 ubiquitin ligase,0.1656065653508604,genetic_association,False,False,0.0553,,,0.2696,,,,
Obesity,ENSG00000153815,CMIP,c-Maf inducing protein,0.165083508179172,genetic_association;literature,False,False,0.2723,,,0.2579,,,,
Obesity,ENSG00000147862,NFIB,nuclear factor I B,0.1650495521662445,animal_model;genetic_association,False,False,,0.2731,,0.2578,,,,
Obesity,ENSG00000114166,KAT2B,lysine acetyltransferase 2B,0.16490826397883135,genetic_association;literature,False,False,0.3047,,,0.256,,,,
Obesity,ENSG00000166510,CCDC68,coiled-coil domain containing 68,0.16438030399870357,genetic_association,False,False,,,,0.2704,,,,
Obesity,ENSG00000103494,RPGRIP1L,RPGRIP1 like,0.16344951691812556,animal_model;genetic_association;literature,False,False,0.2028,0.4155,,0.2436,,,,
Obesity,ENSG00000104112,SCG3,secretogranin III,0.16305343139497974,animal_model;genetic_association;literature,False,False,0.2909,0.4486,,0.2393,,,,
Obesity,ENSG00000148943,LIN7C,lin-7 cell polarity scaffold C,0.1628326793695116,genetic_association,False,False,,,,0.2678,,,,
Obesity,ENSG00000019505,SYT13,synaptotagmin 13,0.16277173747805668,genetic_association,False,False,0.0152,,,0.267,,,,
Obesity,ENSG00000131409,LRRC4B,leucine rich repeat containing 4B,0.16263518519810707,animal_model;genetic_association,False,False,,0.2979,,0.2526,,,,
Obesity,ENSG00000153006,SREK1IP1,SREK1 interacting protein 1,0.16246427179284653,genetic_association,False,False,,,,0.2672,,,,
Obesity,ENSG00000240563,L1TD1,LINE1 type transposase domain containing 1,0.1622555760820141,genetic_association;literature,False,False,0.1368,,,0.2601,,,,
Obesity,ENSG00000196511,TPK1,thiamin pyrophosphokinase 1,0.1617277635430297,genetic_association,False,False,0.0243,,,0.2648,,,,
Obesity,ENSG00000162616,DNAJB4,DnaJ heat shock protein family (Hsp40) member B4,0.1617275273879928,animal_model;genetic_association,False,False,0.0152,0.5931,,0.236,,,,
Obesity,ENSG00000122035,RASL11A,RAS like family 11 member A,0.16158525052189127,genetic_association,False,False,,,,0.2658,,,,
Obesity,ENSG00000010438,PRSS3,serine protease 3,0.16111743194068598,genetic_association,False,False,0.0441,,,0.2628,,,,
Obesity,ENSG00000108947,EFNB3,ephrin B3,0.16097614661740797,genetic_association,False,False,,,,0.2648,,,,
Obesity,ENSG00000187416,LHFPL3,LHFPL tetraspan subfamily member 3,0.16083891677768106,genetic_association;literature,False,False,0.114,,,0.2589,,,,
Obesity,ENSG00000103037,SETD6,"SET domain containing 6, protein lysine methyltransferase",0.1606887935539179,genetic_association,False,False,,,,0.2643,,,,
Obesity,ENSG00000103061,SLC7A6OS,solute carrier family 7 member 6 opposite strand,0.16017007330687644,genetic_association,False,False,,,,0.2635,,,,
Obesity,ENSG00000148842,CNNM2,cyclin and CBS domain divalent metal cation transport mediator 2,0.15988722666732127,genetic_association,False,False,0.077,,,0.2592,,,,
Obesity,ENSG00000143971,ETAA1,ETAA1 activator of ATR kinase,0.1597626233189742,genetic_association,False,False,0.0165,,,0.262,,,,
Obesity,ENSG00000124193,SRSF6,serine and arginine rich splicing factor 6,0.15962746978965173,genetic_association,False,False,0.0456,,,0.2603,,,,
Obesity,ENSG00000133874,RNF122,ring finger protein 122,0.15955803545811445,genetic_association,False,False,,,,0.2625,,,,
Obesity,ENSG00000221955,SLC12A8,solute carrier family 12 member 8,0.1595571205521304,genetic_association,False,False,0.0228,,,0.2613,,,,
Obesity,ENSG00000115604,IL18R1,interleukin 18 receptor 1,0.15940399797496152,genetic_association;literature,False,False,0.4922,,,0.2376,,,,
Obesity,ENSG00000162878,PKDCC,"protein kinase domain containing, cytoplasmic",0.15874871853894582,animal_model;genetic_association,False,False,,0.4578,,0.2382,,,,
Obesity,ENSG00000158092,NCK1,NCK adaptor protein 1,0.15824299880316955,genetic_association,False,False,0.0831,,,0.2561,,,,
Obesity,ENSG00000216490,IFI30,IFI30 lysosomal thiol reductase,0.1580774358915118,genetic_association;literature,False,False,0.1241,,,0.2538,,,,
Obesity,ENSG00000081803,CADPS2,calcium dependent secretion activator 2,0.15793535224598385,genetic_association,False,False,,,,0.2598,,,,
Obesity,ENSG00000119523,ALG2,"ALG2 alpha-1,3/1,6-mannosyltransferase",0.1574881097831558,animal_model;genetic_association,False,False,,0.3996,,0.2391,,,,
Obesity,ENSG00000182463,TSHZ2,teashirt zinc finger homeobox 2,0.1572623057038071,genetic_association,False,False,0.038,,,0.2568,,,,
Obesity,ENSG00000182447,OTOL1,otolin 1,0.15713542493604366,genetic_association,False,False,,,,0.2585,,,,
Obesity,ENSG00000113532,ST8SIA4,"ST8 alpha-N-acetyl-neuraminide alpha-2,8-sialyltransferase 4",0.1568959846833284,genetic_association,False,False,0.0152,,,0.2573,,,,
Obesity,ENSG00000140873,ADAMTS18,ADAM metallopeptidase with thrombospondin type 1 motif 18,0.1568449411081743,genetic_association;literature,False,False,0.4612,,,0.2349,,,,
Obesity,ENSG00000157445,CACNA2D3,calcium voltage-gated channel auxiliary subunit alpha2delta 3,0.15664551158854806,genetic_association,False,False,,,0.0304,0.2501,,,,
Obesity,ENSG00000148204,CRB2,crumbs cell polarity complex component 2,0.1563338846069021,genetic_association,False,False,0.038,,,0.2051,,,,
Obesity,ENSG00000198626,RYR2,ryanodine receptor 2,0.1550117706852181,genetic_association;literature,False,False,0.1114,,,0.2494,,,,
Obesity,ENSG00000182346,DAOA,D-amino acid oxidase activator,0.15493422711421878,genetic_association,False,False,0.038,,,0.253,,,,
Obesity,ENSG00000186666,BCDIN3D,BCDIN3 domain containing RNA methyltransferase,0.15492085842480635,genetic_association;literature,False,False,0.1562,,,0.247,,,,
Obesity,ENSG00000165392,WRN,WRN RecQ like helicase,0.1548043553022167,animal_model;genetic_association,False,False,0.046,0.5221,,0.2275,,,,
Obesity,ENSG00000263155,MYZAP,myocardial zonula adherens protein,0.1546282536515178,genetic_association,False,False,0.0152,,,0.2536,,,,
Obesity,ENSG00000186260,MRTFB,myocardin related transcription factor B,0.15457347890818313,genetic_association,False,False,,,,0.2543,,,,
Obesity,ENSG00000121440,PDZRN3,PDZ domain containing ring finger 3,0.15453641546507899,genetic_association,False,False,0.0249,,,0.253,,,,
Obesity,ENSG00000180269,GPR139,G protein-coupled receptor 139,0.1545357658256572,genetic_association,False,False,,,,0.2542,,,,
Obesity,ENSG00000174059,CD34,CD34 molecule,0.1541895581941821,genetic_association;literature,False,False,0.7899,,,0.2141,,,,
Obesity,ENSG00000162669,HFM1,helicase for meiosis 1,0.1533975220996975,genetic_association,False,False,,,,0.2523,,,,
Obesity,ENSG00000204764,RANBP17,RAN binding protein 17,0.1531003993184216,genetic_association,False,False,,,,0.2518,,,,
Obesity,ENSG00000170961,HAS2,hyaluronan synthase 2,0.1525648372624608,genetic_association;literature,False,False,0.1136,,,0.2453,,,,
Obesity,ENSG00000166446,CDYL2,chromodomain Y like 2,0.15185034905836262,genetic_association,False,False,,,,0.2498,,,,
Obesity,ENSG00000149564,ESAM,endothelial cell adhesion molecule,0.15154177653195036,genetic_association,False,False,0.0617,,,0.2462,,,,
Obesity,ENSG00000215474,SKOR2,SKI family transcriptional corepressor 2,0.15119691288409415,genetic_association,False,False,0.0152,,,0.2479,,,,
Obesity,ENSG00000196821,ILRUN,inflammation and lipid regulator with UBA-like and NBR1-like domains,0.15111769878053344,animal_model;genetic_association,False,False,0.0906,0.4612,,0.2235,,,,
Obesity,ENSG00000137802,MAPKBP1,mitogen-activated protein kinase binding protein 1,0.15078727624170196,genetic_association,False,False,0.038,,,0.2461,,,,
Obesity,ENSG00000164438,TLX3,T cell leukemia homeobox 3,0.1506414944665999,animal_model;genetic_association,False,False,,0.2529,,0.2351,,,,
Obesity,ENSG00000041988,THAP3,THAP domain containing 3,0.15058689450196217,genetic_association,False,False,,,,0.2477,,,,
Obesity,ENSG00000157093,LYZL4,lysozyme like 4,0.15034450456670306,genetic_association,False,False,,,,0.2473,,,,
Obesity,ENSG00000197959,DNM3,dynamin 3,0.14990397180310877,genetic_association,False,False,0.0697,,,0.2431,,,,
Obesity,ENSG00000204335,SP5,Sp5 transcription factor,0.14937152823921684,genetic_association,False,False,,,,0.2457,,,,
Obesity,ENSG00000177468,OLIG3,oligodendrocyte transcription factor 3,0.14849509577825978,genetic_association,False,False,0.0152,,,0.2435,,,,
Obesity,ENSG00000172817,CYP7B1,cytochrome P450 family 7 subfamily B member 1,0.14842797762029739,genetic_association,False,False,0.0457,,,0.2419,,,,
Obesity,ENSG00000151025,GPR158,G protein-coupled receptor 158,0.14842501960487675,genetic_association;literature,False,False,0.2657,,,0.2309,,,,
Obesity,ENSG00000221887,HMSD,histocompatibility minor serpin domain containing,0.14793329801481553,genetic_association,False,False,,,,0.2433,,,,
Obesity,ENSG00000186951,PPARA,peroxisome proliferator activated receptor alpha,0.14783580050667489,animal_model;clinical;literature,False,False,0.9267,0.6259,0.1757,,,,,
Obesity,ENSG00000174943,KCTD13,potassium channel tetramerization domain containing 13,0.14775723469286497,animal_model;genetic_association,False,False,0.0268,0.3878,,0.2231,,,,
Obesity,ENSG00000111879,FAM184A,family with sequence similarity 184 member A,0.1476353932155432,genetic_association,False,False,,,,0.2428,,,,
Obesity,ENSG00000128610,FEZF1,FEZ family zinc finger 1,0.1468399403702629,genetic_association;literature,False,False,0.2812,,,0.2275,,,,
Obesity,ENSG00000198914,POU3F3,POU class 3 homeobox 3,0.1467713404298991,genetic_association,False,False,,,,0.2414,,,,
Obesity,ENSG00000131096,PYY,peptide YY,0.14570932518022925,animal_model;genetic_association;literature,False,False,0.8876,0.5815,,0.1824,,,,
Obesity,ENSG00000134313,KIDINS220,kinase D interacting substrate 220,0.14501028313266678,genetic_association;literature,False,False,0.8799,,,0.1945,,,,
Obesity,ENSG00000118557,PMFBP1,polyamine modulated factor 1 binding protein 1,0.14472910979451628,genetic_association,False,False,0.038,,,0.2362,,,,
Obesity,ENSG00000198719,DLL1,delta like canonical Notch ligand 1,0.1444446653399802,animal_model;genetic_association,False,False,0.0764,0.4358,,0.2141,,,,
Obesity,ENSG00000126215,XRCC3,X-ray repair cross complementing 3,0.1444244355831231,genetic_association,False,False,,,,0.2376,,,,
Obesity,ENSG00000171720,HDAC3,histone deacetylase 3,0.14439028447449312,genetic_association;literature,False,False,0.3596,,,0.2195,,,,
Obesity,ENSG00000071073,MGAT4A,"alpha-1,3-mannosyl-glycoprotein 4-beta-N-acetylglucosaminyltransferase A",0.144373634489774,animal_model;genetic_association,False,False,,0.577,,0.2086,,,,
Obesity,ENSG00000145536,ADAMTS16,ADAM metallopeptidase with thrombospondin type 1 motif 16,0.14429880923831187,genetic_association,False,False,0.0152,,,0.2366,,,,
Obesity,ENSG00000169057,MECP2,methyl-CpG binding protein 2,0.14422202376155785,animal_model;genetic_association;literature,False,False,0.4161,0.669,,0.1945,,,,
Obesity,ENSG00000183625,CCR3,C-C motif chemokine receptor 3,0.14399665500975947,genetic_association;literature,False,False,0.437,,,0.215,,,,
Obesity,ENSG00000163141,BNIPL,BCL2 interacting protein like,0.1439682134433494,genetic_association,False,False,,,,0.2368,,,,
Obesity,ENSG00000047579,DTNBP1,dystrobrevin binding protein 1,0.1438716071255239,genetic_association,False,False,0.0152,,,0.2359,,,,
Obesity,ENSG00000128915,ICE2,interactor of little elongation complex ELL subunit 2,0.14386852817748572,genetic_association,False,False,,,,0.2367,,,,
Obesity,ENSG00000163637,PRICKLE2,prickle planar cell polarity protein 2,0.1436940665710941,genetic_association,False,False,,,,0.2364,,,,
Obesity,ENSG00000140030,GPR65,G protein-coupled receptor 65,0.14361636938150432,genetic_association;literature,False,False,0.4748,,,0.2125,,,,
Obesity,ENSG00000152127,MGAT5,"alpha-1,6-mannosylglycoprotein 6-beta-N-acetylglucosaminyltransferase",0.14360976326878927,genetic_association,False,False,0.0152,,,0.2355,,,,
Obesity,ENSG00000171385,KCND3,potassium voltage-gated channel subfamily D member 3,0.14335019965780138,genetic_association,False,False,0.053,,,0.2329,0.0123,,,
Obesity,ENSG00000206560,ANKRD28,ankyrin repeat domain 28,0.143322266578332,genetic_association,False,False,,,,0.2358,,,,
Obesity,ENSG00000147883,CDKN2B,cyclin dependent kinase inhibitor 2B,0.14321273485776118,genetic_association;literature,False,False,0.2625,,,0.2224,,,,
Obesity,ENSG00000178764,ZHX2,zinc fingers and homeoboxes 2,0.14308471021798438,genetic_association,False,False,0.0304,,,0.2338,,,,
Obesity,ENSG00000144407,PTH2R,parathyroid hormone 2 receptor,0.14283242107915833,genetic_association,False,False,0.0228,,,0.2338,,,,
Obesity,ENSG00000196581,AJAP1,adherens junctions associated protein 1,0.14281628992033027,genetic_association,False,False,,,,0.2349,,,,
Obesity,ENSG00000138801,PAPSS1,3'-phosphoadenosine 5'-phosphosulfate synthase 1,0.14278857784597937,genetic_association,False,False,,,,0.2349,,,,
Obesity,ENSG00000114416,FXR1,FMR1 autosomal homolog 1,0.14277762315064219,genetic_association,False,False,0.0152,,,0.2341,,,,
Obesity,ENSG00000248483,POU5F2,"POU domain class 5, transcription factor 2",0.14257367709770405,genetic_association,False,False,,,,0.2345,,,,
Obesity,ENSG00000152061,RABGAP1L,RAB GTPase activating protein 1 like,0.14254960939243136,genetic_association,False,False,,,,0.2345,,,,
Obesity,ENSG00000111424,VDR,vitamin D receptor,0.14239729144551658,animal_model;clinical;literature,False,False,0.926,0.485,0.153,,,,,
Obesity,ENSG00000163040,CCDC74A,coiled-coil domain containing 74A,0.14228305277583472,genetic_association,False,False,,,,0.234,,,,
Obesity,ENSG00000188878,FBF1,Fas binding factor 1,0.14189478758666751,animal_model;genetic_association,False,False,0.0429,0.2938,,0.2178,,,,
Obesity,ENSG00000185009,AP3M1,adaptor related protein complex 3 subunit mu 1,0.14185960655229699,genetic_association,False,False,,,,0.2333,,,,
Obesity,ENSG00000118260,CREB1,cAMP responsive element binding protein 1,0.14166504132401217,genetic_association;literature,False,False,0.2782,,,0.2191,,,,
Obesity,ENSG00000241127,YAE1,YAE1 maturation factor of ABCE1,0.14138909858618734,animal_model;genetic_association,False,False,,0.3895,,0.2131,,,,
Obesity,ENSG00000186188,FFAR4,free fatty acid receptor 4,0.14111920166199585,animal_model;genetic_association;literature,False,False,0.5289,0.5017,,0.1945,,,,
Obesity,ENSG00000174460,ZCCHC12,zinc finger CCHC-type containing 12,0.14095350102425552,genetic_association,False,False,,,,0.2319,,,,
Obesity,ENSG00000168944,CEP120,centrosomal protein 120,0.14090865661223073,genetic_association,False,False,0.0477,,,0.2294,,,,
Obesity,ENSG00000124160,NCOA5,nuclear receptor coactivator 5,0.14083191644441717,animal_model;genetic_association,False,False,0.0152,0.3426,,0.2142,,,,
Obesity,ENSG00000166415,WDR72,WD repeat domain 72,0.1407724699771681,genetic_association,False,False,,,,0.2316,,,,
Obesity,ENSG00000144935,TRPC1,transient receptor potential cation channel subfamily C member 1,0.14007025236206638,animal_model;literature,False,False,0.7708,0.9593,,,,,,
Obesity,ENSG00000122687,MRM2,mitochondrial rRNA methyltransferase 2,0.14005465970681666,genetic_association,False,False,,,,0.2304,,,,
Obesity,ENSG00000012504,NR1H4,nuclear receptor subfamily 1 group H member 4,0.13979084815903797,animal_model;clinical;literature,False,False,0.922,0.5109,0.1368,,,,,
Obesity,ENSG00000134852,CLOCK,clock circadian regulator,0.13943443663148333,animal_model;literature,False,False,0.922,0.8992,,,,,,
Obesity,ENSG00000168538,TRAPPC11,trafficking protein particle complex subunit 11,0.13906079718623438,genetic_association,False,False,,,,0.2287,,,,
Obesity,ENSG00000003436,TFPI,tissue factor pathway inhibitor,0.1384339705506713,genetic_association;literature,False,False,0.198,,,0.2178,,,,
Obesity,ENSG00000128849,CGNL1,cingulin like 1,0.1383117451034114,genetic_association,False,False,,,,0.2275,,,,
Obesity,ENSG00000197635,DPP4,dipeptidyl peptidase 4,0.1382361955332807,animal_model;clinical;literature,False,False,0.8889,0.4393,0.1594,,,,,
Obesity,ENSG00000116497,S100PBP,S100P binding protein,0.13809370526881254,genetic_association,False,False,,,,0.2272,,,,
Obesity,ENSG00000165915,SLC39A13,solute carrier family 39 member 13,0.1377589708040447,animal_model;genetic_association;literature,False,False,0.1903,0.4245,,0.2011,,,,
Obesity,ENSG00000111885,MAN1A1,mannosidase alpha class 1A member 1,0.13774489352112962,genetic_association,False,False,0.0456,,,0.2243,,,,
Obesity,ENSG00000154059,IMPACT,impact RWD domain protein,0.1376015015014832,animal_model;genetic_association,False,False,0.076,0.3322,,0.208,,,,
Obesity,ENSG00000116127,ALMS1,ALMS1 centrosome and basal body associated protein,0.13697180267840392,animal_model;literature,False,False,0.6158,0.9726,,,,,,
Obesity,ENSG00000181092,ADIPOQ,"adiponectin, C1Q and collagen domain containing",0.13675048382001975,animal_model;literature,False,False,0.9887,0.5443,,,,,,
Obesity,ENSG00000130513,GDF15,growth differentiation factor 15,0.13652007404340297,animal_model;literature,False,False,0.9804,0.4567,,0.0509,,,,
Obesity,ENSG00000113739,STC2,stanniocalcin 2,0.13629112340732413,animal_model;genetic_association,False,False,0.0771,0.5615,,0.1944,,,,
Obesity,ENSG00000184384,MAML2,mastermind like transcriptional coactivator 2,0.1361642694947841,genetic_association,False,False,0.0304,,,0.2225,,,,
Obesity,ENSG00000150627,WDR17,WD repeat domain 17,0.13615271457309888,genetic_association,False,False,,,,0.224,,,,
Obesity,ENSG00000078674,PCM1,pericentriolar material 1,0.13614278627978418,genetic_association,False,False,0.0749,,,0.2202,,,,
Obesity,ENSG00000074755,ZZEF1,zinc finger ZZ-type and EF-hand domain containing 1,0.13563877454873957,genetic_association,False,False,,,,0.2231,,,,
Obesity,ENSG00000140937,CDH11,cadherin 11,0.13560963756140298,genetic_association,False,False,0.0772,,,0.2192,,,,
Obesity,ENSG00000174437,ATP2A2,ATPase sarcoplasmic/endoplasmic reticulum Ca2+ transporting 2,0.13548718874112653,animal_model;genetic_association;literature,False,False,0.338,0.2534,,0.2003,,,,
Obesity,ENSG00000129158,SERGEF,secretion regulating guanine nucleotide exchange factor,0.1354360887012811,genetic_association,False,False,,,,0.2228,,,,
Obesity,ENSG00000188738,FSIP2,fibrous sheath interacting protein 2,0.1353654096944807,genetic_association,False,False,,,,0.2227,,,,
Obesity,ENSG00000115263,GCG,glucagon,0.13535652085474628,animal_model;literature,False,False,0.9821,0.5248,,,,,,
Obesity,ENSG00000157150,TIMP4,TIMP metallopeptidase inhibitor 4,0.13497136149484887,genetic_association;literature,False,False,0.6317,,,0.1904,,,,
Obesity,ENSG00000164690,SHH,sonic hedgehog signaling molecule,0.13476108263798267,animal_model;genetic_association;literature,False,False,0.1283,0.4856,,0.1945,,,,
Obesity,ENSG00000254647,INS,insulin,0.13467917812720356,animal_model;literature,False,False,0.9916,0.4645,,,,,,
Obesity,ENSG00000111252,SH2B3,SH2B adaptor protein 3,0.1344262716274728,genetic_association;literature,False,False,0.2832,,,0.207,,,,
Obesity,ENSG00000161010,MRNIP,MRN complex interacting protein,0.13425932784612316,genetic_association,False,False,,,,0.2208,,,,
Obesity,ENSG00000204316,MRPL38,mitochondrial ribosomal protein L38,0.13417815974758773,genetic_association,False,False,,,,0.2207,,,,
Obesity,ENSG00000187231,SESTD1,SEC14 and spectrin domain containing 1,0.13412613145696353,genetic_association,False,False,,,,0.2206,,,,
Obesity,ENSG00000135973,GPR45,G protein-coupled receptor 45,0.13412023056708597,animal_model;literature,False,False,0.4491,0.9478,,0.0775,,,,
Obesity,ENSG00000152818,UTRN,utrophin,0.1340011788836827,genetic_association,False,False,0.0173,,,0.2196,,,,
Obesity,ENSG00000085274,MYNN,myoneurin,0.13359351287768878,genetic_association,False,False,0.0608,,,0.2167,,,,
Obesity,ENSG00000116996,ZP4,zona pellucida glycoprotein 4,0.1335234158685071,genetic_association,False,False,,,,0.2196,,,,
Obesity,ENSG00000149218,ENDOD1,endonuclease domain containing 1,0.13347766230854935,genetic_association,False,False,,,,0.2196,,,,
Obesity,ENSG00000150361,KLHL1,kelch like family member 1,0.13347551054748208,genetic_association,False,False,0.0532,,,0.2169,,,,
Obesity,ENSG00000178105,DDX10,DEAD-box helicase 10,0.1333534638827799,animal_model;genetic_association;literature,False,False,0.1368,0.2826,,0.2022,,,,
Obesity,ENSG00000100234,TIMP3,TIMP metallopeptidase inhibitor 3,0.1326086855711917,animal_model;genetic_association;literature,False,False,0.2765,0.3209,,0.1959,,,,
Obesity,ENSG00000104442,ARMC1,armadillo repeat containing 1,0.13260045840336032,genetic_association,False,False,,,,0.2181,,,,
Obesity,ENSG00000105550,FGF21,fibroblast growth factor 21,0.132532234669919,animal_model;literature,False,False,0.957,0.5322,,,,,,
Obesity,ENSG00000286131,ENSG00000286131,novel protein,0.1323616785703502,genetic_association,False,False,,,,0.2177,,,,
Obesity,ENSG00000138379,MSTN,myostatin,0.13219834656471796,animal_model;clinical;literature,False,False,0.8186,0.6323,0.1587,,,,,
Obesity,ENSG00000107862,GBF1,golgi brefeldin A resistant guanine nucleotide exchange factor 1,0.1316570632049577,animal_model;genetic_association,False,False,,0.3313,,0.2,,,,
Obesity,ENSG00000167074,TEF,"TEF transcription factor, PAR bZIP family member",0.13156082801412444,genetic_association;literature,False,False,0.1573,,,0.2085,,,,
Obesity,ENSG00000232810,TNF,tumor necrosis factor,0.13149190508018138,animal_model;literature,False,False,0.9313,0.6007,,,,,,
Obesity,ENSG00000120075,HOXB5,homeobox B5,0.13136945536478098,genetic_association;literature,False,False,0.1928,,,0.2065,,,,
Obesity,ENSG00000179889,PDXDC1,pyridoxal dependent decarboxylase domain containing 1,0.1313462192360619,genetic_association,False,False,0.0456,,,0.2138,,,,
Obesity,ENSG00000126524,SBDS,SBDS ribosome maturation factor,0.13133795092704903,genetic_association,False,False,,,,0.216,,,,
Obesity,ENSG00000130600,H19,H19 imprinted maternally expressed transcript,0.1313135060718387,animal_model;literature,False,False,0.5585,0.9404,,,,,,
Obesity,ENSG00000103034,NDRG4,NDRG family member 4,0.1310348473602514,genetic_association;literature,False,False,0.7599,,,0.1775,,,,
Obesity,ENSG00000135218,CD36,CD36 molecule (CD36 blood group),0.13086906727382547,animal_model;literature,False,False,0.9576,0.475,,,,,,
Obesity,ENSG00000198959,TGM2,transglutaminase 2,0.13066798420868,animal_model;literature,False,False,0.7988,0.875,,,,,,
Obesity,ENSG00000108557,RAI1,retinoic acid induced 1,0.130467882095385,animal_model;genetic_association;literature,False,False,0.4228,0.57,,0.1767,,,,
Obesity,ENSG00000113580,NR3C1,nuclear receptor subfamily 3 group C member 1,0.13041691134834102,animal_model;literature,False,False,0.9053,0.5295,0.063,,,,,
Obesity,ENSG00000157557,ETS2,"ETS proto-oncogene 2, transcription factor",0.13038162088527133,genetic_association,False,False,0.0844,,,0.2102,,,,
Obesity,ENSG00000157881,PANK4,pantothenate kinase 4 (inactive),0.1303766998926433,animal_model;genetic_association,False,False,,0.4207,,0.1934,,,,
Obesity,ENSG00000132911,NMUR2,neuromedin U receptor 2,0.1301687887883553,genetic_association;literature,False,False,0.1652,,,0.2059,,,,
Obesity,ENSG00000104413,ESRP1,epithelial splicing regulatory protein 1,0.1300972077977426,animal_model;genetic_association,False,False,0.0477,0.3359,,0.1961,,,,
Obesity,ENSG00000272573,MUSTN1,"musculoskeletal, embryonic nuclear protein 1",0.1299268097027832,genetic_association;literature,False,False,0.2105,,,0.2032,,,,
Obesity,ENSG00000197651,CCER1,coiled-coil glutamate rich protein 1,0.12992420557597126,genetic_association,False,False,,,,0.2137,,,,
Obesity,ENSG00000179240,GVQW3,GVQW motif containing 3,0.12987456395470753,genetic_association,False,False,,,,0.2136,,,,
Obesity,ENSG00000115904,SOS1,SOS Ras/Rac guanine nucleotide exchange factor 1,0.12970037794444012,animal_model;genetic_association;literature,False,False,0.1085,0.328,,0.1945,,,,
Obesity,ENSG00000120733,KDM3B,lysine demethylase 3B,0.12943726991000515,animal_model;genetic_association,False,False,,0.3943,,0.1932,,,,
Obesity,ENSG00000017427,IGF1,insulin like growth factor 1,0.12905942846574137,animal_model;literature,False,False,0.949,0.45,,,,,,
Obesity,ENSG00000106546,AHR,aryl hydrocarbon receptor,0.12894371440487684,animal_model;literature,False,False,0.9551,0.4215,,,,,,
Obesity,ENSG00000107643,MAPK8,mitogen-activated protein kinase 8,0.12886356903158527,animal_model;literature,False,False,0.9494,0.4419,,,,,,
Obesity,ENSG00000131149,GSE1,Gse1 coiled-coil protein,0.1286843435785413,genetic_association,False,False,,,,0.2117,,,,
Obesity,ENSG00000102595,UGGT2,UDP-glucose glycoprotein glucosyltransferase 2,0.12861481452369744,genetic_association;literature,False,False,0.1064,,,0.2062,,,,
Obesity,ENSG00000163251,FZD5,frizzled class receptor 5,0.12845340781419629,animal_model;genetic_association;literature,False,False,0.1258,0.2544,,0.1958,,,,
Obesity,ENSG00000148346,LCN2,lipocalin 2,0.12805017570206695,animal_model;literature,False,False,0.9284,0.499,,,,,,
Obesity,ENSG00000140009,ESR2,estrogen receptor 2,0.12794123269119503,animal_model;literature,False,False,0.9317,0.4821,,,,,,
Obesity,ENSG00000179133,C10orf67,chromosome 10 open reading frame 67,0.12762025940089128,genetic_association,False,False,,,,0.2099,,,,
Obesity,ENSG00000189339,SLC35E2B,solute carrier family 35 member E2B,0.12761920202444546,genetic_association,False,False,,,,0.2099,,,,
Obesity,ENSG00000147437,GNRH1,gonadotropin releasing hormone 1,0.12759767774453729,animal_model;literature,False,False,0.4947,0.9066,,0.0344,,,,
Obesity,ENSG00000004487,KDM1A,lysine demethylase 1A,0.12737294357537382,genetic_association;literature,False,False,0.2404,,,0.1975,,,,
Obesity,ENSG00000170323,FABP4,fatty acid binding protein 4,0.12719448072442494,animal_model;literature,False,False,0.9441,0.4083,,,,,,
Obesity,ENSG00000125703,ATG4C,autophagy related 4C cysteine peptidase,0.12713034825626326,genetic_association,False,False,0.038,,,0.2072,,,,
Obesity,ENSG00000117713,ARID1A,AT-rich interaction domain 1A,0.1269333816937744,genetic_association;literature,False,False,0.2852,,,0.1945,,,,
Obesity,ENSG00000145979,TBC1D7,TBC1 domain family member 7,0.12685736229523079,genetic_association,False,False,,,,0.2087,,,,
Obesity,ENSG00000240972,MIF,macrophage migration inhibitory factor,0.12676497640159726,animal_model;literature,False,False,0.9531,0.358,,,,,,
Obesity,ENSG00000137693,YAP1,Yes1 associated transcriptional regulator,0.1267086952356078,animal_model;literature,False,False,0.9297,0.4499,,,,,,
Obesity,ENSG00000136244,IL6,interleukin 6,0.12656032167504558,animal_model;literature,False,False,0.9693,0.2865,,,,,,
Obesity,ENSG00000162409,PRKAA2,protein kinase AMP-activated catalytic subunit alpha 2,0.12651592709307968,animal_model;literature,False,False,0.8907,0.5993,,,,,,
Obesity,ENSG00000117594,HSD11B1,hydroxysteroid 11-beta dehydrogenase 1,0.12646261730451555,animal_model;clinical;literature,False,False,0.8372,0.4516,0.1216,,0.0113,,,
Obesity,ENSG00000096717,SIRT1,sirtuin 1,0.12643774650989534,animal_model;literature,False,False,0.9403,0.3984,,,,,,
Obesity,ENSG00000109424,UCP1,uncoupling protein 1,0.12636983576422553,animal_model;literature,False,False,0.9525,0.3475,,,,,,
Obesity,ENSG00000073756,PTGS2,prostaglandin-endoperoxide synthase 2,0.12622214835726242,animal_model;literature,False,False,0.8754,0.5771,0.0332,,,,,
Obesity,ENSG00000164761,TNFRSF11B,TNF receptor superfamily member 11b,0.12586420719297683,animal_model;literature,False,False,0.911,0.4968,,,,,,
Obesity,ENSG00000118785,SPP1,secreted phosphoprotein 1,0.12583430413294877,animal_model;literature,False,False,0.9515,0.3338,,,,,,
Obesity,ENSG00000166402,TUB,TUB bipartite transcription factor,0.12583068149809862,animal_model;literature,False,False,0.4686,0.9177,,,,,,
Obesity,ENSG00000144771,LRTM1,leucine rich repeat transmembrane protein 1,0.1256655668687338,genetic_association,False,False,,,,0.2067,,,,
Obesity,ENSG00000145241,CENPC,centromere protein C,0.12562504924969203,genetic_association,False,False,,,,0.2066,,,,
Obesity,ENSG00000101438,SLC32A1,solute carrier family 32 member 1,0.12467427683903079,genetic_association,False,False,0.0873,,,0.1625,,,,
Obesity,ENSG00000204442,NALF1,NALCN channel auxiliary factor 1,0.12464479748080289,genetic_association,False,False,0.0629,,,0.2019,,,,
Obesity,ENSG00000259384,GH1,growth hormone 1,0.12463678385963167,animal_model;literature,False,False,0.9163,0.4353,,,,,,
Obesity,ENSG00000123080,CDKN2C,cyclin dependent kinase inhibitor 2C,0.1246354481114056,animal_model;genetic_association,False,False,0.0757,0.5279,,0.1769,,,,
Obesity,ENSG00000026103,FAS,Fas cell surface death receptor,0.12452882538522449,animal_model;literature,False,False,0.9136,0.4426,,,,,,
Obesity,ENSG00000157227,MMP14,matrix metallopeptidase 14,0.12431197772331361,animal_model;literature,False,False,0.9182,0.4169,,,,,,
Obesity,ENSG00000137462,TLR2,toll like receptor 2,0.12428971439914753,animal_model;literature,False,False,0.9139,0.4332,,,,,,
Obesity,ENSG00000007171,NOS2,nitric oxide synthase 2,0.12422993810917142,animal_model;literature,False,False,0.9134,0.4334,,,,,,
Obesity,ENSG00000172602,RND1,Rho family GTPase 1,0.12403648019586166,genetic_association,False,False,,,,0.204,,,,
Obesity,ENSG00000170100,ZNF778,zinc finger protein 778,0.1239482896583262,genetic_association,False,False,,,,0.1631,,,,
Obesity,ENSG00000104899,AMH,anti-Mullerian hormone,0.12383514135501428,literature,False,True,0.9386,,,0.0639,,,,
Obesity,ENSG00000164867,NOS3,nitric oxide synthase 3,0.12378821607471008,animal_model;literature,False,False,0.8468,0.6134,,0.0324,,,,
Obesity,ENSG00000197632,SERPINB2,serpin family B member 2,0.12374922835160124,genetic_association;literature,False,False,0.1818,,,0.1945,,,,
Obesity,ENSG00000008300,CELSR3,cadherin EGF LAG seven-pass G-type receptor 3,0.12362974326866134,animal_model;genetic_association,False,False,0.038,0.4103,,0.182,,,,
Obesity,ENSG00000160097,FNDC5,fibronectin type III domain containing 5,0.12361005369280396,literature,False,True,0.9751,,,0.0332,,,,
Obesity,ENSG00000123607,TTC21B,tetratricopeptide repeat domain 21B,0.12341497108618514,animal_model;literature,False,False,0.2049,0.875,,0.0938,,,,
Obesity,ENSG00000173421,IHO1,interactor of HORMAD1 1,0.12338815423384117,genetic_association,False,False,,,,0.203,,,,
Obesity,ENSG00000127922,SEM1,SEM1 26S proteasome subunit,0.12332497599120332,genetic_association,False,False,,,,0.2029,,,,
Obesity,ENSG00000120802,TMPO,thymopoietin,0.12326126930510561,genetic_association,False,False,0.0401,,,0.2008,,,,
Obesity,ENSG00000183682,BMP8A,bone morphogenetic protein 8a,0.12320242259161611,genetic_association;literature,False,False,0.2508,,,0.1901,,,,
Obesity,ENSG00000111275,ALDH2,aldehyde dehydrogenase 2 family member,0.1231488106366385,genetic_association;literature,False,False,0.8642,,0.0304,0.1054,,,,
Obesity,ENSG00000101405,OXT,oxytocin/neurophysin I prepropeptide,0.12314230626919898,animal_model;literature,False,False,0.9392,0.2865,,,0.0181,,,
Obesity,ENSG00000108559,NUP88,nucleoporin 88,0.12291732432832506,genetic_association,False,False,,,,0.2022,,,,
Obesity,ENSG00000165168,CYBB,cytochrome b-245 beta chain,0.1227652955135792,animal_model;literature,False,False,0.9352,0.2981,,,,,,
Obesity,ENSG00000185149,NPY2R,neuropeptide Y receptor Y2,0.12269602343009961,animal_model;clinical;literature,False,False,0.2974,0.5078,0.1698,,,,,
Obesity,ENSG00000137492,THAP12,THAP domain containing 12,0.12258754403494639,genetic_association,False,False,,,,0.2016,,,,
Obesity,ENSG00000118137,APOA1,apolipoprotein A1,0.12250450754649865,animal_model;literature,False,False,0.8834,0.4968,,,,,,
Obesity,ENSG00000113070,HBEGF,heparin binding EGF like growth factor,0.12246493745765198,animal_model;genetic_association;literature,False,False,0.1928,0.3757,,0.1784,,,,
Obesity,ENSG00000165046,LETM2,leucine zipper and EF-hand containing transmembrane protein 2,0.12242687788687136,genetic_association,False,False,,,,0.2014,,,,
Obesity,ENSG00000112033,PPARD,peroxisome proliferator activated receptor delta,0.12231375947639712,animal_model;clinical;literature,False,False,0.3859,0.2795,0.1757,,,,,
Obesity,ENSG00000135046,ANXA1,annexin A1,0.12228892920087887,animal_model;literature,False,False,0.8944,0.4457,,,,,,
Obesity,ENSG00000180999,C1orf105,chromosome 1 open reading frame 105,0.1222635462690058,genetic_association,False,False,,,,0.2011,,,,
Obesity,ENSG00000106410,NOBOX,NOBOX oogenesis homeobox,0.12192221854369173,genetic_association,False,False,0.038,,,0.1987,,,,
Obesity,ENSG00000111725,PRKAB1,protein kinase AMP-activated non-catalytic subunit beta 1,0.12190392099911386,animal_model;literature,False,False,0.8805,0.4884,,,,,,
Obesity,ENSG00000247626,MARS2,"methionyl-tRNA synthetase 2, mitochondrial",0.12189699219890344,genetic_association,False,False,,,,0.2005,,,,
Obesity,ENSG00000032389,EIPR1,EARP complex and GARP complex interacting protein 1,0.12183312796952844,genetic_association,False,False,,,,0.2004,,,,
Obesity,ENSG00000134061,CD180,CD180 molecule,0.12177206742124685,genetic_association,False,False,0.0409,,,0.1983,,,,
Obesity,ENSG00000101412,E2F1,E2F transcription factor 1,0.12172387498920605,animal_model;literature,False,False,0.9035,0.3904,,,,,,
Obesity,ENSG00000100401,RANGAP1,Ran GTPase activating protein 1,0.12169189677379129,genetic_association,False,False,,,,0.2002,,,,
Obesity,ENSG00000130173,ANGPTL8,angiopoietin like 8,0.1216453155430246,animal_model;literature,False,False,0.9357,0.259,,,,,,
Obesity,ENSG00000147676,MAL2,"mal, T cell differentiation protein 2",0.12158895111090944,genetic_association,False,False,,,,0.2,,,,
Obesity,ENSG00000176842,IRX5,iroquois homeobox 5,0.12148871935335166,genetic_association;literature,False,False,0.8118,,,0.1499,,,,
Obesity,ENSG00000173432,SAA1,serum amyloid A1,0.12141970376454847,animal_model;literature,False,False,0.9143,0.3372,,,,,,
Obesity,ENSG00000198824,CHAMP1,chromosome alignment maintaining phosphoprotein 1,0.12116572874767204,genetic_association,False,False,0.0954,,,0.1945,,,,
Obesity,ENSG00000116016,EPAS1,endothelial PAS domain protein 1,0.12107051981106792,animal_model;literature,False,False,0.9234,0.2896,,,,,,
Obesity,ENSG00000181555,SETD2,"SET domain containing 2, histone lysine methyltransferase",0.120941713102679,genetic_association,False,False,0.088,,,0.1945,,,,
Obesity,ENSG00000169032,MAP2K1,mitogen-activated protein kinase kinase 1,0.12083335154236816,genetic_association,False,False,0.0845,,,0.1945,,,,
Obesity,ENSG00000156531,PHF6,PHD finger protein 6,0.12081139383761857,genetic_association,False,False,0.0838,,,0.1945,,,,
Obesity,ENSG00000099194,SCD,stearoyl-CoA desaturase,0.12076595696895784,animal_model;literature,False,False,0.8706,0.4907,,,,,,
Obesity,ENSG00000139289,PHLDA1,pleckstrin homology like domain family A member 1,0.12059321098406786,genetic_association;literature,False,False,0.3713,,,0.1798,,,,
Obesity,ENSG00000137869,CYP19A1,cytochrome P450 family 19 subfamily A member 1,0.12059026050421634,animal_model;literature,False,False,0.8414,0.5882,0.0061,,,,,
Obesity,ENSG00000160867,FGFR4,fibroblast growth factor receptor 4,0.1205333368152901,genetic_association;literature,False,False,0.582,,,0.1692,,,,
Obesity,ENSG00000100393,EP300,EP300 lysine acetyltransferase,0.12052628982160486,genetic_association;literature,False,False,0.1569,,,0.1904,,,,
Obesity,ENSG00000148468,FAM171A1,family with sequence similarity 171 member A1,0.12047084160548069,genetic_association,False,False,,,,0.1982,,,,
Obesity,ENSG00000119973,PRLHR,prolactin releasing hormone receptor,0.11999721607474859,animal_model;literature,False,False,0.8309,0.624,,,,,,
Obesity,ENSG00000112182,BACH2,BACH transcriptional regulator 2,0.11995315670620908,genetic_association,False,False,,,,0.1973,,,,
Obesity,ENSG00000169340,PDILT,"protein disulfide isomerase like, testis expressed",0.11959045455661624,genetic_association,False,False,,,,0.1967,,,,
Obesity,ENSG00000115548,KDM3A,lysine demethylase 3A,0.11945567123836727,animal_model;literature,False,False,0.1842,0.9185,,0.0322,,,,
Obesity,ENSG00000177000,MTHFR,methylenetetrahydrofolate reductase,0.11941228215338434,animal_model;literature,False,False,0.8739,0.3462,,0.039,,,,
Obesity,ENSG00000196666,FAM180B,family with sequence similarity 180 member B,0.11937223405627917,genetic_association,False,False,,,,0.1964,,,,
Obesity,ENSG00000091073,DTX2,deltex E3 ubiquitin ligase 2,0.11926097876531933,genetic_association,False,False,,,,0.1962,,,,
Obesity,ENSG00000198198,SZT2,SZT2 subunit of KICSTOR complex,0.11918950313581633,genetic_association,False,False,0.0304,,,0.1945,,,,
Obesity,ENSG00000132693,CRP,C-reactive protein,0.11909949369262329,literature,False,True,0.9795,,,,,,,
Obesity,ENSG00000144357,UBR3,ubiquitin protein ligase E3 component n-recognin 3,0.11895851572663839,genetic_association;literature,False,False,0.114,,,0.19,,,,
Obesity,ENSG00000138175,ARL3,ARF like GTPase 3,0.11889801881443773,genetic_association,False,False,0.0912,,,0.191,,,,
Obesity,ENSG00000152270,PDE3B,phosphodiesterase 3B,0.11888210305741218,animal_model;clinical;literature,False,False,0.1829,0.5199,0.1655,,,,,
Obesity,ENSG00000140694,PARN,poly(A)-specific ribonuclease,0.11881295904740063,genetic_association,False,False,0.038,,,0.1935,,,,
Obesity,ENSG00000134339,SAA2,serum amyloid A2,0.11878884116451795,animal_model;literature,False,False,0.8927,0.3372,,,,,,
Obesity,ENSG00000090889,KIF4A,kinesin family member 4A,0.11872752831746045,genetic_association,False,False,0.0152,,,0.1945,,,,
Obesity,ENSG00000167701,GPT,glutamic--pyruvic transaminase,0.11867698999166318,literature,False,True,0.9761,,,,,,,
Obesity,ENSG00000129667,RHBDF2,rhomboid 5 homolog 2,0.11861387797169684,animal_model;literature,False,False,0.8634,0.4485,,,,,,
Obesity,ENSG00000178952,TUFM,"Tu translation elongation factor, mitochondrial",0.11850503138734192,genetic_association,False,False,0.056,,,0.1921,,,,
Obesity,ENSG00000120833,SOCS2,suppressor of cytokine signaling 2,0.11849249626154783,animal_model;literature,False,False,0.1068,0.9479,,,,,,
Obesity,ENSG00000103723,AP3B2,adaptor related protein complex 3 subunit beta 2,0.11847108941665806,genetic_association,False,False,,,,0.1949,,,,
Obesity,ENSG00000147180,ZNF711,ZFX family zinc finger ZNF711,0.11826555349910459,genetic_association,False,False,,,,0.1945,,,,
Obesity,ENSG00000067798,NAV3,neuron navigator 3,0.11826555349910459,genetic_association,False,False,,,,0.1945,,,,
Obesity,ENSG00000151240,DIP2C,DIP2 acetate--CoA ligase C (putative),0.11826555349910459,genetic_association,False,False,,,,0.1945,,,,
Obesity,ENSG00000161011,SQSTM1,sequestosome 1,0.11809249161038152,animal_model;literature,False,False,0.8459,0.5014,,,,,,
Obesity,ENSG00000004846,ABCB5,ATP binding cassette subfamily B member 5,0.11808904212950644,animal_model;genetic_association,False,False,,0.405,,0.174,,,,
Obesity,ENSG00000169344,UMOD,uromodulin,0.11808070794687504,animal_model;genetic_association,False,False,0.0531,0.4017,,0.173,,,,
Obesity,ENSG00000162711,NLRP3,NLR family pyrin domain containing 3,0.11782349663022317,literature,False,True,0.9691,,,,,,,
Obesity,ENSG00000196689,TRPV1,transient receptor potential cation channel subfamily V member 1,0.11778966474153836,animal_model;literature,False,False,0.8626,0.3522,0.0326,,,,,
Obesity,ENSG00000142599,RERE,arginine-glutamic acid dipeptide repeats,0.11774238163308738,animal_model;genetic_association,False,False,0.0181,0.2671,,0.1799,,,,
Obesity,ENSG00000161533,ACOX1,acyl-CoA oxidase 1,0.11773710343991399,animal_model;genetic_association;literature,False,False,0.1418,0.4504,,0.168,,,,
Obesity,ENSG00000134183,GNAT2,G protein subunit alpha transducin 2,0.1175735357882563,animal_model;genetic_association;literature,False,False,0.1976,0.2909,,0.1745,,,,
Obesity,ENSG00000010610,CD4,CD4 molecule,0.11753811739427078,literature,False,True,0.962,,,,0.0187,,,
Obesity,ENSG00000186767,SPIN4,spindlin family member 4,0.11752684401332106,animal_model,False,False,,0.9666,,,,,,
Obesity,ENSG00000254858,MPV17L2,MPV17 mitochondrial inner membrane protein like 2,0.11750024574036269,genetic_association,False,False,,,,0.1933,,,,
Obesity,ENSG00000153933,DGKE,diacylglycerol kinase epsilon,0.11746466794981444,genetic_association;literature,False,False,0.1096,,,0.1877,,,,
Obesity,ENSG00000116649,SRM,spermidine synthase,0.11745666340625502,genetic_association,False,False,0.0325,,,0.1916,,,,
Obesity,ENSG00000196284,SUPT3H,"SPT3 homolog, SAGA and STAGA complex component",0.11739288485772109,genetic_association,False,False,,,,0.1931,,,,
Obesity,ENSG00000127603,MACF1,microtubule actin crosslinking factor 1,0.11725884724849846,genetic_association,False,False,,,,0.1929,,,,
Obesity,ENSG00000120162,MOB3B,MOB kinase activator 3B,0.11723671317144847,genetic_association,False,False,,,,0.1928,,,,
Obesity,ENSG00000172379,ARNT2,aryl hydrocarbon receptor nuclear translocator 2,0.11718954406399316,animal_model;literature,False,False,0.1902,0.9163,,,,,,
Obesity,ENSG00000129003,VPS13C,vacuolar protein sorting 13 homolog C,0.11715955756258324,genetic_association,False,False,0.0152,,,0.192,,,,
Obesity,ENSG00000149311,ATM,ATM serine/threonine kinase,0.11715806006993922,literature,False,True,0.944,,,,0.0781,,,
Obesity,ENSG00000136628,EPRS1,glutamyl-prolyl-tRNA synthetase 1,0.11709324385152593,genetic_association,False,False,0.0173,,,0.1917,,,,
Obesity,ENSG00000112238,PRDM13,PR/SET domain 13,0.1169772482403828,genetic_association,False,False,0.0152,,,0.1917,,,,
Obesity,ENSG00000163479,SSR2,signal sequence receptor subunit 2,0.11696406239072109,animal_model;genetic_association,False,False,,0.3856,,0.1731,,,,
Obesity,ENSG00000122033,MTIF3,mitochondrial translational initiation factor 3,0.11636111061555195,genetic_association,False,False,0.0896,,,0.1869,,,,
Obesity,ENSG00000127989,MTERF1,mitochondrial transcription termination factor 1,0.11614884842619774,genetic_association,False,False,,,,0.1911,,,,
Obesity,ENSG00000125538,IL1B,interleukin 1 beta,0.1161044653195843,literature,False,True,0.9549,,,,,,,
Obesity,ENSG00000153563,CD8A,CD8 subunit alpha,0.11606442734261091,literature,False,True,0.9546,,,,,,,
Obesity,ENSG00000109332,UBE2D3,ubiquitin conjugating enzyme E2 D3,0.11605623987248452,genetic_association,False,False,,,,0.1909,,,,
Obesity,ENSG00000164161,HHIP,hedgehog interacting protein,0.11599621674521274,genetic_association;literature,False,False,0.7731,,,0.1448,,,,
Obesity,ENSG00000109919,MTCH2,mitochondrial carrier 2,0.11572466572274008,literature,False,True,0.8913,,,0.0484,,,,
Obesity,ENSG00000156110,ADK,adenosine kinase,0.11569947697418702,genetic_association,False,False,0.0507,,,0.1878,,,,
Obesity,ENSG00000157168,NRG1,neuregulin 1,0.11569848224596381,animal_model;genetic_association;literature,False,False,0.3683,0.2689,,0.1659,,,,
Obesity,ENSG00000180914,OXTR,oxytocin receptor,0.11562815356189483,clinical;literature,False,False,0.3145,,0.1745,,,,,
Obesity,ENSG00000166396,SERPINB7,serpin family B member 7,0.1155815408327008,animal_model;genetic_association,False,False,,0.4515,,0.1675,,,,
Obesity,ENSG00000112769,LAMA4,laminin subunit alpha 4,0.11552280722855421,animal_model;literature,False,False,0.8839,0.2648,,,,,,
Obesity,ENSG00000135205,CCDC146,coiled-coil domain containing 146,0.11542400687844852,animal_model;genetic_association,False,False,0.0433,0.262,,0.1758,,,,
Obesity,ENSG00000109572,CLCN3,Cl-/H+ antiporter 3,0.11534328433103831,animal_model;literature,False,False,0.8344,0.457,,,,,,
Obesity,ENSG00000213523,SRA1,steroid receptor RNA activator 1,0.11528430503356688,animal_model;literature,False,False,0.8471,0.4041,,,,,,
Obesity,ENSG00000073861,TBX21,T-box transcription factor 21,0.11527925384818428,genetic_association;literature,False,False,0.5773,,,0.1608,,,,
Obesity,ENSG00000177666,PNPLA2,"patatin like domain 2, triacylglycerol lipase",0.11523436515068063,animal_model;literature,False,False,0.8214,0.5055,,,,,,
Obesity,ENSG00000103241,FOXF1,forkhead box F1,0.11515337239062813,animal_model;genetic_association,False,False,,0.2647,,0.1762,,,,
Obesity,ENSG00000155657,TTN,titin,0.11507325578677881,genetic_association,False,False,0.0466,,,0.187,,,,
Obesity,ENSG00000111785,RIC8B,RIC8 guanine nucleotide exchange factor B,0.11502068030147813,genetic_association;literature,False,False,0.1692,,,0.1807,,,,
Obesity,ENSG00000117480,FAAH,fatty acid amide hydrolase,0.11496635759598692,literature,False,True,0.9048,,0.0326,,,,,
Obesity,ENSG00000139144,PIK3C2G,phosphatidylinositol-4-phosphate 3-kinase catalytic subunit type 2 gamma,0.11488935572483897,animal_model;genetic_association,False,False,0.0181,0.615,,0.1578,,,,
Obesity,ENSG00000197826,CFAP299,cilia and flagella associated protein 299,0.11462684314714099,genetic_association,False,False,,,,0.1886,,,,
Obesity,ENSG00000138061,CYP1B1,cytochrome P450 family 1 subfamily B member 1,0.11462647737497468,animal_model;literature,False,False,0.8422,0.4021,,,,,,
Obesity,ENSG00000196776,CD47,CD47 molecule,0.11462107821601238,literature,False,True,0.8398,,,0.0824,,,,
Obesity,ENSG00000141867,BRD4,bromodomain containing 4,0.11457237781032038,animal_model;literature,False,False,0.8253,0.4682,,,,,,
Obesity,ENSG00000136235,GPNMB,glycoprotein nmb,0.11449137621184086,animal_model;literature,False,False,0.8737,0.2717,,,,,,
Obesity,ENSG00000184557,SOCS3,suppressor of cytokine signaling 3,0.11441483913852371,literature,False,True,0.941,,,,,,,
Obesity,ENSG00000106366,SERPINE1,serpin family E member 1,0.1140578249205705,literature,False,True,0.9381,,,,,,,
Obesity,ENSG00000140398,NEIL1,nei like DNA glycosylase 1,0.11403469906120092,animal_model;literature,False,False,0.1081,0.9109,,,,,,
Obesity,ENSG00000126368,NR1D1,nuclear receptor subfamily 1 group D member 1,0.11397816624546712,animal_model;literature,False,False,0.8495,0.3518,,,,,,
Obesity,ENSG00000132356,PRKAA1,protein kinase AMP-activated catalytic subunit alpha 1,0.11376432079348757,literature,False,True,0.9357,,,,,,,
Obesity,ENSG00000130234,ACE2,angiotensin converting enzyme 2,0.11366741045501436,literature,False,True,0.9349,,,,,,,
Obesity,ENSG00000114739,ACVR2B,activin A receptor type 2B,0.1136313237063439,clinical;literature,False,False,0.2765,,0.1731,,,,,
Obesity,ENSG00000137801,THBS1,thrombospondin 1,0.1136034028954468,literature,False,True,0.9343,,,,,,,
Obesity,ENSG00000171388,APLN,apelin,0.11355089045867345,literature,False,True,0.9339,,,,,,,
Obesity,ENSG00000116898,MRPS15,mitochondrial ribosomal protein S15,0.11352701744275458,genetic_association,False,False,,,,0.1867,,,,
Obesity,ENSG00000108691,CCL2,C-C motif chemokine ligand 2,0.11339386437455311,animal_model;literature,False,False,0.8109,0.4867,,,,,,
Obesity,ENSG00000175115,PACS1,phosphofurin acidic cluster sorting protein 1,0.11320458118951036,genetic_association;literature,False,False,0.1318,,,0.1796,,,,
Obesity,ENSG00000127616,SMARCA4,SWI/SNF related BAF chromatin remodeling complex subunit ATPase 4,0.11317587426420712,genetic_association,False,False,0.0757,,,0.1824,,,,
Obesity,ENSG00000172831,CES2,carboxylesterase 2,0.11316836880566376,animal_model;literature,False,False,0.7954,0.5415,,,,,,
Obesity,ENSG00000105329,TGFB1,transforming growth factor beta 1,0.11310914636142778,animal_model;literature,False,False,0.8273,0.4119,,,,,,
Obesity,ENSG00000109501,WFS1,wolframin ER transmembrane glycoprotein,0.1131005091646314,animal_model;literature,False,False,0.8003,0.5196,,,,,,
Obesity,ENSG00000160200,CBS,cystathionine beta-synthase,0.11283509310615841,animal_model;literature,False,False,0.7514,0.4663,,0.0998,,,,
Obesity,ENSG00000104365,IKBKB,inhibitor of nuclear factor kappa B kinase subunit beta,0.1127592186160071,literature,False,True,0.8514,,0.0608,,,,,
Obesity,ENSG00000120937,NPPB,natriuretic peptide B,0.11257221378438291,literature,False,True,0.9259,,,,,,,
Obesity,ENSG00000136634,IL10,interleukin 10,0.11247263881258424,literature,False,True,0.925,,,,,,,
Obesity,ENSG00000185559,DLK1,delta like non-canonical Notch ligand 1,0.1123802894525387,animal_model;literature,False,False,0.8383,0.2605,,0.0376,,,,
Obesity,ENSG00000113161,HMGCR,3-hydroxy-3-methylglutaryl-CoA reductase,0.11236412266388132,animal_model;clinical;literature,False,False,0.153,0.4414,0.1594,,,,,
Obesity,ENSG00000160360,GPSM1,G protein signaling modulator 1,0.1123095436772324,animal_model;literature,False,False,0.8444,0.3171,,,,,,
Obesity,ENSG00000094631,HDAC6,histone deacetylase 6,0.11227722073614567,animal_model;literature,False,False,0.8095,0.4557,,,,,,
Obesity,ENSG00000167772,ANGPTL4,angiopoietin like 4,0.11220769513694677,literature,False,True,0.9229,,,,,,,
Obesity,ENSG00000120659,TNFSF11,TNF superfamily member 11,0.11214394849207196,animal_model;literature,False,False,0.8205,0.4073,,,,,,
Obesity,ENSG00000162944,RFTN2,raftlin family member 2,0.11206430196258739,genetic_association,False,False,,,,0.1843,,,,
Obesity,ENSG00000167118,URM1,ubiquitin related modifier 1,0.11201060056342906,genetic_association,False,False,,,,0.1842,,,,
Obesity,ENSG00000214113,LYRM4,LYR motif containing 4,0.11189481371223482,genetic_association,False,False,,,,0.1841,,,,
Obesity,ENSG00000159224,GIP,gastric inhibitory polypeptide,0.11177940598773937,animal_model;genetic_association;literature,False,False,0.7261,0.3797,,0.1209,,,,
Obesity,ENSG00000154721,JAM2,junctional adhesion molecule 2,0.11176344845676393,genetic_association,False,False,,,,0.1838,,,,
Obesity,ENSG00000100170,SLC5A1,solute carrier family 5 member 1,0.1117068354215049,animal_model;clinical;literature,False,False,0.368,0.4718,0.152,,,,,
Obesity,ENSG00000118515,SGK1,serum/glucocorticoid regulated kinase 1,0.11166882855176467,animal_model;literature,False,False,0.8302,0.3527,,,,,,
Obesity,ENSG00000120738,EGR1,early growth response 1,0.11160582580043688,animal_model;literature,False,False,0.7929,0.4999,,,,,,
Obesity,ENSG00000177706,FAM20C,FAM20C golgi associated secretory pathway kinase,0.11147536497674794,animal_model;literature,False,False,0.8021,0.4588,,,,,,
Obesity,ENSG00000121753,ADGRB2,adhesion G protein-coupled receptor B2,0.11144780914148418,genetic_association,False,False,0.0456,,,0.181,,,,
Obesity,ENSG00000169752,NRG4,neuregulin 4,0.11138248436537829,literature,False,True,0.9161,,,,,,,
Obesity,ENSG00000080503,SMARCA2,SWI/SNF related BAF chromatin remodeling complex subunit ATPase 2,0.1111953895464617,animal_model,False,False,0.05,0.902,,,,,,
Obesity,ENSG00000265972,TXNIP,thioredoxin interacting protein,0.1111943503904397,animal_model;literature,False,False,0.7962,0.4733,,,,,,
Obesity,ENSG00000139287,TPH2,tryptophan hydroxylase 2,0.11110657942119398,animal_model;literature,False,False,0.7804,0.2914,,0.0808,,,,
Obesity,ENSG00000004939,SLC4A1,solute carrier family 4 member 1 (Diego blood group),0.11107619936633895,genetic_association,False,False,0.0532,,,0.1801,,,,
Obesity,ENSG00000129596,CDO1,cysteine dioxygenase type 1,0.11100129293380308,animal_model;literature,False,False,0.8266,0.3453,,,,,,
Obesity,ENSG00000117122,MFAP2,microfibril associated protein 2,0.11080232723724068,animal_model;literature,False,False,0.8414,0.2797,,,,,,
Obesity,ENSG00000168769,TET2,tet methylcytosine dioxygenase 2,0.1107718941554633,literature,False,True,0.9111,,,,,,,
Obesity,ENSG00000242550,SERPINB10,serpin family B member 10,0.11072438610141384,genetic_association,False,False,,,,0.1821,,,,
Obesity,ENSG00000138207,RBP4,retinol binding protein 4,0.11072406165811215,literature,False,True,0.9107,,,,,,,
Obesity,ENSG00000178607,ERN1,endoplasmic reticulum to nucleus signaling 1,0.11071783745923398,literature,False,True,0.9106,,,,,,,
Obesity,ENSG00000137033,IL33,interleukin 33,0.1106688246008724,literature,False,True,0.9102,,,,,,,
Obesity,ENSG00000149212,SESN3,sestrin 3,0.11063603931976794,genetic_association,False,False,0.0279,,,0.1806,,,,
Obesity,ENSG00000130427,EPO,erythropoietin,0.11053446924507307,literature,False,True,0.9091,,,,,,,
Obesity,ENSG00000184584,STING1,stimulator of interferon response cGAMP interactor 1,0.11045001955063942,literature,False,True,0.9084,,,,,,,
Obesity,ENSG00000005381,MPO,myeloperoxidase,0.11035856676150328,literature,False,True,0.9077,,,,,,,
Obesity,ENSG00000167468,GPX4,glutathione peroxidase 4,0.11019553555513954,literature,False,True,0.9063,,,,,,,
Obesity,ENSG00000039068,CDH1,cadherin 1,0.11015310393751113,animal_model;literature,False,False,0.1239,0.875,,,,,,
Obesity,ENSG00000158125,XDH,xanthine dehydrogenase,0.1101301382050375,animal_model;literature,False,False,0.8194,0.3453,,,,,,
Obesity,ENSG00000139687,RB1,RB transcriptional corepressor 1,0.11007781720164751,animal_model;literature,False,False,0.7858,0.4783,,,,,,
Obesity,ENSG00000145839,IL9,interleukin 9,0.11002310912112989,animal_model;literature,False,False,0.8139,0.3642,,,,,,
Obesity,ENSG00000177606,JUN,"Jun proto-oncogene, AP-1 transcription factor subunit",0.11000968303441151,literature,False,True,0.9048,,,,,,,
Obesity,ENSG00000168209,DDIT4,DNA damage inducible transcript 4,0.10986196052440254,animal_model;literature,False,False,0.8069,0.3868,,,,,,
Obesity,ENSG00000235718,MFRP,membrane frizzled-related protein,0.10979782733624345,animal_model,False,False,,0.903,,,,,,
Obesity,ENSG00000239732,TLR9,toll like receptor 9,0.10959919402583768,literature,False,True,0.8283,,,0.0585,,,,
Obesity,ENSG00000123700,KCNJ2,potassium inwardly rectifying channel subfamily J member 2,0.1095407084054693,literature,False,True,0.9009,,,,,,,
Obesity,ENSG00000188389,PDCD1,programmed cell death 1,0.10953908887882868,literature,False,True,0.9009,,,,,,,
Obesity,ENSG00000065320,NTN1,netrin 1,0.10953394289538151,literature,False,True,0.9009,,,,,,,
Obesity,ENSG00000130812,ANGPTL6,angiopoietin like 6,0.10949517545900628,animal_model;literature,False,False,0.7896,0.4437,,,,,,
Obesity,ENSG00000100359,SGSM3,small G protein signaling modulator 3,0.10938772321787806,genetic_association,False,False,,,,0.1799,,,,
Obesity,ENSG00000142611,PRDM16,PR/SET domain 16,0.10936118980900048,animal_model;literature,False,False,0.8137,0.3428,,,,,,
Obesity,ENSG00000184381,PLA2G6,phospholipase A2 group VI,0.10932760028415922,animal_model;genetic_association;literature,False,False,0.1074,0.2882,,0.163,,,,
Obesity,ENSG00000083444,PLOD1,"procollagen-lysine,2-oxoglutarate 5-dioxygenase 1",0.10932501932364427,literature,False,True,0.8992,,,,,,,
Obesity,ENSG00000188315,C3orf62,chromosome 3 open reading frame 62,0.10924014693127153,genetic_association,False,False,0.0716,,,0.1761,,,,
Obesity,ENSG00000152760,DYNLT5,dynein light chain Tctex-type family member 5,0.10916942592312898,genetic_association,False,False,,,,0.1796,,,,
Obesity,ENSG00000102794,ACOD1,aconitate decarboxylase 1,0.10915081170644356,literature,False,True,0.8977,,,,,,,
Obesity,ENSG00000102265,TIMP1,TIMP metallopeptidase inhibitor 1,0.10915047982263114,animal_model;literature,False,False,0.7712,0.5061,,,,,,
Obesity,ENSG00000160791,CCR5,C-C motif chemokine receptor 5,0.10901633214093466,literature,False,True,0.7973,,0.0608,0.0419,,,,
Obesity,ENSG00000125730,C3,complement C3,0.10895925154255864,animal_model;literature,False,False,0.7553,0.5634,,,,,,
Obesity,ENSG00000170345,FOS,"Fos proto-oncogene, AP-1 transcription factor subunit",0.10875653066762503,animal_model;literature,False,False,0.8319,0.2504,,,,,,
Obesity,ENSG00000124198,ARFGEF2,ARF guanine nucleotide exchange factor 2,0.1087466824143542,genetic_association;literature,False,False,0.114,,,0.1732,,,,
Obesity,ENSG00000089177,KIF16B,kinesin family member 16B,0.10862776487526914,genetic_association,False,False,,,,0.1787,,,,
Obesity,ENSG00000178750,STX19,syntaxin 19,0.10846469966670343,genetic_association,False,False,,,,0.1784,,,,
Obesity,ENSG00000104368,PLAT,"plasminogen activator, tissue type",0.10834320559053379,animal_model;literature,False,False,0.8072,0.3356,,,,,,
Obesity,ENSG00000147576,ADHFE1,alcohol dehydrogenase iron containing 1,0.10832822221028465,genetic_association,False,False,0.0574,,,0.1753,,,,
Obesity,ENSG00000164406,LEAP2,liver enriched antimicrobial peptide 2,0.10826494591322947,literature,False,True,0.8904,,,,,,,
Obesity,ENSG00000100644,HIF1A,hypoxia inducible factor 1 subunit alpha,0.10825430138060596,literature,False,True,0.8904,,,,,,,
Obesity,ENSG00000102245,CD40LG,CD40 ligand,0.10811059444072801,animal_model;literature,False,False,0.8226,0.2664,,,,,,
Obesity,ENSG00000186153,WWOX,WW domain containing oxidoreductase,0.10808706845311583,animal_model;genetic_association,False,False,0.0557,0.5113,,0.151,,,,
Obesity,ENSG00000176171,BNIP3,BCL2 interacting protein 3,0.10808205510601548,animal_model;literature,False,False,0.8001,0.3555,,,,,,
Obesity,ENSG00000157005,SST,somatostatin,0.10805690980001159,animal_model;genetic_association;literature,False,False,0.3468,0.4274,,0.1487,,,,
Obesity,ENSG00000104635,SLC39A14,solute carrier family 39 member 14,0.10767508232278755,animal_model;literature,False,False,0.79,0.3823,,,,,,
Obesity,ENSG00000126456,IRF3,interferon regulatory factor 3,0.10766250154438095,animal_model;literature,False,False,0.8222,0.2533,,,,,,
Obesity,ENSG00000169710,FASN,fatty acid synthase,0.10757549387461773,literature,False,True,0.8848,,,,,,,
Obesity,ENSG00000106355,LSM5,"LSM5 homolog, U6 small nuclear RNA and mRNA degradation associated",0.10742909443668595,genetic_association,False,False,,,,0.1767,,,,
Obesity,ENSG00000164885,CDK5,cyclin dependent kinase 5,0.10738794158244579,animal_model;literature,False,False,0.8186,0.2586,,,,,,
Obesity,ENSG00000104205,SGK3,serum/glucocorticoid regulated kinase family member 3,0.10722471015556076,animal_model;literature,False,False,0.7684,0.4541,,,,,,
Obesity,ENSG00000002016,RAD52,RAD52 DNA repair protein,0.10718998863253214,genetic_association;literature,False,False,0.1566,,,0.1685,,,,
Obesity,ENSG00000106268,NUDT1,nudix hydrolase 1,0.10715545016397027,genetic_association,False,False,,,,0.1763,,,,
Obesity,ENSG00000183814,LIN9,lin-9 DREAM MuvB core complex component,0.10713721920084951,animal_model,False,False,,0.875,,,0.0247,,,
Obesity,ENSG00000204472,AIF1,allograft inflammatory factor 1,0.10713002585854327,animal_model;literature,False,False,0.8168,0.2571,,,,,,
Obesity,ENSG00000214548,MEG3,maternally expressed 3,0.10693462404341088,literature,False,True,0.8795,,,,,,,
Obesity,ENSG00000164506,STXBP5,syntaxin binding protein 5,0.10689155685407054,genetic_association,False,False,0.0228,,,0.1747,,,,
Obesity,ENSG00000278619,MRM1,mitochondrial rRNA methyltransferase 1,0.10676495202530392,genetic_association,False,False,,,,0.1756,,,,
Obesity,ENSG00000107968,MAP3K8,mitogen-activated protein kinase kinase kinase 8,0.1067421909893561,literature,False,True,0.8779,,,,,,,
Obesity,ENSG00000042813,ZPBP,zona pellucida binding protein,0.10673341205317359,genetic_association,False,False,0.038,,,0.1737,,,,
Obesity,ENSG00000049245,VAMP3,vesicle associated membrane protein 3,0.10671947026144664,genetic_association,False,False,0.043,,,0.1734,,,,
Obesity,ENSG00000183087,GAS6,growth arrest specific 6,0.1066684673062613,literature,False,True,0.8773,,,,,,,
Obesity,ENSG00000089685,BIRC5,baculoviral IAP repeat containing 5,0.10665061222947249,literature,False,True,0.8772,,,,,,,
Obesity,ENSG00000167207,NOD2,nucleotide binding oligomerization domain containing 2,0.10662950735749697,literature,False,True,0.877,,,,,,,
Obesity,ENSG00000077463,SIRT6,sirtuin 6,0.10659716067053666,animal_model;literature,False,False,0.7645,0.4488,,,,,,
Obesity,ENSG00000038945,MSR1,macrophage scavenger receptor 1,0.10645356434103109,literature,False,True,0.8755,,,,,,,
Obesity,ENSG00000111537,IFNG,interferon gamma,0.10642735357071413,literature,False,True,0.8753,,,,,,,
Obesity,ENSG00000156170,NDUFAF6,NADH:ubiquinone oxidoreductase complex assembly factor 6,0.10638689765579064,animal_model,False,False,,0.875,,,,,,
Obesity,ENSG00000196517,SLC6A9,solute carrier family 6 member 9,0.10638689765579064,animal_model,False,False,,0.875,,,,,,
Obesity,ENSG00000168610,STAT3,signal transducer and activator of transcription 3,0.1063689439036168,literature,False,True,0.8748,,,,,,,
Obesity,ENSG00000101439,CST3,cystatin C,0.10626810386091258,literature,False,True,0.874,,,,,,,
Obesity,ENSG00000164128,NPY1R,neuropeptide Y receptor Y1,0.10623309229885067,animal_model;genetic_association;literature,False,False,0.4937,0.6694,,0.1196,,,,
Obesity,ENSG00000198576,ARC,activity regulated cytoskeleton associated protein,0.10619287470366094,literature,False,True,0.8734,,,,,,,
Obesity,ENSG00000142192,APP,amyloid beta precursor protein,0.1061667390803212,animal_model;literature,False,False,0.7758,0.3167,,0.0327,,,,
Obesity,ENSG00000120129,DUSP1,dual specificity phosphatase 1,0.10611371197959553,literature,False,True,0.8727,,,,,,,
Obesity,ENSG00000076706,MCAM,melanoma cell adhesion molecule,0.10608325076244303,literature,False,True,0.8725,,,,,,,
Obesity,ENSG00000136750,GAD2,glutamate decarboxylase 2,0.10605969639996732,literature,False,True,0.8723,,,,,,,
Obesity,ENSG00000179021,C3orf38,chromosome 3 open reading frame 38,0.10604500399739215,genetic_association,False,False,0.038,,,0.1725,,,,
Obesity,ENSG00000139428,MMAB,metabolism of cobalamin associated B,0.10599454916919833,genetic_association,False,False,0.0228,,,0.1732,,,,
Obesity,ENSG00000118046,STK11,serine/threonine kinase 11,0.1059923174864129,literature,False,True,0.8717,,,,,,,
Obesity,ENSG00000141655,TNFRSF11A,TNF receptor superfamily member 11a,0.10593229114867117,animal_model;literature,False,False,0.8018,0.2778,,,,,,
Obesity,ENSG00000271503,CCL5,C-C motif chemokine ligand 5,0.1059054872039469,literature,False,True,0.871,,,,,,,
Obesity,ENSG00000013297,CLDN11,claudin 11,0.10566606294754936,animal_model;literature,False,False,0.7599,0.4366,,,,,,
Obesity,ENSG00000165983,PTER,phosphotriesterase related,0.10552483123108788,genetic_association;literature,False,False,0.2762,,,0.1598,,,,
Obesity,ENSG00000186367,MINAR2,membrane integral NOTCH2 associated receptor 2,0.10552079753244413,animal_model;literature,False,False,0.8053,0.2503,,,,,,
Obesity,ENSG00000213672,NCKIPSD,NCK interacting protein with SH3 domain,0.10550742597379914,genetic_association;literature,False,False,0.1064,,,0.1682,,,,
Obesity,ENSG00000163728,TTC14,tetratricopeptide repeat domain 14,0.1054476150345677,genetic_association,False,False,,,,0.1735,,,,
Obesity,ENSG00000120306,CYSTM1,cysteine rich transmembrane module containing 1,0.10539262044504699,genetic_association,False,False,,,,0.1734,,,,
Obesity,ENSG00000120458,MSANTD2,Myb/SANT DNA binding domain containing 2,0.10538530692463005,genetic_association,False,False,,,,0.1734,,,,
Obesity,ENSG00000147535,PLPP5,phospholipid phosphatase 5,0.10536019423404179,genetic_association,False,False,,,,0.1733,,,,
Obesity,ENSG00000146021,KLHL3,kelch like family member 3,0.1053180860619817,animal_model;literature,False,False,0.7639,0.4092,,,,,,
Obesity,ENSG00000174990,CA5A,carbonic anhydrase 5A,0.10530457019053066,genetic_association;literature,False,False,0.1766,,,0.1644,,,,
Obesity,ENSG00000013364,MVP,major vault protein,0.10523597363953434,animal_model;literature,False,False,0.7728,0.3709,,,,,,
Obesity,ENSG00000154767,XPC,"XPC complex subunit, DNA damage recognition and repair factor",0.10518320483708436,genetic_association,False,False,,,,0.173,,,,
Obesity,ENSG00000082438,COBLL1,cordon-bleu WH2 repeat protein like 1,0.1050045766745554,genetic_association;literature,False,False,0.6706,,,0.1392,,,,
Obesity,ENSG00000136688,IL36G,interleukin 36 gamma,0.1049780420227633,literature,False,True,0.8634,,,,,,,
Obesity,ENSG00000106538,RARRES2,retinoic acid receptor responder 2,0.10497417034282366,literature,False,True,0.8634,,,,,,,
Obesity,ENSG00000125740,FOSB,"FosB proto-oncogene, AP-1 transcription factor subunit",0.10484524326498888,literature,False,True,0.8623,,,,,,,
Obesity,ENSG00000160712,IL6R,interleukin 6 receptor,0.10473943833993613,literature,False,True,0.8538,,0.0061,,,,,
Obesity,ENSG00000179914,ITLN1,intelectin 1,0.10471792645345988,literature,False,True,0.8613,,,,,,,
Obesity,ENSG00000066651,TRMT11,tRNA methyltransferase 11,0.10460489914719992,genetic_association,False,False,,,,0.1721,,,,
Obesity,ENSG00000162772,ATF3,activating transcription factor 3,0.10451748002113351,literature,False,True,0.8596,,,,,,,
Obesity,ENSG00000111664,GNB3,G protein subunit beta 3,0.10450157226381196,literature,False,True,0.8595,,,,,,,
Obesity,ENSG00000105612,DNASE2,"deoxyribonuclease 2, lysosomal",0.10448080385967003,genetic_association,False,False,0.0448,,,0.1696,,,,
Obesity,ENSG00000119283,TRIM67,tripartite motif containing 67,0.10443449363626398,animal_model;literature,False,False,0.7829,0.3041,,,,,,
Obesity,ENSG00000113805,CNTN3,contactin 3,0.1042267142450947,animal_model;genetic_association,False,False,0.026,0.3328,,0.1542,,,,
Obesity,ENSG00000095970,TREM2,triggering receptor expressed on myeloid cells 2,0.10407833996144022,literature,False,True,0.856,,,,,,,
Obesity,ENSG00000136999,CCN3,cellular communication network factor 3,0.1040476965976721,animal_model;genetic_association;literature,False,False,0.177,0.4649,,0.144,,,,
Obesity,ENSG00000164251,F2RL1,F2R like trypsin receptor 1,0.10400053865893709,literature,False,True,0.8554,,,,,,,
Obesity,ENSG00000168779,SHOX2,SHOX homeobox 2,0.10398344495077448,genetic_association,False,False,0.0357,,,0.1693,,,,
Obesity,ENSG00000196639,HRH1,histamine receptor H1,0.10388719766548701,animal_model;clinical;literature,False,False,0.1354,0.4996,0.1368,0.0669,,,,
Obesity,ENSG00000175029,CTBP2,C-terminal binding protein 2,0.10380834105159857,literature,False,True,0.8538,,,,,,,
Obesity,ENSG00000171540,OTP,orthopedia homeobox,0.10374297334683834,animal_model;genetic_association;literature,False,False,0.4785,0.5977,,0.1301,,,,
Obesity,ENSG00000204386,NEU1,neuraminidase 1,0.1037133985224281,animal_model;literature,False,False,0.7818,0.2849,,,,,,
Obesity,ENSG00000171236,LRG1,leucine rich alpha-2-glycoprotein 1,0.10360417508200886,literature,False,True,0.8521,,,,,,,
Obesity,ENSG00000157895,C12orf43,chromosome 12 open reading frame 43,0.10342034902947776,genetic_association,False,False,,,,0.1701,,,,
Obesity,ENSG00000204305,AGER,advanced glycosylation end-product specific receptor,0.10333744872541799,literature,False,True,0.8499,,,,,,,
Obesity,ENSG00000103335,PIEZO1,piezo type mechanosensitive ion channel component 1 (Er blood group),0.10330288322247864,literature,False,True,0.8496,,,,,,,
Obesity,ENSG00000163430,FSTL1,follistatin like 1,0.10323810240957872,animal_model;literature,False,False,0.7475,0.4064,,,,,,
Obesity,ENSG00000011600,TYROBP,transmembrane immune signaling adaptor TYROBP,0.10323079293191857,literature,False,True,0.849,,,,,,,
Obesity,ENSG00000082701,GSK3B,glycogen synthase kinase 3 beta,0.10313138612375451,animal_model;literature,False,False,0.7058,0.4056,,0.0738,,,,
Obesity,ENSG00000163739,CXCL1,C-X-C motif chemokine ligand 1,0.10308120788189368,literature,False,True,0.8478,,,,,,,
Obesity,ENSG00000126353,CCR7,C-C motif chemokine receptor 7,0.10294478017141473,literature,False,True,0.8467,,,,,,,
Obesity,ENSG00000196415,PRTN3,proteinase 3,0.10284125713419283,literature,False,True,0.8458,,,,,,,
Obesity,ENSG00000158050,DUSP2,dual specificity phosphatase 2,0.1027335734056684,literature,False,True,0.762,,,0.0663,,,,
Obesity,ENSG00000105088,OLFM2,olfactomedin 2,0.10272344157014451,animal_model;literature,False,False,0.7774,0.2699,,,,,,
Obesity,ENSG00000159228,CBR1,carbonyl reductase 1,0.10249099826112217,animal_model;literature,False,False,0.7781,0.2595,,,,,,
Obesity,ENSG00000172572,PDE3A,phosphodiesterase 3A,0.10244779237127619,clinical,True,False,0.0605,,0.1655,,,,,
Obesity,ENSG00000113140,SPARC,secreted protein acidic and cysteine rich,0.10241953090411843,animal_model;literature,False,False,0.7228,0.4783,,,,,,
Obesity,ENSG00000135414,GDF11,growth differentiation factor 11,0.10215027667643203,animal_model;literature,False,False,0.7761,0.2561,,,,,,
Obesity,ENSG00000170458,CD14,CD14 molecule,0.10212351093449104,literature,False,True,0.8399,,,,,,,
Obesity,ENSG00000114200,BCHE,butyrylcholinesterase,0.10207485799931151,literature,False,True,0.8395,,,,,,,
Obesity,ENSG00000105369,CD79A,CD79a molecule,0.10204134598347014,literature,False,True,0.8342,,,,0.0201,,,
Obesity,ENSG00000109819,PPARGC1A,PPARG coactivator 1 alpha,0.1019157041497835,animal_model;literature,False,False,0.7391,0.3965,,,,,,
Obesity,ENSG00000138685,FGF2,fibroblast growth factor 2,0.10186692222589935,literature,False,True,0.8378,,,,,,,
Obesity,ENSG00000103266,STUB1,STIP1 homology and U-box containing protein 1,0.10183377333614328,literature,False,True,0.8375,,,,,,,
Obesity,ENSG00000131323,TRAF3,TNF receptor associated factor 3,0.10181290842426116,literature,False,True,0.8374,,,,,,,
Obesity,ENSG00000127318,IL22,interleukin 22,0.10176156555897396,literature,False,True,0.837,,,,,,,
Obesity,ENSG00000122547,EEPD1,endonuclease/exonuclease/phosphatase family domain containing 1,0.10141825582330243,animal_model;literature,False,False,0.7599,0.2969,,,,,,
Obesity,ENSG00000138587,MNS1,meiosis specific nuclear structural 1,0.10133667241395379,animal_model;genetic_association,False,False,,0.3452,,0.1494,,,,
Obesity,ENSG00000168404,MLKL,mixed lineage kinase domain like pseudokinase,0.10112157374189705,literature,False,True,0.8317,,,,,,,
Obesity,ENSG00000168137,SETD5,SET domain containing 5,0.1009301740051915,genetic_association,False,False,0.0304,,,0.1641,0.0164,,,
Obesity,ENSG00000169379,ARL13B,ARF like GTPase 13B,0.10086942824311211,genetic_association;literature,False,False,0.3364,,,0.1491,,,,
Obesity,ENSG00000242689,CNTF,ciliary neurotrophic factor,0.1008174129905567,literature,False,True,0.8292,,,,,,,
Obesity,ENSG00000154719,MRPL39,mitochondrial ribosomal protein L39,0.10078009381218304,genetic_association,False,False,,,,0.1658,,,,
Obesity,ENSG00000100097,LGALS1,galectin 1,0.10076083213001309,literature,False,True,0.8287,,,,,,,
Obesity,ENSG00000103888,CEMIP,cell migration inducing hyaluronidase 1,0.1007576786406352,genetic_association;literature,False,False,0.34,,,0.1487,,,,
Obesity,ENSG00000130649,CYP2E1,cytochrome P450 family 2 subfamily E member 1,0.1007049070400358,literature,False,True,0.8283,,,,,,,
Obesity,ENSG00000152910,CNTNAP4,contactin associated protein family member 4,0.10064245104492535,genetic_association,False,False,0.0228,,,0.1644,,,,
Obesity,ENSG00000163220,S100A9,S100 calcium binding protein A9,0.10063863804717738,literature,False,True,0.8277,,,,,,,
Obesity,ENSG00000142166,IFNAR1,interferon alpha and beta receptor subunit 1,0.10057219054758205,literature,False,True,0.7779,,,0.0394,,,,
Obesity,ENSG00000260027,HOXB7,homeobox B7,0.10056768138642909,genetic_association,False,False,,,,0.1654,,,,
Obesity,ENSG00000165029,ABCA1,ATP binding cassette subfamily A member 1,0.10051865080683953,animal_model;literature,False,False,0.6989,0.5113,,,,,,
Obesity,ENSG00000163661,PTX3,pentraxin 3,0.1004348067031333,animal_model;literature,False,False,0.7431,0.2564,,0.0339,,,,
Obesity,ENSG00000172292,CERS6,ceramide synthase 6,0.10041385296180107,animal_model;literature,False,False,0.7632,0.2507,,,,,,
Obesity,ENSG00000122641,INHBA,inhibin subunit beta A,0.10029111920734812,animal_model;clinical,False,False,0.0441,0.5441,0.1368,,,,,
Obesity,ENSG00000174483,BBS1,Bardet-Biedl syndrome 1,0.10022823819458614,animal_model;literature,False,False,0.7009,0.4937,,,,,,
Obesity,ENSG00000118972,FGF23,fibroblast growth factor 23,0.10014185056534111,animal_model;literature,False,False,0.6983,0.5013,,,,,,
Obesity,ENSG00000257335,MGAM,maltase-glucoamylase,0.10008768820794862,clinical,True,False,0.0504,,0.1621,,,,,
Obesity,ENSG00000131203,IDO1,"indoleamine 2,3-dioxygenase 1",0.10007717536353007,literature,False,True,0.8231,,,,,,,
