disease,symbol,log2FC,direction,p_value,adj_p,significant
PCOS,ESR1,-1.111006600795962,down,0.08760940182758825,0.5101258390129267,False
PCOS,ERBB4,-1.0577588775570064,down,0.032364670900468115,0.44429394288810276,True
PCOS,GNRHR,-0.02045999998590542,down,0.961232653799543,0.9876356274674755,False
PCOS,FTO,-0.11081618677801508,down,0.7636176798568665,0.9025567540742054,False
PCOS,CHEK2,0.023450123883697493,up,0.972212760831672,0.9906826618496745,False
PCOS,FSHB,-0.39266293325242607,down,0.5646381930887059,0.8043010352596675,False
PCOS,DENND1A,0.8864055973445968,up,0.24494226218451592,0.6069983486286649,False
PCOS,GNAI1,-1.0798202439194657,down,0.15517987679180298,0.5539003053996848,False
PCOS,NEIL2,0.3233264346839375,up,0.6784210984011624,0.8618021787838112,False
PCOS,ARL14EP,-0.8405232446618793,down,0.08968993766081883,0.5108786915526888,False
PCOS,PROX1,0.45889217330165266,up,0.6339887709613051,0.8405790790742245,False
PCOS,ZBTB16,-0.3355851086115056,down,0.5153629072919628,0.7765393673633401,False
PCOS,CYP19A1,-0.6126499478275687,down,0.2661387753572533,0.6201141908268287,False
PCOS,IRF1,1.1837744512616766,up,0.00693779915733927,0.29331833521551864,True
PCOS,SUOX,-0.1821700923246965,down,0.5691815184428145,0.8063088190609897,False
PCOS,LHCGR,0.1617787935424797,up,0.6903983398543986,0.8691722535790815,False
PCOS,NDUFA13,0.5204207860845145,up,0.6319883976037938,0.839813885829145,False
PCOS,NDUFB8,-0.2668600110565986,down,0.4154226743773181,0.7181798009484559,False
PCOS,GLP1R,0.21826596679626142,up,0.7011733955807383,0.8743405448262508,False
PCOS,PGR,-0.7783319381219371,down,0.02570443253195933,0.4184903327769899,True
PCOS,GATA4,0.13313337426111183,up,0.7918036394225227,0.9173758043772717,False
PCOS,NDUFB9,-0.32464543120130074,down,0.2790125754551527,0.62735452111757,False
PCOS,NDUFA1,0.12380729248508082,up,0.8760603346203826,0.9542140751940171,False
PCOS,NDUFAB1,-0.2584484740778681,down,0.377417077251976,0.6946034921046133,False
PCOS,NDUFA9,0.20641792702116035,up,0.6523642079139267,0.8496621387561384,False
PCOS,NDUFV2,0.05545576723677215,up,0.9152196847359771,0.9685698952730015,False
PCOS,NDUFB11,0.1597511480895264,up,0.7186687451209828,0.8831252412092417,False
PCOS,NDUFS1,-0.6185656555144359,down,0.06056714169672331,0.48414468989108633,False
PCOS,NDUFB6,-0.29783936464448324,down,0.4620519668048841,0.7441489682962906,False
PCOS,NDUFC1,-0.4376759191720154,down,0.2587729645252136,0.6147839090465154,False
PCOS,NDUFAF3,0.6433093685496036,up,0.31343946863965055,0.6505547212361794,False
PCOS,NDUFA5,-1.1369513114761514,down,0.17774016790356026,0.5658585360007573,False
PCOS,NDUFAF1,-0.3028892837360022,down,0.3760942178842018,0.6939498954977718,False
PCOS,NDUFV1,0.6614249744554144,up,0.17337353217620094,0.5622637947635118,False
PCOS,NDUFB5,-0.4108897551762851,down,0.22742650975110243,0.5979977397518896,False
PCOS,NDUFAF4,-0.5548156043151735,down,0.1471475308528098,0.5473296599861799,False
PCOS,NDUFB1,0.10204860131137572,up,0.8328388472389456,0.9357392993106634,False
PCOS,NDUFS7,0.40573534540087053,up,0.45633691503791707,0.740616963057065,False
PCOS,NDUFB2,0.3182582004218517,up,0.36016166144712203,0.6826581527275422,False
PCOS,NDUFA10,0.1692096414169839,up,0.6981433227265965,0.8725612715828494,False
PCOS,NDUFAF2,-0.5982395073540783,down,0.15279972409195597,0.5521894972136135,False
PCOS,NDUFA6,-0.37018520890443796,down,0.24237919885017195,0.6059349188136082,False
PCOS,NDUFA7,0.4446452277938757,up,0.37274389440528716,0.6921458332427124,False
PCOS,NDUFB4,0.26535345423227064,up,0.6579670738116283,0.8519608212986532,False
PCOS,NDUFB3,0.09580189637192937,up,0.8058706859834828,0.9236062570057848,False
PCOS,NDUFA3,0.020332194724495878,up,0.9646799289009775,0.9884520452683542,False
PCOS,NDUFS4,-0.33160507197479205,down,0.30934496835845926,0.6472209020555041,False
PCOS,NDUFB10,0.5106336065459125,up,0.43449146301547187,0.7306970050625714,False
PCOS,NDUFA12,-0.10677356206213595,down,0.8020315497478666,0.9220956568395791,False
PCOS,GPD2,-0.10477922286088415,down,0.8051893652122286,0.923601298657084,False
PCOS,NDUFB7,1.1924163519209738,up,0.09866903942572205,0.516212132737513,False
PCOS,NDUFA11,-0.30522837424931026,down,0.35708992417450797,0.680317971387238,False
PCOS,NDUFS2,0.161915302590101,up,0.621868472450552,0.8357311429158809,False
PCOS,NDUFA2,0.22976382048347688,up,0.742397850585412,0.892992327860575,False
PCOS,NDUFA8,-0.2769995937124996,down,0.48432004795410316,0.7583817329267403,False
PCOS,NDUFV3,-0.012236301215596157,down,0.9698643283112157,0.9901497823327517,False
PCOS,NDUFS3,0.42234324412056345,up,0.4492566820923641,0.7384496758805825,False
PCOS,NDUFS6,-0.17117478777711526,down,0.6603485015785402,0.8527868012226396,False
PCOS,YAP1,-1.1783135834903842,down,0.11199336244710698,0.5255083038223072,False
PCOS,SLC5A2,-1.102001298475197,down,0.12388838917518916,0.5294583468099019,False
PCOS,VDR,1.3305089102641645,up,0.07778317125728022,0.5006777850367967,False
PCOS,NR3C2,-0.9042482049418625,down,0.3034936256631296,0.6436720175415471,False
PCOS,THADA,0.27280725100756875,up,0.5287770606311487,0.7840907621079103,False
PCOS,PPARG,-0.04196206382041545,down,0.9069450539047333,0.9647630617674805,False
PCOS,TTC28,-0.8560620411332067,down,0.06538795388211595,0.49335070031691164,False
PCOS,LZTS3,-0.36459708438242977,down,0.40125554523315066,0.7086839411082028,False
PCOS,MSH6,-0.8518962414517315,down,0.09894321215159321,0.516212132737513,False
PCOS,HMGA2,-0.62845027738335,down,0.16607957027188258,0.5602468455569244,False
PCOS,TMEM135,-0.7359677238215969,down,0.19421689106067075,0.5779867718139701,False
PCOS,TP53,0.49998103308516484,up,0.25672814596460664,0.6137303298012505,False
PCOS,BMPR1B,-1.8844301858830157,down,0.03919493978978083,0.45999151401717536,True
PCOS,KCNS2,-0.9366259937959214,down,0.18020577995881884,0.5678472368574329,False
PCOS,ZNF217,-0.2625776848443291,down,0.702174569542903,0.8750003454187325,False
PCOS,GNPDA2,-0.3513896283999429,down,0.36315533169542946,0.6850345986772601,False
PCOS,SEC22A,-0.9150557760716485,down,0.036003802464806375,0.45368951521855655,True
PCOS,CUX2,0.1942244323459299,up,0.8933826847542439,0.96057342521962,False
PCOS,DRD2,0.2187486477567182,up,0.6559358628131846,0.8509978319986181,False
PCOS,EMID1,0.3043392034216428,up,0.4666910570798213,0.7464163720429137,False
PCOS,INHBB,-0.9732388504575145,down,0.01713168235488352,0.37563717600648455,True
PCOS,LEPR,0.40538766318218933,up,0.40954681023784395,0.7147602240406565,False
PCOS,HMGCR,-0.40882251341774634,down,0.4360411399364869,0.7312775029702256,False
PCOS,KCNIP4,-2.1236685306494074,down,0.050103724363727536,0.46983366546028443,False
PCOS,NUDT12,-1.5567087739381984,down,0.03403905667841532,0.4508895804109345,True
PCOS,ESR2,-1.202034254578452,down,0.22125887524904622,0.5949705741656988,False
PCOS,PCMTD1,-0.42672456889772725,down,0.37119320011959406,0.6903144692635217,False
PCOS,DCC,-1.4027028398259818,down,0.046563120254170136,0.46809328552859947,True
PCOS,MMP8,0.9907551175809868,up,0.3069333730511208,0.6451856732869894,False
PCOS,INSR,-1.249284268527985,down,0.07075054521041681,0.49476538539728127,False
PCOS,ZFP36L2,0.6514033873308218,up,0.0677983995944451,0.49335070031691164,False
PCOS,DPP4,-0.41697921741372035,down,0.409681945075072,0.7147602240406565,False
PCOS,SLC6A2,-0.46932598442127027,down,0.542946460356207,0.7915780409713359,False
PCOS,GABRB1,-1.7696772548382418,down,0.22273849561412212,0.5959512555308798,False
PCOS,MMP7,1.6734699769423536,up,0.11570507059144731,0.5271007746692558,False
PCOS,SCN2A,0.3054631287490812,up,0.7374524593834773,0.8908078441738412,False
PCOS,SCN11A,0.3720568453265267,up,0.5866150592392225,0.8165458416450384,False
PCOS,SCN7A,-0.919104989018912,down,0.3425159734111046,0.6718011301143483,False
PCOS,GABRQ,0.7349719730328577,up,0.29311803151649135,0.6367119583534068,False
PCOS,GRIK5,0.033923887345830295,up,0.9374004156215123,0.9777687103926547,False
PCOS,GRIK1,-0.8229611227796196,down,0.2871277513092211,0.6330631523861714,False
PCOS,GABRB3,0.13863074868666114,up,0.8135073438665981,0.9281091025009898,False
PCOS,SCN8A,-0.19690824456744327,down,0.8201340441121904,0.9303365712190329,False
PCOS,GABRG1,0.12816153315776546,up,0.8546842983709332,0.9455423038774035,False
PCOS,GABRG2,0.5330358942332447,up,0.6412407877723081,0.8438520986926166,False
PCOS,SCN3A,-1.928977245895755,down,0.03944028814569008,0.4600082021593393,True
PCOS,SCN5A,-1.0680640365805276,down,0.21571189304052465,0.5908063429485373,False
PCOS,GABRG3,1.5462536889199132,up,0.0647770440451069,0.4924453900525811,False
PCOS,GABRA2,1.1787601832850907,up,0.2550874348701865,0.6131240032503195,False
PCOS,GRIA3,-0.07778005821323397,down,0.9418901659284373,0.9793995178205048,False
PCOS,SCN9A,-1.348231074696824,down,0.05088059944323002,0.46983366546028443,False
PCOS,GABRB2,-0.6040199062712306,down,0.31383113991607586,0.6505547212361794,False
PCOS,GABRA5,0.13893812331206323,up,0.906125868647288,0.9646931496246892,False
PCOS,GRIK2,-1.8096871418697607,down,0.08182993847508958,0.5050707447809086,False
PCOS,GRIA4,0.5623747503463044,up,0.517585334285148,0.7779766608275629,False
PCOS,SCN1A,0.5093551996292378,up,0.4361079767387632,0.7312775029702256,False
PCOS,CA4,1.3934327737878878,up,0.006894904614125538,0.29331833521551864,True
PCOS,CA2,-0.5120227192993436,down,0.34478768148901384,0.6727967895934593,False
PCOS,GABRA4,0.5089825649604967,up,0.6414087487768534,0.843965311776068,False
PCOS,SCN10A,-0.021372485408547526,down,0.9774589023752881,0.9920093708357363,False
PCOS,TWIST2,-0.6083091416530895,down,0.5268004597015484,0.7830391890002258,False
PCOS,ERBB3,-0.6583678052261632,down,0.2275605258908818,0.5979977397518896,False
PCOS,KLF13,0.7009203120648326,up,0.09491821781660076,0.5130192226047113,False
PCOS,C9orf72,1.0068641799096394,up,0.0038875462848410656,0.24892402768506547,True
PCOS,AR,-0.5325486131650692,down,0.2291244438924719,0.5996249900484993,False
PCOS,ADCY5,-0.116084989030381,down,0.8049874222211998,0.923601298657084,False
PCOS,TRAPPC12,0.15251049508841952,up,0.7346204973692105,0.8896946376338397,False
PCOS,FIGN,-0.5026733226404856,down,0.3428867588376433,0.6720033802832377,False
PCOS,CADPS,0.2928835809666186,up,0.48008834391488037,0.7560880684378605,False
PCOS,TCF7L1,-0.055093995645580485,down,0.9057020947914753,0.9646053101649641,False
PCOS,LCT,-1.8334732049104119,down,0.137305325096361,0.5395699810805182,False
PCOS,RNF43,-0.3495271821381598,down,0.5307052046871437,0.7850336435428618,False
PCOS,ROCK1,0.37317357063280454,up,0.27933396792973997,0.6276196061850217,False
PCOS,STARD7,0.22913004508595947,up,0.5178457781496466,0.7780089408670301,False
PCOS,MC4R,0.0902929066001823,up,0.9004793561300585,0.9633676640565839,False
PCOS,PITPNB,0.0566924290119708,up,0.8481842256740804,0.9427382483091391,False
PCOS,NHLRC3,-0.39560487503015196,down,0.38852140346836617,0.7017645099461834,False
PCOS,TRIB1,0.4246935810557364,up,0.312866883154727,0.6503972782445399,False
PCOS,NR3C1,0.3322585629285779,up,0.436462889450593,0.7312775029702256,False
PCOS,ZNF644,-0.6258383950125985,down,0.21534547154899375,0.5908063429485373,False
PCOS,CDH10,0.3672742477329036,up,0.4214411908817361,0.7228533021123598,False
PCOS,FZD4,0.6224241972870299,up,0.2624555053371468,0.6178271372934616,False
PCOS,COG2,-0.21664298080829525,down,0.5195861405789928,0.7789853307133843,False
PCOS,TOX3,0.9637756958974792,up,0.24451248332559017,0.6066608128320935,False
PCOS,RUVBL1,0.01926683845529098,up,0.9708298927061416,0.9902890930164115,False
PCOS,PPARA,-0.8074483197955367,down,0.13364637230102844,0.5370383940280491,False
PCOS,KRR1,-0.09487194313160785,down,0.7588958462818455,0.9006589999132936,False
PCOS,PROSER1,0.0789321112467185,up,0.8210141356433223,0.9309354522107647,False
PCOS,C22orf42,-0.7452852649994552,down,0.5219223595646919,0.7806476934808134,False
PCOS,MMP2,0.0743295552504879,up,0.8680517372874488,0.950905813364629,False
PCOS,PPARD,0.40801604915422374,up,0.2908739708826859,0.635470861610707,False
PCOS,UNC5C,-1.0769220639800139,down,0.006880002156501331,0.29331833521551864,True
PCOS,F5,-0.2683550940245887,down,0.5161037400739428,0.7770951757582026,False
PCOS,ZNRF3,-1.475055162626636,down,0.09312912270054849,0.5118688230673256,False
PCOS,TCEA1,-0.44929962943150414,down,0.17170066118903732,0.5615416163230792,False
PCOS,ATRNL1,-1.146867026586432,down,0.11144649362589357,0.524801639200322,False
PCOS,DPP10,-2.0510317866600287,down,0.02504701416590489,0.41643755358496853,True
PCOS,LINGO2,-1.0283391629095817,down,0.04855854982550981,0.46983366546028443,True
PCOS,RAB5B,1.490004610582039,up,0.0048281185884852485,0.2691094412045769,True
PCOS,RBFOX1,-1.134645924741914,down,0.030268410438964697,0.43896311533937443,True
PCOS,SOX4,-1.0534164373699184,down,0.3324186115203211,0.663764994888115,False
PCOS,KAZN,-0.8849872414086057,down,0.18204781222183206,0.5678766454400676,False
PCOS,GUF1,-0.3635799315684629,down,0.39248800150488344,0.7033327625781696,False
PCOS,SEMA3D,-0.213253031348569,down,0.8672690955729777,0.9507667983639037,False
PCOS,GRID2,-0.8652212778194173,down,0.355760009334692,0.6796055510207986,False
PCOS,DCDC2,1.0152633006923457,up,0.07115032981339776,0.49534870323435876,False
PCOS,LEP,0.5251920848792526,up,0.7245235494412741,0.8851674815464177,False
PCOS,PRL,0.6570561181012531,up,0.5031929049818776,0.7693431400590863,False
PCOS,TNF,1.1079504666120243,up,0.12010098663475256,0.5279182062975382,False
PCOS,GIPR,0.0370199288413291,up,0.9570296206362118,0.9851932092719793,False
PCOS,PTPN2,0.37754653929747484,up,0.22671449797424942,0.5979977397518896,False
PCOS,PLOD1,0.05416360820254518,up,0.8799125675066815,0.9559242843178607,False
PCOS,IL6,1.513519283825688,up,0.21282484402390178,0.5904932622125659,False
PCOS,GNRH1,0.41084011945274135,up,0.366494816727937,0.6872136765265154,False
PCOS,BRD2,1.4305222118181415,up,0.02571292056460249,0.4184903327769899,True
PCOS,FNDC5,-0.21982861999371295,down,0.7848117618537459,0.9138996564565651,False
PCOS,GPR135,-1.0494850000970288,down,0.1372632624018621,0.5395699810805182,False
PCOS,GCG,-2.3275803902397048,down,0.02161460542727916,0.40368007509165615,True
PCOS,RARRES2,-0.2720952839802866,down,0.502738317109358,0.7692884908913349,False
PCOS,VEGFA,0.48356138908459556,up,0.34474516821367285,0.6727967895934593,False
PCOS,AKT1,1.8158975212479858,up,0.07430375207789211,0.4965584575270473,False
PCOS,PTX3,-1.5521444055394849,down,0.12505679732523609,0.5304982831988777,False
PCOS,GJC1,-1.089595926604244,down,0.14378514319660807,0.5441194427102725,False
PCOS,RPL15,0.25747529046436846,up,0.6049078033950596,0.8262950396268973,False
PCOS,NAMPT,1.1794711709251011,up,0.05348434514309569,0.47188554417985934,False
PCOS,GHRL,-0.045625266676106335,down,0.9478519906154506,0.98114211047219,False
PCOS,TGFB1,3.181905406042195,up,0.005981752452466087,0.2821138335115287,True
PCOS,RETN,0.9836957842935661,up,0.30893517910695845,0.6469272960382382,False
PCOS,BMP15,-0.10904367372502488,down,0.8913500887549476,0.9599833193115065,False
PCOS,PTEN,0.13766887783404336,up,0.6231322803837935,0.8367970136793976,False
PCOS,RBP4,0.1372461099359441,up,0.8674623279244544,0.9507667983639037,False
PCOS,GDF9,0.7605933712462658,up,0.16914599412297035,0.561232822434628,False
PCOS,NLRP3,2.3203351399498287,up,0.050718126300259805,0.46983366546028443,False
PCOS,IL22,-0.35056356315527903,down,0.5676851831422506,0.8053522166549637,False
PCOS,IL18,0.7311270178325362,up,0.06678695098668799,0.49335070031691164,False
PCOS,IGF1,-0.35764560636139286,down,0.4509904611210367,0.7388251094788775,False
PCOS,MTOR,-0.30585493657453533,down,0.38053800122760645,0.6964549216414655,False
PCOS,KLK3,-1.1476317234518598,down,0.08166923494963149,0.5050707447809086,False
PCOS,SERPINE1,0.6769496555587526,up,0.5142528798013134,0.776163641527452,False
PCOS,RPGRIP1L,-0.7822624928433752,down,0.13348740354751926,0.5367632339519435,False
PCOS,NUCB2,-0.7078217300439356,down,0.09601811889591969,0.5130192226047113,False
PCOS,MTHFR,-0.05959050550992551,down,0.8420155575738251,0.9393799300466171,False
PCOS,HMGB1,0.43318605265272225,up,0.1855202391773007,0.5713689030403625,False
PCOS,TNFSF4,-1.7403394016420473,down,0.1921970699957292,0.5772241367664483,False
PCOS,MMP9,1.8959416805489617,up,0.0004114531903836021,0.15775908433102365,True
PCOS,ADI1,-0.544977268610289,down,0.1283410670126802,0.5322991923930294,False
PCOS,CTBP1,0.03027504227189226,up,0.9402074053703855,0.9787656411104289,False
PCOS,LCN2,1.2044448369275225,up,0.20798554738078626,0.5875975617359689,False
PCOS,MALAT1,0.9967474542247512,up,0.07686583106788172,0.499263672836487,False
PCOS,C3,3.1554777346986587,up,0.000878703596738036,0.1698518884581379,True
PCOS,STAT3,0.32615576631624776,up,0.551179076134726,0.796530168205631,False
PCOS,NFKB1,0.5141805357700058,up,0.3878428114722707,0.7010873523780764,False
PCOS,CYP17A1,1.6780478712222688,up,0.06804622458490299,0.49335070031691164,False
PCOS,GDF15,0.1929554339273416,up,0.7839999229445287,0.9133758808530935,False
PCOS,IRS1,-0.3425984088797218,down,0.6565863036946894,0.8514456587155029,False
PCOS,CCL2,4.433484195001549,up,0.0020193742491778004,0.21473853738027257,True
PCOS,CYP11A1,0.38365758441613096,up,0.5150316969208534,0.7764980611131248,False
PCOS,IL10,2.172950242275113,up,0.00979280479047091,0.32073602238524634,True
PCOS,SIRT3,-0.2548053800364052,down,0.5452294495419706,0.793010372064306,False
PCOS,CD4,2.5437643275487956,up,0.015903794983562664,0.364822168231766,True
PCOS,TXNIP,0.660150963648201,up,0.07917301674715105,0.5017870720770351,False
PCOS,HP,0.24659953123249245,up,0.811007568865876,0.9265725172478259,False
PCOS,TCF7L2,-0.5558951606694915,down,0.45029001810319325,0.7384870848846669,False
PCOS,ICAM1,2.3665369588162273,up,0.0012428227260467201,0.18780257775880607,True
PCOS,TLR4,0.8594292491876079,up,0.07495563678664306,0.4965584575270473,False
PCOS,GPT,-1.1946117233197828,down,0.2730621411820134,0.6235017872896527,False
PCOS,IL1B,1.3509422445717494,up,0.10052901965681714,0.5171780674866281,False
PCOS,SH2B3,0.37564515706953294,up,0.29511026581677463,0.6376299587515009,False
PCOS,FBN3,0.18021015832041698,up,0.8296919023557743,0.9343757969069774,False
PCOS,FST,-0.6701399960762355,down,0.049426362815216215,0.46983366546028443,True
PCOS,NGF,0.37207277741970834,up,0.6647208575224851,0.8546952276819353,False
T2D,KCNJ11,0.16726506329532898,up,0.7064889901790821,0.9402857886094572,False
T2D,ABCC8,-0.25241636789542454,down,0.5046816723249713,0.870542502498237,False
T2D,GCK,-0.10353195140818361,down,0.666646644385262,0.926373066531165,False
T2D,PPARG,-1.2290979002988558,down,0.020352079971618108,0.4271738195926101,True
T2D,INSR,-0.46160932859424175,down,0.5269599514306108,0.8805249569586928,False
T2D,WFS1,-0.17999595002165392,down,0.7756399934025339,0.9575117111143339,False
T2D,SLC2A2,-0.4453805438934153,down,0.27115211817089885,0.7675474812560592,False
T2D,PAX4,-0.35262454936405324,down,0.41843694369388,0.8371233055006672,False
T2D,SLC30A8,-0.8204399756578495,down,0.17671874109406438,0.6932447894180461,False
T2D,AKT2,-0.10422183198274793,down,0.8647152816292317,0.9756414788351975,False
T2D,GPD2,-0.28519678030246576,down,0.6045865482804068,0.9080546173088622,False
T2D,GIPR,0.9092131855157399,up,0.02035968464348664,0.4271738195926101,True
T2D,NDUFS4,-0.40368282257558485,down,0.3998734406691942,0.8318171969893678,False
T2D,CDKAL1,-0.6690998513598956,down,0.26698570164494834,0.7654827253178973,False
T2D,TCF7L2,-0.48213240563910786,down,0.34025975634884464,0.8026000996990201,False
T2D,IRS1,-1.004195703331468,down,0.07672982144833983,0.5728795921658966,False
T2D,ENPP1,-1.5826836476888095,down,0.0053570050347992535,0.3465769865245015,True
T2D,NDUFB8,-0.3141676958486732,down,0.38090706562806415,0.8224053463413334,False
T2D,HMGCR,0.11132463157743322,up,0.811916162402653,0.9676067880971503,False
T2D,KCNQ1,0.543776692546575,up,0.08485720215543358,0.5877655095632435,False
T2D,DPP4,-1.2881117649712357,down,0.03368490556404226,0.47064742635769335,True
T2D,NDUFB2,0.09609391290869729,up,0.8418633613768135,0.9716342541323594,False
T2D,NDUFB6,0.1222270099395335,up,0.7684907124236567,0.9546342273365778,False
T2D,NDUFS3,-0.2204679025058387,down,0.4259868154069738,0.8410674863466215,False
T2D,PPARA,-0.8207466825864195,down,0.05525556251640482,0.5195744936022731,False
T2D,NDUFA10,-0.49888512856479106,down,0.11702434997984315,0.6303870100260622,False
T2D,NDUFB9,-0.3308645194481463,down,0.25552809403594806,0.7598359502619957,False
T2D,NDUFC2,-0.2925948339012181,down,0.4161720295391331,0.8358051418161468,False
T2D,NDUFA5,-0.38558139048454265,down,0.14698523299304908,0.6610991725461997,False
T2D,NDUFAB1,-0.3881108334607526,down,0.33552529683265303,0.8003927679885114,False
T2D,IRS2,-0.061068639136127034,down,0.8349780341199254,0.9705942226599038,False
T2D,NDUFB4,-0.06339264279459744,down,0.8782317435801559,0.9772139511160586,False
T2D,NDUFA1,-0.05181477690372471,down,0.913296834563267,0.9843864843343126,False
T2D,NDUFV1,-0.2943070182376615,down,0.355957867032286,0.8088160946445643,False
T2D,NDUFA6,-0.3699421231862403,down,0.4189061079987591,0.837408906087117,False
T2D,NDUFA2,-0.4536529253979129,down,0.3460707886414897,0.8064674868226014,False
T2D,NDUFV3,-0.02085936459201554,down,0.9651629196230884,0.9934794931128327,False
T2D,NDUFA11,0.32846717593462094,up,0.46398294960986797,0.8565749337486513,False
T2D,NDUFB10,-0.2368450489295859,down,0.5542424420594783,0.8925983664969294,False
T2D,NDUFS8,0.06651438633964268,up,0.8869781209390097,0.9793165796816361,False
T2D,NDUFS2,-0.4953366622832962,down,0.13634665104454513,0.6536797727119129,False
T2D,NDUFB7,-0.18858006982303088,down,0.7396152978003182,0.9473249384647835,False
T2D,NDUFS1,-0.918103225935925,down,0.005538758627892028,0.3490084372945942,True
T2D,NDUFS6,0.2826165582618513,up,0.6802945570151562,0.9308109356944083,False
T2D,NDUFS5,-0.45590752444862215,down,0.33465928991760374,0.8003927679885114,False
T2D,NDUFAF1,0.2845717448134125,up,0.5996897533983454,0.9069685961717173,False
T2D,NDUFB5,-0.8347751057852828,down,0.009922079499791391,0.36375675577895356,True
T2D,NDUFV2,-0.09453892043474177,down,0.7520824621832801,0.9501146700751528,False
T2D,NDUFS7,-0.05636891645169262,down,0.9094908034463056,0.9836351674948408,False
T2D,NDUFB3,0.33257085228297645,up,0.44363032079527703,0.8478171809930913,False
T2D,NDUFA8,-0.05542370646385697,down,0.8749916945386332,0.9769397524003189,False
T2D,NDUFB11,0.02584636949963004,up,0.9552045213279783,0.9912686514373907,False
T2D,NDUFC1,-0.07268313902945067,down,0.8721191045776686,0.9767320517708244,False
T2D,NDUFB1,-0.146308532907792,down,0.8145297741566642,0.9676067880971503,False
T2D,NDUFA7,-0.11342639639418595,down,0.813547053383128,0.9676067880971503,False
T2D,NDUFA3,-0.0215072027999077,down,0.9703148012730082,0.9942704166188245,False
T2D,NDUFA9,-0.5701747601958276,down,0.06681718749936935,0.5493224264213973,False
T2D,MGAM,1.2348458604441248,up,0.2129553919735977,0.7260498106438062,False
T2D,APOE,0.7682236938099334,up,0.6665505974913899,0.926373066531165,False
T2D,JAZF1,0.5507352314749623,up,0.24546130768904928,0.7516050291835137,False
T2D,KL,-0.3951397415959794,down,0.3368677316182262,0.8003927679885114,False
T2D,NR3C2,-1.3411962279780294,down,0.07168559724313818,0.5627256686787044,False
T2D,PAM,-0.1957662141451697,down,0.4864395689343617,0.8644544420825309,False
T2D,INS,-0.24493474284990802,down,0.6535382093814436,0.9226939187633033,False
T2D,UBE2E2,-0.15869136408325596,down,0.6200799326437644,0.9130250153741043,False
T2D,LPL,-1.629414902985066,down,0.009869536046709298,0.36375675577895356,True
T2D,CTRB1,0.13037115664355703,up,0.6376510692863187,0.9179174778367857,False
T2D,GAA,0.78869706103384,up,0.0719496908428862,0.5627256686787044,False
T2D,RASGRP1,0.4852584895533405,up,0.26355695691158154,0.764409272132899,False
T2D,FGFR4,-0.4765683786807,down,0.4239048317394675,0.8394641800061786,False
T2D,TFAP2B,-0.5503934013702323,down,0.1650120991445278,0.6832198335335745,False
T2D,SI,0.5080206702028112,up,0.6790675679112546,0.9308109356944083,False
T2D,SLC16A11,0.011903721334642459,up,0.9788679654905359,0.9950616004148966,False
T2D,AGTR1,-1.3035316531432923,down,0.050539173553857286,0.5076934679437343,False
T2D,RREB1,0.09778774568221982,up,0.8745200454155951,0.9767738246043174,False
T2D,GRB14,0.28562817714873545,up,0.6423938257119496,0.9194226414974848,False
T2D,PROX1,-0.08726224643042846,down,0.9030680337232353,0.9832960301171321,False
T2D,ABO,0.07982299717005947,up,0.8783550075528791,0.9772139511160586,False
T2D,SLC22A3,-1.9094882791651488,down,0.002447936879929867,0.30726838477478663,True
T2D,TLE1,-0.4671641442009715,down,0.28748408013518123,0.773962108221664,False
T2D,ANKH,0.12778110493564454,up,0.6532989175969344,0.9225953069762027,False
T2D,LIPC,-0.036133771438045414,down,0.9379095547951781,0.9893596989971446,False
T2D,GLIS3,0.3297338869776214,up,0.39502092351222795,0.8295620083028741,False
T2D,ADAMTS9,-0.5833315604641207,down,0.19547210662703626,0.7119947218437501,False
T2D,INHBB,0.3159605810952234,up,0.6876999567872278,0.9328767522032536,False
T2D,KSR2,0.1599665831291106,up,0.69008562807718,0.9340642888425315,False
T2D,ETV1,-0.8808920631874773,down,0.20527311117924243,0.7206887188090736,False
T2D,ANGPTL4,1.0910110692639885,up,0.3155631411289806,0.7917935665040133,False
T2D,BCL2L11,0.2613455025062761,up,0.38678315228788596,0.8237562105983721,False
T2D,SLC12A8,-0.2247944349256903,down,0.6338742050418837,0.9165324339835568,False
T2D,PRC1,0.6054059606911237,up,0.3246233851304064,0.7960514493780898,False
T2D,EYA2,-0.5379356934073805,down,0.6280887529771944,0.9163227952601953,False
T2D,SPRED2,-1.0097517563022222,down,0.07029284083347467,0.5590691504342438,False
T2D,NEUROG3,-0.47746609356543246,down,0.24269186501405332,0.7498046984733617,False
T2D,NFATC2,-0.17240681576365713,down,0.6675097190096453,0.9269942518645288,False
T2D,KLF14,-0.9423657591863459,down,0.04587048510368947,0.49656457240592594,True
T2D,MYO5C,-0.5126665004379625,down,0.31238492820130975,0.7902988898474479,False
T2D,ACE,-0.06034501482762358,down,0.8275790147236187,0.9699780854134928,False
T2D,CDKN1B,-0.3110796234709655,down,0.30475187660980896,0.7850142980617748,False
T2D,CCND1,0.5599591884639459,up,0.14794164309927055,0.6621977965729616,False
T2D,PTGFRN,0.7034596888308546,up,0.21726742429335633,0.7286570891007607,False
T2D,CDKN2B,-1.9514799696514256,down,0.0033992826736875493,0.3200229158037135,True
T2D,HHEX,0.47871153836727576,up,0.08949062219591866,0.5958498144234167,False
T2D,SCTR,-0.19266179522581872,down,0.6421153611290753,0.9191853879944905,False
T2D,BDNF,0.6659377799010078,up,0.17575434673596968,0.6932447894180461,False
T2D,GTF2I,0.04915701257141869,up,0.9287243738544162,0.9889572156343064,False
T2D,TFRC,0.767003150721381,up,0.2823870136836038,0.7722589643371173,False
T2D,CTBP1,-0.18928901298035372,down,0.5205697959472756,0.8791640050200378,False
T2D,NLGN1,-1.1574662163889275,down,0.11024091459818937,0.6232265905100153,False
T2D,TYK2,0.0512061194681363,up,0.8357272900187775,0.9709115903524522,False
T2D,GNPDA2,-0.44381600990308323,down,0.20222074758678865,0.7174714777583138,False
T2D,TRPS1,-0.3649151197669931,down,0.6157964555051616,0.9121123783334838,False
T2D,AUTS2,0.11318893794174367,up,0.8031924253757239,0.9663840700530788,False
T2D,CALCR,0.10557034302034252,up,0.8745318033101951,0.9767738246043174,False
T2D,KCNK17,-0.7060566197360867,down,0.36697631803989494,0.8155803630894349,False
T2D,ACSL1,-1.3487111273314065,down,0.010102718594533135,0.36375675577895356,True
T2D,TTN,-0.3979515955130497,down,0.37699465189247516,0.8212601491638414,False
T2D,LEPR,-0.5511436909456822,down,0.15902285476286968,0.6775194792711066,False
T2D,DRD2,-0.8985537140803588,down,0.06616657539823889,0.5466030675743532,False
T2D,ANK1,-0.42061920440574196,down,0.30466377875827416,0.7850142980617748,False
T2D,CPA1,-0.24315632527461295,down,0.4669916866668894,0.8583529299611937,False
T2D,IGF1R,-0.41588505393298947,down,0.46864827534482434,0.8592034471206077,False
T2D,EBF2,-0.32732037288944227,down,0.6151839351410447,0.911989287133731,False
T2D,HMG20A,-0.13862768126560127,down,0.7224028520061286,0.9435807922709663,False
T2D,CTTNBP2,-0.7705117232694039,down,0.11954385455541174,0.6349218010377843,False
T2D,CAMK1D,-0.3343844679809661,down,0.33083937266968827,0.8003141207423887,False
T2D,PML,0.6759041019960669,up,0.10110638732629505,0.6122959323385514,False
T2D,MBNL1,-0.6290765509403435,down,0.05880570479751749,0.5249170332138327,False
T2D,RGS17,-0.6106547465117957,down,0.3121227971014194,0.7901787302934287,False
T2D,PLXND1,0.8977739968339002,up,0.013018819047181244,0.39606218051091213,True
T2D,HIVEP2,-0.16248599973654665,down,0.7144362738683202,0.9422858810430892,False
T2D,PCDH17,1.5649738168077432,up,0.002586441036402487,0.30891686492423814,True
T2D,CMIP,1.4384736181353768,up,0.02441136255779591,0.44449083890369273,True
T2D,LAMA1,1.4501733106714658,up,0.010856544811567182,0.3744883153660452,True
T2D,PDE4B,0.7116606115433757,up,0.15677020456347213,0.6739833794552552,False
T2D,TP53INP1,0.12201085707046255,up,0.7467142068404558,0.9492484886630201,False
T2D,BCL2,0.17644518116038244,up,0.705417986348083,0.9400294931301673,False
T2D,SLC1A2,0.29675168000057184,up,0.6323472435919109,0.9165324339835568,False
T2D,ACVR1C,-2.962657450728115,down,0.000620364726325979,0.26862746738043003,True
T2D,CCND2,0.1713487859807139,up,0.562032092913243,0.8944565394333566,False
T2D,ETS1,-0.04018161755680438,down,0.913969433462388,0.9845522498414618,False
T2D,FBXW7,-0.2637470899002554,down,0.34822361827652304,0.8070394294886468,False
T2D,PPP3CA,0.276980963536841,up,0.5105609092621676,0.8738731633337578,False
T2D,RNF6,-0.03639427746149837,down,0.8856589038649851,0.9790370345304569,False
T2D,SLC39A11,0.6307011830032713,up,0.1817151221151088,0.701911699995394,False
T2D,DRD4,0.7960646562260929,up,0.16532847006667806,0.6832198335335745,False
T2D,DNMT3A,1.0927059543453077,up,0.1762753123397103,0.6932447894180461,False
T2D,PCBD1,-0.785899924371273,down,0.012011378448692463,0.386840140126091,True
T2D,WDR11,-0.17734941722509504,down,0.6149027798364242,0.911989287133731,False
T2D,PLEKHA1,-0.22941875892419772,down,0.3972807632718646,0.8303511967101792,False
T2D,ZNF236,-0.4110311316903186,down,0.39196452714911273,0.8277449314973657,False
T2D,MC4R,-0.7834799995050084,down,0.33441204819032766,0.8003927679885114,False
T2D,CDKN1C,-0.10273715949133111,down,0.8643015395783774,0.9756414788351975,False
T2D,FXYD2,0.23274912697033046,up,0.4887832281255611,0.8654551218978946,False
T2D,SSR1,0.22158257264167958,up,0.6038234306599399,0.9079412858708441,False
T2D,PGM1,-0.8676048055280967,down,0.05798325701550393,0.5244184639091451,False
T2D,MEF2C,0.7874405373619053,up,0.19978623849403657,0.7151013157502853,False
T2D,UBE2E3,-0.23750485867628401,down,0.3530839721499105,0.8083438158366245,False
T2D,MSRA,-0.22547068047019325,down,0.4264372371797726,0.8410674863466215,False
T2D,LIPF,-1.2001546775859357,down,0.016633214382531722,0.42061181696085553,True
T2D,CAMK2B,0.015268534967337821,up,0.9818806205234953,0.9961639723496187,False
T2D,ADRB1,0.01222422648301874,up,0.9674523710819815,0.9942704166188245,False
T2D,FANCL,-0.41025378281921354,down,0.1383634038513876,0.6559086342677464,False
T2D,RBMS1,0.06030275868653945,up,0.8342926407599364,0.9704843366385105,False
T2D,FAIM2,0.9680237062684198,up,0.17240398500901652,0.6912161954251752,False
T2D,CRHR2,0.5885076722751394,up,0.22832013061981588,0.7387955906084641,False
T2D,ALDH2,-1.3814184134521437,down,0.01936098499539331,0.4224960914649527,True
T2D,NEGR1,-1.4936614954190621,down,0.03594042523423545,0.47149737357143023,True
T2D,VPS13C,-0.6428436949272033,down,0.04541731026546466,0.49554132136598367,True
T2D,VPS33B,0.16427173609895124,up,0.6192882687520448,0.9128365332306511,False
T2D,UBE3C,0.07175924828378366,up,0.8083246439969666,0.9676067880971503,False
T2D,P2RY12,-0.7977287228626029,down,0.343021113821016,0.8045356758301659,False
T2D,ZZEF1,-0.04655030851750608,down,0.908410918772082,0.983626112378887,False
T2D,OLFM4,0.5136587626710165,up,0.19151216139644564,0.7114211990268694,False
T2D,UNC5C,0.5073235130788252,up,0.2755085590690908,0.7698094936241756,False
T2D,TCF4,-0.304322149532684,down,0.328464674994263,0.7994440608779656,False
T2D,JPH1,0.0054868195493043,up,0.9911263169439295,0.99902436486647,False
T2D,NKX6-1,0.21457025422301523,up,0.4738270962712757,0.8599616239744187,False
T2D,SNTB1,-0.45263132118911464,down,0.2957764128093788,0.7795369140238965,False
T2D,PTEN,-1.040121630236548,down,0.005106272583826059,0.3387476577177048,True
T2D,PRIM1,-0.27725890857164015,down,0.35108028888494297,0.8081511768718268,False
T2D,LRFN2,-0.4423411039704268,down,0.42364125075141895,0.8394641800061786,False
T2D,EYA1,-0.4483373503676775,down,0.13880444514526508,0.6559746963331374,False
T2D,YKT6,0.5534031513001025,up,0.13520127362632328,0.6514299580410878,False
T2D,PDZRN4,-0.6991479992036336,down,0.31675625963279064,0.7922201683565216,False
T2D,AOAH,0.8189006740622311,up,0.11135901169474767,0.624443850992388,False
T2D,PPP2R3A,-0.5230600519525921,down,0.2408749199747905,0.749341063204613,False
T2D,GRB10,-0.7550266802217549,down,0.03004083549656921,0.46510183649759534,True
T2D,FGFR3,0.47814048345375815,up,0.3724445177721896,0.8195472193555227,False
T2D,MYC,0.23158809460935048,up,0.6514288764464765,0.9225953069762027,False
T2D,HEY2,-1.795758380815529,down,0.06348291814052831,0.5390169169704878,False
T2D,ADH1B,-2.253735869127949,down,0.0011237403869502308,0.26862746738043003,True
T2D,STARD10,0.30164081748602456,up,0.3112683845567265,0.7895749655065399,False
T2D,SSPN,-0.2655426639374179,down,0.624956449593864,0.9151655647914237,False
T2D,LRRC1,-0.9760929542508674,down,0.05068220315303316,0.5080731641735613,False
T2D,MRPS30,-0.35306539096633505,down,0.15031980821455945,0.6668513334165267,False
T2D,GALNT3,-1.5538011865036951,down,0.029236630200349955,0.46119135458897903,True
T2D,PTPN22,0.508052595480561,up,0.4136189782111653,0.8347529819932281,False
T2D,P2RY1,0.6236115365448915,up,0.24369947066184647,0.7504129372300242,False
T2D,PDCD4,-0.6944035126327515,down,0.09255742126038007,0.5999004791638277,False
T2D,RELN,-0.5799315547627808,down,0.496645239988542,0.8677837881075642,False
T2D,TM4SF4,-0.01331935451282984,down,0.9686274220770442,0.9942704166188245,False
T2D,JPH2,0.42011008819343454,up,0.526478973986562,0.8802220186665128,False
T2D,TMEM18,-0.5878592605999735,down,0.11566626164226067,0.6289058565265606,False
T2D,TH,-0.298628391604975,down,0.482903750348179,0.863138909008416,False
T2D,CACNA1D,-1.3275029534546166,down,0.061362738532617894,0.5309708368744365,False
T2D,SLC39A10,-0.06292077474624352,down,0.8342614586782168,0.9704843366385105,False
T2D,KCNK16,-1.2694512225938541,down,0.29900111726609535,0.7807842119789965,False
T2D,SGCG,-1.2305227772476757,down,0.042041372909407126,0.4860457304528131,True
T2D,STXBP6,-0.76094621604943,down,0.03930152274881824,0.4843578745878135,True
T2D,PIM3,0.416662359623563,up,0.34573162013364683,0.8063227843866504,False
T2D,NFAT5,-0.08879916605778337,down,0.8792731104058789,0.9772139511160586,False
T2D,BACE2,0.6375571236922905,up,0.06760655728478462,0.5512881178702648,False
T2D,IL2RA,1.4279216773239904,up,0.019955930872237366,0.4249962685988052,True
T2D,GDAP1L1,-0.5967365856079443,down,0.25003599192241194,0.7556826475629002,False
T2D,PABPC4,-0.14280537284361539,down,0.6990953377047322,0.9372753450366712,False
T2D,PTPRG,-0.8464965870583132,down,0.01867325884110738,0.42148776545427846,True
T2D,DGKD,0.16330681533980718,up,0.7075219218828246,0.9408878170280834,False
T2D,VDR,1.1942506925788519,up,0.10710233319507718,0.621347035335352,False
T2D,PEPD,0.05493329190301588,up,0.8558492798522124,0.9745729389882952,False
T2D,FHIT,0.2480485211388892,up,0.484446446397216,0.8634247792548425,False
T2D,UHRF1,1.29321507559768,up,0.10002558276260123,0.6120427266831351,False
T2D,OASL,1.3174915642753886,up,0.08772712229405565,0.5929525722073339,False
T2D,CASR,-0.5341625595470463,down,0.3392971822973885,0.8026000996990201,False
T2D,L3MBTL3,-0.14290153852089205,down,0.6939226267347539,0.9357036035348151,False
T2D,CBLN4,0.6457165632062125,up,0.20756583432104417,0.7232056566640224,False
T2D,GRIA1,0.06633934587378754,up,0.9126199778801943,0.9843082451930996,False
T2D,FNDC3B,0.43291799663782493,up,0.5631519109231121,0.8947411947259917,False
T2D,CADPS,0.08934035931609063,up,0.7043526642272052,0.9393130579622255,False
T2D,PTGS2,0.8749459648927219,up,0.4739237855760542,0.8600079964129411,False
T2D,OCIAD2,0.41033372605741303,up,0.2551712613038861,0.7598359502619957,False
T2D,PSAT1,0.1110665410319791,up,0.8065181753850353,0.9673698817489506,False
T2D,RAI1,1.1157172124471177,up,0.037941248292670586,0.47886441168716837,True
T2D,AR,-0.9420871071208716,down,0.058391184395703406,0.5249170332138327,False
T2D,PCM1,-0.6428691190412448,down,0.09432150007782103,0.60210438123192,False
T2D,KCNJ12,0.23674370056797667,up,0.4502257555028869,0.8494811021287015,False
T2D,IL23R,0.5897150712704171,up,0.4880196052153322,0.8651685082318167,False
T2D,ETS2,0.670245705516394,up,0.22055181556753542,0.7329117659689659,False
T2D,SMAD3,-0.0215182826118967,down,0.9539156166948051,0.9910050484290537,False
T2D,JARID2,0.7077415279220568,up,0.1334642125982247,0.6478209949067517,False
T2D,ADRA2A,-0.12121792617938798,down,0.7626673295994315,0.9531569525518103,False
T2D,SLC12A2,-0.4345122463879143,down,0.39201562806437157,0.8277449314973657,False
T2D,QKI,0.10504649575485092,up,0.8246855847201505,0.9693718982871883,False
T2D,DMRT2,-1.08705298594499,down,0.11466714758843068,0.6272706786552924,False
T2D,ABCB10,0.5205508018386498,up,0.36153651528658093,0.812461609624077,False
T2D,BRD3,-0.09167466383207831,down,0.7930527267905465,0.9627022934076678,False
T2D,ACTN1,1.0627218672777454,up,0.05320194766191441,0.5164477628563972,False
T2D,ATP8B2,-0.40413241799819577,down,0.2841033013491536,0.7727988671260734,False
T2D,HMGA1,-0.22750506246669389,down,0.5723605426405332,0.8969100900694869,False
T2D,TOMM7,-0.5275321329067406,down,0.4323331771823955,0.8431932324170864,False
T2D,KIF11,0.5612673284115468,up,0.3658803335514947,0.8155803630894349,False
T2D,SCN3A,-0.699807486004687,down,0.33282440426163623,0.8003927679885114,False
T2D,STK24,-0.7849292864568018,down,0.021321105630731012,0.43489132957349397,True
T2D,ZFP64,0.12136485794539631,up,0.757431129788446,0.9512190177781401,False
T2D,USP48,-0.21298353681923055,down,0.5916120450050576,0.9050744232611638,False
T2D,NFIB,-0.7580780969269121,down,0.18876662032638103,0.7089442593213144,False
T2D,SPRY4,0.04264606734077259,up,0.883059541034674,0.9779942256531704,False
T2D,FSCN3,-0.27317385347458245,down,0.41943509126878653,0.8379572507649842,False
T2D,NUDT12,-0.592092724409103,down,0.10394853191444046,0.6173021187608058,False
T2D,PPARD,-0.46055677656650396,down,0.3212160846791733,0.7955108633386744,False
T2D,ZFPM2,-0.6645128240556641,down,0.1967457161644551,0.7132578591930852,False
T2D,LTBP3,0.5236168993363863,up,0.12564852519088435,0.6399728431488579,False
T2D,CEBPB,0.5243683893749816,up,0.23794821737821817,0.7473875947840428,False
T2D,HK1,0.8394061504284398,up,0.0065797042849612235,0.3560094643320024,True
T2D,AP3B1,-0.061814682297274604,down,0.8594988611087634,0.9755039082558378,False
T2D,LEP,1.0243601338850128,up,0.495513623959596,0.8675714474607846,False
T2D,SLIT2,-0.056085926763643545,down,0.8913776058773998,0.9799948734777283,False
T2D,KIF18A,-0.11855703696651299,down,0.702828658856298,0.9391939657837663,False
T2D,NPC1L1,-1.0862666486268475,down,0.08492783026008899,0.5877655095632435,False
T2D,SKI,-0.661398883428878,down,0.07710277380470636,0.5729070472273115,False
T2D,TRAF3,0.2673747584455422,up,0.3900995114270021,0.8266184862294744,False
T2D,ADCY9,0.4221328920101399,up,0.29406415111281414,0.7791413004506039,False
T2D,ERN1,0.05006684837748043,up,0.9218801224965297,0.9872933742207443,False
T2D,SMARCAD1,-0.08290962700242666,down,0.7519143182751306,0.9501146700751528,False
T2D,FST,-0.7211730400145706,down,0.10979594708592454,0.6232265905100153,False
T2D,PTGS1,-0.6328467139987262,down,0.13343053942887148,0.6478209949067517,False
T2D,SCN4A,0.2263446949674246,up,0.7698389015689596,0.9553704671659405,False
T2D,SPRY2,-0.888734842829746,down,0.07616076441935599,0.5710929408040545,False
T2D,ZHX3,-0.7832725783814545,down,0.17388127515128926,0.6924133424272869,False
T2D,FGFR2,0.9451623344996329,up,0.019533899367064067,0.4224960914649527,True
T2D,PSTPIP1,0.9053075998996314,up,0.016607416897552123,0.42061181696085553,True
T2D,BMF,-0.25339181867818394,down,0.3649424457749527,0.8150899029490506,False
T2D,SIDT1,-0.6354272745531389,down,0.3653530099011765,0.8153129164881747,False
T2D,SIX3,-1.6181270069118532,down,0.010242760793939966,0.36375675577895356,True
T2D,SLC16A13,-0.5853446409935426,down,0.22529241294518532,0.7367277614146052,False
T2D,TCF12,-0.14442199062970396,down,0.6475170013003365,0.9217247921970284,False
T2D,PISD,0.26333588644848216,up,0.49171773300601695,0.8661972198263231,False
T2D,FOXA2,-0.6348487131497396,down,0.24049801720960207,0.749341063204613,False
T2D,UMOD,-0.06698496554726541,down,0.8873611837508758,0.979612594494878,False
T2D,ABCA1,-0.4186904976689152,down,0.421609668205272,0.8391798718812653,False
T2D,CACNA2D3,0.8359970753956514,up,0.09236446344224353,0.5999004791638277,False
T2D,EIF5A2,-0.2324730110156663,down,0.5940482446409157,0.9060568761330552,False
T2D,ATP1A2,-2.60374967570063,down,0.011970643210771332,0.386840140126091,True
T2D,KLF11,-0.07222849648526708,down,0.8467641014248074,0.9720364746551893,False
T2D,ZBTB20,-0.7184713599353132,down,0.23520328085057096,0.7451233832377999,False
T2D,SCN9A,-1.2564350898189955,down,0.06437858810638188,0.5415246417617853,False
T2D,PENK,-0.8173940473010304,down,0.19279927654798268,0.7119947218437501,False
T2D,PKIG,-0.0835382948330663,down,0.8144080287463893,0.9676067880971503,False
T2D,CCNH,-0.5932435382820469,down,0.055370339536794724,0.5195744936022731,False
T2D,ADA,0.5866161812807463,up,0.08363260946316728,0.5868180680608891,False
T2D,FN3KRP,-0.20468279167910453,down,0.4471946908527166,0.8479665887492572,False
T2D,PCGF3,-0.2959560569000107,down,0.2494440856433617,0.7553316885729113,False
T2D,THADA,-0.08047263437984797,down,0.814603773789034,0.9676067880971503,False
T2D,BLK,-0.2785598255554014,down,0.4439601409955405,0.8478368787066808,False
T2D,TM6SF2,-0.45627583977080555,down,0.4565851833001077,0.853157806221259,False
T2D,SAG,0.0873263142625973,up,0.7833366795431572,0.9593922237627757,False
T2D,THBS1,0.4991694939087876,up,0.3824723196062301,0.8230282770920686,False
T2D,PRKD1,-0.22607498790280384,down,0.42682849633271264,0.8410674863466215,False
T2D,ATP1B2,-0.5166983762327972,down,0.1645506744295672,0.6832198335335745,False
T2D,MAEA,0.1307503494423886,up,0.6473836871040035,0.9217247921970284,False
T2D,LAMC1,-0.5852221345699369,down,0.28430508760139106,0.772918274067758,False
T2D,PIK3C3,-0.0924843939652138,down,0.7170813946184902,0.9428827434297741,False
T2D,CAPN10,-0.4330247408566481,down,0.41807037868228747,0.8368942059235652,False
T2D,RAB11FIP4,0.3974553978751145,up,0.3426780544715281,0.804316186782197,False
T2D,ARF5,0.405233666034746,up,0.3464307290466677,0.8064674868226014,False
T2D,GDF6,0.048635903163924854,up,0.8648632317866906,0.9756414788351975,False
T2D,TFEB,1.290202226219893,up,0.014888033518841439,0.4063865473534229,True
T2D,ESR1,-0.5463640318457532,down,0.14702096537763096,0.6610991725461997,False
T2D,SORT1,-1.3321091868214188,down,0.0075699075095412354,0.3560094643320024,True
T2D,AP3S2,-0.32683433096039805,down,0.28136869807703274,0.7722589643371173,False
T2D,TLR4,-0.5627681126301879,down,0.29879146675728985,0.7807842119789965,False
T2D,SHBG,-0.018879949478184166,down,0.9680103010075465,0.9942704166188245,False
T2D,EPB41L4A,-1.3598223320065492,down,0.0014440974255157855,0.26862746738043003,True
T2D,RARB,0.024567423420918555,up,0.9667041056220571,0.9941888301936647,False
T2D,PLEKHH2,-0.28052594005216847,down,0.6032889337694144,0.9078697900745589,False
T2D,COMT,0.7072488096194143,up,0.01603900081816678,0.42061181696085553,True
T2D,BCL11A,0.2648709758441692,up,0.4470193353988996,0.8479548317778094,False
T2D,PDE8B,-1.7144273695784782,down,0.019510393272541837,0.4224960914649527,True
T2D,MITF,0.10726204688267238,up,0.7273717057930364,0.9440816297028546,False
T2D,BCL11B,-0.315072471539112,down,0.6504037131278357,0.9225953069762027,False
T2D,FBXO11,-0.6488843654647576,down,0.1404475933840126,0.6578321460810387,False
T2D,TNFAIP3,0.5227976254493397,up,0.32424450879910094,0.7960514493780898,False
T2D,CA2,-1.9676463798835488,down,0.03849579802909655,0.48155816853093014,True
T2D,ATP2A3,0.33702062083432205,up,0.3148597874538358,0.7912640094487565,False
T2D,IL1B,2.166903256282442,up,0.12379330617877236,0.638488379782986,False
T2D,JAG1,-0.5835646204119339,down,0.1641768814826964,0.6828381992225657,False
T2D,SCN7A,0.21727743571252045,up,0.5213960751208522,0.8791640050200378,False
T2D,TIMP4,-1.8997893286467686,down,0.018836919624923298,0.4224960914649527,True
T2D,IL13RA1,0.16971070751740377,up,0.6804143023064207,0.9308109356944083,False
T2D,MAGI1,0.6780778762387989,up,0.11024266219073098,0.6232265905100153,False
T2D,LRP12,0.8684309808271666,up,0.033877538939256296,0.47064742635769335,True
T2D,TNRC6A,-0.09205951916080535,down,0.8360903755169129,0.9709115903524522,False
T2D,GABRA4,0.10471256700147524,up,0.8634341214843345,0.9756414788351975,False
T2D,GABRG1,0.23532381935717694,up,0.535861685976977,0.8845686692790192,False
T2D,GABRG3,0.49592515067184895,up,0.22161137693146038,0.7332440055299212,False
T2D,GABRB2,0.5305928330137188,up,0.1577686370305983,0.6749170414888921,False
T2D,GABRQ,-0.3382771224239791,down,0.6521262719425013,0.9225953069762027,False
T2D,SEC23IP,-0.15819916252684807,down,0.7100485048689525,0.9409648387028909,False
T2D,ETV5,0.9158691312543186,up,0.03312463136549681,0.47064742635769335,True
T2D,GABRA6,0.16439457986690353,up,0.688342037623509,0.933080225635855,False
T2D,GABRD,-0.3893013997825898,down,0.43982834519618796,0.8468811831997923,False
T2D,GABRE,-1.784414712944677,down,0.016279472421716724,0.42061181696085553,True
T2D,GABRA1,-0.6797196725997772,down,0.06419515645222698,0.5415106649381995,False
T2D,GABRB1,0.5039115121981288,up,0.15841976674518304,0.6764704297458628,False
T2D,GABRP,0.6330860870816193,up,0.24631163444845003,0.7526701338971987,False
T2D,GABRA3,0.08352422854271513,up,0.8288582361355449,0.9701611585149129,False
T2D,SOX7,0.05986381180696476,up,0.9376418958937357,0.9893596989971446,False
T2D,SNX11,0.20966382776460268,up,0.48455214824408804,0.8634247792548425,False
T2D,SLCO4A1,1.2759896380909233,up,0.08693128021684077,0.591144112420949,False
T2D,ADARB1,0.1950698776301013,up,0.5746346793408568,0.8977598097711178,False
T2D,FOXP1,-0.13801036320434457,down,0.6179432319869568,0.9123008460315152,False
T2D,EVI2A,0.9980089843919485,up,0.14091281515326076,0.6578321460810387,False
T2D,NRF1,0.29987947579617114,up,0.5801543182812632,0.8998635208328196,False
T2D,IL10,0.9222813272237805,up,0.08579293281504924,0.5899022113471662,False
T2D,SPPL3,0.061288549179093876,up,0.9071669176792729,0.9832960301171321,False
T2D,TANK,-0.07528957850097617,down,0.825999395518183,0.9696744302621931,False
T2D,TOM1,0.6327058278255625,up,0.07942611754827454,0.5768655889852892,False
T2D,RDH14,-0.18989381462615307,down,0.5266921475743727,0.8803779739673613,False
T2D,MEIS1,-0.46657815334700337,down,0.36134254500084106,0.812412219210403,False
T2D,SELL,1.3013895336834214,up,0.1795462037858238,0.6983092025420043,False
T2D,IFIH1,0.677672148801647,up,0.1799793235146108,0.6986984787564299,False
T2D,CA4,-0.3220753267626376,down,0.6597633931018172,0.9252429636390777,False
T2D,NR3C1,-0.777422770369061,down,0.00974746193830729,0.36375675577895356,True
T2D,NFATC1,0.30462438072738607,up,0.6054978455315134,0.9086798854972211,False
T2D,ID4,0.31925361293731935,up,0.7491155069919718,0.9499648044496846,False
T2D,DNASE1,0.2062147923893356,up,0.6962278277789782,0.9359832184158433,False
T2D,NR2F1,-0.388742436983732,down,0.5928410781458627,0.9053688658503334,False
T2D,FADS2,-0.8201965786096581,down,0.059907991543253256,0.5269821714288929,False
T2D,ADAMTS18,-0.29894939128218656,down,0.5334293744774692,0.8842431684975857,False
T2D,CEBPG,-0.12806915137257058,down,0.7172500574155574,0.943020084440902,False
T2D,GRIK1,-0.3469796115906396,down,0.604110900649546,0.9079412858708441,False
T2D,GRIK2,-0.10175933713390561,down,0.8210546840249706,0.968256591962924,False
T2D,GRIK5,-0.6049124353244018,down,0.35608798730170027,0.8088160946445643,False
T2D,LIN7A,-0.5685669521911452,down,0.46934217340047085,0.8592034471206077,False
T2D,PI16,-1.0690027477284145,down,0.13269204590053008,0.6478209949067517,False
T2D,TLE4,0.1814525952034427,up,0.5888799816733822,0.9045383757823754,False
T2D,NOTCH2,-0.18742816324315337,down,0.6074616375952913,0.9095062531376631,False
T2D,MAD1L1,0.25371402083906447,up,0.41244541391653244,0.8345048977378497,False
T2D,PTPDC1,-0.9932185314797448,down,0.07532399418982308,0.5697513479087976,False
T2D,FOLH1,0.7467536455596804,up,0.03311163959644657,0.47064742635769335,True
T2D,CPEB3,-0.3931821999063563,down,0.35872326221737555,0.8100564348125051,False
T2D,SHQ1,-0.038310217110941513,down,0.8979813789074702,0.9818370430171143,False
T2D,LRRK1,1.4668309987951997,up,0.008099342837760698,0.3560094643320024,True
T2D,TBC1D4,-0.6860877418674058,down,0.0578627581023506,0.5242273075207409,False
T2D,NAV1,0.5699266006594184,up,0.2303597028000236,0.7399524486704171,False
T2D,CAT,-1.114400196419183,down,0.05669992347753993,0.5195744936022731,False
T2D,SLCO4C1,0.7260049578836223,up,0.10749174172261085,0.6219951611261871,False
T2D,NELL1,-1.1869452489731835,down,0.04911163790621714,0.5037170338977178,True
T2D,REL,0.1779368673267776,up,0.6413591525279034,0.9186580039037151,False
T2D,PPP2R2C,-0.152932681826206,down,0.690506125698565,0.9343751001574795,False
T2D,PCSK9,0.7138263848631792,up,0.15458568401850772,0.6696313744706749,False
T2D,ZNF268,-0.2503671114023099,down,0.39606268492922336,0.8296667228211614,False
T2D,NPC1,0.19940976150735312,up,0.5686388291545755,0.8963427502408126,False
T2D,CYP7B1,0.32899783942828575,up,0.4543924238105671,0.8520063970128553,False
T2D,RASEF,0.5880774832683064,up,0.28641492870262913,0.7736650761956405,False
T2D,PDE3B,-1.959650564997797,down,0.0017867382496125092,0.2914897975078465,True
T2D,PIK3R1,0.05839611929033689,up,0.9097485719871011,0.9837082434045555,False
T2D,INPP4B,0.005890557806504493,up,0.9927108662196721,0.9993797491981151,False
T2D,RAMP2,-0.4855775767006377,down,0.3771051159953514,0.8212601491638414,False
T2D,BACH2,0.9947314795100985,up,0.0209500808212264,0.43151877551266604,True
T2D,HMBS,0.6657762945965991,up,0.09058536683715523,0.597635533409911,False
T2D,SARDH,0.38236074698486533,up,0.4432385741984926,0.8477261460962876,False
T2D,ATP4A,0.10158914762402915,up,0.8518120577605683,0.9738215693812632,False
T2D,ZNF281,0.16364791109062948,up,0.627931774471579,0.9163161804341822,False
T2D,GFI1,0.47553722989432634,up,0.30373128336479155,0.7845202682511789,False
T2D,NOL4,-1.237410544842257,down,0.2685222965098831,0.7670766375374929,False
T2D,CTSH,0.7365518149008574,up,0.24494523139779723,0.7516050291835137,False
T2D,NT5C2,-0.1748327729412238,down,0.5205041598100996,0.8791640050200378,False
T2D,SLC6A2,-0.34972293878575034,down,0.4963600832495554,0.8677837881075642,False
T2D,CA10,0.36438216177224714,up,0.479646279236738,0.8616251630939593,False
T2D,NUP133,-0.2565348701968653,down,0.32722994099210967,0.7980150560051488,False
T2D,PDGFC,-1.108824441178692,down,0.100520703851268,0.6120427266831351,False
T2D,RAMP3,0.8352239412557524,up,0.05870693839779027,0.5249170332138327,False
T2D,CNTN4,-0.9302941975378367,down,0.31433119551743,0.7912640094487565,False
T2D,RPAP1,-0.2406572515630656,down,0.4586196622086923,0.853494003541943,False
T2D,ARVCF,-0.3299595656538554,down,0.36987074320548674,0.8180992627875907,False
T2D,DDI1,0.16555094837738604,up,0.6795082137472405,0.9308109356944083,False
T2D,WDR7,0.05987060936739441,up,0.8103368396509685,0.9676067880971503,False
T2D,JMJD1C,-0.29803233444520005,down,0.24317852232252632,0.7498046984733617,False
T2D,FGD5,-0.020984989526114495,down,0.95296131288729,0.9910050484290537,False
T2D,PTPRD,-0.3583914441227831,down,0.2653590290255499,0.764409272132899,False
T2D,ZNF76,-0.3211886752194282,down,0.38867238297105605,0.8246117710385739,False
T2D,SLC7A7,0.6804936255731019,up,0.28609354839728196,0.7736650761956405,False
T2D,ANAPC4,-0.37733339095067914,down,0.15044905188231802,0.6668697107951959,False
T2D,DDX20,-0.18695135790440953,down,0.5956541579220638,0.9062076983457712,False
T2D,MNT,0.09312218377621756,up,0.7711347996008109,0.956009257718851,False
T2D,ZFP36L2,-0.20480660983961418,down,0.6900405801270807,0.9340642888425315,False
T2D,KCNB2,0.6597854761931479,up,0.2659554159336868,0.764409272132899,False
T2D,NCOR2,0.15146572160871297,up,0.5165236027360463,0.8771334815178418,False
T2D,FAF1,-0.4623947788072819,down,0.1715218863332235,0.689611948052327,False
T2D,GBA2,-0.05077114754267442,down,0.8347349942112722,0.9705062487372808,False
T2D,LDB2,-0.5037467110992653,down,0.3091466627199303,0.7876601075891456,False
T2D,UBAP1,0.10762245521637445,up,0.6855745898244193,0.9320867103215258,False
T2D,TM4SF1,-1.2862606102356358,down,0.0728038416306231,0.5631728271618771,False
T2D,DACH1,0.04482052754557131,up,0.921354345271098,0.9872325926347109,False
T2D,CRY2,-0.900201104621307,down,0.0567123732292281,0.5195744936022731,False
T2D,CYP19A1,1.3387987510587482,up,0.05041616102346352,0.5076934679437343,False
T2D,SETBP1,-0.28475610709506993,down,0.641204900087862,0.9186377038902305,False
T2D,GALNT10,0.22005049136153376,up,0.5557851331029353,0.8934464213689975,False
T2D,ARL6IP6,-0.11881346321336816,down,0.6976676681492311,0.9364726601260953,False
T2D,WRN,0.031123275394487226,up,0.9041847481071699,0.9832960301171321,False
T2D,ST8SIA4,0.7757089840440332,up,0.3534234576312258,0.8083438158366245,False
T2D,RALY,0.2458732400732067,up,0.348755134285088,0.8070527316631475,False
T2D,GNAS,-0.04575407822705824,down,0.8962306448602143,0.9810728706102312,False
T2D,LHFPL3,0.020547745882204538,up,0.9562038676135407,0.9912686514373907,False
T2D,CHORDC1,0.0866935901801153,up,0.7813431048633191,0.9589507636656113,False
T2D,RAMP1,0.5845113583657332,up,0.3248960121700172,0.7961822512973782,False
T2D,NUDT5,0.5002993707658427,up,0.1010115635242435,0.6122959323385514,False
T2D,SNAPC2,0.46157365476214274,up,0.12503509741336968,0.6391456458798285,False
T2D,ARHGAP22,-0.222253703196148,down,0.5127132899226454,0.8743273775898711,False
T2D,CDKN2C,-2.0028062028541056,down,0.008211152415270958,0.3560094643320024,True
T2D,HMGB1,-0.1825153361911518,down,0.6579214735892664,0.9244297025693625,False
T2D,MMP8,1.1428857193337425,up,0.25414928956776195,0.7596653036926788,False
T2D,HSD17B12,-0.8057404521117348,down,0.018575303825496825,0.42095000921714343,True
T2D,AZI2,-0.6014937714872259,down,0.07088305767915754,0.560273727166904,False
T2D,SIPA1,1.1647297867548112,up,0.006253402622701786,0.3560094643320024,True
T2D,WNT7B,0.3733001677023904,up,0.2013135669768972,0.7168988953983298,False
T2D,KIF3C,0.4454505957955557,up,0.29217515409576295,0.7784623209452785,False
T2D,PNOC,0.09366782224156989,up,0.8273650410780996,0.9699595268837687,False
T2D,TBCE,-0.022766530338282465,down,0.9429054435546614,0.9893596989971446,False
T2D,ROBO1,-0.35760404975628624,down,0.6267880483077949,0.915740961210004,False
T2D,PDE4A,0.5572174459756318,up,0.11450458762851068,0.6272706786552924,False
T2D,PTPRR,-0.4552805090796417,down,0.3481245019689941,0.8070394294886468,False
T2D,DYRK2,0.23927669644753347,up,0.5260356307320743,0.8798105963989298,False
T2D,TAL1,-0.6412571162299954,down,0.15723369005130267,0.6747102382470835,False
T2D,CLEC14A,-0.0748016916313907,down,0.8354732663377497,0.9709115903524522,False
T2D,LPP,-0.1794909528343268,down,0.5609748248162276,0.894446783341735,False
T2D,INPP5D,0.5766520372489498,up,0.20329766618588688,0.7176020659670794,False
T2D,ZBED3,-0.2006829269457553,down,0.7757370515346823,0.9575117111143339,False
T2D,GMDS,0.341926812970637,up,0.44688594251889424,0.8479548317778094,False
T2D,COL13A1,0.7257170871806125,up,0.29972650782224275,0.7811505756659196,False
T2D,MMP7,2.4065651559415233,up,0.1186013983546814,0.633418208706338,False
T2D,SGPL1,-0.7634680344130289,down,0.4449853721163521,0.8479376118983711,False
T2D,ACADS,-0.8328034757657641,down,0.3756972120577479,0.8205446482484069,False
T2D,NCALD,-0.46213606662645623,down,0.2792588372214459,0.7711912906043916,False
T2D,GCC1,0.19522443533723302,up,0.5173256937374445,0.8776071546988692,False
T2D,USP28,0.05865498388187218,up,0.9066984851526032,0.9832960301171321,False
T2D,PRDM14,-0.24594947302332493,down,0.6248088000693508,0.9151233706810098,False
T2D,MRC2,1.0090375289276068,up,0.10173456679447859,0.6128276652763383,False
T2D,CD320,-0.05756808058000625,down,0.8731061304243943,0.9767738246043174,False
T2D,MAP2K5,-0.6170685402960598,down,0.08962619900747434,0.5958498144234167,False
T2D,NSUN3,0.5534868786464642,up,0.059223110106703405,0.5249170332138327,False
T2D,PINX1,0.2336605868801398,up,0.41652497889323536,0.8358051418161468,False
T2D,SBF2,-0.7625200523866136,down,0.1325724452342806,0.6478209949067517,False
T2D,PIK3C2B,0.03636919042009623,up,0.9317821173377346,0.9890177261439798,False
T2D,FMO5,0.1984441922054856,up,0.6077891960962306,0.9095864352553344,False
T2D,ZFPM1,0.46376932477517663,up,0.204284287432989,0.7189863958035732,False
T2D,SOX12,0.07503806930363055,up,0.8552560016686994,0.9743456396328073,False
T2D,NPY,0.23029114177456567,up,0.6492279007728005,0.9225953069762027,False
T2D,CDC42BPA,-0.35437653751897197,down,0.3664717843173871,0.8155803630894349,False
T2D,FBN2,0.7262439923326389,up,0.3297924903872403,0.8001431339263909,False
T2D,RBL2,-0.6519222923750017,down,0.15348501315952864,0.6696313744706749,False
T2D,MMP1,2.180507678232756,up,0.15085553753498848,0.6675346272826442,False
T2D,PDE1A,0.7066186166936843,up,0.2424514529949679,0.7498046984733617,False
T2D,HDAC4,0.04813611670801584,up,0.878373771090781,0.9772139511160586,False
T2D,DNAJC10,0.13305092373477811,up,0.6634593786118971,0.9257543405505292,False
T2D,TFEC,0.6975275953687432,up,0.3959876535126478,0.8296667228211614,False
T2D,IRX6,-1.3197943428474823,down,0.23824448809755772,0.7475380121769609,False
T2D,MAPK8IP1,0.3933444875918588,up,0.49926859598612566,0.8690115967158237,False
T2D,MMP13,0.8024757482166769,up,0.3178332037273976,0.7934214567296551,False
T2D,PPP2R2A,-0.2660214353272106,down,0.31599010340470746,0.7917935665040133,False
T2D,ECE2,-0.6525719669547554,down,0.1584306362249149,0.6764704297458628,False
T2D,SLC30A1,0.4490699398294269,up,0.18156840181304643,0.7018624922359875,False
T2D,DAAM2,-0.5657670092893904,down,0.4117826577824076,0.8340416076656766,False
T2D,FIBCD1,0.04885943363117695,up,0.8839825208955463,0.9781620932694388,False
T2D,APOA4,-1.4711213750347243,down,0.01332857239096403,0.39947635537489334,True
T2D,PGRMC2,-0.31403892473949035,down,0.34879638092160203,0.8070527316631475,False
T2D,CCM2,0.7291023550794367,up,0.4700745071031141,0.8592034471206077,False
T2D,PAPPA,-0.33187992746633266,down,0.2958190223854814,0.7795369140238965,False
T2D,CRYBA1,-0.74737795233737,down,0.30189043950299305,0.783315016703349,False
T2D,TCEA2,0.135476168010924,up,0.7189122619944456,0.9432504068448212,False
T2D,USP44,-0.6286864632381297,down,0.23349805075041508,0.743689519262762,False
T2D,THRB,-0.37567177342323355,down,0.3761947989718615,0.8205550004011225,False
T2D,GPNMB,1.0119436531455315,up,0.050439473905609614,0.5076934679437343,False
T2D,C1QTNF6,0.8708544918682475,up,0.09811511608885191,0.6077261049687387,False
T2D,PPP1R13B,0.09435855196401732,up,0.8588627578213275,0.9755039082558378,False
T2D,CBLN1,0.09127056059713334,up,0.8274609201187262,0.9699780854134928,False
T2D,MAP2K7,0.12332826483349812,up,0.764386259317901,0.9532758665372533,False
T2D,F10,-0.48104622152250376,down,0.5908709222117903,0.9048247349733236,False
T2D,MAN1A2,-0.1621460238005772,down,0.6285965265011249,0.9165324339835568,False
T2D,CSF1,0.0016907811766491143,up,0.996810369243807,0.9998031397637859,False
T2D,PLA2G2F,0.683403552389988,up,0.0937188397521259,0.6010557266286836,False
T2D,MME,-1.7374516021855753,down,0.00032963285218665133,0.26862746738043003,True
T2D,SLC2A4RG,-0.453470283844711,down,0.5102994950955266,0.8737621994838409,False
T2D,CDKL2,0.022864949964056525,up,0.9525843240354883,0.9910050484290537,False
T2D,WNT6,0.23146506435468783,up,0.6621826322968344,0.9254193904233728,False
T2D,G6PC2,-0.24562209056318718,down,0.6402952658797412,0.9182517390306838,False
T2D,BMPR1B,0.36568205385346886,up,0.4633290570062973,0.8563020795903056,False
T2D,HOXC6,0.5813202496190852,up,0.2012435344234432,0.7168233195592255,False
T2D,SOCS2,-0.43564385643413417,down,0.34442743242113055,0.805455616645975,False
T2D,PHACTR1,1.6411265803851538,up,0.04000318940229075,0.4843578745878135,True
T2D,PHGDH,-1.0464147185255794,down,0.12165047348966325,0.6361701599930459,False
T2D,RAB3C,0.7913747558564626,up,0.1456278187697034,0.660060225537303,False
T2D,ASTN2,0.36142073688873033,up,0.5471296403961634,0.8898233660910639,False
T2D,WNT9B,-0.1295469799194553,down,0.6769855290878417,0.930676761432276,False
T2D,FRMD4A,-1.2348522732986233,down,0.025951124128019826,0.44976483058916994,True
T2D,FMR1,-0.4308959944573748,down,0.16072649387091242,0.6787038231855971,False
T2D,BMP8A,-0.4945135196607593,down,0.2630499905947735,0.764409272132899,False
T2D,SCARB2,0.1684287924754042,up,0.6403732856461386,0.9182517390306838,False
T2D,CDC25A,0.06854033265393022,up,0.8376330995577033,0.9715273811486678,False
T2D,ISL1,-1.4490537348407626,down,0.07187176349887148,0.5627256686787044,False
T2D,SLIT1,0.4155336935258429,up,0.22205129615341118,0.7332440055299212,False
T2D,NSD1,-0.18530428270400412,down,0.5509002815129916,0.8910266006938101,False
T2D,MRPL11,0.21981749594357258,up,0.5190323764154631,0.8788383551930041,False
T2D,TNFRSF11A,0.37660924738163537,up,0.4942887634375748,0.8672789462179478,False
T2D,C1GALT1,0.4368459997266776,up,0.2837679781605786,0.7727952995613179,False
T2D,DHTKD1,-0.9639632538961025,down,0.008713967944584637,0.3560094643320024,True
T2D,MYOZ2,0.2606503413376009,up,0.5805936422620949,0.8998635208328196,False
T2D,WT1,-0.2090094086141906,down,0.7690483088307956,0.9547120425603604,False
T2D,IRX3,0.178331187590417,up,0.691293023451062,0.9348396856217672,False
T2D,TNFAIP6,0.5697032993071718,up,0.5925501902208066,0.9053688658503334,False
T2D,ATP2B3,0.3320706663070432,up,0.5728610867031448,0.8970386874605492,False
T2D,HAS2,0.0665559840758756,up,0.918092659482096,0.9867149491092201,False
T2D,SLC7A5,0.0374362115373974,up,0.9419989333788453,0.9893596989971446,False
T2D,PACRG,-0.4627506225287714,down,0.3568801668042038,0.8091488543907541,False
T2D,MARCKS,0.9635714478525166,up,0.0466755414015823,0.4967403431778667,True
T2D,EMILIN2,0.7661999698052915,up,0.045003309334380924,0.49407090713778823,True
T2D,BAIAP2,0.4583823899000221,up,0.29392313426389766,0.7791413004506039,False
T2D,DTNA,-0.13508603072839348,down,0.6290901392387708,0.9165324339835568,False
T2D,MAFF,0.1491018711703258,up,0.636839197025967,0.9179174778367857,False
T2D,GLRA1,-1.4965900779782988,down,0.10891249753490162,0.6229471940708365,False
T2D,BRAF,-0.8075493879241868,down,0.14679868762932385,0.6610991725461997,False
T2D,PIAS1,0.026700339462689016,up,0.9257485576154441,0.9880937342410312,False
T2D,KLHL21,-0.4359044796685948,down,0.14223351939851292,0.6578321460810387,False
T2D,TPCN2,1.0502989823781903,up,0.17355316531214895,0.6916694126931396,False
T2D,CAPN13,0.24683774247667767,up,0.5369311698968053,0.8851420560350393,False
T2D,CACNA1C,-0.8356456195647534,down,0.08802127273951976,0.5929525722073339,False
T2D,MTNR1A,0.3856807900798902,up,0.42094818146018315,0.8388120750236431,False
T2D,PDE4C,-0.553101566165443,down,0.06139101736434653,0.5309708368744365,False
T2D,NMI,0.6152716198086865,up,0.09759395599929795,0.6077126890554101,False
T2D,PLCG2,0.11091204824431794,up,0.7912465231609025,0.9617020970902106,False
T2D,CGNL1,-0.6582590206329525,down,0.2784872471810892,0.771090917512952,False
T2D,RGMA,-0.09183773324612732,down,0.8525290302929632,0.9740574105428604,False
T2D,RAB6C,-0.45083575146474275,down,0.28527924231122165,0.7736650761956405,False
T2D,MYL7,-1.153858893161254,down,0.0355535602504784,0.47149737357143023,True
T2D,CAMK2G,0.22885578927492065,up,0.5116975133903945,0.8738731633337578,False
T2D,ZNF169,-0.9521264128238225,down,0.0068565685348183055,0.3560094643320024,True
T2D,SLC6A4,-0.6097475680483422,down,0.17551795503834616,0.6932447894180461,False
T2D,TNIP1,0.2553218988614856,up,0.47216554919445464,0.8595969526673088,False
T2D,BCORL1,0.23542857265155526,up,0.6051301728834783,0.9085870091299014,False
T2D,PKD1,-0.24735128787618144,down,0.5661737173228257,0.8958794623526216,False
T2D,PTPRM,-0.26650484664375107,down,0.4492116594066965,0.8491597927721385,False
T2D,MAPK4,-0.5723711586766438,down,0.37348480674329104,0.820277279906921,False
T2D,IDE,0.6164768559900042,up,0.11004106510860029,0.6232265905100153,False
T2D,GTF2IRD1,0.2616933490535438,up,0.40152673037257336,0.8327667790215524,False
T2D,ITGA11,-0.10351399717984489,down,0.8716607694009859,0.9767320517708244,False
T2D,FRK,1.3949916588920925,up,0.008508020638089512,0.3560094643320024,True
T2D,CAD,0.808935888026455,up,0.016109599871184856,0.42061181696085553,True
T2D,CETP,0.12675006825282198,up,0.7618039944617071,0.9531569525518103,False
T2D,GOPC,0.5716514301996001,up,0.32967961779721855,0.8001431339263909,False
T2D,RUNX3,1.1146848661540516,up,0.02204744258566971,0.43873813253813737,True
T2D,COL21A1,-0.37965221887196376,down,0.4762526518038036,0.8609917225214986,False
T2D,PXMP4,-0.08651426721933331,down,0.8308205990404611,0.9703650159900845,False
T2D,LPA,0.48429354996052165,up,0.1554342767771248,0.6710598601441874,False
T2D,PLCL2,-0.3165079385476972,down,0.5163970957202593,0.8771334815178418,False
T2D,HTR2C,-0.17805268208096425,down,0.6644805088737215,0.9260832928932963,False
T2D,HDAC3,0.6004242929260515,up,0.10078065250447879,0.6120770521814667,False
T2D,LY75,0.6356070037444104,up,0.29163491326703617,0.7780109602615246,False
T2D,ICOS,0.4091262909077047,up,0.33938704028058964,0.8026000996990201,False
T2D,ETV6,1.5061612778805298,up,0.0027950256971696298,0.31144586482628417,True
T2D,SRP54,0.0984243284715498,up,0.7537113898119688,0.9504508207462204,False
T2D,FN3K,0.5318558319040667,up,0.22604047147387615,0.7374340061203203,False
T2D,SREBF1,-0.4456257516801584,down,0.3241106218337968,0.7960514493780898,False
T2D,NRP1,1.016460879803613,up,0.16445621381271971,0.6832198335335745,False
T2D,SLC6A3,-1.4555292169783747,down,0.028371100597196868,0.45636142756893017,True
T2D,GHR,-2.5444495976638075,down,0.003320890276801452,0.3166921727604294,True
T2D,CELSR2,-0.6408174236834046,down,0.29690228630736143,0.7795558047326514,False
T2D,BOC,-0.25822501026039735,down,0.5117012689838822,0.8738731633337578,False
T2D,TUBB1,0.5281473202530527,up,0.44317344376788853,0.8477261460962876,False
T2D,CDK5RAP1,0.039667322923736786,up,0.8893960717218515,0.9798438280043157,False
T2D,TUBB,0.28643963855644294,up,0.4294362816293162,0.842468290875763,False
T2D,PHF13,-0.5141132886660653,down,0.10792526740005218,0.6221260705681603,False
T2D,GSTO1,0.8705048500678894,up,0.05938192592621512,0.5249853932299832,False
T2D,ADCY1,-0.07354793955187322,down,0.8834486009700976,0.9779942256531704,False
T2D,TUBB6,-0.14270393473892407,down,0.6508769548856731,0.9225953069762027,False
T2D,OMA1,-0.2706162665100154,down,0.3301583197327986,0.8001431339263909,False
T2D,BCKDHB,-1.2694490547147517,down,0.013805178935117454,0.4042095337723071,True
T2D,DMD,0.014235805885535413,up,0.9798740952601497,0.9955331001722973,False
T2D,SLC39A8,0.3250924362300256,up,0.6928382803889078,0.9352595863655638,False
T2D,CIT,-0.6945298105748132,down,0.28548806456039016,0.7736650761956405,False
T2D,CBFA2T3,0.0189881083636827,up,0.9644635177711396,0.9934794931128327,False
T2D,MAML2,-0.7172537359801798,down,0.16557696263996266,0.6832198335335745,False
T2D,HDAC2,0.3793661679428207,up,0.43486071285765737,0.8444089682335304,False
T2D,STK35,0.219042887767551,up,0.548530422963619,0.8900773310079255,False
T2D,FXR1,-0.5924104948111234,down,0.03981470469822055,0.4843578745878135,True
T2D,UBASH3A,0.6101162832153655,up,0.4047903793430186,0.8335261120844506,False
T2D,STRN,1.3638375693538407,up,0.007689374818596705,0.3560094643320024,True
T2D,ZCCHC7,-0.5237549843899962,down,0.05832150301941057,0.5249170332138327,False
T2D,HRH1,-0.17177763249388978,down,0.6176930008539679,0.9123008460315152,False
T2D,RGS19,1.456956868757261,up,0.09374271554213,0.6010557266286836,False
T2D,GTF3A,0.15308405527042623,up,0.6066177904215485,0.9093141450633881,False
T2D,CLIC5,-0.7351362574143467,down,0.3335304818801342,0.8003927679885114,False
T2D,DAB1,0.8582877843490024,up,0.48754752531397755,0.8648488284352486,False
T2D,OPRD1,-0.4870955967474364,down,0.21338105553379058,0.7260498106438062,False
T2D,REV3L,-0.6513607932396939,down,0.09724034031035127,0.6066574502114778,False
T2D,SSTR5,-0.19966331469154047,down,0.5832769519503093,0.9013052731841584,False
T2D,TMEM17,-0.5235204736847243,down,0.3541683438123216,0.8083438158366245,False
T2D,LDHB,-0.8471712786759631,down,0.04177667234097324,0.4860457304528131,True
T2D,SFI1,0.024734379795382733,up,0.939864881017001,0.9893596989971446,False
T2D,ZFHX4,-0.34266287156595,down,0.5327893504899159,0.8836300848441452,False
T2D,PRDX6,-0.8447813910254327,down,0.033584140937176786,0.47064742635769335,True
T2D,NCF1,0.38474264961475657,up,0.5095190429569862,0.8730365960642048,False
T2D,VTI1A,0.07112198309669093,up,0.834511532391573,0.9704843366385105,False
T2D,RNF166,0.7686443128322921,up,0.03765034414966959,0.47790229402078443,True
T2D,CUEDC1,0.1602950771935775,up,0.6768011606875207,0.930676761432276,False
T2D,PMAIP1,-0.26618715325702125,down,0.7067189523812604,0.9402857886094572,False
T2D,EPC2,-0.3437159031988407,down,0.3709264464843276,0.818772719958058,False
T2D,ADRA2B,-0.7569957882769334,down,0.0581987387694899,0.5249170332138327,False
T2D,RBM6,-0.3514067628673012,down,0.4867001248870829,0.8646036088171889,False
T2D,SH3YL1,-0.1424407881816337,down,0.5827728308729972,0.9010951562645648,False
T2D,DYRK3,0.36324809750791986,up,0.352004424520001,0.8083438158366245,False
T2D,CRNKL1,-0.43288362706199246,down,0.1891412505448489,0.7092024864405637,False
T2D,PTGDR,-0.15519747033051567,down,0.7500340319783668,0.9499840329016475,False
T2D,ASAH1,-0.20305882705952527,down,0.6750516656254691,0.9300685607540768,False
T2D,SELENBP1,-1.451580641017142,down,0.045979182674790155,0.4967403431778667,True
T2D,AOC3,-1.04380014016165,down,0.11303793377503626,0.6258630211109025,False
T2D,RNF138,-0.14638839650976143,down,0.7114294948554346,0.9413508930035961,False
T2D,HDAC1,0.3605709223238942,up,0.1968151289657379,0.7133334116463048,False
T2D,CNNM2,-0.6582098995489809,down,0.12350079748041551,0.638488379782986,False
T2D,PARP11,0.21343783406722938,up,0.7537353180330876,0.9504508207462204,False
T2D,LMX1B,-0.15607473245443781,down,0.7372108982488307,0.9467356918435619,False
T2D,HDAC5,-0.22646195924769852,down,0.4766204282864421,0.8609917225214986,False
T2D,BAIAP3,-0.24941768162031286,down,0.4483839138446045,0.8487737069701854,False
T2D,FDFT1,-0.9808524409300436,down,0.006906792174920177,0.3560094643320024,True
T2D,HTR3B,-1.035327619994659,down,0.015600306421301002,0.41527935510600134,True
T2D,PCCB,-0.650936082169647,down,0.14747593017133645,0.6617267065371973,False
T2D,C10orf67,-0.2980843216907516,down,0.4529329454843861,0.8515904797572263,False
T2D,HDAC11,-0.33610217189792824,down,0.5219441877083338,0.8791640050200378,False
T2D,OPRK1,0.5999391792737336,up,0.29831999160902317,0.7799763925173784,False
T2D,ANGPTL7,-0.7294419353861716,down,0.32676758968969805,0.797580653727011,False
T2D,PREX1,1.130678684130679,up,0.02832348236438198,0.45636142756893017,True
T2D,SYN2,0.18768015927601134,up,0.682303572181387,0.9308109356944083,False
T2D,KLF8,-1.0207604953367566,down,0.02526092024478362,0.44800517633843545,True
T2D,ADRA2C,-0.0216247389002433,down,0.955587731116365,0.9912686514373907,False
T2D,HDAC6,-0.41095633233511597,down,0.282097587974089,0.7722589643371173,False
T2D,HDAC8,0.3315859728697981,up,0.21436955819426695,0.7260498106438062,False
T2D,TGFBR3,-1.2509736965008118,down,0.08379361936772206,0.5868180680608891,False
T2D,MCTP1,1.2887160212546511,up,0.007233544403221269,0.3560094643320024,True
T2D,GPC6,0.28797500164368994,up,0.5859288193292144,0.9026392450482221,False
T2D,RXRA,-0.16361377351350992,down,0.6278603584597674,0.9163161804341822,False
T2D,CCNE2,0.287770464082592,up,0.49822164157123666,0.8687821215999978,False
T2D,AMIGO2,-0.7167162418279858,down,0.05586573447208589,0.5195744936022731,False
T2D,HDAC10,-0.5352444921758686,down,0.3151176720973902,0.7915150491988565,False
T2D,SORCS2,-0.08509475812093337,down,0.8249234667068485,0.9694187430628772,False
T2D,SCGN,0.034679175510471616,up,0.9608040767719082,0.9929187721815667,False
T2D,COBLL1,-1.0195468720322545,down,0.08907555968971066,0.5958498144234167,False
T2D,RORA,-0.4151016993086323,down,0.3198596835005391,0.794554947831736,False
T2D,B3GALNT2,-0.3406881368466199,down,0.5434090333934003,0.8885987155567839,False
T2D,TBL2,0.5834674038712591,up,0.03417353719854579,0.47064742635769335,True
T2D,RPS6KA1,1.1590227891291929,up,0.11244134059946667,0.6258630211109025,False
T2D,PALMD,-0.8132043811293532,down,0.23892843068003664,0.7475380121769609,False
T2D,TNFAIP8,-0.27605708410407354,down,0.486912427928669,0.8646813762576802,False
T2D,NRP2,0.7642930739043834,up,0.2030678636071886,0.7176020659670794,False
T2D,SGK2,-1.680980511103713,down,0.033650090199987236,0.47064742635769335,True
T2D,DNM3,-0.17215103778871876,down,0.7873757480086584,0.9604604405980485,False
T2D,TNIK,0.31466397506979327,up,0.4999084183891671,0.8690115967158237,False
T2D,SLC2A4,-1.877589728869121,down,0.002114548386465033,0.29575483432024263,True
T2D,BTBD1,-0.1213608118470616,down,0.689168127353723,0.9335107100458196,False
T2D,VPS11,-0.4107376364659083,down,0.16745725844225542,0.6855115737347478,False
T2D,PHTF2,0.8418126420873744,up,0.05545770514121451,0.5195744936022731,False
T2D,IRF7,1.6370243003928453,up,0.005032506280206747,0.3387476577177048,True
T2D,STARD13,-0.2881313880280445,down,0.40679378779294073,0.8340416076656766,False
T2D,SV2B,-0.45654548070733525,down,0.3799034433949692,0.821759864389845,False
T2D,JMY,-0.1686227889746852,down,0.7314525953030468,0.9453156733985549,False
T2D,KPNA2,0.793541563681426,up,0.056622192204729554,0.5195744936022731,False
T2D,RYR2,-0.011466810392366078,down,0.9701996021708565,0.9942704166188245,False
T2D,ZCCHC12,0.09313438229183246,up,0.873942042471107,0.9767738246043174,False
T2D,CBX1,0.2857055305097309,up,0.2706777250013592,0.7675474812560592,False
T2D,C9orf72,0.03027951314810995,up,0.9733521261823642,0.9942704166188245,False
T2D,ELF1,0.10610529497791868,up,0.8289401778301954,0.9701797459048652,False
T2D,ADRB2,-0.138620707010777,down,0.7299222237377209,0.9447687358519429,False
T2D,SPCS2,0.02670534698874527,up,0.9419907578728868,0.9893596989971446,False
T2D,NFKBIA,0.94558839559667,up,0.14340204210650695,0.660060225537303,False
T2D,IMMP2L,-0.9433035514702142,down,0.03059434791897006,0.46785794411919157,True
T2D,PPP1R3B,0.978852802943428,up,0.0980002739098245,0.6077261049687387,False
T2D,MAN1C1,0.4573667762719228,up,0.23699180745114798,0.7464285546518145,False
T2D,DCT,-1.3910918115032191,down,0.004768185552119325,0.33303418662327655,True
T2D,PROS1,-0.1651627061665396,down,0.6391489544995104,0.9182517390306838,False
T2D,FBXL13,0.3663162392329,up,0.5002398981019778,0.8690115967158237,False
T2D,HSD17B4,-0.3189345825659461,down,0.4333365602037003,0.8435604110271391,False
T2D,ABCC5,0.7116800094049657,up,0.08821561459203131,0.5929525722073339,False
T2D,CHRNE,0.7737862726290987,up,0.04132421162530383,0.4853564615771224,True
T2D,SATB1,-0.411501180833816,down,0.33054553406137976,0.800262399146954,False
T2D,HP,-0.2397597568987122,down,0.8316872794001737,0.9704843366385105,False
T2D,CABP1,-0.5413934333706099,down,0.1691158004632587,0.6871816843711841,False
T2D,E2F3,0.7045556538295474,up,0.13013726379744267,0.6471165492824866,False
T2D,P2RX4,0.7699977836260958,up,0.430296615467181,0.842468290875763,False
T2D,SGCB,-0.32077050016323483,down,0.3904983179265996,0.8266658957919448,False
T2D,ZFYVE28,-0.40199015349814315,down,0.3181618911216279,0.793621239568337,False
T2D,NF1,-0.5412427409477907,down,0.21108225585105023,0.7259845455336121,False
T2D,GLI2,0.17291896098535986,up,0.7600028957187589,0.9520131803587251,False
T2D,SHOC2,-0.3006610848539115,down,0.27493275598128464,0.7696205157809461,False
T2D,PSMA3,0.44121440575410453,up,0.16160842145657264,0.6803297768833727,False
T2D,TFPI,-0.007595399824271723,down,0.9810807621789664,0.9958321008735751,False
T2D,MRPS35,-0.24295807961683563,down,0.48635849781921076,0.864438143777752,False
T2D,DMRTA1,-1.6493770676656938,down,0.0143679675380783,0.40487977174228745,True
T2D,TWIST2,-0.33276942279843513,down,0.41893253663502994,0.837408906087117,False
T2D,BGLAP,0.4235293579484529,up,0.26308495418573014,0.764409272132899,False
T2D,SENP6,-0.1896480442063676,down,0.5470305671641638,0.8898233660910639,False
T2D,CRB3,0.606136607904622,up,0.2856766368618149,0.7736650761956405,False
T2D,SDK1,-0.1549339377845773,down,0.7904175498718525,0.9612514191303434,False
T2D,SRRM2,0.11932188796996529,up,0.6602064012965191,0.9252429636390777,False
T2D,TULP1,-0.34381432625443065,down,0.4313662995619501,0.8426503691629156,False
T2D,LPGAT1,-0.1645734143270663,down,0.7990901316767769,0.9646398975422924,False
T2D,HYOU1,0.7310745244416782,up,0.058367513572892916,0.5249170332138327,False
T2D,EML2,0.28786079386227525,up,0.5007461569793997,0.8691490030719734,False
T2D,IQSEC1,0.24009146815556803,up,0.39968536346753314,0.8318171969893678,False
T2D,ITIH2,0.07227069617497328,up,0.8844431571697169,0.9783385004870346,False
T2D,NRBF2,-0.0072091353422785165,down,0.984604973011004,0.9967694689480252,False
T2D,TREML2,0.6702540904117757,up,0.14611527873177763,0.660060225537303,False
T2D,ITGA3,0.3326134122467108,up,0.6495188770855884,0.9225953069762027,False
T2D,MACF1,-0.042884632400206124,down,0.868582028009593,0.9767320517708244,False
T2D,FBXL22,0.32639851423251676,up,0.36075844391827966,0.8114469032698312,False
T2D,TYRO3,-1.360440018858687,down,0.043882229547856505,0.49063382592317,True
T2D,EN1,0.18593706195932924,up,0.7642991136966198,0.9532758665372533,False
T2D,SH2D4B,0.4986547936243424,up,0.28589267500782073,0.7736650761956405,False
T2D,RSBN1,-0.3549815926711126,down,0.4481978750115745,0.8487737069701854,False
T2D,INHBA,1.8988239307360577,up,0.027677211148319635,0.4526380010554008,True
T2D,NCK2,0.13612637961751672,up,0.6707337335941917,0.92794285501229,False
T2D,BHMT,-0.18667601980399162,down,0.7056302010259405,0.9400294931301673,False
T2D,GRM5,-0.3088014096010063,down,0.6566695563313859,0.9240304454961983,False
T2D,POLK,-0.5096451876920423,down,0.09966764724222356,0.6120427266831351,False
T2D,DGAT2,-1.859669832675051,down,0.006549194164624557,0.3560094643320024,True
T2D,SOX4,0.6128348337522314,up,0.1759984480734144,0.6932447894180461,False
T2D,CYP17A1,0.3703718885878171,up,0.5892969857370407,0.9048247349733236,False
T2D,GAK,0.5853933372870403,up,0.09162789192179942,0.5999004791638277,False
T2D,BANP,0.46268910261754415,up,0.17191445780353826,0.6903843935747233,False
T2D,NUDT6,-0.6670295654476082,down,0.054818157845302126,0.5195744936022731,False
T2D,DCN,-0.3780507450639021,down,0.38577695657592825,0.8237562105983721,False
T2D,POLD2,-0.3492520100818397,down,0.23206644877522,0.741219631733989,False
T2D,VAPB,-0.2872131934324861,down,0.32366589870595,0.7960514493780898,False
T2D,SPTA1,0.7581272631365463,up,0.14456669410101775,0.660060225537303,False
T2D,MDM4,-0.5190008946117741,down,0.4518904580369048,0.8505015079751358,False
T2D,HSPA4,0.20605979372764294,up,0.43037785689731634,0.842468290875763,False
T2D,CWF19L1,-0.045210236787494806,down,0.8833996176281546,0.9779942256531704,False
T2D,TRIB1,0.1262639979382703,up,0.788094218451725,0.9604604405980485,False
T2D,DNAH7,-0.23699921839657723,down,0.5446705215249773,0.8889696084309734,False
T2D,FGFR1,-0.0862753091365196,down,0.8359864274882238,0.9709115903524522,False
T2D,ASCL1,1.5995162863040133,up,0.0004933183597325776,0.26862746738043003,True
T2D,MNS1,-0.5289765169407152,down,0.28339817097690106,0.7727952995613179,False
T2D,PLA2G4B,0.08006989948104071,up,0.8129869826799135,0.9676067880971503,False
T2D,CDK5RAP2,-0.2755464667003036,down,0.5595393109353731,0.894069668196811,False
T2D,DCC,-0.33358787666269585,down,0.2938074714994114,0.7791413004506039,False
T2D,PDE10A,0.3186433757555598,up,0.6343266289116567,0.9165408178076142,False
T2D,SLC22A12,0.2163626740982929,up,0.4290264997193648,0.842468290875763,False
T2D,PRKAG3,-0.028754587513025953,down,0.9559260359165475,0.9912686514373907,False
T2D,MYCN,-0.08441842449518333,down,0.8729927702392729,0.9767738246043174,False
T2D,MGAT1,0.8519967393085401,up,0.07907014693356644,0.5759717456850945,False
T2D,CORO7,0.5916143831073075,up,0.07873015436058703,0.5754885910412018,False
T2D,CYP11B2,0.5665670717841986,up,0.26059802288040124,0.7627973943446392,False
T2D,PPARGC1A,-1.3561536919877626,down,0.033700177854413656,0.47064742635769335,True
T2D,SOX11,-0.46860792416120756,down,0.39017003888921564,0.8266184862294744,False
T2D,DPYS,-0.06895815297879349,down,0.940584821822926,0.9893596989971446,False
T2D,NAP1L5,-2.8142544580722628e-05,down,0.999942177018976,0.999942177018976,False
T2D,PCSK1N,0.312899288029444,up,0.3439911453408223,0.8049480497889286,False
T2D,GNPTG,0.41031211178437565,up,0.18400076736752125,0.7038688074298048,False
T2D,PDHX,-1.0626142586896528,down,0.009299803800638247,0.3587814734165427,True
T2D,HSF1,0.06993750664283227,up,0.7811690922169308,0.9588974664240927,False
T2D,PTPRJ,0.46209941503048046,up,0.26573218013707733,0.764409272132899,False
T2D,SFMBT1,-0.34452424478236265,down,0.4694292055648826,0.8592034471206077,False
T2D,SUOX,-0.30190326599508915,down,0.5978280644948483,0.9065258601106186,False
T2D,PCDH9,-1.166133878458877,down,0.17124957387723527,0.689611948052327,False
T2D,CELSR1,0.9889517055246952,up,0.16125169485091617,0.6797194002814451,False
T2D,SLC35D3,0.4037269973554256,up,0.42488200447382657,0.840291662019181,False
T2D,NDST2,0.5464944885969045,up,0.11361922967711538,0.6260854814534648,False
T2D,SF3B4,-0.12278320000848042,down,0.9261276216687861,0.9880937342410312,False
T2D,CYP11B1,-0.4293391631701198,down,0.5650070841393819,0.8958794623526216,False
T2D,GULP1,-0.5713589965798314,down,0.1696979862862539,0.6885821934528414,False
T2D,GRK5,-0.3339945678843607,down,0.4028263508745883,0.8334612269574815,False
T2D,BAZ2B,-0.735998936677841,down,0.04047922383469507,0.4848922359187046,True
T2D,FGF9,-1.861997202944064,down,0.047417809057180044,0.4988380686344886,True
T2D,BRD2,0.04773058366404692,up,0.9062624589637127,0.9832960301171321,False
T2D,UBAP2,0.6328206355804089,up,0.19942152532417157,0.7150157521754843,False
T2D,DPYD,0.10876904167193868,up,0.7711100357356755,0.956009257718851,False
T2D,IDUA,0.4564069544546534,up,0.22089992287293797,0.7329117659689659,False
T2D,FSHB,0.10816081653600573,up,0.8479079300985456,0.9726898813800375,False
T2D,KCTD15,0.9522590124744128,up,0.013380304341257006,0.40003117021758317,True
T2D,CDKN2A,0.25603997245719556,up,0.5900967157110772,0.9048247349733236,False
T2D,PITPNC1,-0.16505538599116354,down,0.5092217927596188,0.8729006243707994,False
T2D,CDH15,-0.41390527476062416,down,0.2224486135398115,0.7332440055299212,False
T2D,UBE2E1,0.2219419042321642,up,0.5872297203884653,0.903515523690414,False
T2D,RPL37A,-0.12414385309282228,down,0.7380885758393152,0.947060355947156,False
T2D,FCHSD2,0.0009268954940691021,up,0.9981812091688624,0.9998031397637859,False
T2D,VCL,-0.2957976252274541,down,0.3198713997761398,0.794554947831736,False
T2D,PLCG1,-0.16538806339019096,down,0.7075256320319507,0.9408878170280834,False
T2D,SRPK2,-0.09301954948134479,down,0.7397381494032395,0.9473249384647835,False
T2D,INPP5F,-0.4173392261109615,down,0.15022413674422122,0.6667245911833282,False
T2D,MRPL52,0.433505416631758,up,0.339452228962309,0.8026000996990201,False
T2D,PKHD1,0.21080746112346205,up,0.6454473542022161,0.9208554078247444,False
T2D,NTAN1,0.16570621592537557,up,0.5477475099615642,0.8898473375326915,False
T2D,PPP1R3C,-0.8830063620942685,down,0.020648281279200775,0.4277861645689613,True
T2D,CYP11A1,0.7497402203358066,up,0.2702347403746973,0.7675474812560592,False
T2D,KLF16,-0.620773067281696,down,0.19349774084498983,0.7119947218437501,False
T2D,PODXL,-0.6347345194993377,down,0.18360753523534162,0.7034855889554467,False
T2D,SOX2,-0.10589292816009399,down,0.7723150522912702,0.9563422308557836,False
T2D,CDADC1,0.04264652140566838,up,0.9246245704977696,0.9879144388956018,False
T2D,NFE2L3,0.6313903140270707,up,0.41016448713456405,0.8340416076656766,False
T2D,WFDC5,-0.15318154950992469,down,0.7451832504437238,0.9489367675932745,False
T2D,ARID4A,-0.5985243784144542,down,0.13416894140160637,0.6488999152756119,False
T2D,EVI2B,0.6240320636541175,up,0.3359899233253872,0.8003927679885114,False
T2D,PFKFB3,-1.646585323739509,down,0.0041814806238484065,0.3279268719394813,True
T2D,ERBB3,-0.14145705415368948,down,0.7840383108529196,0.9595372488971109,False
T2D,FRAT1,0.44414859099455645,up,0.3052263211762246,0.7851147161405957,False
T2D,SWAP70,0.2714243579306425,up,0.516763168970825,0.8772179374257566,False
T2D,VMP1,0.3574304573622835,up,0.4150794520887333,0.8353385854053883,False
T2D,CTSB,0.5840307255918722,up,0.14284845952469566,0.660060225537303,False
T2D,NR0B2,-0.11567214564968831,down,0.777274408096153,0.9578276919930169,False
T2D,CENPE,0.5521212613046713,up,0.2811067991325093,0.7721562253652455,False
T2D,EVI5,-0.09094595177875231,down,0.7893634453606958,0.9610900764234388,False
T2D,OGDH,-0.153053336568982,down,0.5908328930119693,0.9048247349733236,False
T2D,CNTN1,-0.6384488612350525,down,0.20634626800005748,0.7225563404503682,False
T2D,PHACTR4,-0.40544554330773463,down,0.37706825132213484,0.8212601491638414,False
T2D,ARID1B,-0.410139913731141,down,0.5447254191931316,0.8889696084309734,False
T2D,SCRN1,-0.39716853356749293,down,0.16372152789418973,0.68251431091817,False
T2D,RGS16,0.9883335733915414,up,0.117054703550393,0.6303870100260622,False
T2D,TLK2,-0.29950357256392224,down,0.3553456905830928,0.8088160946445643,False
T2D,CITED2,-1.0512662776417259,down,0.03230408049085604,0.47064742635769335,True
T2D,PLCB3,-0.27171057296444,down,0.46228713479794814,0.8563020795903056,False
T2D,PRKRIP1,0.1838200392761591,up,0.501205878080766,0.8694250510820806,False
T2D,SLC43A2,0.8251414352200686,up,0.009585363535428378,0.361878274759129,True
T2D,TEAD3,0.37416642509917775,up,0.20914511297447355,0.7247424891553682,False
T2D,EGR2,1.625043475654953,up,0.10040205817128715,0.6120427266831351,False
T2D,SNX10,0.45058908588217195,up,0.3800435274602529,0.821759864389845,False
T2D,CPNE8,0.18615064785877644,up,0.5950927844620237,0.9062076983457712,False
T2D,IRX1,-0.42980332886300854,down,0.21587003362340715,0.7269827871245904,False
T2D,MYF6,0.10635223251048842,up,0.7453571990048857,0.9489367675932745,False
T2D,MOV10,0.317392412909977,up,0.4034721458000613,0.8334986801724463,False
T2D,FSIP2,-0.5657295099484765,down,0.2344197147471928,0.744364958005897,False
T2D,APOC1,1.6131422881995154,up,0.06346059911589308,0.5390169169704878,False
T2D,RFT1,0.04160554501744329,up,0.8928630866969078,0.9802337812088502,False
T2D,WDR26,-0.01563067972972476,down,0.9624663783451559,0.9931936972489055,False
T2D,BRD4,0.34527597082970907,up,0.3634302119361812,0.8140674054224205,False
T2D,RAB2B,-0.3929854590289154,down,0.34113619314454197,0.8030014637795709,False
T2D,MERTK,0.6470342718452589,up,0.44192142796948747,0.8474942377993325,False
T2D,PLG,-0.06896030417941179,down,0.8153124282815375,0.9676067880971503,False
T2D,TOP1MT,0.23649756934857113,up,0.5068182980922026,0.871220549778176,False
T2D,HPSE2,0.37704683503943137,up,0.39692133245105393,0.8303511967101792,False
T2D,SLC14A2,-0.1456679789531643,down,0.5873969163542322,0.903583441246282,False
T2D,PQBP1,-0.02779009311347891,down,0.9233971734294025,0.9876163795655878,False
T2D,MFHAS1,0.2957374788974829,up,0.42631539324484197,0.8410674863466215,False
T2D,FGFRL1,-0.9923063599250119,down,0.11385344195124103,0.6260854814534648,False
T2D,GATA6,-0.7239464612591051,down,0.19593091390733397,0.7124117155614144,False
T2D,KLF1,-0.42668376253743734,down,0.42166896037472984,0.8391798718812653,False
T2D,RND3,0.1455816245013004,up,0.7996006179960532,0.9649083546335281,False
T2D,PPFIA2,-0.5900580872574519,down,0.10803823929831852,0.6221260705681603,False
T2D,PLA2G6,-1.0538290162969517,down,0.06474187324265038,0.5427357416812635,False
T2D,COL11A1,1.586642873930967,up,0.11502382797349193,0.6272706786552924,False
T2D,RRAS2,-0.8143665324637902,down,0.13817725289981142,0.6559086342677464,False
T2D,MSR1,0.1081015910992067,up,0.866602966963552,0.9759916543578776,False
T2D,HERC5,-0.24318526220258763,down,0.7208194754649613,0.9435807922709663,False
T2D,PKNOX2,0.5652704527563825,up,0.4356404722610744,0.844495800497562,False
T2D,ATP6V1G3,-0.2187116073105706,down,0.7040494293200776,0.9393130579622255,False
T2D,STAG1,-0.005157873570555527,down,0.991203173635293,0.9990261346515622,False
T2D,SCG3,0.4115510334146837,up,0.3043556963926838,0.784990239170014,False
T2D,RNF34,0.09054052894642944,up,0.7324558793690381,0.9454075447718134,False
T2D,CNTN6,-0.7286347965052196,down,0.05924986355197289,0.5249170332138327,False
T2D,SOX9,0.7001181440162743,up,0.20568376521713444,0.7213722000678313,False
T2D,DTNB,0.1713515050612191,up,0.7207862785727467,0.9435807922709663,False
T2D,FBXL17,-0.826540131086992,down,0.12084610929170603,0.6358134335054328,False
T2D,CTNNAL1,-0.4491136057365095,down,0.3773526921646293,0.8212601491638414,False
T2D,PPIF,0.6095246409878403,up,0.26916835969323105,0.7672761122777157,False
T2D,RAB30,0.17987181847743194,up,0.6310480704034378,0.9165324339835568,False
T2D,TRIM32,-0.024664377689996297,down,0.9377450644334928,0.9893596989971446,False
T2D,CAMKK2,0.14998803484739942,up,0.6076901535562376,0.9095864352553344,False
T2D,NT5C,0.04643591570679645,up,0.8722858039350809,0.9767320517708244,False
T2D,ID2,0.813712150158151,up,0.02877106723041813,0.4579079522818407,True
T2D,L3MBTL2,0.37738722105862443,up,0.2501796696631352,0.7556826475629002,False
T2D,RPS6KB1,-0.16400065484801984,down,0.484283934509866,0.8634247792548425,False
T2D,COPZ2,0.6437976060451194,up,0.2569068308218132,0.7614397007970027,False
T2D,RASA1,-0.5273717488084702,down,0.289469126813134,0.7756145952157792,False
T2D,ACO1,-1.0740846557266952,down,0.013250542797352837,0.3987318611340743,True
T2D,TRERF1,-0.7661149793852697,down,0.2638533861223303,0.764409272132899,False
T2D,CAPZA1,0.36317929146581207,up,0.3484103691848889,0.8070394294886468,False
T2D,KCND3,0.12532442132075028,up,0.8168805588963046,0.9679829098185738,False
T2D,SORL1,0.6570713973978266,up,0.2537844741333729,0.7595432620995953,False
T2D,TUBD1,-0.3603477213046822,down,0.27856515433775303,0.771090917512952,False
T2D,PDLIM3,0.7399936847862858,up,0.21142465903038735,0.7260498106438062,False
T2D,FNBP4,-0.16247534655251847,down,0.5685086765047589,0.8963427502408126,False
T2D,ZNF100,-0.16395629588392557,down,0.5660713885045333,0.8958794623526216,False
T2D,NCOA7,0.5151072858224404,up,0.19134661725365673,0.7110618474157901,False
T2D,NEDD1,-0.14517314051273744,down,0.6636794040475701,0.9258707777349834,False
T2D,TTC8,-0.44979559189625845,down,0.15472116144220957,0.6696831644386353,False
T2D,RRN3,-0.7774490590087453,down,0.04103805714091981,0.4853564615771224,True
T2D,ZDHHC18,-0.16319180088439555,down,0.7477313991655968,0.9499293536458439,False
T2D,MLX,-0.48914798967146544,down,0.10147769676657135,0.6127097954762379,False
T2D,UBE2D3,-0.06322026101190437,down,0.85585368338091,0.9745729389882952,False
T2D,CSMD1,-0.5498522225024542,down,0.23467905276748824,0.7445445169460644,False
T2D,BNC2,-0.15554446036493408,down,0.682328330699838,0.9308109356944083,False
T2D,KLF13,-0.37009346241278396,down,0.20381887410281807,0.7181583457471176,False
T2D,KCTD9,-0.5673425101774644,down,0.054999263207506484,0.5195744936022731,False
T2D,ARFRP1,0.9484160971713387,up,0.30916011874861804,0.7876601075891456,False
T2D,PRDM5,0.09469816235357964,up,0.8834272753210369,0.9779942256531704,False
T2D,TRIM37,-0.05015104398599979,down,0.8629294953074608,0.9756414788351975,False
T2D,SPTBN5,0.8831985448682835,up,0.18715263074678495,0.7071936009062548,False
T2D,TRPM5,0.8732726536663233,up,0.0551785517756819,0.5195744936022731,False
T2D,KCND1,0.6756934711106999,up,0.25384678557773394,0.7595544219570619,False
T2D,PSMA1,0.18676428492074537,up,0.4871980628282014,0.8648488284352486,False
T2D,ZNF146,0.02422190822467618,up,0.9280873294345464,0.9887897123222434,False
T2D,PAX2,0.012986583148340003,up,0.9713107027506194,0.9942704166188245,False
T2D,SNX7,0.048978702704739474,up,0.8613018521692242,0.9756414788351975,False
T2D,SOD3,0.2840571878286955,up,0.7365290727112267,0.946505596940591,False
T2D,EIF2S2,0.22098542405628283,up,0.4202172038745026,0.8384931869702371,False
T2D,NPAS3,-0.5115457933305896,down,0.398850067950037,0.8309335129900425,False
T2D,UBB,-0.023797378526603907,down,0.9518507403200835,0.9909882299972173,False
T2D,CSTA,0.3646277498989481,up,0.5046806541304996,0.870542502498237,False
T2D,PTER,-0.43335444867282424,down,0.3290054526260603,0.7997316133295047,False
T2D,GLP2R,0.10505075469407021,up,0.7942381287801298,0.9630089365737224,False
T2D,USP36,0.2552289591013307,up,0.5557632471080305,0.8934464213689975,False
T2D,USP49,-1.197078812476935,down,0.3146862054540099,0.7912640094487565,False
T2D,ADARB2,-1.4925523771346563,down,0.027831411885675266,0.4526380010554008,True
T2D,RUNX1T1,-0.1888265512599513,down,0.6685442421502495,0.9271289042907336,False
T2D,DUSP10,0.2849525797054919,up,0.5805018837653283,0.8998635208328196,False
T2D,ACAD9,-0.07135226485151902,down,0.8448828619531392,0.9718940862714197,False
T2D,EPB41L4B,-0.590874440442021,down,0.34370535408950437,0.8045356758301659,False
T2D,UPF2,-0.22249877168050008,down,0.41151458321642326,0.8340416076656766,False
T2D,FBP1,0.3344129721181517,up,0.6752913023590157,0.9300796178602581,False
T2D,FADS1,-2.921400463684269,down,7.38851351920778e-05,0.14218386039587239,True
T2D,APOC2,2.959050420515998,up,0.008751152780403493,0.3560094643320024,True
T2D,SND1,0.26312756620445077,up,0.3773067382114956,0.8212601491638414,False
T2D,AGA,0.009941710494255074,up,0.9764651023409678,0.9945549675659098,False
T2D,GPR6,0.33677173022125273,up,0.30044214515265844,0.7819056076044554,False
T2D,CALR,1.1135803529468884,up,0.19384976641527052,0.7119947218437501,False
T2D,LRRN1,0.5624269368022476,up,0.4060328937944893,0.8340416076656766,False
T2D,LRRC17,-0.7714532598451213,down,0.45491328999317493,0.8520063970128553,False
T2D,RNASET2,0.3415973034316542,up,0.3524358378047868,0.8083438158366245,False
T2D,ELAC2,-0.17789830555803268,down,0.5135298735311278,0.8751938273722478,False
T2D,IGF2,-0.27511926289022126,down,0.42679698789537435,0.8410674863466215,False
T2D,NUMB,0.027729535708055475,up,0.9524866204485135,0.9910050484290537,False
T2D,SERTAD4,-1.1400423652472131,down,0.03633967226934337,0.47149737357143023,True
T2D,CNGA1,-2.1129960694397374,down,0.009894504970085805,0.36375675577895356,True
T2D,GPR101,-0.13517578035786038,down,0.7214997598339284,0.9435807922709663,False
T2D,ZBTB26,0.18101663331344575,up,0.6247251778130116,0.9150921565292129,False
T2D,DNAH8,0.1124574598696304,up,0.8489061469570176,0.9730908502525963,False
T2D,FOXF1,0.6236458123795807,up,0.24544907165275304,0.7516050291835137,False
T2D,YTHDF2,0.48940387958376474,up,0.15426253468998893,0.6696313744706749,False
T2D,CXCR4,1.0742182963338458,up,0.11146495278583546,0.624560967803426,False
T2D,TAX1BP1,-0.39007530822758696,down,0.33732341389608644,0.8006323832269506,False
T2D,ANKFY1,0.2495687679885552,up,0.544071277498897,0.888787528144972,False
T2D,CALCRL,-1.6506459114538892,down,0.014687223018328522,0.4063865473534229,True
T2D,ATAD1,-0.5745403463890268,down,0.14026765486856996,0.6578321460810387,False
T2D,PITPNM2,-0.7140444643045596,down,0.1821636465336321,0.7023209926737043,False
T2D,OMG,-0.3521159933302074,down,0.5957714099260614,0.9062076983457712,False
T2D,NOSTRIN,-0.6904582685175435,down,0.24191270785847951,0.7498046984733617,False
T2D,PTPRT,-0.44901720318296245,down,0.3875785173295877,0.8237562105983721,False
T2D,SAE1,0.17891339466212197,up,0.49357748129392165,0.867115433971014,False
T2D,PPP2R5A,-1.1887855037399009,down,0.013529948083639467,0.40141579304308933,True
T2D,TPSD1,0.5030346931571159,up,0.21466699210461285,0.7261152591125171,False
T2D,PDHB,-0.48175453388449485,down,0.10635967304254969,0.6193489921898829,False
T2D,OAS3,1.0324116345408936,up,0.1368432715057874,0.6536797727119129,False
T2D,ARHGAP12,-0.6140536072323435,down,0.047001998467729234,0.4980312766934138,True
T2D,CDK8,-1.052335011041023,down,0.04508872812422136,0.49407090713778823,True
T2D,PURG,0.4231931463899068,up,0.46840891640307464,0.8592034471206077,False
T2D,FOXC1,0.3122925871049697,up,0.5670500461631638,0.8959329723455862,False
T2D,PDHA1,-1.268618327226485,down,0.0019923471004062044,0.29447174337009135,True
T2D,NR5A2,0.005711771968034185,up,0.9893566247241083,0.9981925934802318,False
T2D,GOLGA3,0.43837974552270453,up,0.2816868807283967,0.7722589643371173,False
T2D,RAB11B,0.6594354837017868,up,0.45894335734513986,0.853494003541943,False
T2D,CABP4,0.285968560064064,up,0.3464526334171178,0.8064674868226014,False
T2D,APOC4,0.06291954194365479,up,0.8413977753295243,0.9716342541323594,False
T2D,KLHL9,-0.3276887431257678,down,0.341778058379614,0.8034994685738976,False
T2D,CCDC12,0.18266959718630307,up,0.6606115355715392,0.9252429636390777,False
T2D,HABP2,0.1831581182073796,up,0.6194415948429888,0.9128365332306511,False
T2D,IKBKE,1.7080324229739565,up,0.009231818025850729,0.3587814734165427,True
T2D,SIRPB1,-0.5181853716864051,down,0.21985827872670255,0.7319969805895157,False
T2D,GMEB1,0.42252929970523745,up,0.31294594724109637,0.7904926352223498,False
T2D,DOK5,0.1490208446851533,up,0.6309080023942145,0.9165324339835568,False
T2D,HSPB7,-0.6828404001755988,down,0.5463039622321291,0.8892486748308335,False
T2D,EGR1,-0.26814847745027803,down,0.6031432391714291,0.9078365901887474,False
T2D,RTN4,-0.745723345751431,down,0.10532522717498641,0.6184442344812189,False
T2D,CYTL1,0.589622370230376,up,0.3804455004791338,0.8218689189432918,False
T2D,ERG,-0.12064742448622034,down,0.797865235821107,0.9640236062540098,False
T2D,EP300,0.06824696517252504,up,0.8423956136285431,0.9716342541323594,False
T2D,IL20RA,-0.13668382308059712,down,0.7529562842277814,0.9504010305259301,False
T2D,TGFB1,1.089943946198752,up,0.006002652270789357,0.3542954737586385,True
T2D,MYF5,-0.3621496739965826,down,0.2116014129759974,0.7260498106438062,False
T2D,SNX13,-0.0688827860199166,down,0.902892782151932,0.9832960301171321,False
T2D,GNA12,0.1163631413148849,up,0.7483683416466848,0.9499648044496846,False
T2D,TNFSF12,0.31679693934699565,up,0.3973653963284175,0.8303511967101792,False
T2D,RPP14,0.059721424428440306,up,0.8674016709874378,0.9761866404770012,False
T2D,BMPR2,-0.10400564635764575,down,0.7302596059546107,0.9447687358519429,False
T2D,SCT,-0.1901601909188707,down,0.47871834784003836,0.8615491612008159,False
T2D,SSTR1,-0.8105206080520566,down,0.1021962221959383,0.6138670877673166,False
T2D,HPS1,-0.02509222679550116,down,0.9653033224550603,0.9935022180629172,False
T2D,PDZRN3,-0.8219255586176171,down,0.050154944057178415,0.5076330175215177,False
T2D,MLLT3,-0.8716091210878842,down,0.047761293294224606,0.49946082428363087,True
T2D,DIAPH3,-0.2907401924625965,down,0.4497088519133577,0.8492251767004719,False
T2D,MAST2,0.480724146593273,up,0.13592987613654806,0.6528264386440669,False
T2D,PPP2R2D,-0.2532755457190003,down,0.37003599932474,0.8180992627875907,False
T2D,GAS2L1,-0.3350206110737073,down,0.30229761667135857,0.7834438029719737,False
T2D,PHF8,0.18353713740891076,up,0.6829117334394668,0.9308109356944083,False
T2D,SIN3A,-0.5495098033976376,down,0.18473961534965833,0.7050639269815703,False
T2D,TREM2,2.0630159250616287,up,0.03811742457185754,0.47886441168716837,True
T2D,TIMP3,-1.391315175221596,down,0.03215750280233312,0.47064742635769335,True
T2D,SIRT1,-0.7447127845599133,down,0.05894459499879706,0.5249170332138327,False
T2D,GYS2,-0.664921674928892,down,0.13441849115073404,0.6494423045505658,False
T2D,IFITM3,1.226652757688429,up,0.0009969547312321564,0.26862746738043003,True
T2D,TOP1,0.11377783719138534,up,0.7714259751798331,0.956208800767305,False
T2D,PJA1,-0.679101608311014,down,0.05280153731513114,0.5149608104769218,False
T2D,IGSF1,-0.023828619727115807,down,0.9458684306045284,0.9900900671296406,False
T2D,RSBN1L,-0.34547947474141405,down,0.48045840414141433,0.8616251630939593,False
T2D,SYT13,0.5297805297917186,up,0.35473334869031875,0.8083438158366245,False
T2D,DOC2A,-0.24308569917437106,down,0.471931574333908,0.8595969526673088,False
T2D,TBC1D5,-0.7087400091142917,down,0.20288561308541955,0.7176020659670794,False
T2D,RRM2B,0.14632717447710641,up,0.7294060089793942,0.9447687358519429,False
T2D,PDK2,-0.5762116241425193,down,0.5755277330317726,0.8977598097711178,False
T2D,FGF1,-0.27092885790588217,down,0.385757231727953,0.8237562105983721,False
T2D,NFE2L2,0.0064716743967894175,up,0.9847561095578713,0.9967694689480252,False
T2D,ADK,-0.17833528807356847,down,0.5925665925073622,0.9053688658503334,False
T2D,DCK,-0.2826232004642515,down,0.6011112437296819,0.9071023145719389,False
T2D,STK33,-0.2476788918991284,down,0.551919617788956,0.8918894703838698,False
T2D,HSD11B1,1.0282695684766248,up,0.12759131137185037,0.6439195872188984,False
T2D,GNRH1,-0.9782367762120883,down,0.08812510805512061,0.5929525722073339,False
T2D,TTC3,-0.6515687268364028,down,0.14846043107249451,0.6635087920665412,False
T2D,TIMM17B,0.013717341856196885,up,0.9539978241224873,0.9910050484290537,False
T2D,RABGAP1,-0.2699911287156036,down,0.3508047269618358,0.8081511768718268,False
T2D,STAT3,0.553616655280754,up,0.06931529137850957,0.5559608788557027,False
T2D,APOB,-1.6413938075385235,down,0.0164392890275589,0.42061181696085553,True
T2D,PCSK6,0.1063128220772167,up,0.8507635788358593,0.9735402667669576,False
T2D,REN,-0.35786619864040503,down,0.3617164571066761,0.812461609624077,False
T2D,OPTC,-0.5820989932842018,down,0.16748028915703903,0.6855115737347478,False
T2D,KCNMA1,-0.2803394315643537,down,0.4829188617338713,0.863138909008416,False
T2D,GCG,-0.27959018050727824,down,0.6005092385240133,0.90707886946909,False
T2D,RPS11,-0.2884180921619617,down,0.3648465053000683,0.8150899029490506,False
T2D,ZDHHC6,0.1729195312156051,up,0.573624301210949,0.8976288212662756,False
T2D,IL18,0.06825316721175012,up,0.9040454026682277,0.9832960301171321,False
T2D,CHD2,-0.4278292012581919,down,0.23367870395502113,0.7437809809890422,False
T2D,HAPLN3,1.4573249818623744,up,0.0011312182108107617,0.26862746738043003,True
T2D,EFNB1,-0.01113964864154715,down,0.9832327830183463,0.9964646667986634,False
T2D,RTBDN,-0.0687610324375365,down,0.8780624140537903,0.9772139511160586,False
T2D,YTHDC2,0.5927817219394997,up,0.3226857912848408,0.7959397680746547,False
T2D,CHD4,0.5610450301234173,up,0.10047953402630583,0.6120427266831351,False
T2D,RAPGEF3,-0.7824260280436572,down,0.050907830208601616,0.5080823922436708,False
T2D,SNAI1,0.027075967035132376,up,0.9663096950884865,0.9940616546700415,False
T2D,EHHADH,-0.6982090866984598,down,0.32051403266142103,0.7945761451157375,False
T2D,ADIPOQ,-2.322671458039024,down,0.024854030178094406,0.44662028114905494,True
T2D,LCE3A,-0.09528409939868432,down,0.9094819064984517,0.9836351674948408,False
T2D,CHPF,0.7024009296836504,up,0.32001428302364804,0.794554947831736,False
T2D,FBXO38,-0.017164682159443112,down,0.9515649393349112,0.9909471045611052,False
T2D,CPT1A,-0.047901315486348905,down,0.9020547146379618,0.9832960301171321,False
T2D,NNMT,1.1721946714710274,up,0.01158313013931317,0.38141221799541075,True
T2D,RETN,1.055759849898374,up,0.16389228745900644,0.6828147896802748,False
T2D,GCA,0.7929474914530086,up,0.18154435876938368,0.7018624922359875,False
T2D,HERC1,-0.41972602815291926,down,0.16270763421864773,0.6819418710431109,False
T2D,NME6,0.2945526332704653,up,0.5956962918908006,0.9062076983457712,False
T2D,AADAT,-0.1221051264119879,down,0.8450767446958977,0.9718940862714197,False
T2D,MYO1E,1.6291890414915584,up,0.014996577087128534,0.4063865473534229,True
T2D,RNASEL,0.5191835163491518,up,0.42630206592596087,0.8410674863466215,False
T2D,COMMD1,0.11488768241184916,up,0.7907321877072342,0.9613156381348047,False
T2D,RPL27A,0.19990817463975308,up,0.5677786708291004,0.8963127550033504,False
T2D,SF3A1,-0.12381523995701416,down,0.7273008360145989,0.9440816297028546,False
T2D,METAP2,-0.27300867485687164,down,0.27987190787293326,0.771629893421194,False
T2D,ZNF208,-0.588744423381295,down,0.05273548294347223,0.5149608104769218,False
T2D,MAN2C1,-0.26165745092202375,down,0.4250718473752243,0.8403936928716753,False
T2D,IGF1,-0.2364676098170424,down,0.5379605305749142,0.8857080748344545,False
T2D,COASY,0.22960921563089304,up,0.40265679901325196,0.8333630397502898,False
T2D,NUCB2,0.00712766914640639,up,0.9813861670839078,0.9958980963097201,False
T2D,CCL2,1.1369932730934176,up,0.10085555040534067,0.6120770521814667,False
T2D,TMPRSS5,-0.6739127178311808,down,0.3827632618157185,0.8230282770920686,False
T2D,FCGRT,1.1028891894622603,up,0.26638886749080015,0.7650302947951819,False
T2D,GHRL,0.09873479585176526,up,0.85018879680905,0.9733296437431953,False
T2D,RRAGA,0.06690243003562113,up,0.7786504253849724,0.9578276919930169,False
T2D,PTPN1,0.5330224667689203,up,0.24292547967836756,0.7498046984733617,False
T2D,SERPINE1,2.1650142051018006,up,0.09204812807781285,0.5999004791638277,False
T2D,FRAT2,0.7731750780040543,up,0.17056723616326253,0.6887595520150022,False
T2D,NOS3,-0.10467960952006372,down,0.8103805618871825,0.9676067880971503,False
T2D,FNDC5,-0.27571315091974125,down,0.7271501883732865,0.9440816297028546,False
T2D,ASCL2,0.21295487187757345,up,0.3833263906621237,0.8237534933075722,False
T2D,GCLC,-0.8233318486245572,down,0.14555993124055305,0.660060225537303,False
T2D,FGF23,-0.2763185947402462,down,0.701651577482669,0.9385377917003077,False
T2D,SMARCC1,0.1580970763278416,up,0.6527986347402359,0.9225953069762027,False
T2D,GRIPAP1,-0.06314518955871284,down,0.8286053409239722,0.970097101148713,False
T2D,FABP4,0.07218065564236475,up,0.86586837776095,0.9757533064972699,False
T2D,GPR119,0.26835913286722857,up,0.5964204081155707,0.9062628156839391,False
T2D,DHX15,0.0938605614447603,up,0.7085541516605505,0.9409195050942822,False
T2D,LCE3E,0.23676854455207508,up,0.6339224055933177,0.9165324339835568,False
T2D,MTRF1L,-0.13260830843270308,down,0.6231723720517959,0.914493421492833,False
T2D,LCN2,0.3131809181296763,up,0.5420800249250488,0.8873470010821158,False
T2D,MANBA,0.327141424891781,up,0.4627599119558404,0.8563020795903056,False
T2D,GAP43,-1.0373398118602202,down,0.03473477465956666,0.47064742635769335,True
T2D,XYLT1,-0.6557782971357229,down,0.2750738562997316,0.7696205157809461,False
T2D,ENAH,0.179998606072595,up,0.6416065231139165,0.9188330958996566,False
T2D,CPB2,-0.2516363275330251,down,0.550772872916011,0.8909495183206626,False
T2D,PLA2G7,2.874330358055934,up,0.005132835226451216,0.3387476577177048,True
T2D,GRSF1,-0.24766513532576628,down,0.31461391680077366,0.7912640094487565,False
T2D,IL17RB,-1.0808874451163506,down,0.08851813989860452,0.5934978973311471,False
T2D,LCE3D,0.26724993594229485,up,0.5452938985943346,0.8891808615813792,False
T2D,TXNIP,-0.8674484072872302,down,0.03272950366842136,0.47064742635769335,True
T2D,GALNT12,0.5908375167838678,up,0.3683049294497156,0.8171994919830129,False
T2D,GSK3B,-0.21968194546041397,down,0.526845506529146,0.8805249569586928,False
T2D,DHX30,0.0180463023231328,up,0.9559932816310716,0.9912686514373907,False
T2D,POMC,-0.5263444591900739,down,0.49132884253045556,0.8660761696252923,False
T2D,DNAJC14,0.22569023065518135,up,0.711402149325205,0.9413508930035961,False
T2D,CD36,-0.7886114558770272,down,0.18057942506863245,0.6996836935999766,False
T2D,IL6,0.9205545243732098,up,0.3924673609864021,0.8278627839611578,False
T2D,LSAMP,0.45836351320006674,up,0.23062071828983316,0.7400392197293099,False
T2D,CRP,0.5625175228235877,up,0.2082199378762973,0.7244534488631372,False
T2D,CLOCK,-0.22670846989324855,down,0.47295931260056334,0.8595969526673088,False
T2D,MXD3,1.5776261454963398,up,0.00013859291801544013,0.2051806114353524,True
T2D,HOXC5,-0.14372340845711196,down,0.7479901549473877,0.9499648044496846,False
T2D,C1QTNF1,0.18668168148333486,up,0.7100112288166478,0.9409648387028909,False
T2D,TXNL1,0.05373040475263424,up,0.8733219548967187,0.9767738246043174,False
T2D,SIRT2,0.17707406739479303,up,0.8644542752507034,0.9756414788351975,False
T2D,NFKB1,0.728661104110122,up,0.09371893608211652,0.6010557266286836,False
T2D,CCR2,0.4939166281871823,up,0.3907886059625843,0.8267437051042269,False
T2D,RRAGB,-0.1580401359028003,down,0.6589597989388184,0.9251896374010983,False
T2D,RBP4,-2.4845222005090073,down,0.023099658303576777,0.4427314314327547,True
T2D,CD4,1.6815591509783805,up,0.047564754245722256,0.49925060271886107,True
T2D,ASIP,0.11930822951821418,up,0.6513987941641809,0.9225953069762027,False
T2D,GDF15,2.4623918213682816,up,0.002879407700571828,0.31144586482628417,True
T2D,NKIRAS1,-0.35357668443027634,down,0.37909279230601217,0.8217024305726901,False
T2D,LYN,1.3038352070352872,up,0.024806419094234044,0.4464547436494132,True
T2D,MAPT,-2.0411475149111373,down,0.00447102275039602,0.3292476894975634,True
T2D,CD8A,1.3124555100090907,up,0.11280363580046945,0.6258630211109025,False
T2D,TNF,0.7574952794881717,up,0.19369540616333938,0.7119947218437501,False
T2D,MCC,-0.5444135816420674,down,0.4762837913677137,0.8609917225214986,False
T2D,GPT,-1.315432281335693,down,0.05581621865653103,0.5195744936022731,False
T2D,PLA2G10,0.036837734778024434,up,0.9593443920315287,0.9923180547524321,False
T2D,CRYBA2,-0.031049356851824417,down,0.9317403130542237,0.9890177261439798,False
T2D,IL1R1,0.4384229058264184,up,0.24294058132654728,0.7498046984733617,False
T2D,PTPN14,-0.4542521893521769,down,0.21533809046718866,0.7266670948072455,False
T2D,NPC2,0.7090872754884714,up,0.08087149648818916,0.5799212878054424,False
T2D,TLR2,1.2213272558983106,up,0.10571890644962806,0.6184442344812189,False
T2D,RASA2,0.07933265366965792,up,0.9102884506021259,0.9837082434045555,False
T2D,CREB3,0.47665502985538355,up,0.09083617729560046,0.5979972051277518,False
T2D,NFE2L1,-0.0936726510060446,down,0.8148750083503892,0.9676067880971503,False
T2D,MTHFR,-0.09632605542328321,down,0.8000494331910512,0.9651584574580075,False
T2D,EDNRA,0.2932063270029036,up,0.42767073898070007,0.8413626889042949,False
T2D,PRKAB1,0.370611871576644,up,0.48447408862434604,0.8634247792548425,False
T2D,KCTD13,0.9129829129562848,up,0.014322228782299032,0.40487977174228745,True
T2D,FOXR2,0.12032282020865104,up,0.7300983805167807,0.9447687358519429,False
T2D,IAPP,1.1678917248210463,up,0.014212812468218082,0.40487977174228745,True
T2D,RARRES2,-0.34541231697060804,down,0.43164666078168856,0.8427477127210529,False
T2D,NAT8,0.3487793158853738,up,0.4967627734281799,0.8677837881075642,False
T2D,NUDT1,0.30537543425529035,up,0.413282296087772,0.8345711952212633,False
T2D,DUSP6,-0.43383024120375335,down,0.25661191460754584,0.761083780615056,False
T2D,BCL2L14,-0.09343767490661392,down,0.8316879432192477,0.9704843366385105,False
T2D,CEBPA,-1.6928814997871524,down,0.007629682676330032,0.3560094643320024,True
T2D,TUBG2,-0.14185102404225236,down,0.7541652646259364,0.9506197816750923,False
T2D,RAB24,0.25525125787865444,up,0.40126682883834897,0.8325874364391889,False
T2D,DMXL2,0.18834268624305706,up,0.7629931581213993,0.9531569525518103,False
T2D,UCP2,-0.044693855603092913,down,0.922985475735625,0.9876163795655878,False
T2D,RBM17,-0.1297034115084328,down,0.6358791819221173,0.917569925238605,False
T2D,PDLIM5,-0.31220628216964286,down,0.39810084156888836,0.8309335129900425,False
T2D,KEAP1,0.14783507777876626,up,0.6140982923976797,0.9117140788214192,False
T2D,CHUK,0.13676518936999638,up,0.7271104120346599,0.9440816297028546,False
T2D,IL1A,0.8061718089643115,up,0.25203790108366597,0.7574030315765743,False
T2D,APLN,0.2802372317374795,up,0.4896253638649085,0.8656119048657813,False
T2D,SOD1,-0.40806631515579195,down,0.2655531319983093,0.764409272132899,False
T2D,KCNJ8,0.17796519293117385,up,0.590463853300723,0.9048247349733236,False
T2D,PTPN9,0.2523839023840706,up,0.6726787419753292,0.9290471562513886,False
T2D,ABCG1,0.3945746663620875,up,0.4580006589210093,0.8534456143258978,False
T2D,RPLP1,0.016273982267770215,up,0.9536297607806616,0.9910050484290537,False
T2D,VEGFB,-0.804912322201309,down,0.17827473962753174,0.6955746084404705,False
T2D,RBBP5,-0.21905520406841686,down,0.5150678012278754,0.8762059224872674,False
T2D,TP53,0.5565948855259366,up,0.1097125929915293,0.6232265905100153,False
T2D,KBTBD4,-0.2618101449270056,down,0.3005665839292033,0.7819523209183844,False
T2D,SLC12A3,-0.3085208687463137,down,0.5476721643808475,0.8898233660910639,False
T2D,BAIAP2L2,-0.7097855057007819,down,0.48063318437841657,0.8616251630939593,False
T2D,HMOX1,1.1997623619665077,up,0.04371254788955003,0.49004769336330667,True
T2D,BAIAP2L1,-0.7231388787490776,down,0.17014082742185838,0.6887595520150022,False
T2D,SIX2,0.6782292435941133,up,0.256631807683446,0.761083780615056,False
T2D,CD14,1.214354247831074,up,0.011375985637797086,0.38016883732250456,True
T2D,ADIPOR1,-0.17726936943299165,down,0.6510324932750404,0.9225953069762027,False
T2D,MMP9,3.3312742883198734,up,0.006058064331934352,0.3542954737586385,True
T2D,IKBKB,0.9435220107484232,up,0.10166229201449788,0.6127097954762379,False
T2D,PRSS3,0.06401562014827777,up,0.8637579318000081,0.9756414788351975,False
T2D,ACE2,-0.48250253212377636,down,0.3909735427998962,0.8269966080310062,False
T2D,IGFBP1,0.3910626883381192,up,0.5609176455822997,0.894446783341735,False
T2D,NPPA,0.7771756457766195,up,0.1398552318120523,0.657769420764976,False
T2D,LRRC4,0.6842764019531384,up,0.08518923014047851,0.5879177790615918,False
T2D,ARF4,0.36604047208839186,up,0.40703789080977265,0.8340416076656766,False
T2D,LEPROT,0.017090827664531183,up,0.9513670401704625,0.9909061242513058,False
T2D,ACVR2B,-0.04873949504947883,down,0.8638596469973507,0.9756414788351975,False
T2D,C1QTNF3,-0.48171312720146675,down,0.3290556265240858,0.7997316133295047,False
T2D,FGF19,0.3212906445746023,up,0.5865294781043541,0.9029892926134949,False
T2D,AGT,-1.011953776286137,down,0.0926742552248691,0.5999004791638277,False
T2D,TBCD,0.2570861402638621,up,0.4176872474583028,0.8367911041284831,False
T2D,LIG4,-0.24878406113895757,down,0.7352482689502372,0.9460692394850873,False
T2D,CASP1,0.46068785909432797,up,0.2396415250190533,0.7482310320367354,False
T2D,NRG4,-0.6111611791673885,down,0.19061923164071812,0.7099756621545996,False
T2D,PLAT,0.05522027629418469,up,0.91184246221858,0.9842164545027198,False
T2D,PTH,0.1317801785973023,up,0.6625389962311982,0.9254193904233728,False
T2D,TM6SF1,0.08131786590597545,up,0.8738896493004065,0.9767738246043174,False
T2D,BCL6,-0.11259313675352495,down,0.7647824830287996,0.9536080442996223,False
T2D,ACLY,-1.5304172388924147,down,0.004551984147431231,0.3292476894975634,True
T2D,PC,-1.6481291957139683,down,0.018736665910293018,0.4220347784640541,True
T2D,PTP4A1,0.20253989031725916,up,0.6854361392596863,0.932066216774792,False
T2D,CTSD,0.9951031733365778,up,0.2713853991630435,0.7675474812560592,False
T2D,ASXL1,-0.3305683435804828,down,0.33604936131319657,0.8003927679885114,False
T2D,HAMP,0.3715954636409742,up,0.2981186834890819,0.7798665809976232,False
T2D,NUP160,0.259633305813328,up,0.6001429937759821,0.90707886946909,False
T2D,CAMK4,0.6622098825758522,up,0.27709143979318956,0.7707504954434691,False
T2D,PTPN2,0.346074839256323,up,0.31024053700682674,0.7882686031976224,False
T2D,CEACAM5,0.2923448624806886,up,0.3531672417837895,0.8083438158366245,False
T2D,UCP1,0.30316298870613156,up,0.6395080162766706,0.9182517390306838,False
T2D,PIK3CA,-0.7462712895654322,down,0.023157326518842714,0.4427314314327547,True
T2D,APOM,0.38056710911151637,up,0.4910985552269877,0.8660145827432603,False
T2D,CD40,0.7114340245935151,up,0.3188651032069246,0.794554947831736,False
T2D,MBL2,1.8317258551778854,up,0.24547031444598863,0.7516050291835137,False
T2D,GSTP1,0.3716840236424317,up,0.2220300098381552,0.7332440055299212,False
T2D,SNX8,0.6004026062591792,up,0.15249355830633599,0.6696313744706749,False
T2D,DEPDC5,-0.17757182440344588,down,0.7795521866724044,0.9580926259883367,False
T2D,AP4B1,-0.18821185244549954,down,0.5007389929096476,0.8691490030719734,False
T2D,NAT2,0.07767950418666558,up,0.8709996638109495,0.9767320517708244,False
T2D,TRPC4AP,0.21736343090803556,up,0.3548438136788539,0.8083438158366245,False
T2D,STK17B,-0.1458785022914404,down,0.8334457072351548,0.9704843366385105,False
T2D,TIMM44,-0.26439794009043904,down,0.35538498091690024,0.8088160946445643,False
T2D,MARVELD3,0.25819398208888966,up,0.44051917612856223,0.8468811831997923,False
T2D,SPP1,3.746346174362942,up,0.0025661268221155464,0.30891686492423814,True
T2D,LRP5,0.04416788541402594,up,0.9156917997070055,0.9852626397902472,False
T2D,LGALS1,0.051666566450208506,up,0.8940541741382144,0.9804032375164696,False
T2D,STUB1,-0.23923252436201192,down,0.46496260368856246,0.8571826295616837,False
T2D,ZNF43,-0.7107990169764609,down,0.05624908369134207,0.5195744936022731,False
T2D,ZNF239,-0.1281637638483133,down,0.7591154084828244,0.9514695646478415,False
T2D,BAX,1.9912776034143411,up,0.001830282616128887,0.2914897975078465,True
T2D,IFNGR1,-0.008443674896120301,down,0.9873317144384397,0.9975530462984944,False
T2D,TRPV1,0.18446757535090663,up,0.684824338615739,0.9316629888808297,False
T2D,GRIN2A,-0.7546803861910583,down,0.180978666936411,0.7001719448440811,False
T2D,TLR9,0.008756594269618834,up,0.9868008714367228,0.9974642162516147,False
T2D,MRGPRD,-0.2376319578138073,down,0.49589451828808356,0.8677837881075642,False
T2D,ARPC1B,1.1852245579775458,up,0.011089532271353158,0.3774721318263878,True
T2D,GLRB,-1.4917686813332276,down,0.02974316125059324,0.4632110987552623,True
T2D,ATP2A1,0.32301927883053194,up,0.43269714126182673,0.8433378296280557,False
T2D,GUCY1A2,0.023494814452485357,up,0.9535413791335868,0.9910050484290537,False
T2D,C1QTNF4,1.1465433359359074,up,0.0057525271882494945,0.35402434744161637,True
T2D,P4HB,0.4500144077253694,up,0.1830081980777257,0.7029262878664805,False
T2D,MTUS1,-0.35310901052467547,down,0.6149619689886426,0.911989287133731,False
T2D,CD34,-0.8272162441717409,down,0.13227557112858304,0.6478209949067517,False
T2D,IGFBP7,0.315084136331393,up,0.2815470633199154,0.7722589643371173,False
T2D,VRK2,-0.23076677241647686,down,0.3601879209460692,0.8110092228344858,False
T2D,CA5A,-0.11226181826680204,down,0.8564062959022039,0.9747296582552661,False
NAFLD,PNPLA3,0.5008013231339294,up,0.0016467486327894785,0.10486002286158116,True
NAFLD,GLP1R,-0.1400828966874994,down,0.08312995059341415,0.4523552051716199,False
NAFLD,THRB,0.2421334047901782,up,0.022996012179175317,0.2898481529509258,True
NAFLD,APOE,0.16570153839285595,up,0.05613801249155461,0.3902021668638196,False
NAFLD,APOA5,0.11091959894196357,up,0.5671177129215884,0.868702229181507,False
NAFLD,PPARG,0.11549677358035648,up,0.27167164969524843,0.6852729800703145,False
NAFLD,LPL,0.46189252921428636,up,0.009776708098712963,0.21135699218665,True
NAFLD,TRIB1,-0.5103993505133921,down,0.04922759250904471,0.3726128456988445,True
NAFLD,LIPC,-0.004662767084820274,down,0.9702730007197734,0.9952181578892432,False
NAFLD,GCKR,0.31313291701339274,up,0.018785746083627847,0.2700992752342133,True
NAFLD,SCARB1,0.01443313623214415,up,0.8636335728468991,0.9664674651431584,False
NAFLD,RSPO3,-0.25640811127232066,down,0.031456249624930356,0.32005854166853415,True
NAFLD,TM6SF2,0.5343915763705347,up,0.001350178396784089,0.09712203376783404,True
NAFLD,PPARA,-0.09566636604910705,down,0.3229591513785075,0.7275134915697079,False
NAFLD,EYA1,-0.12120740336607172,down,0.1321970540946777,0.5358146128398991,False
NAFLD,SLC5A2,-0.04137293532142827,down,0.6961806438456256,0.921444696521926,False
NAFLD,CMIP,0.2102632562053568,up,0.008382200742945451,0.19910756179635974,True
NAFLD,NDUFS3,-0.12547032350892806,down,0.08199785220402354,0.4491337570722843,False
NAFLD,VDR,0.08868947451339348,up,0.4765068916558235,0.8201128602181532,False
NAFLD,NDUFS4,-0.14013121926339256,down,0.11360798453998354,0.5068364344384104,False
NAFLD,APOB,-0.035253923482144955,down,0.36425548480161474,0.7553462230868844,False
NAFLD,NDUFA9,-0.048776301218747875,down,0.534587553685752,0.8531783765038746,False
NAFLD,GALNT2,0.0971173304598203,up,0.40967698007889986,0.7823427790538839,False
NAFLD,FTO,0.029304972825894282,up,0.5431676914130862,0.8571362156588979,False
NAFLD,HNF1A,0.0863644143794664,up,0.4356048868903748,0.7985825224252038,False
NAFLD,NDUFA13,0.07678503682589266,up,0.46763468914021256,0.8150319873481813,False
NAFLD,NDUFS2,-0.052978494058036674,down,0.47693061372967693,0.8203642316490389,False
NAFLD,NDUFA10,-0.024054676013393284,down,0.7270212730800997,0.9324807766233306,False
NAFLD,NDUFB8,-0.07038534370982141,down,0.2955160087108887,0.703168804051458,False
NAFLD,NDUFB6,-0.16903082916071543,down,0.042489102633786545,0.3576644396369,True
NAFLD,GPD2,0.16194805384375055,up,0.2776267422516392,0.6905516257519785,False
NAFLD,NDUFA7,0.0061393782098209115,up,0.9327638987137205,0.9849764054994536,False
NAFLD,NDUFV1,0.08466553285267686,up,0.3992237827995655,0.7770207420398589,False
NAFLD,NDUFB2,-0.04137291370089269,down,0.7012718200646433,0.9239251369485506,False
NAFLD,NDUFA6,-0.08992895597321571,down,0.3017202226756172,0.7091935992218013,False
NAFLD,NDUFS5,-0.3458457862187494,down,0.0005349611675067342,0.07669675922567588,True
NAFLD,NDUFS6,0.11243466318303597,up,0.3369033164270169,0.7357468598698672,False
NAFLD,NDUFAB1,-0.219826262160713,down,0.006998545214849278,0.18357722448181568,True
NAFLD,NDUFA8,-0.15628172019196462,down,0.08025617608979048,0.44403083963818574,False
NAFLD,NDUFB7,-0.05513726195088964,down,0.5578790579908272,0.86374952583468,False
NAFLD,NDUFA3,-0.17580865720089456,down,0.15178893057710474,0.5586978234066364,False
NAFLD,NDUFB10,-0.07391323292410767,down,0.36131566598827447,0.7526576799684284,False
NAFLD,NDUFB9,-0.10716444237499978,down,0.14242259428967222,0.5476603290632438,False
NAFLD,NDUFB3,-0.06666954511160661,down,0.5858407381641669,0.8760640779490587,False
NAFLD,NDUFS1,-0.03656192224553578,down,0.5918296882370349,0.8788938336489672,False
NAFLD,NDUFA1,-0.11772495283928386,down,0.26466389731401446,0.6784476112914852,False
NAFLD,NDUFA5,-0.18431731937946338,down,0.0663384625412739,0.4152923955228069,False
NAFLD,HNF4A,0.0940742859464283,up,0.3322347631009082,0.7324321631523193,False
NAFLD,NDUFA2,-0.15100246278124985,down,0.1325155302100262,0.5360845311709842,False
NAFLD,NDUFA12,-0.218924363754466,down,0.002893327419154106,0.12655328170945324,True
NAFLD,GCGR,0.10368670722321482,up,0.4600227590551006,0.8105562736450078,False
NAFLD,NDUFV3,-0.011897037040180969,down,0.87392467954494,0.9690721391952211,False
NAFLD,NDUFC2,-0.24559929880803466,down,0.0013286550710787013,0.09712203376783404,True
NAFLD,NDUFV2,-0.031768779758929,down,0.5985508064642143,0.8812715865765983,False
NAFLD,NDUFB5,-0.16515396475446487,down,0.13498075713993862,0.540263908642907,False
NAFLD,NDUFB1,-0.19139953434375112,down,0.05160597069822503,0.3780602790551362,False
NAFLD,NDUFS7,0.023189459888393493,up,0.7991793329970845,0.952230810271624,False
NAFLD,NDUFC1,-0.03662154586607169,down,0.7009077951390346,0.9239251369485506,False
NAFLD,NDUFAF3,-0.026228427562500656,down,0.7431189841098824,0.9381048837166824,False
NAFLD,NDUFAF1,-0.16489424818749931,down,0.13190590470650193,0.5355954652349156,False
NAFLD,NDUFB11,-0.10412285921428577,down,0.2923366488365062,0.7011286643299922,False
NAFLD,NDUFA11,0.027985875821428863,up,0.7714891232009727,0.9457452976742305,False
NAFLD,NDUFAF4,-0.379176120607144,down,0.0011410131420770196,0.0944835247502095,True
NAFLD,NDUFAF2,0.02158402125446468,up,0.7722476957004539,0.9460897115335684,False
NAFLD,NDUFB4,-0.1944194566339288,down,0.008187582703827264,0.19712833122613335,True
NAFLD,NDUFS8,0.03173716246875102,up,0.7832265865820004,0.9486400480034292,False
NAFLD,ABCA1,-0.12376737683482197,down,0.19763096846154732,0.6118164599187298,False
NAFLD,MYO1F,0.2929349624955364,up,0.02127883449451861,0.2833989504933197,True
NAFLD,DPP4,0.13332328453571662,up,0.2937976400237969,0.7019353888552774,False
NAFLD,PPARD,0.015282183879463673,up,0.9030799627651506,0.9777370255229477,False
NAFLD,COLEC11,-0.01760924198660696,down,0.8777258222732283,0.9700445658866296,False
NAFLD,REEP3,-0.02274697573214368,down,0.803101105205826,0.9532671925906274,False
NAFLD,IRS1,0.04704473151339261,up,0.7498192767157315,0.9397048601403103,False
NAFLD,HHIP,-0.09366720050000144,down,0.5628703847393797,0.8666057044055118,False
NAFLD,LPA,-0.2476143788169658,down,0.3318360066202311,0.7324025886409258,False
NAFLD,INSR,-0.17414193307589443,down,0.02363463040153942,0.2918138698836133,True
NAFLD,LEPR,-0.527257161464286,down,0.0013751071093309893,0.09712203376783404,True
NAFLD,SLC39A8,-0.13043045537500042,down,0.15064621122621924,0.5575163933970396,False
NAFLD,GPAM,0.44786844033035855,up,0.012783807571419838,0.23408485738426618,True
NAFLD,GGT1,0.3059110863348211,up,0.08762896919156671,0.4611876412927155,False
NAFLD,BPTF,0.053826612785714545,up,0.4096103026391026,0.7823427790538839,False
NAFLD,PGS1,0.24333036062946345,up,0.016065356311125142,0.2544724897476341,True
NAFLD,ADORA2A,0.11495782222767836,up,0.12096019173739758,0.518282016422472,False
NAFLD,ITCH,-0.06527987554464154,down,0.41614733582493807,0.7879550340873867,False
NAFLD,PDE4D,-0.05643785732589279,down,0.5839121684295366,0.8755479366071729,False
NAFLD,COBLL1,-0.005310512718750715,down,0.9651103237390168,0.9935447823802187,False
NAFLD,NR1H4,-0.13581220261160531,down,0.18715401000518236,0.599977837998131,False
NAFLD,PDE4A,0.08234924123214338,up,0.3383566631336888,0.7367304481342645,False
NAFLD,RGS6,-0.01555405193303594,down,0.8553895448643108,0.9651822348538949,False
NAFLD,GPR26,-0.08841128879910665,down,0.23003652079103742,0.6461687970557071,False
NAFLD,ROBO1,0.31003464894642896,up,0.02264739168523223,0.2898481529509258,True
NAFLD,PDE4B,-0.0327938391383924,down,0.8357435660809609,0.9618794797033182,False
NAFLD,JAZF1,0.20541008527678617,up,0.1273578849264806,0.5274127112877127,False
NAFLD,KPNA2,-0.15375238112946477,down,0.3968821593865208,0.7751919665613953,False
NAFLD,PDE4C,-0.04160583681250074,down,0.5447368429511911,0.8575761479424222,False
NAFLD,PDE5A,0.07342712644196325,up,0.5711544520027478,0.8713178969010019,False
NAFLD,PDE3B,0.03359864642857158,up,0.7962565461029563,0.9514862685230021,False
NAFLD,PDE3A,0.09424292017857283,up,0.5089596575907682,0.8377080300061804,False
NAFLD,PDE2A,0.13820257879464215,up,0.3222079677475774,0.7269085758459575,False
NAFLD,PDE1B,0.29999263818750066,up,0.05214123054586785,0.379673029675854,False
NAFLD,ADORA2B,0.018233998749999536,up,0.8539615809552821,0.9651822348538949,False
NAFLD,PDE8A,-0.0873738013214318,down,0.2671579050775865,0.6812800260334173,False
NAFLD,PDE9A,-0.1874568179375009,down,0.08087776907814398,0.445480300370039,False
NAFLD,PDE7B,-0.12945488008035788,down,0.3761358741912135,0.7617356230417843,False
NAFLD,PDE6D,-0.05234754493303573,down,0.5508647432900892,0.8600421950825669,False
NAFLD,PDE10A,0.18179318836160707,up,0.09263425598564497,0.47027497427768583,False
NAFLD,PDE6B,-0.052787964848214575,down,0.4693546893929403,0.8156019299282637,False
NAFLD,PDE7A,0.018045877843749558,up,0.8732733700238668,0.9690721391952211,False
NAFLD,PDE1C,0.07954824991071385,up,0.44836171453939255,0.8043808380133181,False
NAFLD,PDE1A,-0.06040218949553555,down,0.686459027631252,0.9180110918767088,False
NAFLD,PDE8B,-0.05281745627678536,down,0.755377968478745,0.9415127048560442,False
NAFLD,PDE6G,0.06470451120535703,up,0.5772906491380383,0.8739672001001032,False
NAFLD,KLF14,-0.02528032190178564,down,0.6977178348564047,0.9225822672929326,False
NAFLD,DLG5,0.1582950288348206,up,0.027664759711779507,0.3055495948574058,True
NAFLD,AGTR1,-0.4581780358169638,down,0.0024296414475286645,0.12265617285247361,True
NAFLD,TMEM132B,0.0033337827857136126,up,0.9571589057127188,0.9917352697507024,False
NAFLD,PLA2G2F,-0.04170464664285589,down,0.6302927421138873,0.8951890552632051,False
NAFLD,HMGCR,0.19518837673214318,up,0.2801674444663435,0.6922531492871474,False
NAFLD,SFMBT1,0.04409904239732043,up,0.5992009294264744,0.8816393618132001,False
NAFLD,MAP2K5,0.11286389534821417,up,0.21921948181025996,0.6335071465872766,False
NAFLD,ZNF513,0.06475100249999954,up,0.4453084855939765,0.8037124985565279,False
NAFLD,MRC1,0.1277514936651798,up,0.5331296984471401,0.8523755343272437,False
NAFLD,HK1,0.05743047850892857,up,0.5466305003148378,0.8582445514890161,False
NAFLD,EFNA3,-0.09594809994196396,down,0.30330767117597296,0.7108956763027475,False
NAFLD,DOCK6,0.242084348959823,up,0.31652118294964654,0.7218833835560181,False
NAFLD,GNPDA2,-0.030118252611607055,down,0.8193726531353891,0.9577440984846396,False
NAFLD,RALY,0.08727869441071512,up,0.11110588515834383,0.5030179877769865,False
NAFLD,EYA2,0.06837705742857203,up,0.6817048772661441,0.9170414772483083,False
NAFLD,IL17A,0.00449410385714355,up,0.9500714282695727,0.9902515858246811,False
NAFLD,ETV6,0.09153662816071595,up,0.3958269337204397,0.7746574140752404,False
NAFLD,CETP,0.300092277531248,up,0.3520808085757503,0.7448386343660933,False
NAFLD,SAMM50,-0.07852124275000172,down,0.3099285930785283,0.7169255679903037,False
NAFLD,TRPS1,0.3424095710758941,up,0.01955487513607284,0.2740774805333825,True
NAFLD,ADPGK,0.08021380569196435,up,0.3710391299850047,0.758573551608483,False
NAFLD,SNX17,-0.04404683364732165,down,0.4589454272392823,0.8101727319195594,False
NAFLD,CEP68,0.03150619382589337,up,0.6735964141965746,0.9139313637424612,False
NAFLD,BCKDHB,-0.09226278983035918,down,0.4243129429435753,0.7928652697534058,False
NAFLD,MTTP,0.03049220479910808,up,0.7126068466567973,0.927467462220456,False
NAFLD,NPC1,0.0006790108705372333,up,0.9943122096108319,0.9987754804691009,False
NAFLD,BAZ1B,0.026300520669641614,up,0.6309082737884676,0.8952305585646275,False
NAFLD,ESR1,0.140507696611607,up,0.3364516435666929,0.7356903775773337,False
NAFLD,PRDX6,-0.20196075917857215,down,0.05881579890578603,0.39834139212852243,False
NAFLD,ANGPTL3,-0.3480123958571433,down,0.0028174700871586083,0.12655328170945324,True
NAFLD,NR1H3,0.075516711133929,up,0.4607479265994311,0.8112602664368728,False
NAFLD,APOC3,0.05283080816964514,up,0.5760244728956034,0.8737210940366668,False
NAFLD,CALCRL,0.009931831968749805,up,0.9541905008448365,0.9908690485962267,False
NAFLD,ZMIZ1,0.27108861773214166,up,0.0006224576327712208,0.08093292659765665,True
NAFLD,CDH6,0.19730639309821552,up,0.4467189379674003,0.8039223056983976,False
NAFLD,CLCN2,0.04510940591964285,up,0.6179251212624295,0.8885314605209672,False
NAFLD,ZNF827,0.1316205187098225,up,0.19279234972850337,0.6052795158711396,False
NAFLD,LIPG,0.17058551418750056,up,0.2130197941868233,0.6282003728033055,False
NAFLD,NFAT5,0.15997501692410676,up,0.18883796860687657,0.6015985557257325,False
NAFLD,ACP2,0.004716830553570972,up,0.9617667096083025,0.9927374815516151,False
NAFLD,ARL15,-0.11859729081696369,down,0.4712260563177367,0.816518531297776,False
NAFLD,DCLK2,-0.009310833156249032,down,0.9257302672551719,0.9837379498027728,False
NAFLD,SCGN,0.3180615642901792,up,0.10390845696763731,0.49196950789169186,False
NAFLD,TMEM18,-0.0766290622053587,down,0.26370119654188107,0.6776509227401365,False
NAFLD,ARID1A,0.09154299867410831,up,0.14752414026814442,0.5553873022956121,False
NAFLD,MPP2,0.042350501450893585,up,0.586938915783579,0.8764560047059922,False
NAFLD,MAP3K1,0.11143111271428463,up,0.22309305263880727,0.6386490779365052,False
NAFLD,HSD17B13,0.11861531267857295,up,0.3941497453373587,0.7729732221067935,False
NAFLD,CCDC18,-0.17499333629464253,down,0.27666645318481337,0.6895752866502999,False
NAFLD,MSL2,-0.02454716373214083,down,0.764400881492134,0.9436092021156859,False
NAFLD,TULP1,-0.00332339053124997,down,0.9626462890551851,0.9930311861926004,False
NAFLD,HMGA1,0.021621400325892992,up,0.8341324115784401,0.9612619714281738,False
NAFLD,ITIH2,-0.11805561406249687,down,0.020166199317162934,0.2769481156983934,True
NAFLD,FANCL,-0.03286743037946405,down,0.800565504663754,0.952634999064263,False
NAFLD,DENND1A,0.06722732274999998,up,0.2779698123020056,0.6911196062366416,False
NAFLD,EBF1,0.16029132113839228,up,0.15986434161219198,0.5690817896311101,False
NAFLD,CELF1,0.007423753428572155,up,0.9107705152416885,0.9800240100492907,False
NAFLD,NFATC3,-0.1613969487410687,down,0.05390361349733176,0.38445146280081965,False
NAFLD,SULT1A1,-0.06159210795982073,down,0.7036979533362278,0.9244486382197776,False
NAFLD,FHIT,0.08858684583035625,up,0.2789616560008828,0.6914971589788849,False
NAFLD,NRXN3,-0.03039015439285686,down,0.8467794425293996,0.9637181904807204,False
NAFLD,RBM6,0.12731304770982277,up,0.2923925450027903,0.7011286643299922,False
NAFLD,MICAL3,0.20946875433928458,up,0.10401522644559653,0.49196950789169186,False
NAFLD,BCDIN3D,-0.082184874276785,down,0.24427411329524068,0.6580363764472924,False
NAFLD,ZC3H4,0.10761227794196504,up,0.17465954230610528,0.5864057046439236,False
NAFLD,PCDH9,-0.09074620709374859,down,0.5867521581540247,0.8764332480860677,False
NAFLD,VPS53,0.10912010290178564,up,0.10779049431613914,0.4990004108031718,False
NAFLD,CPN1,-0.41227255218749903,down,0.0007621872044399329,0.08489847184021962,True
NAFLD,RAB11B,-0.05888269692857229,down,0.3636632508400438,0.7546774523403504,False
NAFLD,BUD13,-0.0467162336517859,down,0.505952288494444,0.8359915624392106,False
NAFLD,GPRC5B,-0.024298871392857357,down,0.8994549408777933,0.9766192677398176,False
NAFLD,RPL37A,-0.21611293952232202,down,0.001169407957818871,0.09476832908096178,True
NAFLD,MACF1,0.05534333226785826,up,0.5410535693880227,0.8562317310046962,False
NAFLD,ARHGEF19,-0.17634808826785697,down,0.048664423418153635,0.3722243949493978,True
NAFLD,MTCH2,0.08257955542857154,up,0.25862664700674126,0.6741354179490964,False
NAFLD,AFF1,0.0304718417098222,up,0.6200788051122709,0.8891616875694065,False
NAFLD,ATP2A1,0.10237755557142814,up,0.24285207564865058,0.6569473975749232,False
NAFLD,BMP8A,-0.002797397388392575,down,0.9803176241430667,0.9967139937242074,False
NAFLD,POC5,-0.2303551774999999,down,0.008585517625771345,0.20125299617453374,True
NAFLD,ANKRD55,0.11322734641517851,up,0.25089241154377045,0.6655480043784769,False
NAFLD,MAP3K5,0.05517981161160623,up,0.6316334043513421,0.8954282381612655,False
NAFLD,SH3GL2,-0.13277453952232054,down,0.12741202157308873,0.5274203998832874,False
NAFLD,FSIP2,0.16091989138839358,up,0.15948555726750782,0.5684504854303327,False
NAFLD,TEAD3,-0.000597796839286957,down,0.9937609921881717,0.9987754804691009,False
NAFLD,RFT1,-0.07104869262053537,down,0.21483500116718218,0.6291518825793023,False
NAFLD,SEC16B,0.27932332538392846,up,0.009648685095581163,0.21009721172582935,True
NAFLD,GRB14,0.18627825333928616,up,0.15311076791370373,0.5608241576610102,False
NAFLD,CCR5,0.0885019507857141,up,0.35703824918557986,0.7491875394788093,False
NAFLD,ZDHHC18,-0.015900998772321984,down,0.8723408171578714,0.9689503481395733,False
NAFLD,TMED5,-0.2562081596160706,down,0.0004110511535852931,0.06943415899935151,True
NAFLD,CCR2,0.13793382239732122,up,0.261232519704224,0.675333332658338,False
NAFLD,TNKS,0.12328944351339377,up,0.20957168349098,0.6249275114656476,False
NAFLD,CCDC92,0.07861596181250174,up,0.2994787865308351,0.7072413572260957,False
NAFLD,PRKD1,0.14458100965625054,up,0.29758296180822774,0.7057101258050257,False
NAFLD,PPP1R3B,0.09894387014285577,up,0.5631474061367502,0.8667089390368293,False
NAFLD,CYP26A1,-0.1603797916383929,down,0.6077061197535927,0.884804052389163,False
NAFLD,CITED2,-0.002312966897321189,down,0.9869857886314374,0.9978627298017435,False
NAFLD,NEDD9,-0.06963559908928652,down,0.7129844717254008,0.9277428319762656,False
NAFLD,CNTLN,-0.06534840579910828,down,0.6275026020624045,0.893476496542306,False
NAFLD,DOCK7,-0.03524734726339229,down,0.7191996558613661,0.9303314659993269,False
NAFLD,AHCY,-0.2695474405223184,down,0.023862781370950655,0.2928511797386287,True
NAFLD,DNAH10,-0.016744537526785397,down,0.7867532432832575,0.9488875813949988,False
NAFLD,CCNL1,0.027220659995536245,up,0.8507317293680272,0.9642693348929668,False
NAFLD,SKOR1,-0.057797854946428195,down,0.4470453534085046,0.8039223056983976,False
NAFLD,KLB,0.3049357639464292,up,0.056528479768283874,0.3909832433418272,False
NAFLD,GNAT2,-0.018217293531250345,down,0.7719012211744483,0.9459722665861106,False
NAFLD,MON1B,0.0032040044330345907,up,0.967551626306974,0.9945151875246512,False
NAFLD,ACACA,0.3352581021250005,up,0.014470530953907178,0.24710355605749626,True
NAFLD,GSTM1,-0.08160798797767654,down,0.9202825669604773,0.9823719801394297,False
NAFLD,APOA1,0.10991321075892735,up,0.08596852379634372,0.45832127745466666,False
NAFLD,IGF2R,0.02078327225892984,up,0.7144573208704308,0.9290823974738305,False
NAFLD,VRK2,-0.04793276657589374,down,0.6344981083376201,0.8964571723429264,False
NAFLD,GUF1,-0.1283186043035709,down,0.20669834750045007,0.621677356361397,False
NAFLD,FGF1,-0.12092350976339361,down,0.1399902338822304,0.5454825722982996,False
NAFLD,FGFR4,0.04986251991071544,up,0.6593819981234185,0.9077248097535763,False
NAFLD,ZNF335,0.06835736606250098,up,0.3826072649743389,0.7663375611514475,False
NAFLD,KRT18,-0.2312591924062506,down,0.13935701281586177,0.5443536555786519,False
NAFLD,LEP,-0.06641347882142856,down,0.4440547850921952,0.8031946304587045,False
NAFLD,PIGV,-0.09727266895982112,down,0.3672999643624654,0.756986752126925,False
NAFLD,CASP1,0.13201715261160718,up,0.33970052864525546,0.7372832757645436,False
NAFLD,EIF2B4,-0.05805388575892856,down,0.2684984591393031,0.6828100710246972,False
NAFLD,CASP3,0.009689185419643032,up,0.9058363403571097,0.9782599449820163,False
NAFLD,XDH,0.09681388216964315,up,0.24259963050457264,0.6566983870631514,False
NAFLD,NPC1L1,0.37390041317857126,up,0.0060781835060950565,0.17164220391508744,True
NAFLD,GPT,0.03252244062053489,up,0.8453332676653246,0.9635566044646648,False
NAFLD,APOC1,0.004668518482143114,up,0.9441687953836452,0.9896007686077848,False
NAFLD,ACACB,0.22981024282589324,up,0.05483658441046356,0.3862705981029115,False
NAFLD,FOXO1,-0.10645159368303769,down,0.3928226990709995,0.77274627096828,False
NAFLD,AR,0.19399630380357102,up,0.1374022792893837,0.542599176838064,False
NAFLD,FGF21,-0.0030516803214277743,down,0.9904277341580897,0.9982155052107492,False
NAFLD,HAMP,-0.1468738392321427,down,0.6676658313426316,0.9117297952618438,False
NAFLD,CASP8,-0.03302396656696249,down,0.6564858150844716,0.9070976922057569,False
NAFLD,ADIPOQ,0.05600391116071446,up,0.44619671557699814,0.8039223056983976,False
NAFLD,MON1A,0.1406998348303583,up,0.1191141682201885,0.5155053549433589,False
NAFLD,NLRP3,0.10901641575892729,up,0.40220686567877983,0.7784474336696326,False
NAFLD,CD8A,-0.12511162395089315,down,0.40244070407733695,0.7784474336696326,False
NAFLD,VEGFA,0.21897319365178802,up,0.04280438464210998,0.3586479571798116,True
NAFLD,CASP2,0.14429195761607172,up,0.07291023331792808,0.4321207915282837,False
NAFLD,TNF,0.02081559852678616,up,0.8303458481186605,0.959839712607482,False
NAFLD,SIRT1,-0.33487743846428497,down,0.0001618252504885947,0.047945372984924135,True
NAFLD,GDF15,-0.5134972344107149,down,0.14908463172667022,0.5561673693620692,False
NAFLD,SLC10A2,0.10691305968749987,up,0.16817616739372032,0.5792454349717415,False
NAFLD,RBP4,-0.03359765017856908,down,0.436485150834038,0.7991144413085083,False
NAFLD,SHBG,-0.9034697967723222,down,0.0017048308440398001,0.10588112661282237,True
NAFLD,CDKN1A,-0.04326453120089191,down,0.8578577417329059,0.965684395287375,False
NAFLD,PRKAA1,-0.17625637171875042,down,0.1043605348345578,0.49245638278458564,False
NAFLD,GNMT,-0.3528482957812482,down,0.2381641929645986,0.6534504562764318,False
NAFLD,CD4,0.17740471907143007,up,0.34338919817054614,0.7397350918377202,False
NAFLD,AHSG,-0.01603624120535585,down,0.8026341647861516,0.9532381923312762,False
NAFLD,RETN,-0.16226856846875037,down,0.10990797558466411,0.5018478496022556,False
NAFLD,IGF1,-0.7039465593303564,down,0.004314690997713183,0.1473973580294364,True
NAFLD,BCL2L14,-0.1171965101651784,down,0.115722843924468,0.5108549268020357,False
NAFLD,LCN2,-0.30961458827678623,down,0.1406067196570399,0.5457148233302773,False
NAFLD,MTHFR,0.05479127957589203,up,0.5848403822725623,0.8756297549436249,False
NAFLD,FNDC5,0.8816668995714299,up,0.0022870576000259355,0.1198086724790398,True
NAFLD,CD36,0.3123003413125014,up,0.04014885819517411,0.3526498283132361,True
NAFLD,CRP,0.5550781792767836,up,0.1818547477490019,0.5943660668996412,False
NAFLD,FGF19,-0.25663329883928565,down,0.05979262564368423,0.39975900700647693,False
NAFLD,TLR4,0.1324027750714265,up,0.33344343152883904,0.7334653623017836,False
NAFLD,CD163,0.24344182847767826,up,0.2730712266061288,0.6856533469455782,False
NAFLD,CHI3L1,0.031233440946428104,up,0.9518022952845303,0.9903616986443737,False
NAFLD,GIPR,0.014997232053572063,up,0.8687997153773636,0.9679335011721791,False
NAFLD,MAT1A,-0.0793395067410696,down,0.3474785362031429,0.7420340937370673,False
NAFLD,MUC1,-0.20939025208482143,down,0.1740527414640571,0.5854877602561774,False
NAFLD,SERPINE1,0.05674813609821605,up,0.8961290561869932,0.9754707241141678,False
NAFLD,HMGB1,0.00545130726339238,up,0.9422214644004375,0.9888373802978403,False
NAFLD,EPAS1,-0.11115043000892832,down,0.20772759473849847,0.6230104247774448,False
NAFLD,NFE2L2,-0.22622374650000232,down,0.05028769964017989,0.3741549677050823,False
NAFLD,SPP1,0.5612418923214291,up,0.12319618607972496,0.5222361226779918,False
NAFLD,CASP9,-0.09301841496874896,down,0.4136918955995868,0.7858580648698057,False
NAFLD,PDCD1,-0.22581504076339254,down,0.03868532001914206,0.3484428137990103,True
NAFLD,HMGCS2,0.030022945714284432,up,0.7121403458916242,0.9273371619928903,False
NAFLD,PARVB,0.2058594546250001,up,0.0650211819167465,0.41348621420878234,False
NAFLD,NRG4,0.24307526535714352,up,0.1989797967976685,0.6136794995775193,False
NAFLD,CP,-0.13801974366071335,down,0.017652799761552936,0.2646358507292293,True
NAFLD,PCCB,0.08673168795535524,up,0.2907546695778235,0.6998946647948859,False
NAFLD,GOLM1,0.6494795251696415,up,0.015558518230965821,0.251742338603809,True
NAFLD,PTGS1,0.33931707654464294,up,0.002355034539237716,0.1205454074269921,True
NAFLD,FABP4,0.7852001663437509,up,0.015406601234977555,0.2510761984848957,True
NAFLD,NR3C2,0.1678230193169643,up,0.17401255244388647,0.5854877602561774,False
NAFLD,ALB,-0.012489664732141748,down,0.7433026995969116,0.9381082185624989,False
NAFLD,GDF2,0.02806760239732231,up,0.7558982652277542,0.9415127048560442,False
NAFLD,PRKAB1,0.0724154109330355,up,0.3439190658624987,0.7400148901179587,False
NAFLD,ADORA3,-0.021894032004464492,down,0.9019929625269213,0.9770869582683438,False
NAFLD,RUNX1,0.2140726995624993,up,0.09473021780402842,0.4751760273028603,False
NAFLD,CASP6,0.01262904411607213,up,0.9000309788160491,0.9766192677398176,False
NAFLD,ATP4A,0.018731291053571297,up,0.7887911939924319,0.9493771101831927,False
NAFLD,PTGS2,0.00247107778571376,up,0.9938008088581329,0.9987754804691009,False
NAFLD,TXNIP,0.23060917550893123,up,0.13142397238441958,0.5346372627144232,False
NAFLD,ACOX1,0.08710357971428806,up,0.2704178285506445,0.6842987140010919,False
NAFLD,THBS1,-0.13168499212053497,down,0.6676511235379482,0.9117297952618438,False
NAFLD,GHR,0.2083547786607145,up,0.03977334846840164,0.3516299013483249,True
NAFLD,PRKAA2,0.4351197444285724,up,0.0817529245232911,0.4486852732795141,False
NAFLD,PPARGC1A,-0.3262170842589267,down,0.19228485573010912,0.6052795158711396,False
NAFLD,TREM2,0.2890969292812495,up,0.11678195128470709,0.5118486155614103,False
NAFLD,HFE,0.021031341892857824,up,0.7860334954283714,0.9486400480034292,False
NAFLD,PEMT,0.010788914017854978,up,0.8978088727919606,0.9763583704175405,False
NAFLD,USP1,-0.164892598995535,down,0.030594051074098096,0.31684208687567833,True
NAFLD,VEGFB,-0.008679598991070847,down,0.9455866801576382,0.9896007686077848,False
NAFLD,CASP4,0.032639325299105515,up,0.8218275115244533,0.9580650226255922,False
NAFLD,SFRP5,0.18695207159821425,up,0.27845893186324705,0.6913845686996104,False
NAFLD,MMP9,0.6486153568705371,up,0.01884170096774615,0.27016780757861875,True
NAFLD,ATP4B,0.049734557915178446,up,0.4800641949902528,0.8216159002593248,False
NAFLD,CCL2,-0.27228870329910837,down,0.42214762013194507,0.7914392052535937,False
NAFLD,C3,-0.027379501473214773,down,0.4180410561521256,0.7885585258003557,False
NAFLD,HMOX1,0.1874636761964279,up,0.4190712274495166,0.7887264404263772,False
NAFLD,FABP1,0.05127783933035879,up,0.5181941028002701,0.8426743978368555,False
NAFLD,CGREF1,0.015245299870536577,up,0.8747517732159269,0.969175419468153,False
NAFLD,NAMPT,-0.6752895596473198,down,0.0009300690301477382,0.08966743532478959,True
NAFLD,STAT3,-0.02615386754464133,down,0.8143243155784122,0.9562741878337325,False
NAFLD,MTOR,0.17300298378571277,up,0.0781311459705696,0.4401696387550201,False
NAFLD,AVP,0.04237814354464309,up,0.6638658697376003,0.9101398188420443,False
NAFLD,PLIN2,0.04444823006249976,up,0.774370595277677,0.9471439717099178,False
NAFLD,PIN1,-0.058230330142857945,down,0.39864902684973297,0.7766286366557319,False
NAFLD,MIF,0.05011154032589005,up,0.7989085773734342,0.952230810271624,False
NAFLD,MBOAT7,-0.07983051037499855,down,0.4190592145892255,0.7887264404263772,False
NAFLD,TP53,-0.11478256117410801,down,0.1937589370430193,0.6061632801070604,False
NAFLD,FADS2,1.0003434244687508,up,0.0007016073052510296,0.082505454511834,True
NAFLD,IL1B,-0.022353971339286183,down,0.9301616184130772,0.9842449273674475,False
NAFLD,ENPP2,0.23498067349999907,up,0.34244142715575915,0.7390296428864684,False
NAFLD,TSEN2,-0.01318914473660815,down,0.8526311454439968,0.9649573356633471,False
NAFLD,BMP8B,-0.18265758146428457,down,0.20691462988208556,0.6217962080791907,False
NAFLD,RIPK3,0.06825301759374902,up,0.3646962558784836,0.7553462230868844,False
NAFLD,SPARC,0.14610648787946623,up,0.12176832543889352,0.5187261482344732,False
NAFLD,MADD,0.15744358851785734,up,0.014478283584486353,0.24710355605749626,True
NAFLD,METTL3,-0.024890223723214255,down,0.7756783031630288,0.9471439717099178,False
NAFLD,IL18,0.12805914710267885,up,0.43690755311615165,0.799147223226242,False
NAFLD,CASP7,-0.034480094334820244,down,0.7055437402904168,0.9250137894997172,False
NAFLD,IGFBP2,-1.221337789066963,down,0.00020079891046448017,0.05336821630624339,True
NAFLD,UGT1A1,0.08286627051339579,up,0.3391427379319601,0.7372832757645436,False
NAFLD,GPBAR1,0.057831634553570765,up,0.5551272369239412,0.8621556925344448,False
NAFLD,PLA2G7,0.34372147816517895,up,0.17995988272490637,0.5927492182407933,False
NAFLD,SLC5A1,0.15301539853571366,up,0.39794299849180625,0.7761735173475517,False
NAFLD,BRD2,0.00892586838839371,up,0.9145825320083514,0.9807269741875975,False
NAFLD,TNFRSF11B,-0.3433377657455363,down,0.02884426304246536,0.31052675724828455,True
NAFLD,HSPA5,0.004428501651782213,up,0.970607199947335,0.9952820675113216,False
NAFLD,JUN,-0.06807868369196513,down,0.8587528990806143,0.9659700718916998,False
NAFLD,JMJD1C,-0.12255132137946312,down,0.28300136982280605,0.6930465795132214,False
NAFLD,THBS2,0.11372118283482191,up,0.6589643545079362,0.9075952753343097,False
NAFLD,MPO,0.14269310248660672,up,0.19277447539170095,0.6052795158711396,False
NAFLD,SIRT2,-0.008374084495534895,down,0.9260538392729657,0.9837379498027728,False
NAFLD,HGF,-0.0799870699062506,down,0.6562492992569785,0.9070976922057569,False
NAFLD,CTSD,0.14878100352678736,up,0.0979940971891508,0.4813936717856815,False
NAFLD,ASGR1,0.09333657245089277,up,0.3240496047263039,0.7288556449091101,False
NAFLD,S100A9,0.22183566319642978,up,0.36886607631849855,0.7572298921500045,False
NAFLD,CASP10,0.1066049413928587,up,0.26402725100298874,0.6779593720313482,False
NAFLD,MAU2,0.14912710713839328,up,0.03458888776973935,0.33121117034250996,True
NAFLD,TLR2,0.023035153093749372,up,0.9027182163908396,0.9775210500198709,False
NAFLD,AKT1,-0.032166561089285395,down,0.6031383965312308,0.8824854609125298,False
NAFLD,AGT,-0.013841837589284367,down,0.8592669273474589,0.9660463891815676,False
NAFLD,AGER,-0.004823627455356139,down,0.9615889399880164,0.9927374815516151,False
NAFLD,IL23A,-0.11109538610267933,down,0.14965066701353685,0.5563950843315474,False
NAFLD,YBX1,-0.050923178580355,down,0.36454051814921345,0.7553462230868844,False
NAFLD,APOA4,0.38346212638839194,up,0.17788271041072742,0.589993434621596,False
NAFLD,CASP5,-0.0724686515535713,down,0.469439112853733,0.8156019299282637,False
NAFLD,RHBDF2,0.113694630870536,up,0.14906211053264426,0.5561673693620692,False
NAFLD,WWTR1,-0.0017864597187493558,down,0.9831019527728398,0.9971829178202913,False
NAFLD,LBP,-0.062379527589286,down,0.6323244500799595,0.8954282381612655,False
NAFLD,EGFR,0.1396583177857149,up,0.04633650012762706,0.3677819792738708,True
NAFLD,PCSK9,0.15239394299553588,up,0.20235732539328824,0.6181051711125736,False
NAFLD,SUGP1,-0.0016874996651790042,down,0.9822931298475083,0.9970225618181521,False
Obesity,MC4R,-0.02142770080357126,down,0.22912172146414336,0.47246940810319704,False
Obesity,GNAS,-0.025974818303573066,down,0.32146473347090243,0.5719380198157962,False
Obesity,PCSK1,0.01666695749999958,up,0.35110412441913996,0.6006617336475916,False
Obesity,LEPR,0.061532155089286,up,0.37570229722325454,0.6238092540698755,False
Obesity,POMC,-0.02492413910714264,down,0.5048568811412258,0.7283473431335157,False
Obesity,GIPR,-0.3682512549107142,down,1.9964409428752702e-05,0.0005771355346957203,True
Obesity,GLP1R,-0.0035182389285712823,down,0.8552133248119618,0.9347104880326803,False
Obesity,PPARG,-0.2756173249107139,down,4.1061666672252544e-05,0.000986528383112927,True
Obesity,LEP,0.8061349066071415,up,7.102908923939016e-06,0.00027657257782454954,True
Obesity,FTO,0.08019147678571503,up,0.045362990267403897,0.1655458959992123,True
Obesity,SIM1,-0.3613368426785719,down,0.4009879472973611,0.6464908608155179,False
Obesity,CNR1,-0.06127493616071433,down,0.3284698186868721,0.5782338752220999,False
Obesity,ADCY3,-0.2432774151785715,down,0.005927840494843483,0.03828262789120538,True
Obesity,SLC6A3,0.0376368910714282,up,0.20587306899187974,0.4431925642188065,False
Obesity,SLC6A2,-0.030452183928571852,down,0.26352566234530056,0.5114556728794065,False
Obesity,BDNF,0.0525643480357143,up,0.006112903265800471,0.039097651474040734,True
Obesity,OPRM1,0.001791818839285586,up,0.8980747431337122,0.9553211551190803,False
Obesity,PNLIP,0.006007603660714178,up,0.7774391582884564,0.8949194452516563,False
Obesity,SLC6A4,-0.048357284553571134,down,0.11719623661174398,0.31055052009179707,False
Obesity,HTR2C,-0.01777866883928647,down,0.37387384351975467,0.6219040881658644,False
Obesity,OPRD1,-0.12659999169642822,down,0.009989683372477694,0.05603750851565729,True
Obesity,OPRK1,0.05179268937499959,up,0.4116963818092808,0.6553620621896011,False
Obesity,LIPF,-0.009464808124999724,down,0.5743698371881647,0.7778666936108698,False
Obesity,MYT1L,0.008335659910713833,up,0.7021540958602169,0.8542502882565932,False
Obesity,NR0B2,-0.04344831187499976,down,0.023487012364574355,0.10423082869749405,True
Obesity,CAST,-0.05011858223214283,down,0.42152034332461014,0.6627461176974301,False
Obesity,ENPP1,-0.37587192839285954,down,0.025109781947883533,0.1092217479797769,True
Obesity,APOE,-0.3276803180357146,down,0.000648739447290186,0.0072208633206513355,True
Obesity,NEGR1,0.11474609330357133,up,0.20446163791745042,0.44144948668524864,False
Obesity,TFAP2B,-0.000850132767856504,down,0.9614280788139389,0.9835373524901148,False
Obesity,SLC39A8,0.04796491491071464,up,0.5108536265134508,0.7333069536121384,False
Obesity,UCP3,0.002092635803570886,up,0.9385846265854659,0.9733775663361104,False
Obesity,HEATR3,0.2373482844642858,up,0.012311333073831435,0.06512980701321366,True
Obesity,ADRB3,-0.09548950374999965,down,0.4669472130875347,0.6986368906435223,False
Obesity,SEC16B,-0.13615199714285886,down,0.05971162519715806,0.19878056359855803,False
Obesity,TRAPPC9,0.045445032232143134,up,0.258883949824288,0.5071242191718033,False
Obesity,TCF7L2,-0.030473980803571443,down,0.7815865028989533,0.8975110378537632,False
Obesity,TTC8,-0.08850097705357163,down,0.051761048925245676,0.18069266991950822,False
Obesity,GRP,-0.012442449374999498,down,0.6733144505985195,0.838357787645659,False
Obesity,HTR1D,-0.03270612499999981,down,0.07641975779685736,0.234635619307549,False
Obesity,HTR7,-0.019832066517856628,down,0.351277595697038,0.6007764650679217,False
Obesity,CEP19,0.026702881339285334,up,0.3621356924108071,0.611206085697766,False
Obesity,CPNE4,-0.5098484584821428,down,1.3590989367703752e-05,0.0004381158305282595,True
Obesity,ADCY9,-0.026062012232142884,down,0.6363140126380009,0.8178213592217807,False
Obesity,ANAPC4,-0.047206331607142715,down,0.2898751177725475,0.5395203279854304,False
Obesity,BBS4,-0.18378557392857253,down,0.006684794026492872,0.041761933138123104,True
Obesity,HTR1A,0.016963414285714684,up,0.436777619198615,0.6744689029752607,False
Obesity,SCN2A,-0.008122034999999972,down,0.7758577179672205,0.8940693286341314,False
Obesity,SLC18A2,0.27838134955357097,up,0.011354385337861567,0.06125834650508018,True
Obesity,GALNT10,0.19067819062500124,up,0.005144869412515552,0.034366084239056856,True
Obesity,SCN1A,-0.003993443392857898,down,0.8122503576033229,0.9147233507586239,False
Obesity,BANK1,-0.04069301160714378,down,0.5212193408312211,0.7410738852513409,False
Obesity,GRIA1,-0.04135131821428528,down,0.3278241391688352,0.5777116335888809,False
Obesity,ETV5,0.2801688063392862,up,0.001983601751864137,0.016797023608586304,True
Obesity,PRMT7,-0.3650599876785723,down,5.9065708115276225e-05,0.0012963459203842549,True
Obesity,ONECUT1,0.012499127053571701,up,0.6040474778839913,0.797900374261458,False
Obesity,AUTS2,-0.05420793428571269,down,0.24566593621721122,0.4920726832398668,False
Obesity,BBS9,-0.006896969017856414,down,0.8842306418040418,0.9482627292132808,False
Obesity,FHIT,-0.04571533089285751,down,0.2409719889427242,0.48620668259470057,False
Obesity,FAIM2,0.07923235357142877,up,0.1771348328571069,0.4046134383781635,False
Obesity,LMX1B,0.07523890919642895,up,0.04666454077611977,0.16864305256853981,True
Obesity,ADRA2B,0.04406738401785715,up,0.3780412721732704,0.6258381535523485,False
Obesity,IRS1,-0.3052106569642863,down,0.02964794645086096,0.12269914287085283,True
Obesity,ADRA2A,0.46633474973214106,up,0.007245843511571391,0.044212226730211766,True
Obesity,CDH7,0.015141077053571372,up,0.4735175670986757,0.7043815528491959,False
Obesity,ADRA1A,-0.6209891180357143,down,0.13098773949638576,0.33339649597502263,False
Obesity,LRFN2,0.03809465803571399,up,0.105566160267224,0.2904220226179372,False
Obesity,FANCL,-0.011771067410713876,down,0.8666902511404773,0.9398959246941916,False
Obesity,ADH1B,-1.005266463749999,down,2.816654029350063e-06,0.0001419895415152719,True
Obesity,GNPDA2,-0.14112200008928522,down,0.14823444478835215,0.35981585351463297,False
Obesity,ADRB1,-0.6399536128571421,down,0.012879240082464355,0.06719189215815764,True
Obesity,NLGN1,-0.09790910919642926,down,0.20553075762510606,0.4430477376283117,False
Obesity,ADRA2C,0.10114833598214323,up,0.12065403265409357,0.3166589974968099,False
Obesity,BBS2,-0.2191946855357143,down,0.04203015314748578,0.15732748034254285,True
Obesity,ZNF536,-0.0006757465178575117,down,0.9782036598854801,0.9902174565151808,False
Obesity,PKHD1,-0.005506242589285559,down,0.727010712201134,0.8679225817872313,False
Obesity,ZFHX3,0.4638148741071433,up,0.0002121480871943727,0.0032651897087834568,True
Obesity,THRB,-0.16949463000000087,down,0.08646139071359657,0.2544947172471638,False
Obesity,OLFM4,0.0040196013392859165,up,0.9010695966877832,0.956302796608372,False
Obesity,PCDH17,0.15250069580357106,up,0.022738341342705064,0.10176752685476734,True
Obesity,BBS7,-0.07406180133928686,down,0.17929751019198206,0.40747726146349833,False
Obesity,MKKS,-0.014273508125000056,down,0.8300282816465989,0.9226970165762685,False
Obesity,ARL6,0.09372820232142853,up,0.056846436141768326,0.1923613895453545,False
Obesity,BBS5,0.10025460562499955,up,0.07885651015177164,0.23952863823370688,False
Obesity,BBS10,-0.1364746111607138,down,0.28018626890442866,0.5295611931490181,False
Obesity,MKS1,-0.04226684553571314,down,0.38975442147732153,0.6369646034187589,False
Obesity,ADRB2,-0.6780831464285715,down,0.00010069231285188955,0.0019271484690229438,True
Obesity,NRXN3,0.02920096169642905,up,0.2806871352436547,0.5299562875986156,False
Obesity,PHIP,-0.4257114959821431,down,4.362862122215199e-07,3.941235126724322e-05,True
Obesity,GRIA4,0.004647392321428523,up,0.8228203396266571,0.9193121263656815,False
Obesity,BBS12,-0.0392020103571431,down,0.10895388702188552,0.29610283808691484,False
Obesity,SDCCAG8,-0.0013514926785704873,down,0.9795849605902869,0.9908521831189125,False
Obesity,VPS13B,-0.0556466254464274,down,0.2056875428021287,0.4431895938963648,False
Obesity,POM121C,-0.09801374330357149,down,0.09315195880280293,0.267413733011631,False
Obesity,HTR1B,-0.011365618839285219,down,0.7235752724540585,0.8662184838368241,False
Obesity,CALCR,0.021610804374999848,up,0.27990997934908773,0.5292161551795561,False
Obesity,SIGMAR1,-0.0077776198214278836,down,0.9160536057126639,0.9621853392037214,False
Obesity,LCT,-0.00028773696428574524,down,0.9904049883546541,0.9956069730704846,False
Obesity,NUDC,0.03995187035714309,up,0.3448230803193985,0.5940110179964375,False
Obesity,POC5,-0.015877858303571024,down,0.5692111381538626,0.7749075422749229,False
Obesity,NTNG1,0.035940988214285596,up,0.2508631892144508,0.49845981569762066,False
Obesity,HTR2A,0.03477695892857158,up,0.18593754914719607,0.4162995548666874,False
Obesity,HTR4,0.0015999929464287632,up,0.9547966552913909,0.981155071691466,False
Obesity,HTR2B,0.4521876737500006,up,0.016156903455626523,0.07947887337004343,True
Obesity,HTR3A,-0.03525216330357095,down,0.308757179285102,0.5580874988033252,False
Obesity,MLLT10,-0.14305768589285606,down,0.009866525368764882,0.055484464374548334,True
Obesity,RBMS1,0.16552734437499872,up,0.004160233473277651,0.029305899176700706,True
Obesity,HTR5A,0.02688598446428525,up,0.48627890639517013,0.7145870150809246,False
Obesity,HTR6,0.01526750767857088,up,0.6283732397145226,0.8129433622450516,False
Obesity,CDH13,-0.06744384758928579,down,0.7089670020375743,0.8578764873022181,False
Obesity,ADRA1B,0.06260463187500065,up,0.3942436918710687,0.6404095066319169,False
Obesity,HTR3D,-0.038966587232142746,down,0.1915525126327052,0.42378741627125927,False
Obesity,HTR3E,-0.0045471199107138816,down,0.8246918363360548,0.9202279610943307,False
Obesity,HTR1F,0.032592772678571524,up,0.25292821577307456,0.5007566253194632,False
Obesity,HTR3B,0.0015825544642860123,up,0.942495337049731,0.9748701425268446,False
Obesity,HTR3C,0.019038608839285764,up,0.5191772526584228,0.7396138947857075,False
Obesity,NDUFS3,-0.10511126008928784,down,0.06331766348854362,0.2070913993085111,False
Obesity,STXBP6,-0.1062011733928574,down,0.04736693248021764,0.17031281692934805,True
Obesity,SNX19,0.14843749910714443,up,0.14050071228027944,0.3479622860113862,False
Obesity,FUBP1,-0.23440987776785693,down,0.0035503112625445816,0.02600721036435512,True
Obesity,ARPP21,0.07496425026785669,up,0.058410818564483546,0.195574488726508,False
Obesity,GABRG3,0.006670269374999371,up,0.7087682792541155,0.8577687593738247,False
Obesity,TMEM18,-0.070373537589286,down,0.18174800487694026,0.41037761869034384,False
Obesity,OLFM1,0.1833626882142858,up,0.0010815506948277276,0.010652307410374793,True
Obesity,PIK3C3,0.009678430357142886,up,0.8501294217497845,0.9320512093207016,False
Obesity,C12orf42,-0.023917060714285565,down,0.19072216581968526,0.42261277402588027,False
Obesity,RARB,-0.01579066732142831,down,0.9240769009696628,0.9659519582059036,False
Obesity,CADM2,-1.1102120533035702,down,7.51954469610829e-05,0.0015522979654196494,True
Obesity,BCL11B,0.10356794258928614,up,0.002311087183400656,0.018853199276118553,True
Obesity,LHCGR,1.1883806520535716,up,0.0011726005942366328,0.011297786612730424,True
Obesity,SLCO3A1,0.30995396142857157,up,0.0013908935258849086,0.012826435030046865,True
Obesity,SCN11A,-0.026014056696428423,down,0.6433701040715591,0.8223245412389474,False
Obesity,ADRA1D,-0.053724019107143306,down,0.27446702382221405,0.5241027535301329,False
Obesity,AKT3,0.13900320875000016,up,0.03235085466426912,0.13102792355413445,True
Obesity,RBFOX1,-0.00028773696428618933,down,0.9878728620041682,0.9943007717043469,False
Obesity,SLC22A12,0.09647478392857156,up,0.14626939813534182,0.35715732376349435,False
Obesity,GABRA5,-0.02351161187500006,down,0.3419989685016451,0.5917187393427682,False
Obesity,CADM1,-0.08376203455357123,down,0.06267184541625004,0.2057780126548874,False
Obesity,ECE2,-0.029449462321428754,down,0.13929015830391742,0.34603038755668153,False
Obesity,GRIA2,-0.006936208839285474,down,0.6800809250911836,0.8420764006184832,False
Obesity,KCNK3,0.010153634553570878,up,0.8341868725469379,0.92426415785704,False
Obesity,NDUFB8,-0.1675676626785707,down,0.001541785221740477,0.013855820711415412,True
Obesity,RORA,-0.07846505241071444,down,0.24841969086438065,0.49530416690043017,False
Obesity,SCN10A,-0.05664062669642833,down,0.06025925320561609,0.20021994621092157,False
Obesity,NDUFA13,-0.058297292767857556,down,0.2942568364305298,0.5442221270941843,False
Obesity,SCN3A,0.002785820357143365,up,0.8957912054461674,0.9540461487288963,False
Obesity,RERGL,0.04415457687500046,up,0.31683408129531887,0.5665384712568078,False
Obesity,ZBTB10,-0.09745570767857181,down,0.024740061020177895,0.1081342245170694,True
Obesity,LRRC1,0.3528180826785712,up,0.0010724263336170825,0.01059942070827492,True
Obesity,GABRB3,-0.0010114385714286023,down,0.9728307568947746,0.98853611303174,False
Obesity,NPAS3,-0.04896763383928526,down,0.05762887716875624,0.19381840089042307,False
Obesity,SCN8A,0.12472098232142903,up,0.013191098302695544,0.06831180097869208,True
Obesity,GCGR,-0.04820033482142838,down,0.14215762337620327,0.3505660774984402,False
Obesity,SCN5A,-0.013597760982142937,down,0.5422373588728979,0.7554527151625864,False
Obesity,GABRB2,0.09791782892857137,up,0.041608972534535375,0.1562256085984949,True
Obesity,VGLL4,0.12270682267857236,up,0.005241250678964843,0.03476311463546021,True
Obesity,HEY2,-0.4061846037499999,down,6.0448479482170413e-05,0.0013132628471428246,True
Obesity,GHR,-0.5667201461607156,down,1.131082733296145e-05,0.00038878078162993653,True
Obesity,GPD2,-0.1376604354464277,down,0.14116276521498947,0.34895138896840217,False
Obesity,KCNMB2,0.03593226749999978,up,0.35118811761466623,0.6006851238617612,False
Obesity,GRIK5,-0.001534599553572047,down,0.9513937990250777,0.9793166304664581,False
Obesity,SALL3,0.03022984151785657,up,0.1088985865274052,0.29600574352826176,False
Obesity,PDZRN4,-0.09553309526785725,down,0.2368258656870758,0.4812139089747085,False
Obesity,NDUFS4,-0.08783830794642977,down,0.19561018508089087,0.429482832963916,False
Obesity,SKOR1,0.005157467053571008,up,0.8800723184125795,0.9459185396506823,False
Obesity,GRIK3,-0.0074768078571434415,down,0.6980436612051851,0.8519413408352899,False
Obesity,NDUFAB1,-0.2807704387499985,down,0.008130174563075257,0.04804078030677436,True
Obesity,ZNF804A,0.025072370624999785,up,0.3372182435688244,0.5864123209947124,False
Obesity,NDUFAF1,-0.1261335122321432,down,0.002522630504716326,0.020102712532997002,True
Obesity,AGRP,-0.02041190133928561,down,0.5284366389115941,0.746398134343352,False
Obesity,SCN9A,0.47094290651785764,up,0.008908505476946329,0.05157387533744063,True
Obesity,PRICKLE1,-0.0589338009821434,down,0.46063315539241734,0.6943832278207581,False
Obesity,SCN7A,-0.21981811535714302,down,7.758949258942129e-07,5.745183936522919e-05,True
Obesity,DNMT3A,0.07902308642857125,up,0.15111186154701484,0.36495671919343203,False
Obesity,CA4,-0.6880754730357141,down,0.00019978444509505827,0.003118128478249341,True
Obesity,CADPS,0.013078963482143102,up,0.5639096059740288,0.7711374230286083,False
Obesity,SCN4A,-0.2763410299107143,down,0.0024768658853267064,0.019800898815652508,True
Obesity,GABRA2,0.05945696214285778,up,0.04138261731817773,0.15571226749645548,True
Obesity,GABRD,-0.05443899857142842,down,0.18398475058639574,0.41348508381362936,False
Obesity,NDUFB9,-0.015781946339286534,down,0.752167329393343,0.8820316825716237,False
Obesity,IGF1R,7.847383928538676e-05,up,0.9989634596007625,0.9997159911208234,False
Obesity,CA2,-0.1920819960714284,down,0.0056744742072934356,0.03699547502815097,True
Obesity,GRIK2,-0.06175885991071395,down,0.03750765527472222,0.1451166988921172,True
Obesity,CACNA1C,0.0970851387499998,up,0.05574061448151182,0.18997094656730945,False
Obesity,GRIA3,0.17425537116071466,up,0.033718538954819174,0.1350894950781686,True
Obesity,GABRQ,-0.002275739107142627,down,0.9057257700701308,0.9579893423495747,False
Obesity,GABRA4,-0.02009364696428584,down,0.4532329603533983,0.688353273478221,False
Obesity,GABRE,-0.4402378627678569,down,9.132492517508402e-06,0.00033319581747239056,True
Obesity,GABRP,-0.027906146964285394,down,0.4301799496972065,0.6695047883648069,False
Obesity,GABRA3,-0.010742186249999897,down,0.652005936279203,0.8270259935917476,False
Obesity,GABRG1,0.002463203660713731,up,0.9130388097117158,0.9612189296349706,False
Obesity,GABRB1,-0.036468505267857054,down,0.034007254230278526,0.1358109538243314,True
Obesity,ST18,-0.005593434374999706,down,0.7598316327851506,0.8862251019547424,False
Obesity,NDUFS1,-0.3021501796428563,down,0.001085485445300285,0.010672443751267581,True
Obesity,NDUFA8,-0.17619977535714337,down,0.03678440750402993,0.14352782637716172,True
Obesity,ZEB2,0.15386091276785763,up,0.001003860546276085,0.010098524087794701,True
Obesity,GRIK4,0.004669187857142543,up,0.815907837524654,0.9168762801739954,False
Obesity,NDUFA6,-0.13916015660714365,down,0.03687164616541436,0.14372459207991245,True
Obesity,ADAMTS9,-0.24921526312499864,down,0.09306417849152078,0.2672636580687316,False
Obesity,NDUFB6,-0.10189383258928686,down,0.11165858904302714,0.30095447845181106,False
Obesity,NDUFV1,-0.11612374446428575,down,0.14511961396103873,0.3553872654192256,False
Obesity,NDUFB2,-0.024165560982142065,down,0.47533216895507485,0.7056686290135324,False
Obesity,NDUFS5,-0.15904017678571414,down,0.0008567980236245571,0.009008345700901768,True
Obesity,NDUFS2,-0.21032714937500074,down,0.0019170027305136803,0.016361900856357126,True
Obesity,NDUFA11,-0.03771100982142972,down,0.5382589210375492,0.752527558751045,False
Obesity,NDUFAF4,-0.07498604866071501,down,0.11611095716871835,0.3084855388348902,False
Obesity,NDUFA12,-0.03446742366071387,down,0.1309842023030306,0.33339649597502263,False
Obesity,NDUFAF2,-0.1481584829464282,down,0.00012519501016012636,0.002247539037723604,True
Obesity,NDUFA2,-0.17201450875000113,down,0.07080662097161466,0.22320229755856022,False
Obesity,NDUFB5,-0.14495849580356968,down,0.06194055182628448,0.20415432318225463,False
Obesity,NDUFA9,-0.20924595642857113,down,0.0009925880134115208,0.010020834910543489,True
Obesity,NDUFA3,-0.07523890910714393,down,0.18607064543126017,0.4165149624759223,False
Obesity,NDUFAF3,-0.04495675116071407,down,0.5294639775866994,0.7469068909314339,False
Obesity,NDUFA5,-0.1499372208035714,down,0.0013466685388088227,0.012546684109100021,True
Obesity,NDUFC1,-0.09620012401785738,down,0.013721258661104102,0.07044348842972835,True
Obesity,NDUFA1,-0.2335553841964284,down,0.01605565679534558,0.07906693263543056,True
Obesity,NDUFS6,0.016714914375000944,up,0.7130308341956634,0.8603290726891383,False
Obesity,NDUFA7,-0.24428885250000043,down,0.0023274488365607167,0.018962158919511987,True
Obesity,NDUFB11,-0.13691057357142888,down,0.013392964403965524,0.06916686670458665,True
Obesity,NDUFV2,-0.05090767919642847,down,0.18215212233991782,0.4109203407176809,False
Obesity,NDUFV3,-0.236319407410714,down,4.7472834003046436e-05,0.0011089852234577764,True
Obesity,NDUFA10,-0.15638078991071325,down,0.01059702905434462,0.05851884325714858,True
Obesity,NDUFS7,-0.06259591321428637,down,0.13688659806363915,0.34266408348106764,False
Obesity,NDUFB1,-0.13099016660714202,down,0.004982495938143414,0.03361610260388614,True
Obesity,NDUFB7,-0.1176321856250011,down,0.2773721803110858,0.5266666655578915,False
Obesity,NDUFB4,-0.05456542812500054,down,0.14164922106891517,0.3496563568281102,False
Obesity,NDUFB3,-0.10268293116071492,down,0.23422156630436414,0.4783111451541346,False
Obesity,NDUFB10,-0.035988943839285525,down,0.675366900185773,0.8395709844110473,False
Obesity,NDUFS8,0.0036446700892858175,up,0.9322951440498383,0.9700870558741846,False
Obesity,CACNA1D,0.010415213571428605,up,0.5452263412076336,0.7579472220775935,False
Obesity,VWC2,-0.00464738982142876,down,0.8332465763046025,0.9240247012603383,False
Obesity,RECQL,0.06196812232142879,up,0.2392419070958015,0.4839353141762439,False
Obesity,ELAVL4,-0.003134590267857451,down,0.8442017270941042,0.9291608657679834,False
Obesity,EBF1,-0.20647321321428613,down,0.0006024467481214286,0.006868075396049644,True
Obesity,PRMT6,0.03249250044642782,up,0.6144027053029222,0.804536813483221,False
Obesity,PPP3CA,0.0921630866071439,up,0.10142213006622074,0.28257061256051436,False
Obesity,CCNE1,-0.1557137617857136,down,0.008014320182562991,0.047605314835087474,True
Obesity,NFIL3,-0.2566528334821445,down,0.08493971258266675,0.25157167181456247,False
Obesity,CRTC1,0.1401279993749993,up,0.03523826927009574,0.1391052391532673,True
Obesity,FOXP2,-0.4164341498214279,down,0.00032642863410823876,0.004473339971298826,True
Obesity,ADARB1,0.09574672258928629,up,0.08120034016516595,0.24442536187639222,False
Obesity,PTBP2,0.03640310866071417,up,0.7223644279078776,0.8654736317067724,False
Obesity,PRKCE,0.00581577982142889,up,0.8782387069375553,0.944852106361347,False
Obesity,LDB2,-0.19400460437500033,down,0.04728990531827896,0.1702598897484018,True
Obesity,TCF4,-0.003801616607145064,down,0.9367985178484041,0.9724341419803664,False
Obesity,PDE4B,0.04050118723214302,up,0.18740077222240456,0.4183110820505062,False
Obesity,ZNF521,0.10532052107142764,up,0.15638963506601503,0.3735782136581702,False
Obesity,RASA2,0.0358973924107131,up,0.5971045686371035,0.7937027415009033,False
Obesity,DNAH8,0.008579799732142845,up,0.5106398536439622,0.733212967199819,False
Obesity,NR3C2,-0.17576381232142868,down,0.0017543417598932618,0.015297318264644564,True
Obesity,RTN4,-0.09545026294642867,down,0.0671080909365769,0.2156472859578333,False
Obesity,NLRC3,0.06965419232142889,up,0.05159679704563856,0.18029739509186157,False
Obesity,MAPK3,0.07693045776785734,up,0.016874208212520784,0.08214854888371835,True
Obesity,GGNBP2,-0.30221993767857125,down,1.22633446327405e-05,0.0004087949312735684,True
Obesity,PAX2,-0.013357979553571209,down,0.6968018503175041,0.8512237241072382,False
Obesity,LRP1B,-1.0692705420535722,down,0.00015573852543599817,0.0026014784455965848,True
Obesity,SLC6A14,-0.023777551339286163,down,0.29299457081837293,0.5427487481979175,False
Obesity,CENPW,0.003928050267857586,up,0.8675217788926405,0.9403010104872045,False
Obesity,ERBB4,0.10475376633928501,up,0.7167785405227839,0.8621499019581674,False
Obesity,VRK2,-0.013401576160712914,down,0.7838224429531292,0.8988902681995363,False
Obesity,SLC35B3,-0.09742083035714177,down,0.0890817732567623,0.25975006337788265,False
Obesity,HS6ST3,-0.0034615665178572286,down,0.859682517922158,0.9365235630096964,False
Obesity,NPY5R,0.3782610208928574,up,0.007779488761783691,0.046590287508916174,True
Obesity,GOLT1B,0.02019391660714298,up,0.6860408093428945,0.8453768821290871,False
Obesity,MAD1L1,0.05650111687500026,up,0.16087463632749166,0.3812159200089104,False
Obesity,BAIAP2,0.08322579687500031,up,0.07741652994715448,0.2366618656839626,False
Obesity,FLT3,0.0530787871428573,up,0.01563330439142939,0.07751098712975661,True
Obesity,CBLN1,-0.10233851946428585,down,0.11237832489737466,0.30228109688926985,False
Obesity,CDKAL1,-0.08231898741071486,down,0.30139924404083474,0.5509510622862744,False
Obesity,H6PD,0.2709524985714289,up,0.001031375301821464,0.010297338557177694,True
Obesity,METTL15,-0.08007376508928576,down,0.05752816306041234,0.19368157939122724,False
Obesity,AR,0.34622628401785693,up,0.007013568418974207,0.043194553906221296,True
Obesity,NTRK2,0.09322684116071223,up,0.2886501759442365,0.5385275153675867,False
Obesity,PDE1C,0.08915492562499994,up,0.009543427589247712,0.05415295695366088,True
Obesity,KCNJ11,-0.0009939993749998877,down,0.9783020934165779,0.9902561808396704,False
Obesity,DDHD2,-0.24802071821428662,down,0.0002469913396731927,0.0036529485364632506,True
Obesity,RGS17,-0.3773106159821422,down,8.449683069008666e-05,0.0016962457104932596,True
Obesity,IL27,-0.0235159748214282,down,0.4225125267465464,0.6636824679102112,False
Obesity,RFX4,0.0011291491071432347,up,0.961861783554265,0.9835780338078814,False
Obesity,PARD3B,0.1316877069642839,up,0.061083386326546925,0.2022144820871791,False
Obesity,ROBO2,-0.024121968571428898,down,0.4681516337620347,0.6993938279342325,False
Obesity,KIT,0.8633771652678579,up,0.0003792745152048967,0.004956907205663996,True
Obesity,GRID2,-0.019670759553570782,down,0.24236340377963317,0.4880260094397447,False
Obesity,PEPD,0.3249162950000013,up,0.11057591126595263,0.29889244524599334,False
Obesity,DCC,0.015258789553571184,up,0.4362461898554237,0.67440568599619,False
Obesity,ASTN2,0.02886526758928598,up,0.3271010340977386,0.5773271236208538,False
Obesity,GDNF,-0.011348180357142468,down,0.6750477687447667,0.8393049120171878,False
Obesity,FBXL17,-0.16074044499999918,down,0.0013538203546779625,0.012597725129809273,True
Obesity,ATOH1,-0.04756382625000022,down,0.3435793069191792,0.5931333908829525,False
Obesity,TFAP2D,-0.024222235982143125,down,0.1817418249484858,0.41037761869034384,False
Obesity,RPS6KA5,-0.023284912589286222,down,0.7501293227422248,0.880905224525977,False
Obesity,DGKI,0.2975202304464286,up,0.051963783554616096,0.18129925657306503,False
Obesity,INPP4B,0.04870169696428528,up,0.282518929630671,0.5316975366545339,False
Obesity,TP63,0.005536760178570965,up,0.8751452892693317,0.9434063376974027,False
Obesity,CUX2,-0.00990949330357127,down,0.6531052078240906,0.8276599524998184,False
Obesity,ZFHX4,-0.10970633517857031,down,0.2729027721003839,0.5223081529758533,False
Obesity,IL13RA1,-0.2036830340178586,down,0.0152608958966742,0.07611574048818245,True
Obesity,TSNARE1,-0.07955496803571371,down,0.01641364501055459,0.0803567654277834,True
Obesity,CACNA1S,0.01120866999999981,up,0.6489278431395069,0.8251442153855426,False
Obesity,CACNA1F,0.02556501142857126,up,0.2960270939093748,0.5461910263601308,False
Obesity,PAPLN,0.12639944964285732,up,0.03198451296157629,0.13008072046177543,True
Obesity,ACE,0.1480712884821429,up,0.021361465816168258,0.09716250150494621,True
Obesity,POLG,0.010951448749999315,up,0.827237487317007,0.9216541259097132,False
Obesity,ARG1,0.002528600357143418,up,0.879571035486996,0.9456456376958163,False
Obesity,IGF2BP1,-0.005440846785714104,down,0.8229510574058452,0.9193121263656815,False
Obesity,EXT1,0.49658203267856926,up,6.932666096738423e-06,0.0002722978947261177,True
Obesity,GLDC,0.022591726071427676,up,0.17926410626201753,0.40745778742163885,False
Obesity,LRFN5,0.00986153732142947,up,0.8226165869036056,0.9192829335045417,False
Obesity,FIGN,-0.2106759225892869,down,0.0427124212469997,0.15909901392746845,True
Obesity,IRF1,0.13768223410714286,up,0.010981020031426966,0.05991507104159196,True
Obesity,NPC1,-0.1052856433035716,down,0.29467596748187463,0.5446850588975819,False
Obesity,FOXO1,-0.21564592669642924,down,0.009760591613718311,0.05505324700404954,True
Obesity,PCDH10,-0.02405657142857054,down,0.2814750882932105,0.5307090828196581,False
Obesity,BBIP1,-0.023123605803570868,down,0.5215374085544484,0.7413860914454373,False
Obesity,SALL4,-0.026232040178571392,down,0.1911500413418408,0.42339471691488156,False
Obesity,PGR,0.02379935142857148,up,0.5991762026114621,0.7948657988590966,False
Obesity,KCNMA1,0.13376290723214312,up,0.058373486258467666,0.1955074616137081,False
Obesity,MMS22L,-0.07140677294642828,down,0.1569185746813261,0.37457447316383774,False
Obesity,NRSN1,-0.008610316428571796,down,0.6167678521179392,0.805615105392223,False
Obesity,C9orf72,-0.35083879803571527,down,0.003018109373639016,0.023074130702188066,True
Obesity,SLC12A2,-0.3804234077678572,down,0.006835946271387901,0.04248294182526812,True
Obesity,SEMA3F,-0.04027448446428483,down,0.41209144427913724,0.6556765659856303,False
Obesity,PACRG,-0.002742223571428948,down,0.8879252233617964,0.9502844869871485,False
Obesity,ARHGAP18,0.3859252928571424,up,2.1994166784133125e-05,0.0006162732787256359,True
Obesity,MAGI2,-0.022094727053571184,down,0.5914137678208623,0.7893439236727353,False
Obesity,THRA,-0.023664201696430354,down,0.721202071738131,0.8646155424213797,False
Obesity,HOMER1,-0.032836915178571235,down,0.37229405210710365,0.6211395397735543,False
Obesity,GRID1,-0.028394428750000422,down,0.2914655372508108,0.5410535667657662,False
Obesity,SCAPER,-0.2850254614285719,down,0.002487499326872488,0.019864810748970393,True
Obesity,BANP,0.036834718303571545,up,0.26229634070907404,0.5103763027876947,False
Obesity,KCNB2,-0.0489501953571434,down,0.04822264466477732,0.17222745583118645,True
Obesity,MDGA2,0.010855538392857689,up,0.6015770399108141,0.7964600697236386,False
Obesity,RET,-0.3095833922321436,down,0.004091178803629685,0.02897308940143393,True
Obesity,ZFPM2,-0.013362339285714508,down,0.621169747399383,0.8079995647319844,False
Obesity,LANCL2,0.0842285149999995,up,0.07028386035630456,0.22218504994507415,False
Obesity,HIP1R,-0.041067942410713876,down,0.43257029832778626,0.6714692892472424,False
Obesity,SPATA19,0.0026157929464281082,up,0.8953503075844528,0.9538914683690575,False
Obesity,HNF1A,-0.007659913660714501,down,0.7582357399173746,0.8851598396666354,False
Obesity,FGF5,0.08300781223214315,up,0.14322859784281447,0.35239946112671555,False
Obesity,VKORC1,0.09119524241071453,up,0.05371606733591955,0.18532289409019356,False
Obesity,STK39,-0.3282470716964294,down,0.0013691235249197577,0.012698269275888217,True
Obesity,PPL,0.36708286821428526,up,0.13735087838607218,0.343285993522693,False
Obesity,ARHGAP15,0.1752929674999999,up,0.0001200332364686057,0.0021878819259057076,True
Obesity,AGBL4,-0.1511012461607142,down,0.0009720816678300983,0.009857877137977072,True
Obesity,ABCG2,0.1564985020535712,up,0.005676320617876181,0.03699683256395835,True
Obesity,RAB27B,0.3508605966071432,up,0.00034471762446430625,0.004631233093933308,True
Obesity,ZNF608,0.02833775089285684,up,0.6674717172358872,0.8353198083816511,False
Obesity,TMEM60,0.027927942857143506,up,0.5008414188987326,0.7256226333335095,False
Obesity,GPM6A,0.009381976964285776,up,0.7224921711001947,0.8655189471741352,False
Obesity,KCNH2,-0.07424490580357057,down,0.09073905438456734,0.26269078377401217,False
Obesity,MYO19,0.08195277857142891,up,0.2837724303898201,0.5326836146557806,False
Obesity,TSKU,0.29526192553571473,up,0.16473210128852084,0.3867265878898082,False
Obesity,RELN,0.2776663631249998,up,0.011387932236088995,0.06138796998406835,True
Obesity,CELF4,-0.02590942482142955,down,0.38872568912663413,0.6360870044190067,False
Obesity,BLID,0.09368024375000017,up,0.0054600559837053985,0.03591899339819479,True
Obesity,BBX,0.03517368946428512,up,0.10025795835975576,0.28029533691467245,False
Obesity,THSD7B,-0.12993077026785782,down,0.057229762146993116,0.19296460858878658,False
Obesity,GBE1,-0.5249023454464297,down,1.2337795700221435e-05,0.00040915826445492054,True
Obesity,TRIM66,0.011531285178571604,up,0.790036707815422,0.9024880631918811,False
Obesity,MACROD2,0.033652170535714454,up,0.3821833149093523,0.6302926817520674,False
Obesity,RIT2,-0.0007934552678565687,down,0.9595117535251608,0.9830010274297665,False
Obesity,PXDN,-0.2582484654464299,down,0.00021000069245293002,0.0032438562790672444,True
Obesity,ENO4,0.08201381196428592,up,0.007960669209306845,0.047373848069297966,True
Obesity,PDE5A,0.07135881473214312,up,0.45337165208253016,0.6884077233549345,False
Obesity,KCNQ1,0.21576799749999953,up,4.165455701040991e-06,0.00019081673742862016,True
Obesity,RLF,-0.33345249812499933,down,0.00024480765021120675,0.00363972085080309,True
Obesity,AFF3,0.5523420050892858,up,0.0001710901404090345,0.0027918350657497363,True
Obesity,DPF3,0.012159075446428247,up,0.6052661385974302,0.7983955653340554,False
Obesity,TRPS1,0.030909945624999935,up,0.6284708007333811,0.8130017507024103,False
Obesity,RASGRF1,0.07441057437499987,up,0.003802622258761281,0.02739343575498079,True
Obesity,LAMB1,-0.5718645359821437,down,0.0005400197383950714,0.006348675571012125,True
Obesity,BNC2,-0.29139055500000133,down,4.186245790286784e-05,0.0010004462955326638,True
Obesity,POGZ,-0.1464582174107134,down,0.014707682850922993,0.07404331464673314,True
Obesity,TRHDE,-0.152526857232143,down,0.21471078377092537,0.4545423775746204,False
Obesity,AGTR1,-0.3286568801785714,down,0.000394243780579048,0.005079065339758826,True
Obesity,PML,0.008806499910714471,up,0.9006161342756428,0.9560694313267001,False
Obesity,IMMP2L,-0.3299255360714284,down,6.407209465707809e-07,5.0594551948792014e-05,True
Obesity,SLC5A2,0.024030414196428485,up,0.4537505428525786,0.6885374091098995,False
Obesity,AP3B1,0.0923810683035704,up,0.12880970123589316,0.329860334812497,False
Obesity,ESR1,-0.39385114339285643,down,0.0006036954143765445,0.006874373175696839,True
Obesity,BCL2,-0.2881208156249979,down,0.0008608904523652299,0.00903035298477304,True
Obesity,PSAT1,0.38549804839285695,up,0.040169233441242486,0.15236512731558957,True
Obesity,ATP13A2,0.13259451642857112,up,0.0917460139846971,0.26462221964628346,False
Obesity,MYC,0.0209960946428569,up,0.6179150173112608,0.8060360525440037,False
Obesity,ADORA2A,0.006038119553571253,up,0.8239978741771469,0.9198125699267464,False
Obesity,CDH5,-0.12833077625000122,down,0.20316132190864775,0.43966040605495754,False
Obesity,AKAP6,-0.051762175535714494,down,0.19499998716995484,0.42861095338311,False
Obesity,EHBP1,0.2811453699999973,up,0.0005338248355672242,0.006288941098826391,True
Obesity,HIVEP1,0.03937639705357121,up,0.7057613600985148,0.8561024039351626,False
Obesity,SLC6A1,0.014753069375000205,up,0.7162865732578767,0.8621499019581674,False
Obesity,PCDH9,0.38342285374999996,up,0.0024064913133645055,0.01941087403051663,True
Obesity,KIF18A,0.008462090714285608,up,0.6557012524196907,0.8289496800630483,False
Obesity,PPP1CB,0.04370989142856985,up,0.3082275425129022,0.5575945866798608,False
Obesity,BARHL2,-2.615883928536178e-05,down,0.9995160254043028,0.999986298388176,False
Obesity,SLC35G2,-0.14619227973214333,down,0.00023460278903074662,0.0035274762899270185,True
Obesity,CWC27,-0.026567732321428394,down,0.6697920401126379,0.8369426880952432,False
Obesity,COL16A1,0.17346627276785664,up,0.0004116044972699958,0.005234051782852244,True
Obesity,GADD45G,0.01014055517857182,up,0.8931169000478941,0.9527429458982696,False
Obesity,PLEKHA5,0.0747157519642867,up,0.3245725710866745,0.5748983373822082,False
Obesity,SWAP70,0.19545200821428477,up,0.02435962015959894,0.10690749807910332,True
Obesity,SETBP1,0.21749441910714218,up,0.03847947454046813,0.1477172281186354,True
Obesity,YWHAZ,-0.05862862473214214,down,0.19193993333962736,0.42435354425277966,False
Obesity,CHORDC1,-0.10946219160714277,down,0.004795316459910566,0.03271825587027801,True
Obesity,MANF,0.05236380473214286,up,0.2628375735286655,0.5108807780851521,False
Obesity,CALCRL,-0.8221348364285728,down,1.8136343335563126e-05,0.000539645820672408,True
Obesity,HSD17B12,-0.06442260785714327,down,0.006945961076795279,0.04293037355181844,True
Obesity,PON1,-0.007956368392857627,down,0.6624759356821751,0.8330350697911757,False
Obesity,HNF4G,0.006940566696428618,up,0.7510772469024372,0.8812676900769714,False
Obesity,CDH20,-0.2391880560714279,down,0.17258243129408715,0.39783268016521084,False
Obesity,PAFAH1B2,0.12515694741071393,up,0.050367628574641346,0.17753559615870695,False
Obesity,HACE1,-0.1828264517857141,down,0.002117344075807031,0.017664609755458437,True
Obesity,RWDD3,0.17262485964285634,up,0.0020021557758589524,0.016890805394844447,True
Obesity,TMEM161B,-0.13110351669642828,down,0.004389043047523533,0.030573822074812122,True
Obesity,PDE4C,0.011474611160714243,up,0.604290116957491,0.797900374261458,False
Obesity,LZTS1,0.029911585892856696,up,0.42295087866430164,0.6638811957015978,False
Obesity,HMBS,0.17402866812499962,up,0.0049446412637395454,0.03344388812006496,True
Obesity,SLC24A3,0.7440272777678576,up,6.456674308198114e-07,5.080750263984188e-05,True
Obesity,CPNE8,0.053344726785714336,up,0.33648261142800134,0.5857193846531511,False
Obesity,ZMIZ2,0.05648367607142735,up,0.2717561152384881,0.5212621119879408,False
Obesity,CCDC149,0.09278215669642798,up,0.016396381357077376,0.08032448515579946,True
Obesity,RPTOR,-0.00040980901785836465,down,0.9924008384455275,0.9963169368004022,False
Obesity,METAP2,-0.19818115160714278,down,3.886728986511734e-05,0.0009458824076657435,True
Obesity,ZFP64,0.030962264642856674,up,0.2965508828516178,0.5466741603396406,False
Obesity,STK35,-0.14665003937499943,down,0.009923124389476597,0.05574722418207449,True
Obesity,STK24,-0.33511788678571364,down,2.3820271250280138e-06,0.0001256908892327866,True
Obesity,PDE4A,0.17878069116071593,up,0.014618579376339015,0.0737097558908775,True
Obesity,MSRA,0.05419049669642817,up,0.2796148243969828,0.5290567354374547,False
Obesity,SNRNP35,-0.09423828232142828,down,0.0007290979433305285,0.007886403042276082,True
Obesity,GFI1,4.7955982142688924e-05,up,0.9980795639640605,0.9992827942576002,False
Obesity,NPR3,1.554024833303572,up,0.00019399960449599057,0.0030552908423552654,True
Obesity,SLC25A37,0.30169677651785687,up,0.008784854973858358,0.051041205230156206,True
Obesity,SORCS3,-0.015851703660714644,down,0.3645166937665252,0.6136597101769068,False
Obesity,ELMOD1,-0.058842248839285904,down,0.026157689546160334,0.11237307603395186,True
Obesity,PIGX,0.0021972664285714316,up,0.9601733563405696,0.9830698648832815,False
Obesity,STK33,-0.025142125178571284,down,0.24024817385678265,0.485396739880263,False
Obesity,RSRC1,0.057364326160714185,up,0.06418315139505505,0.20898765836493668,False
Obesity,ADORA2B,0.0486014244642865,up,0.45545942265675965,0.6900178172187738,False
Obesity,PDE4D,0.06261335151785774,up,0.1892376205939999,0.42080059728902836,False
Obesity,BPTF,0.07599748991071387,up,0.18267208947277133,0.41164103658482015,False
Obesity,SOX11,0.005453929017857906,up,0.7717391072147878,0.8914527277486937,False
Obesity,MINK1,0.03146798339285617,up,0.5050120016882625,0.7283473431335157,False
Obesity,CBLN4,-0.024270195624999324,down,0.3164463951968168,0.5662936124504683,False
Obesity,ZC3H4,-0.19689941428571434,down,0.01694962190223279,0.08242684346253776,True
Obesity,NKX2-4,0.007219586517856591,up,0.8518378835072307,0.9327017725747745,False
Obesity,FRRS1L,0.006447927053571334,up,0.8162614021790712,0.9169302188868567,False
Obesity,ANGPTL7,-0.05127389258928616,down,0.06114674339227314,0.20236489636153235,False
Obesity,CCK,0.022356305982143,up,0.2767206962803802,0.5262703330354616,False
Obesity,TBX15,-0.5889195047321412,down,1.033277136156047e-05,0.0003651882761024752,True
Obesity,RSPO3,0.040413992321428616,up,0.9136881201030285,0.9613954307207144,False
Obesity,UBASH3B,0.12061854803571359,up,0.0015126291372567296,0.013664486574322392,True
Obesity,ATP2B1,0.5708618150892857,up,9.692832925033174e-05,0.0018757749681143892,True
Obesity,CCDC3,0.05729893303571476,up,0.629313784711491,0.8135330574656161,False
Obesity,HMGB1,-0.21414620419642816,down,0.0023036711884081786,0.01881595302676684,True
Obesity,ADORA1,-0.07421439169642863,down,0.3199343456619186,0.5701730947028231,False
Obesity,ADORA3,0.06617954901785739,up,0.03968125073996687,0.15099601798001883,True
Obesity,CSNK1G2,0.06747000374999867,up,0.5140097856334761,0.7355748466846235,False
Obesity,ZNF331,-0.11172049383928506,down,0.019138145837629014,0.08960434653614144,True
Obesity,KLF7,0.23736572249999988,up,0.044624309952311494,0.16392248145136676,True
Obesity,ZBTB7C,-0.23152378651785632,down,0.0031518566667431344,0.02377472644012256,True
Obesity,OPCML,-0.04454694214285704,down,0.09134959243923066,0.26384949426366355,False
Obesity,MAF,0.49113246446428516,up,0.002201840262954643,0.018183174405938876,True
Obesity,GRB14,0.19076102196428524,up,0.13061590251252037,0.3330231231364823,False
Obesity,PLCL1,-0.045052664285714084,down,0.5307665688673049,0.747554543300422,False
Obesity,MST1,-0.05793108187499918,down,0.31041033661260214,0.5600181314697797,False
Obesity,HIVEP3,0.19543021008928552,up,0.010737268614285953,0.0590608544450594,True
Obesity,SLC7A10,-1.4938005737499989,down,0.0002731774518395231,0.0039471782292666594,True
Obesity,APOBR,0.06823294401785729,up,0.0887520622893347,0.25914272283129264,False
Obesity,GTF2IRD2,-0.17885044866071365,down,0.049834156040951594,0.17621020510863486,True
Obesity,SNTG2,-0.05599975446428607,down,0.12431672049318342,0.32228147063039875,False
Obesity,DRD2,-0.008754186874999625,down,0.7237608719034709,0.8662935766023702,False
Obesity,MON1B,0.117265974464285,up,0.15844206732943716,0.37697594274842067,False
Obesity,NOL4,-0.027505057410714517,down,0.18517619236784422,0.4152123836810359,False
Obesity,TTC34,0.05375889383928545,up,0.16686720133525573,0.3895925643497793,False
Obesity,DIDO1,-0.05902099919642989,down,0.26009761507719403,0.5084814118103378,False
Obesity,KLF12,0.25506591526785716,up,0.07631717950389412,0.23456004108817974,False
Obesity,MOV10,0.10052490214285736,up,0.09286645020156012,0.2668994542316154,False
Obesity,INSR,-0.5804966506250011,down,1.3042110028231342e-08,3.5919879619216662e-06,True
Obesity,BEND5,-0.09826660241071439,down,0.004843298449632005,0.032965959067657986,True
Obesity,MTNR1B,0.03424072321428584,up,0.17328085268579085,0.39903892903598454,False
Obesity,MRAP2,0.004237584821428442,up,0.86643346908352,0.9398507645381954,False
Obesity,IGF2BP2,-0.07418387160714257,down,0.46511699352281805,0.6973049775437681,False
Obesity,KCNJ8,-0.18988909017857214,down,0.004658726898678844,0.03196347976059458,True
Obesity,IL17A,-0.007193429642857296,down,0.7044424962535641,0.8554675127918747,False
Obesity,CSMD2,0.030626569821428085,up,0.07204883155691266,0.22534656003560002,False
Obesity,LRGUK,0.09743390732142831,up,0.11237820398894895,0.30228109688926985,False
Obesity,WWP2,0.29249790803571507,up,4.812044737362348e-05,0.0011204615353715586,True
Obesity,EVI5,-0.023768832321428235,down,0.6623656065269661,0.83294531197756,False
Obesity,RBM19,-0.013462611517858214,down,0.7775634677417064,0.8949636682565171,False
Obesity,KCNG2,-0.020324709017856435,down,0.7346330120749558,0.8722013502983536,False
Obesity,NFAT5,0.009521483392857633,up,0.9021262591057932,0.9568224034023028,False
Obesity,EXOC4,-0.038408552678571795,down,0.468007057889626,0.6993058075679129,False
Obesity,CDH22,-0.0033176966964285626,down,0.9191529642248023,0.9638544102110985,False
Obesity,PHACTR1,0.032727922321428515,up,0.3281823935140221,0.5780643134040286,False
Obesity,KLF16,0.20555768785714257,up,0.007638711649011707,0.04597650227235389,True
Obesity,KSR2,-0.026035852053571062,down,0.3710094920967636,0.6197853664851919,False
Obesity,NTAN1,0.3191964295535721,up,0.04245644026452783,0.15840173820045256,True
Obesity,MRAS,-0.061802454910714566,down,0.46359923781417356,0.6961386427390489,False
Obesity,MAST4,0.10430908241071357,up,0.14053594861010849,0.3479751048502749,False
Obesity,TNRC6B,0.13501848517856985,up,0.030330358785847618,0.1251106525697868,True
Obesity,TTLL7,-0.9523402626785717,down,2.2583521008095304e-08,5.258002458214684e-06,True
Obesity,MC3R,-0.018611362232143325,down,0.34403531401513954,0.5934202067050833,False
Obesity,TRIB1,0.07708740241071599,up,0.40619495825624236,0.6515274813394161,False
Obesity,CCR1,0.6241803856250003,up,0.0013787758469146906,0.012761587592918596,True
Obesity,GPR26,-0.017979214821429057,down,0.4168904612752974,0.6588100327087899,False
Obesity,NCAM1,-0.17175728937500034,down,0.0017173378223067782,0.015056039355192655,True
Obesity,ISL1,-0.0033351348214276655,down,0.8546359413893849,0.9344516146375149,False
Obesity,ALPK1,0.08345249732142879,up,0.20536922307146527,0.4429432273752241,False
Obesity,QRFPR,-0.02052961044642876,down,0.375085941592817,0.6230923799140993,False
Obesity,THUMPD3,-0.10519845008928552,down,0.02329446857667799,0.10362069693435015,True
Obesity,LMO3,-0.1270577572321434,down,0.3691205080199995,0.6178179465740509,False
Obesity,LRRC37A,0.05834524901785709,up,0.6844928830965047,0.8444546980669236,False
Obesity,MTNR1A,0.024230957053571256,up,0.38431113433833636,0.6323278359121862,False
Obesity,DNM1L,0.13378906508928612,up,0.008232797129689547,0.04849660591772198,True
Obesity,LRRK1,0.5801653196428562,up,2.1212927845086892e-08,5.042871183720446e-06,True
Obesity,DNASE1L3,0.04781668500000036,up,0.5227273540749253,0.7422833604393935,False
Obesity,TNS3,0.2961338597321417,up,0.001722788917776994,0.015084430290805884,True
Obesity,RCAN2,-0.2839442657142852,down,0.12580724716606767,0.32467513787909724,False
Obesity,FOCAD,0.12021310026785681,up,0.07256175480168227,0.22640711114136397,False
Obesity,WNT5A,-0.011705672678571144,down,0.5864169196712602,0.7856574141440683,False
Obesity,DIAPH3,0.044015069821428554,up,0.07031360709829182,0.22218504994507415,False
Obesity,GIGYF2,-0.022678917857143155,down,0.48199864087034633,0.711315422295786,False
Obesity,FOXO3,-0.004682269374999493,down,0.9696337785191658,0.9872764185055608,False
Obesity,GHRL,0.03946794848214319,up,0.05047039032021345,0.17770865216584045,False
Obesity,SH2B1,-0.006164549375000661,down,0.8764328225993299,0.9439793430743642,False
Obesity,CPSF6,-0.18193708241071693,down,0.006414272700965353,0.04054294281516976,True
Obesity,MYH9,0.16695731071428455,up,0.08014467761526277,0.2421711799923862,False
Obesity,EN1,0.09701974205357278,up,0.10249774001792518,0.28447084037868664,False
Obesity,CDH8,0.0326886883035713,up,0.07118247948925388,0.22377298396232037,False
Obesity,MTUS2,-0.021161758214285786,down,0.25167957066525115,0.4994154321914176,False
Obesity,CSRNP3,0.09107317339285714,up,0.012002116405694744,0.06383791731187237,True
Obesity,GNAQ,-0.25389752901785734,down,6.478168130392892e-05,0.0013893917289344072,True
Obesity,IL1R1,0.08146449473214279,up,0.21206465088712728,0.4517751226898295,False
Obesity,BTBD9,-0.21405029232142958,down,0.0007498822540352706,0.008060609626431485,True
Obesity,DMRTA2,-0.0038277733035720907,down,0.8914552645408275,0.9520322359857213,False
Obesity,EFEMP2,0.031093052678571098,up,0.6311401033957024,0.8146691294600985,False
Obesity,SEC22A,-0.025094168749999923,down,0.6152957667587243,0.8051882677037149,False
Obesity,ZBTB20,-0.019470212142858045,down,0.8135677803672171,0.9153853503294754,False
Obesity,IRX3,-0.08485630633928576,down,0.16572756883811368,0.388135581731822,False
Obesity,FBXO11,-0.3151506691964272,down,7.770781800728187e-08,1.193845824405751e-05,True
Obesity,EBF2,-0.16346958758928487,down,0.09732578430932418,0.274682018600572,False
Obesity,IL23A,0.04048374758928608,up,0.07556125226282108,0.23274349714996606,False
Obesity,PKP4,0.05509730741071461,up,0.45936739921583336,0.6933631413572396,False
Obesity,CREBBP,-0.018467493035716487,down,0.7531553132332147,0.8826133949869256,False
Obesity,GHRHR,0.0068446568750002434,up,0.7782874256311124,0.8954559019080192,False
Obesity,BTBD7,-0.03976876437500021,down,0.5166223142249007,0.7375786349385269,False
Obesity,SHANK2,0.02536446767857159,up,0.5714164472780552,0.776559697034998,False
Obesity,TBL1XR1,-0.004272461428571184,down,0.9463094602197782,0.9769807016961587,False
Obesity,SKIDA1,-0.06234741142857114,down,0.11013441583705076,0.2983775968406855,False
Obesity,CEP57,-0.26320975160714255,down,2.787004245374172e-07,2.8352118863752387e-05,True
Obesity,ELP3,0.06331961446428647,up,0.329260416766106,0.5787475160358061,False
Obesity,PRKCZ,-0.03416660857142828,down,0.21902660986418068,0.46013925183001453,False
Obesity,DHRS11,0.14169747633928598,up,0.536721791466443,0.7515702466814328,False
Obesity,CENPO,0.10972813071428567,up,0.021164111803532018,0.09638441237567394,True
Obesity,C1QTNF4,0.05648803848214312,up,0.12756687288734408,0.32783002472550965,False
Obesity,BOD1L2,0.02568272196428545,up,0.15614581578585995,0.37312241257110207,False
Obesity,GRIN1,0.020486013303571138,up,0.4329148805262303,0.6715482269660997,False
Obesity,ZRANB1,-0.21807861330357348,down,0.0014591036971987898,0.013292617143016324,True
Obesity,ADCYAP1,0.026358468124999312,up,0.3815826416249239,0.6295319145633196,False
Obesity,COG6,-0.09742082901785754,down,0.23153179681928338,0.47541346738644613,False
Obesity,LRRC40,-0.10818045366071338,down,0.14387652192865946,0.3534256011060621,False
Obesity,TPCN2,0.06993757107142784,up,0.5958629604069104,0.7929380315088006,False
Obesity,TNRC6C,-0.3825945175892862,down,1.5041776119641146e-05,0.0004711559942940023,True
Obesity,MEF2D,-0.12410191312500007,down,0.03444062991186349,0.13698611939583039,True
Obesity,CARD11,0.07587977660714307,up,0.00446265013191949,0.03092497409612451,True
Obesity,GRIN2A,0.014971052321428147,up,0.5994854247688125,0.794995821079205,False
Obesity,CDK5RAP3,0.015293666785713533,up,0.7626320670187422,0.8876150588307191,False
Obesity,TTLL11,-0.00834437892857176,down,0.8536293833384064,0.933712694014364,False
Obesity,CUL2,-0.13941301857142818,down,0.0024458540959848138,0.019589912817535495,True
Obesity,CACNG5,0.0035574781249998466,up,0.9049798813811495,0.9576501156719189,False
Obesity,ASXL3,0.0030473954464285136,up,0.9062766858019562,0.9580616540222189,False
Obesity,TLR4,0.04105050053571446,up,0.7192159640923889,0.8635179868720101,False
Obesity,PAX5,0.03269304714285726,up,0.17572229605065665,0.4025268621572198,False
Obesity,GRIN2B,0.4654366624107147,up,0.017814420517131335,0.08530976949934141,True
Obesity,NUCKS1,-0.08851841750000133,down,0.09559691520724692,0.27163572383498547,False
Obesity,UBN1,-0.1138218482142852,down,0.04217189248167437,0.15760549723748699,True
Obesity,TRPM3,0.12821742348214205,up,0.035137351809211945,0.13885248525970997,True
Obesity,SULT1A1,0.02600097696428527,up,0.4454729792313998,0.6812503807112215,False
Obesity,ZSWIM6,0.5372488861607145,up,1.5385601634521311e-06,9.216669159523324e-05,True
Obesity,GRIN3A,0.03834315982142833,up,0.12433004524608723,0.32228147063039875,False
Obesity,MEF2C,0.07666015705357143,up,0.2551509863796632,0.503216302191801,False
Obesity,GRIN2D,0.0887581966071429,up,0.04763885366680317,0.1710454485232246,True
Obesity,ARL14EP,-0.027195522767858193,down,0.6037038006844194,0.7977325279186079,False
Obesity,GRIN3B,-0.02207292633928626,down,0.566004373811901,0.7724940401111905,False
Obesity,GRIN2C,0.05277361241071432,up,0.14768978869016622,0.3590519770366164,False
Obesity,PIK3R1,0.035417830000000095,up,0.5772771728096042,0.7799717421915705,False
Obesity,FAM120B,-0.09749930258928607,down,0.1579990433114583,0.3763183288489743,False
Obesity,NRXN1,-0.020760670446428264,down,0.21176406907115988,0.45130506142333443,False
Obesity,PCSK2,0.02250453285714249,up,0.40208509533322345,0.647326047405583,False
Obesity,RUNX2,0.08405848848214292,up,0.0002708390733554334,0.003920916431191736,True
Obesity,IL12B,-0.00926862285714325,down,0.5794412877083873,0.7811824202645973,False
Obesity,RSRC2,-0.06803675892857175,down,0.2325583593410686,0.47646673664085404,False
Obesity,JPH3,-0.016235350803571524,down,0.5746403304017867,0.7780129001463499,False
Obesity,GNB1,0.1464146204464285,up,0.0003571723475513063,0.004761735712573024,True
Obesity,COL25A1,-0.04885428241071388,down,0.5147264064569812,0.736152312293361,False
Obesity,PRR16,0.11907523035714229,up,0.23425019320819715,0.4783111451541346,False
Obesity,RPA3,-0.2123238680357149,down,0.00017670879703262106,0.0028566868090083852,True
Obesity,MCTP2,0.045876639553571685,up,0.1597522768497121,0.37942305699578827,False
Obesity,EMC1,0.05437360142857095,up,0.37261070547583536,0.6212654243238291,False
Obesity,FAM177A1,0.02766200348214376,up,0.5235153910054968,0.7429209209513871,False
Obesity,DIXDC1,0.22776576464285725,up,0.014127294808257791,0.0720367635921639,True
Obesity,HDAC9,-0.03458513651785733,down,0.5406566133456114,0.7541846862309499,False
Obesity,CACNA2D1,0.6669573106250013,up,0.00021013822778406742,0.0032438562790672444,True
Obesity,PRKD1,0.04731096580357086,up,0.7452437547648996,0.8788158879129476,False
Obesity,DLG2,-0.012093679107142208,down,0.5663812838429455,0.7727583554415483,False
Obesity,UCP2,-0.18826729616071347,down,0.18996728167788998,0.42147765884796806,False
Obesity,ZPLD1,0.0078909730357144,up,0.6961769253744703,0.8507712519868847,False
Obesity,SOX6,-0.0720563616964287,down,0.03404691065543992,0.13589880350697334,True
Obesity,TP53,0.2503923683928573,up,0.0006147163231535528,0.006962263511584673,True
Obesity,TRPC5,-0.00021362294642912616,down,0.99038368181733,0.9956069730704846,False
Obesity,TIMM17A,0.11204310910714366,up,0.01788190930516691,0.0855163971848251,True
Obesity,XXYLT1,0.169259207857142,up,7.034336538006773e-07,5.313159076065049e-05,True
Obesity,PHTF2,0.2465122774107149,up,0.00037878943428920733,0.00495630393046782,True
Obesity,BUB3,-0.1188354492857151,down,0.006865020289111353,0.04253487468018952,True
Obesity,PRKG1,-0.06266566857143019,down,0.523290847114716,0.7427790805628137,False
Obesity,BACE2,0.2487880151785724,up,4.4403994430330184e-05,0.0010533821535867404,True
Obesity,PRKCH,-0.042654856160715404,down,0.4580007107255117,0.6921962156879445,False
Obesity,SMARCAD1,-0.06715611214285744,down,0.1333435145003037,0.33701403969747323,False
Obesity,PTGES,0.40493338339285767,up,0.017887861331080133,0.0855163971848251,True
Obesity,PDS5B,-0.058079310357142866,down,0.12560881472628502,0.32438530266191207,False
Obesity,NPTX1,-0.03232247383928577,down,0.3725845894671044,0.6212654243238291,False
Obesity,GUF1,-0.10201590205357114,down,0.3280838363141013,0.5780049426100058,False
Obesity,CALN1,-0.026563374107143378,down,0.17037811739719488,0.39444586399777026,False
Obesity,SLC10A7,0.04323032946428462,up,0.2596392471923453,0.5078109256596455,False
Obesity,NKAIN2,0.09589495071428589,up,0.02212003413983429,0.09977208927781459,True
Obesity,NCKAP5,0.17411150491071448,up,0.006290468114440203,0.03991681143481808,True
Obesity,DDC,-0.0009242458035711998,down,0.9633971407884581,0.9840838201541828,False
Obesity,DUSP26,-0.018062043660714622,down,0.5556699086260916,0.7654536712610022,False
Obesity,PRSS53,0.03316824598214252,up,0.22002615441652132,0.46129508645959133,False
Obesity,ATP11B,-0.2021745969642872,down,0.0029995186720543072,0.022960792121907665,True
Obesity,ZDBF2,-0.538792200714286,down,8.643496625366976e-06,0.0003200077504709636,True
Obesity,SHISA9,-0.02309744508928535,down,0.1845409537394787,0.4141580939334579,False
Obesity,DMD,-0.7290562240178575,down,1.2643813538208886e-07,1.6601621217843573e-05,True
Obesity,GRM5,-0.012612477767856678,down,0.6523663691690296,0.8271878098542117,False
Obesity,FAM170A,-0.02877807687499967,down,0.20863158944530408,0.44716103407352636,False
Obesity,FARS2,0.0360804950000011,up,0.33318080195844746,0.58262138841886,False
Obesity,IRF2BPL,0.1015101835714276,up,0.1376960048333299,0.3436184471435009,False
Obesity,ARL8A,-0.10646275107142955,down,0.23076997730624588,0.4746115260435531,False
Obesity,CAMTA1,-0.09744262812500004,down,0.006117194367056087,0.03910294865145617,True
Obesity,MASP2,-0.06423078392857162,down,0.017501417556371725,0.08434742084786577,True
Obesity,REG3A,-0.013349261964285652,down,0.488593782188029,0.7161551617449454,False
Obesity,CTNNB1,0.09239850785714232,up,0.025591073985195563,0.11076060078222626,True
Obesity,RALY,0.034816196696428214,up,0.3707814470707181,0.6196794346662545,False
Obesity,DPYD,-0.031005860535715968,down,0.540897487647219,0.7544237191838435,False
Obesity,DCAF12,0.1056344166964287,up,0.15092253304359532,0.36469446675118306,False
Obesity,CCDC171,0.005379812321427924,up,0.844531228079029,0.9293161236606879,False
Obesity,THUMPD2,-0.06395176535714331,down,0.23679017523698184,0.48121232006493814,False
Obesity,FGFR2,0.12043980401785603,up,0.5073472108668078,0.7301619661527808,False
Obesity,AP1S1,0.05469621955357251,up,0.0641645527206772,0.20898765836493668,False
Obesity,SH3BP5,-0.02651541705357019,down,0.49167603128180765,0.718432505636644,False
Obesity,DOK5,0.4120526995535716,up,0.00024387758419003902,0.003630673277091523,True
Obesity,DEFB136,-0.015481131249999613,down,0.41145213634224687,0.6553057155961427,False
Obesity,NUCB2,0.0912998734821433,up,0.0018720410173918567,0.016081466084738566,True
Obesity,SSR3,-0.06113106758928577,down,0.2392462709341907,0.4839353141762439,False
Obesity,EHMT1,-0.11988176508928472,down,0.0068250990980210586,0.04244719019124039,True
Obesity,MEMO1,0.06379917830357051,up,0.02256914123990063,0.10119148019891124,True
Obesity,PLXNA2,0.072108676428571,up,0.4583482239265832,0.6923507651098892,False
Obesity,SNAP25,0.08493913732142921,up,0.011024049977471065,0.060037078985670914,True
Obesity,ZEB1,0.16469028919642792,up,0.01565105602283919,0.07756494387092391,True
Obesity,PIK3C2A,-0.05297851392857389,down,0.27610930716804305,0.5255944532268277,False
Obesity,ARHGAP42,0.07098388794642929,up,0.25762478394876487,0.5058095398843829,False
Obesity,C17orf67,0.01583426142857114,up,0.49162180224367796,0.718432505636644,False
Obesity,USP38,-0.15166364133928578,down,0.0005338235796178358,0.006288941098826391,True
Obesity,MSANTD1,0.038975306696429346,up,0.16301440769711406,0.3842766670878837,False
Obesity,RBM15B,0.02426583508928637,up,0.6099801928119488,0.8018038923499827,False
Obesity,KLHL21,-0.15179443312499874,down,0.1077765746862527,0.2938580421000037,False
Obesity,RSBN1L,-0.04913330071428623,down,0.30145750828028256,0.5509967924087004,False
Obesity,SAE1,-0.08648681446428563,down,0.08824289144149143,0.25833318542237976,False
Obesity,PGPEP1,0.16549246571428444,up,0.23256362754958346,0.47646673664085404,False
Obesity,BTRC,-0.04679652446428495,down,0.4467394266716943,0.6824534909460948,False
Obesity,SEMA6D,-0.08773367598214232,down,0.0945969599986423,0.2700017993896401,False
Obesity,ITGAX,1.9725864943749984,up,3.2111356787100446e-08,6.696932412206344e-06,True
Obesity,KDM4E,0.008767264553570797,up,0.6091370504905544,0.8011152543838039,False
Obesity,GTF2I,-0.013026645714286467,down,0.8344437077214274,0.9243673269819355,False
Obesity,DNAJC19,-0.37923758410714203,down,1.0505220797008391e-05,0.0003695481409340148,True
Obesity,TTI2,-0.04120744955357125,down,0.2809909503653934,0.5302389390919156,False
Obesity,MPPED2,-0.00010899464285651916,down,0.9985936186550057,0.9995230369944001,False
Obesity,PCLO,-0.022739957767856644,down,0.9156047152775847,0.9619919464912293,False
Obesity,CLVS1,-0.2376360196428573,down,0.0028803342476985284,0.022158892923124708,True
Obesity,TIGIT,0.03327723928571347,up,0.196066560911249,0.43019209284170284,False
Obesity,KCTD8,-0.14370727544642836,down,0.0038517787540913273,0.027658444914494817,True
Obesity,SNTB1,-0.008326941607142757,down,0.9329370937714717,0.9704058274564719,False
Obesity,MFAP3,-0.05896868053571236,down,0.2514440703596119,0.49920572831828025,False
Obesity,ZCCHC7,-0.16455950294642818,down,0.0012688032508988416,0.011979369823703779,True
Obesity,PDZD2,-0.16259765589285813,down,0.18303539670120988,0.41200751511014894,False
Obesity,ANKS1B,0.09248569919642868,up,0.2690683022272587,0.5176776837333324,False
Obesity,ADPGK,0.04686628035714069,up,0.5041951422727916,0.7278199484236961,False
Obesity,CTNNBL1,-0.046500069821428625,down,0.3137488490325267,0.5634570586801146,False
Obesity,RSU1,0.038051060714284546,up,0.33027738704775206,0.5794130733750703,False
Obesity,MGA,-0.016479491250000144,down,0.8103933914941532,0.9139537754558781,False
Obesity,DYNC1I2,-0.16932024267857138,down,0.0006983474353825765,0.007648631658913729,True
Obesity,PRMT8,-0.017748151517857025,down,0.41116633674020797,0.6552201911473932,False
Obesity,DENND1A,0.11773681571428529,up,0.003068784491100811,0.023358755964617697,True
Obesity,RND3,0.43905639919642825,up,0.0003804792691320022,0.004966903938772912,True
Obesity,TYW1,-0.05562918750000012,down,0.36330189996726375,0.6124820923305976,False
Obesity,CDC25C,0.00497436553571351,up,0.7230023792285722,0.8658086713239342,False
Obesity,TNRC18,0.029758999732142577,up,0.6494102884687839,0.8254788064827497,False
Obesity,NT5C2,-0.10246058651785539,down,0.10441173445224881,0.2881239637150102,False
Obesity,LMNA,0.1938040600892874,up,0.002766427958241088,0.021558664254284588,True
Obesity,TRIB2,-0.4506225598214293,down,0.00018872293884007342,0.00299306099070521,True
Obesity,FIGNL1,-0.0005711134821426711,down,0.9870674896914126,0.9938167302991433,False
Obesity,HSD17B10,-0.23428780741071265,down,0.03123388314502016,0.12799601105917896,True
Obesity,RAMP1,0.028551375357142916,up,0.5616925271660709,0.7699469057731826,False
Obesity,NAA11,0.02529035276785674,up,0.3179096254686301,0.5678322509952185,False
Obesity,SPDYE5,-0.05307442714285626,down,0.3095267396299782,0.5591396496912636,False
Obesity,TNRC6A,0.034232004196429244,up,0.5279519752983285,0.7460302182659582,False
Obesity,ULK4,-0.022417341607142927,down,0.5992392042082755,0.7949026835735503,False
Obesity,SHISA4,0.008178710624999752,up,0.8304655838347093,0.9229484152021591,False
Obesity,ERCC4,-0.04110281919642844,down,0.6548911423115722,0.8283428483878211,False
Obesity,PROKR2,0.03078351758928566,up,0.20288112141802941,0.4392548409648908,False
Obesity,RAMP3,0.18806675562499997,up,0.11481605799387842,0.3064592279153992,False
Obesity,CHMP2B,-0.01725551107142831,down,0.8512369308360167,0.9325685460853844,False
Obesity,HSBP1,0.18366350482142835,up,0.0046489090401688705,0.03192184912227844,True
Obesity,PTPRT,0.1001020177678571,up,0.00978963589023172,0.05516196031561705,True
Obesity,SERPINB8,0.29417201339285715,up,0.0001305633299160407,0.002312920452298038,True
Obesity,RGS12,-0.030613491339285925,down,0.3987600736775352,0.6445265803324531,False
Obesity,B4GALNT3,-0.018053325178572166,down,0.4417874544109174,0.6785889817725786,False
Obesity,MAFB,0.611432756517857,up,5.183888560447012e-06,0.00022172905160821083,True
Obesity,HECW1,0.0023847295535714963,up,0.9057323768843597,0.9579893423495747,False
Obesity,BAG5,0.022417340892855186,up,0.6682315465684068,0.8360390697302587,False
Obesity,KCNJ12,0.03015572830357094,up,0.34866634560505627,0.5982218992746547,False
Obesity,VPS11,-0.10879080607142999,down,0.013543169881563387,0.06978301359918493,True
Obesity,RAMP2,-0.16476876714285726,down,0.08880836467614776,0.2592281385351068,False
Obesity,CSF3R,0.27715192544642964,up,3.1881444710572975e-05,0.00081712456139016,True
Obesity,HNMT,0.16755022357142657,up,0.015397211637426104,0.07666019127416912,True
Obesity,MVK,-0.09724644089285661,down,0.19454263541416728,0.42817960025275836,False
Obesity,NPBWR2,-0.023311070803571532,down,0.2134530448476337,0.45310870992000746,False
Obesity,WBP2,-0.2597656264285728,down,0.003611497996689986,0.02640403715029027,True
Obesity,PLCL2,0.04187883803571513,up,0.22059674356155387,0.461944433912104,False
Obesity,ZNF654,-0.12868826714285575,down,0.08549665006151223,0.2527960650679749,False
Obesity,NPY,-0.02522931821428598,down,0.17567559963324286,0.40247223750789674,False
Obesity,DNAH17,0.02403477133928522,up,0.24114673727749963,0.48638545277083606,False
Obesity,ERBB3,-0.05567278241071438,down,0.006594841840453902,0.04138851315378445,True
Obesity,SNX8,-0.057617186964286304,down,0.22504285303124413,0.4673871429885615,False
Obesity,RNF217,-0.4458661761607141,down,0.00018261134857287345,0.0029290445285296693,True
Obesity,P2RX4,0.12455531464285752,up,0.07345478170627619,0.22840462481819376,False
Obesity,RWDD4,0.03695242562499956,up,0.4519706367595372,0.6871292400254048,False
Obesity,PINX1,-0.051714216160714255,down,0.09545467795578347,0.2714870090441951,False
Obesity,CXXC5,0.07680838464285777,up,0.38677523048813905,0.6343911544298156,False
Obesity,FAF1,-0.00589425071428451,down,0.9116686875752018,0.9606021855432392,False
Obesity,MAP2K5,-0.20783342383928538,down,0.008904176717929611,0.051562032563518545,True
Obesity,IL10RB,0.28349086357142994,up,1.524519412155324e-05,0.0004768662936858149,True
Obesity,KIF9,0.039542060000000046,up,0.1360095957798664,0.34145076633386673,False
Obesity,RALGPS2,0.02590506562500039,up,0.6410297751729521,0.8207390692502949,False
Obesity,OSBPL6,-0.34136527124999994,down,6.261181322501227e-06,0.00025432107731540956,True
Obesity,C16orf78,0.014517648035714537,up,0.5306330839088055,0.7475402387247497,False
Obesity,DOC2A,0.00783865696428565,up,0.7383231418225312,0.8741919514777802,False
Obesity,UNC5D,0.016876220178570822,up,0.45657392012047265,0.6910991736615303,False
Obesity,FSHB,0.015350342499999226,up,0.39687367812984126,0.6426468162962884,False
Obesity,DMRTB1,0.10952322767857137,up,0.009747678904326642,0.05500592865184349,True
Obesity,PREX1,0.47848074901785775,up,6.91154168837993e-07,5.29051667643757e-05,True
Obesity,DYNLRB2,-0.057015555714285515,down,0.019451363769967808,0.09061254112643419,True
Obesity,TAL1,-0.15567452562500028,down,0.003549389716533152,0.02600721036435512,True
Obesity,SLC16A14,-0.2730451291071434,down,0.0009091818320966618,0.009354424827367203,True
Obesity,SYCE1L,0.012590682857143154,up,0.6822952714548552,0.8430790835769794,False
Obesity,AKR1E2,-0.13292149107142937,down,0.01222209261070741,0.06479863885325639,True
Obesity,NADK,0.014744351696428737,up,0.7547160522533322,0.8835960350720008,False
Obesity,LDLR,-0.1859741234821426,down,0.18868035279598394,0.4201495846523863,False
Obesity,PTPRN,-0.00394548642857151,down,0.8263409670634091,0.9210786322135508,False
Obesity,SRPK2,0.02025495124999921,up,0.8191838906265232,0.9178631169830026,False
Obesity,CST7,0.40591866749999905,up,3.7921983083545123e-05,0.0009309022456073729,True
Obesity,KCNA3,0.07658604339285668,up,0.12978294288927786,0.3314881228468051,False
Obesity,RBM25,-0.08557128794642921,down,0.1120227173767158,0.3015759982400465,False
Obesity,TLE1,-0.36328996910714473,down,0.006469439202558625,0.040800283426580285,True
Obesity,CARTPT,0.03121076482142815,up,0.172320529867684,0.3974966935074844,False
Obesity,TLE3,0.2502441418750001,up,3.621988979872137e-05,0.0008986623688977209,True
Obesity,DPYSL4,0.04340907571428598,up,0.5112396995548268,0.7335682589064585,False
Obesity,MDFIC,0.1098632818750005,up,0.18885339609120352,0.4202948152603294,False
Obesity,ITGB3BP,0.0002267019642858692,up,0.9974325758009057,0.998980765971336,False
Obesity,HIP1,0.035836356785715395,up,0.7319526514013865,0.8703426883193237,False
Obesity,VAX1,-0.01839337883928538,down,0.4505207774424061,0.6857685800406226,False
Obesity,MANEA,-0.10391671428571403,down,0.14106564957265996,0.34874949424728546,False
Obesity,LINGO1,-0.008579800535714277,down,0.7735954576081644,0.8925435064658513,False
Obesity,SOX9,-0.05524553589285741,down,0.6208143904305731,0.8079410104964381,False
Obesity,SF3A2,0.028485979999998357,up,0.6900574842687358,0.8475632945556831,False
Obesity,SOX4,0.10695975258928492,up,0.36068231885668706,0.6098412434722932,False
Obesity,CHST1,0.020486014107143458,up,0.39747689761685673,0.6432085307952918,False
Obesity,SNRPC,-0.007707867767857479,down,0.8523477627871345,0.9329074481816438,False
Obesity,MANBA,0.20717947714285678,up,0.013993874034983358,0.0714766208240781,True
Obesity,LIN7A,-0.3443908712499999,down,3.474918722516063e-05,0.0008710051545982549,True
Obesity,MAST3,0.2641775967857152,up,0.014670955234501947,0.07389135883496699,True
Obesity,KLF3,0.014552524107143583,up,0.8337519146926652,0.9241127057374823,False
Obesity,CEP78,0.2181483678571432,up,0.011334082540655417,0.0611926655745068,True
Obesity,DPY19L4,-0.28197370321428394,down,0.00011064786237496648,0.00206007528761438,True
Obesity,RAB3GAP1,-0.1479143391964275,down,0.0006036713222016703,0.006874373175696839,True
Obesity,SPAG17,0.9537876701785715,up,0.002043586079045336,0.017157006694854968,True
Obesity,ZC3H15,-0.12867082830357202,down,0.001283980050407103,0.01208225227433084,True
Obesity,NCOA7,0.012730188482143134,up,0.8581679320465095,0.9360221126966607,False
Obesity,PREPL,-0.09728131803571483,down,0.14670700036602485,0.35772305077373195,False
Obesity,PHF21A,-0.004141669196428666,down,0.9309624652327159,0.969423474493529,False
Obesity,IQCB1,-0.16270228749999927,down,0.024678420832859396,0.10794837421834139,True
Obesity,IFNGR1,0.045880996696425314,up,0.3421742976220349,0.5919139669659502,False
Obesity,PLCH2,0.01599121205357079,up,0.674110354179555,0.8387476303669809,False
Obesity,SERPING1,-0.008457727410716487,down,0.8995360903540839,0.9555920267806552,False
Obesity,DAG1,0.159868512857142,up,0.0036962887202353764,0.026884697087856922,True
Obesity,BCR,0.04947335464285718,up,0.43225664440356315,0.6712565534765915,False
Obesity,SATB1,-0.2930646610714289,down,1.5345851818624463e-05,0.0004790531440144344,True
Obesity,SCNN1B,-0.2215881356249998,down,0.058242639930480504,0.19535894552056612,False
Obesity,IRX1,-0.18780953455357174,down,0.27162273084560484,0.5210505184249672,False
Obesity,KLK10,-0.011609757946428712,down,0.6077101445418963,0.80021724122991,False
Obesity,TGFBRAP1,0.18797956267857252,up,0.002154871195813126,0.017885193342978185,True
Obesity,HYOU1,0.293535502678572,up,1.2781776855776004e-05,0.00041956925655646114,True
Obesity,NSUN3,0.04037039660714248,up,0.28402242703596225,0.5329306745022276,False
Obesity,SREBF1,-0.03537423098214365,down,0.859400156785365,0.9364402512650927,False
Obesity,DOCK3,0.08717564151785728,up,0.04799744016786502,0.17173228592380604,True
Obesity,ITIH4,-0.024902345535714243,down,0.6430977843375186,0.8220907778672015,False
Obesity,ZCCHC4,-0.13868059464285754,down,0.004703943454546234,0.032211600660240196,True
Obesity,WNK1,-0.08975655964285778,down,0.04269675702553441,0.1590931464551508,True
Obesity,TMA16,0.1214512426785701,up,0.03860748993063335,0.14810795865354573,True
Obesity,FIBCD1,0.008444651607142806,up,0.7965121802084724,0.906172539309261,False
Obesity,ASCC3,0.15257917000000099,up,0.0011961326112639658,0.01144153277966345,True
Obesity,PRPH2,-0.049407959285713954,down,0.2901135504149115,0.5396527816959361,False
Obesity,NEDD1,-0.11414446223214281,down,0.01867548035795812,0.088014826461629,True
Obesity,PCNT,0.034798759374999655,up,0.5668077671471131,0.7730721098937471,False
Obesity,OLA1,-0.0567888552678566,down,0.2031507345284865,0.43966040605495754,False
Obesity,CHRNA3,-0.007363455892857473,down,0.5731074191668207,0.7772207983224331,False
Obesity,EYS,-0.06302315580357121,down,0.0023336140023298355,0.019005531420345115,True
Obesity,NLRP12,0.09287806964285705,up,0.03192632128287045,0.12991424141483715,True
Obesity,PLEKHM1,0.0068184983928576415,up,0.9415618837840494,0.9746781898583494,False
Obesity,SGIP1,0.19999476999999954,up,0.025029381748949107,0.10894986198388901,True
Obesity,CNTN1,0.05737304508928531,up,0.19433049054101506,0.42787947727193953,False
Obesity,LYPLA1,-0.057573589910714595,down,0.40355713908748836,0.6488171445256522,False
Obesity,RUNX1T1,0.12723214205357092,up,0.07912398161614534,0.2400182674034958,False
Obesity,BOLL,0.001447405446428629,up,0.9344429471199952,0.9711670279686135,False
Obesity,NFATC1,0.036821636428572724,up,0.5813372351253915,0.7825080532883444,False
Obesity,FAM76B,-0.018794468303571676,down,0.7115751803139481,0.8597115069157638,False
Obesity,KLHL12,-0.02416992339285695,down,0.4927881599524859,0.7194463758388363,False
Obesity,LMO4,0.08643449785714274,up,0.24781762047684985,0.49462934408944703,False
Obesity,MCM6,-0.6189052030357134,down,4.4312509049864165e-06,0.00019975123839962718,True
Obesity,SLC38A10,0.3800659172321428,up,2.4833440560015475e-05,0.000672871648571166,True
Obesity,ABL1,0.0696323940178587,up,0.3343564810132956,0.5836872013467607,False
Obesity,SSBP3,-0.037292481428571556,down,0.30223927907141607,0.5516666837912277,False
Obesity,ARHGEF10,0.2010236466071431,up,0.017006958709338882,0.08258139721143629,True
Obesity,WSCD2,-0.036956787767856714,down,0.1828491551657155,0.41191674017581237,False
Obesity,PPP6R3,-0.16585867633928597,down,0.008959668948764517,0.051800312445891214,True
Obesity,DNM1,0.3847307482142872,up,0.058102622482689055,0.1950051458090429,False
Obesity,CETN1,0.0013558508035713679,up,0.9560534357701197,0.9815546201155676,False
Obesity,JAKMIP3,0.03570556482142839,up,0.3228052151529227,0.5731825479745649,False
Obesity,LRRN3,0.39300537008928504,up,0.08942287261068754,0.2602146830356613,False
Obesity,TBC1D21,0.013501847053571936,up,0.6767807300578531,0.8404495770167467,False
Obesity,PTPN5,-0.0208827391964288,down,0.29559976899643914,0.54585651537331,False
Obesity,APOC1,0.4831891755357143,up,0.005544324162341856,0.03631468007028088,True
Obesity,AVL9,-0.2015293653571435,down,0.00011986437247782428,0.002186604998416142,True
Obesity,HIBADH,-0.3917323542857156,down,0.0001239808538274558,0.0022328417885480556,True
Obesity,SPATS2L,0.088797433571429,up,0.05578077668621523,0.19003666626662918,False
Obesity,GPR85,-0.007114954553571362,down,0.6754997096373582,0.8396084108931613,False
Obesity,TRAPPC12,-0.04282924124999887,down,0.3068131035319672,0.5565515767201564,False
Obesity,S1PR1,-0.08905029339285697,down,0.5098716284071082,0.7325131879624365,False
Obesity,SYT4,0.005493164821428476,up,0.7762011720718972,0.8940720846313565,False
Obesity,CCDC59,-0.1859479622321425,down,1.600757142836544e-05,0.0004952260179975413,True
Obesity,PPFIA2,-0.0665065224107142,down,0.04970318312843702,0.1759123472453568,True
Obesity,CDH15,0.006883892499999877,up,0.7674854144806623,0.8895504542279332,False
Obesity,GPRC5B,0.0032958974999992563,up,0.9708896398474436,0.9877981079034749,False
Obesity,SATB2,0.14289202089285702,up,0.013689520500291767,0.07037753199735627,True
Obesity,CGGBP1,-0.12430245482142865,down,0.01793724507112788,0.08570160155554635,True
Obesity,CNOT1,-0.10940987687500225,down,0.0031424651635381666,0.02373395061165817,True
Obesity,SSBP2,-0.14854213303571484,down,0.08064598554769334,0.24345795182583965,False
Obesity,RAD54B,-0.006051199196428936,down,0.8486318458766582,0.9314040728618578,False
Obesity,FRG1,-0.13358851776785752,down,0.377086516958341,0.6249610265854337,False
Obesity,SYT9,-0.020712717589285834,down,0.4680617511156825,0.6993058075679129,False
Obesity,BARX1,-0.0017307832142856583,down,0.9498845079907892,0.9787465516483814,False
Obesity,CBX4,0.08224923205357104,up,0.213838519220387,0.45359237833437255,False
Obesity,MYBPC1,-0.009085517678571797,down,0.602624650000344,0.7971427625414841,False
Obesity,GRM7,0.028873990267856975,up,0.2822603970398524,0.5315684461931309,False
Obesity,SYT10,0.004983082232143055,up,0.7662427484514532,0.8892510910086135,False
Obesity,SP8,0.0032784587499996576,up,0.9037988171810841,0.9575171218847682,False
Obesity,CAMKMT,0.11567034214285776,up,0.03966174047975515,0.1509472104810904,True
Obesity,MAK16,0.08046177508928665,up,0.08954729614360736,0.2604425159185098,False
Obesity,MTFR1,0.016322545892856866,up,0.7953433924887162,0.9054814324729126,False
Obesity,HOXB6,-0.019295831071428626,down,0.6733599278703994,0.8383681906954684,False
Obesity,RIMS1,-0.029645648660714397,down,0.11782701220942199,0.3115566378336947,False
Obesity,ELFN1,0.055938720089285354,up,0.2998334917683343,0.5498529905071914,False
Obesity,ERC2,0.030064173928571414,up,0.1465152226677482,0.357487012611109,False
Obesity,KTN1,-0.1169782357142859,down,0.0015091711957610316,0.013645067216538409,True
Obesity,ST3GAL3,-0.11146763455357167,down,0.005211972998494595,0.0346503380035331,True
Obesity,CSTF2T,0.14706857035714282,up,0.032281239683385636,0.13083982717329168,True
Obesity,SOX2,-0.015882221250000494,down,0.28688488009679114,0.5366527070409949,False
Obesity,GAPT,0.15363856812500032,up,0.0004075607978029837,0.005203184129744617,True
Obesity,SLC27A4,0.32165527196428556,up,0.0003274231561875755,0.004482214058439923,True
Obesity,C2CD4A,0.011535642499999721,up,0.7570155188496603,0.8845865878742043,False
Obesity,CAND1,-0.13013567178571428,down,0.002404678128737596,0.019409310528738337,True
Obesity,PIAS4,-0.15281459205357173,down,0.009042804650698335,0.05213915804078736,True
Obesity,ATP9B,-0.1015799411607139,down,0.1439043522576117,0.35344599145034283,False
Obesity,SLC15A1,-0.00017874446428534085,down,0.9937227002724603,0.9970337848395417,False
Obesity,FAM114A2,0.035443986785715254,up,0.5221785859470781,0.7418715508333205,False
Obesity,LRRC4C,0.06260027089285725,up,0.03514844580037461,0.1388548703785551,True
Obesity,GOT1,-0.06867327026785741,down,0.20220143395201853,0.4383716218078513,False
Obesity,CYP4B1,-0.5642438625892865,down,0.002407450325871284,0.01941087403051663,True
Obesity,EFCAB7,0.020429338035713673,up,0.49453587879562166,0.7206399354160352,False
Obesity,LMOD1,0.49855259580357103,up,0.03722792193806866,0.14443487185180254,True
Obesity,SLC30A5,-0.18577357892857194,down,0.0038688763331355945,0.02776444331348404,True
Obesity,PEX2,-0.14174979044642821,down,0.010947655963979671,0.059806933306849754,True
Obesity,RGS16,0.036189485892856865,up,0.35755247571779447,0.6065683075088663,False
Obesity,ATP2A1,0.013144357232142578,up,0.7461119987547604,0.8792603693311244,False
Obesity,CSDC2,-0.022029332589285744,down,0.5336641338325679,0.7496518846332965,False
Obesity,POU6F2,-0.03500802160714267,down,0.43039098890815153,0.6696025140191303,False
Obesity,C1orf56,-0.20046561232142857,down,0.009377008410319389,0.05347736311582148,True
Obesity,SOCS5,0.16777692437499958,up,0.00025467180354551945,0.003737172197057837,True
Obesity,KLK11,0.018310546607142264,up,0.7169177559617544,0.8622255086079594,False
Obesity,ACOT12,-0.012263706250000173,down,0.44212738290837017,0.6787534687335609,False
Obesity,GTF3A,0.012241906249999879,up,0.8336311197235028,0.9241127057374823,False
Obesity,TRIM73,-0.005889892678571762,down,0.907927384992465,0.9587010861021014,False
Obesity,SRRM1,-0.02446637767857318,down,0.43646796112077535,0.67440568599619,False
Obesity,SLC8A1,0.14432634669642797,up,0.0009794491681776535,0.00990590237981376,True
Obesity,NEK6,0.29047502767857125,up,0.0007192846396205337,0.007824067540645779,True
Obesity,IGIP,0.01799665392857097,up,0.8535947801927956,0.933712694014364,False
Obesity,TMPRSS15,0.00640433151785702,up,0.7292782590356625,0.868964941433972,False
Obesity,PLK2,0.16733660071428602,up,0.06520512949105657,0.21114139742043422,False
Obesity,RBMS3,-0.08395821714285745,down,0.11346829976416957,0.30419849025095036,False
Obesity,RTN4RL1,0.05111258321428558,up,0.534910831880224,0.7504302538938364,False
Obesity,NFAM1,0.19833374053571395,up,0.001360280118940678,0.012642208315290646,True
Obesity,CMIP,0.1185389933928569,up,0.17717564436372488,0.4046657314229736,False
Obesity,NFIB,-0.05580357107142575,down,0.2650138282676969,0.5129562927005652,False
Obesity,KAT2B,0.07352120705356846,up,0.18733430446574106,0.4182657372273155,False
Obesity,CCDC68,-0.08060128348214324,down,0.22303811250627809,0.4647820434302828,False
Obesity,RPGRIP1L,0.1336451943750001,up,0.004448341362867611,0.030844747110531815,True
Obesity,LIN7C,-0.1440952838392846,down,0.13306468890599146,0.33667081379479175,False
Obesity,SYT13,-0.006522041428572045,down,0.8279830082132043,0.9221406577318771,False
Obesity,LRRC4B,-0.031284876428571806,down,0.37255788409608626,0.6212654243238291,False
Obesity,SREK1IP1,-0.034816194553571655,down,0.4049481175600375,0.6504515140096648,False
Obesity,L1TD1,0.03252737624999957,up,0.3687981685703187,0.6174997192679405,False
Obesity,TPK1,0.0850001763392858,up,0.005502776886255881,0.03612637011604733,True
Obesity,DNAJB4,0.018022809642856075,up,0.7257826480412412,0.8671905613474429,False
Obesity,RASL11A,0.1531982440178572,up,0.12615952649166365,0.325286761763641,False
Obesity,PRSS3,0.09009225044642877,up,0.01944773133010297,0.09061254112643419,True
Obesity,EFNB3,-0.005161828839284954,down,0.8296826062463984,0.9226970165762685,False
Obesity,SETD6,-0.13612147955357168,down,0.0028471284802008075,0.02201285504856386,True
Obesity,SLC7A6OS,0.042532786250000676,up,0.46782106026064646,0.6993058075679129,False
Obesity,CNNM2,-0.10941859857142777,down,0.013405252614300023,0.06919868000945183,True
Obesity,ETAA1,-0.0599626807142859,down,0.3464255429194464,0.595564947941177,False
Obesity,SRSF6,-0.07956368437499783,down,0.21486957282699087,0.4546944003693144,False
Obesity,RNF122,0.12670898312499945,up,0.0379725014699209,0.1463681469869762,True
Obesity,SLC12A8,0.03087943107142843,up,0.249609104958373,0.4968542158399188,False
Obesity,IL18R1,0.0649283265178573,up,0.33651900543518554,0.5857375891135437,False
Obesity,PKDCC,-0.243111746696429,down,0.018665501091124068,0.088014826461629,True
Obesity,NCK1,0.18257359026785736,up,0.003254183038876673,0.024383699319837686,True
Obesity,IFI30,2.5230974475892847,up,1.4815168152091585e-08,3.8957785326920315e-06,True
Obesity,CADPS2,-0.011657712142857157,down,0.9152630107814121,0.961813893642746,False
Obesity,ALG2,-0.1072474908928589,down,0.10280932118545247,0.2851339444494976,False
Obesity,TSHZ2,0.522783553928571,up,0.0002700518274179679,0.003917052325245592,True
Obesity,OTOL1,-0.005981443928571917,down,0.8137605209644367,0.9155515343313539,False
Obesity,ST8SIA4,0.037789480178570756,up,0.7054973116576982,0.8560224033463054,False
Obesity,ADAMTS18,-0.7815290198214289,down,0.00018401814749465498,0.002945545364658031,True
Obesity,CACNA2D3,0.045379638482142326,up,0.11280313190429993,0.3030988615022855,False
Obesity,CRB2,0.005558559821428499,up,0.861774119964035,0.9375055724427664,False
Obesity,RYR2,0.003849573482142876,up,0.8062379537055967,0.9119542194975055,False
Obesity,BCDIN3D,-0.03656877687499982,down,0.4303277900830883,0.6695964455860869,False
Obesity,WRN,0.029898508303570104,up,0.6727578803631671,0.8380604053905599,False
Obesity,PDZRN3,0.03678675892857086,up,0.6976024320889412,0.8516949576330765,False
Obesity,GPR139,0.018123083125000328,up,0.5528111535590666,0.7636577151687512,False
Obesity,CD34,0.21268136883928435,up,0.008399416618304057,0.049247845017618704,True
Obesity,HFM1,-0.08672223741071416,down,0.024800109457763266,0.10835339991802563,True
Obesity,RANBP17,-0.09245082124999993,down,0.03515179855662599,0.1388548703785551,True
Obesity,HAS2,0.06726074151785788,up,0.730619858793045,0.8697195283039284,False
Obesity,CDYL2,-0.04995291366071353,down,0.6896510487074113,0.8473005812212043,False
Obesity,ESAM,-0.12091064491071446,down,0.2350483227616745,0.4792642940817675,False
Obesity,SKOR2,0.006535122410714411,up,0.6816709661237589,0.8428149074202874,False
Obesity,MAPKBP1,0.052080426964286275,up,0.24727208703991613,0.49410660181467575,False
Obesity,TLX3,-0.03414917205357115,down,0.38972038714437035,0.6369646034187589,False
Obesity,THAP3,-0.10794939125000047,down,0.0002830989219465382,0.004061820379964808,True
Obesity,LYZL4,0.005153110982142994,up,0.7671368332644868,0.8894484239770587,False
Obesity,DNM3,0.0714547278571418,up,0.325820614387886,0.5760398274100531,False
Obesity,SP5,-0.013955251428571014,down,0.7056949814101935,0.856072814727425,False
Obesity,OLIG3,0.00801740401785711,up,0.7422912330615189,0.876681581814734,False
Obesity,CYP7B1,0.7213396334821418,up,0.016761033452934834,0.08170325480273695,True
Obesity,GPR158,-0.008396693571428582,down,0.6945866246782061,0.8499957116625414,False
Obesity,HMSD,0.019871301339285274,up,0.33301747510719215,0.5823808779480275,False
Obesity,PPARA,-0.5158168264285727,down,1.0949461327005625e-06,7.230486392078802e-05,True
Obesity,KCTD13,-0.05852399875000014,down,0.27182314754314624,0.5212748451963553,False
Obesity,FAM184A,-0.2853524353571437,down,0.0006638412919443532,0.007369682160843635,True
Obesity,FEZF1,0.013109478749999237,up,0.6747384770403171,0.839113092812694,False
Obesity,POU3F3,0.008069719553570831,up,0.7879665072986175,0.9017672906589165,False
Obesity,PYY,-0.01455252526785733,down,0.7724476995330357,0.8919146605784589,False
Obesity,KIDINS220,-0.1469552175892872,down,0.0021936431358768383,0.01812705326770674,True
Obesity,PMFBP1,0.02379063223214306,up,0.4734195996161075,0.7043003799130064,False
Obesity,DLL1,-0.1983773368749997,down,0.01191638478618773,0.06353154721701221,True
Obesity,XRCC3,-0.015598844196428097,down,0.5053025521680058,0.7284407531062328,False
Obesity,HDAC3,-0.08652169232142892,down,0.0553371148288491,0.18914973284613928,False
Obesity,MGAT4A,0.31285749205357316,up,0.0016478723939634754,0.01458861236584521,True
Obesity,ADAMTS16,-0.0033612937499998274,down,0.9408352839553101,0.9742329493539736,False
Obesity,MECP2,-0.021780833392856636,down,0.5926799200792381,0.7905157052766055,False
Obesity,BNIPL,-0.0338832314285713,down,0.29613715440887073,0.5462630110908161,False
Obesity,DTNBP1,0.1284659239285717,up,0.008546191057366051,0.049937174343998685,True
Obesity,PRICKLE2,0.020211356785714507,up,0.8272251526799796,0.9216541259097132,False
Obesity,GPR65,0.350782121339285,up,0.00014839946913157908,0.0025236849479424563,True
Obesity,MGAT5,0.3563406810714289,up,0.0018782886841159142,0.016122870255444243,True
Obesity,KCND3,0.06358991116071433,up,0.5612782555448993,0.7696361944885249,False
Obesity,ANKRD28,0.3721923827678575,up,0.0002093657264113884,0.0032390228349541287,True
Obesity,CDKN2B,0.8636997770535704,up,0.0010650893609040896,0.010545365246233214,True
Obesity,ZHX2,-0.18480573142857093,down,0.012777106275270969,0.06682681058840194,True
Obesity,PTH2R,-0.033848353482142546,down,0.2823351480192801,0.5316205588517111,False
Obesity,AJAP1,0.039345877500000626,up,0.11966025406052831,0.31474576959037637,False
Obesity,PAPSS1,-0.21372767937499937,down,0.034096503465999746,0.13600060654824062,True
Obesity,FXR1,-0.3652866927678575,down,8.334240516777728e-06,0.0003105948644074393,True
Obesity,POU5F2,0.053632466071428464,up,0.19823979601411193,0.4332347158102094,False
Obesity,RABGAP1L,0.09231131392857161,up,0.04794302614770496,0.17161916349972559,True
Obesity,VDR,0.0801609573214277,up,0.021925082264032943,0.09911013724954132,True
Obesity,CCDC74A,-0.023986816249999876,down,0.668862007459379,0.8363182137339504,False
Obesity,FBF1,-0.05025809205357046,down,0.18166299078319947,0.41037761869034384,False
Obesity,AP3M1,-0.20896693517857212,down,0.005871400126687014,0.03805961551696312,True
Obesity,CREB1,-0.07221331062499914,down,0.3007180665804562,0.5506256539365187,False
Obesity,ZCCHC12,-0.004952567232143323,down,0.8628870165508676,0.9379492673164069,False
Obesity,CEP120,-0.15931919794642901,down,0.013132710759677884,0.0681500780782549,True
Obesity,NCOA5,-0.020098003928571195,down,0.7959657500710398,0.9058703134249325,False
Obesity,WDR72,0.0145699644642856,up,0.39800437345291567,0.6437392229507017,False
Obesity,TRPC1,-0.26984514607142884,down,0.0009709060624523872,0.009850378488061416,True
Obesity,NR1H4,0.006857735892856542,up,0.6354738067752919,0.8172064836755356,False
Obesity,CLOCK,0.20867047901785796,up,0.006620621328412318,0.0414642573712878,True
Obesity,TRAPPC11,-0.04851422964285668,down,0.1886717032218612,0.4201495846523863,False
Obesity,TFPI,0.31613595071428513,up,0.002312405330979826,0.018853199276118553,True
Obesity,CGNL1,-0.010423931607142833,down,0.7837702588017732,0.8988902681995363,False
Obesity,DPP4,-0.006609237678572022,down,0.9708608803360036,0.9877981079034749,False
Obesity,S100PBP,-0.10648018946428639,down,0.02111360497035315,0.09619319238459866,True
Obesity,SLC39A13,0.04998779178571322,up,0.24614442153574873,0.49272265096126655,False
Obesity,MAN1A1,0.3048444475000007,up,0.0006211842986649663,0.00700740569482997,True
Obesity,IMPACT,-0.1357160312500003,down,0.029190083678923732,0.12127094367270301,True
Obesity,ALMS1,-0.09022739874999974,down,0.0837491933478115,0.24903117611151743,False
Obesity,ADIPOQ,-0.21484374910714088,down,2.3828416110846737e-05,0.0006570707563459862,True
Obesity,GDF15,0.28047398142857105,up,0.002004051641858265,0.016900486288172912,True
Obesity,STC2,0.23655482732142818,up,0.029222852637833713,0.12135114904900716,True
Obesity,MAML2,0.25179617866071435,up,0.010690744546776812,0.058873390598490005,True
Obesity,WDR17,-0.0019313264285716336,down,0.9603905491321939,0.983098692396807,False
Obesity,PCM1,-0.35533796080357405,down,3.9279864762114296e-06,0.00018290648779125554,True
Obesity,ZZEF1,0.1280517553571432,up,0.03633093018210484,0.14234866884674807,True
Obesity,CDH11,0.6690673833035703,up,1.1619581329693034e-05,0.0003958497243689492,True
Obesity,ATP2A2,0.11753627169642922,up,0.03221807748974974,0.130667131632033,True
Obesity,SERGEF,0.04373168999999999,up,0.3381409448924231,0.5875644455990214,False
Obesity,FSIP2,-0.01502772696428556,down,0.7165299855175605,0.8621499019581674,False
Obesity,TIMP4,-0.12180874241071038,down,0.4111621887458033,0.6552201911473932,False
Obesity,SHH,0.01576450750000058,up,0.5489495485668932,0.760894909940016,False
Obesity,SH2B3,0.41053117874999945,up,3.3527853742574827e-09,1.4561404786967498e-06,True
Obesity,MRPL38,-0.15774100348214315,down,0.0015830894366602767,0.014131419698630706,True
Obesity,SESTD1,-0.17327008901785845,down,0.025629344784108537,0.11088373996251095,True
Obesity,GPR45,0.053209576339285025,up,0.0591397492977241,0.19745891456827336,False
Obesity,UTRN,-0.044137137232143075,down,0.3286032966874608,0.5783786807255564,False
Obesity,MYNN,-0.29309953687500023,down,0.0003919180386123833,0.0050620905187565846,True
Obesity,ZP4,-0.029004776071428928,down,0.3011166186392846,0.5507047636736874,False
Obesity,ENDOD1,0.04951695035714376,up,0.5593432833011791,0.7681956160346527,False
Obesity,KLHL1,0.015093123660714358,up,0.38841197037748243,0.6358903587318495,False
Obesity,DDX10,-0.049765449196428335,down,0.07376971302984865,0.2288796811466001,False
Obesity,TIMP3,-0.1067068839285703,down,0.023609071491491912,0.10458753836089708,True
Obesity,ARMC1,-0.07470702973214305,down,0.15508473902991043,0.37156845336766015,False
Obesity,FGF21,-0.0033612911607145968,down,0.8712240110539141,0.9419179025152759,False
Obesity,MSTN,-0.15611049160714296,down,7.313225023448922e-05,0.0015194284630135277,True
Obesity,GBF1,0.048592704375000295,up,0.18206905942310958,0.4108150302739042,False
Obesity,TEF,-0.12077113464285638,down,0.06643976390710392,0.2143230435763512,False
Obesity,TNF,0.10234723830357106,up,0.009538936306265238,0.05414107502907618,True
Obesity,HOXB5,0.02774920017857152,up,0.5107577534408946,0.7332247129243762,False
Obesity,PDXDC1,0.0890677343750017,up,0.2548410981363357,0.5030001540808718,False
Obesity,SBDS,-0.20840890214285857,down,0.03781612324264631,0.1459397346739447,True
Obesity,H19,-0.20767647883928753,down,0.18953769362279513,0.4209380738299936,False
Obesity,NDRG4,-1.4820949015178586,down,8.823040074219273e-07,6.338391326201916e-05,True
Obesity,CD36,-0.181187221339286,down,0.0014495037363177529,0.013228457344018035,True
Obesity,TGM2,-0.07008579750000177,down,0.555443376984939,0.7653528508741831,False
Obesity,RAI1,0.07332066062500076,up,0.06181523359517293,0.20386028555978175,False
Obesity,NR3C1,-0.3638741648214303,down,5.310937037448773e-06,0.0002254552670183141,True
Obesity,ETS2,0.41403634330357164,up,0.0003932249414074178,0.005071725914760208,True
Obesity,PANK4,0.01698521267857167,up,0.6984112127347224,0.8519413408352899,False
Obesity,NMUR2,0.11012485991071452,up,0.017511473465836584,0.08436160556776652,True
Obesity,MUSTN1,0.05785260812500059,up,0.23797584104886674,0.48237357478255183,False
Obesity,CCER1,0.018341063035714367,up,0.2576929133744926,0.5058881046287849,False
Obesity,SOS1,0.24433245178571283,up,0.0033813782655403445,0.025120081167422086,True
Obesity,KDM3B,-0.0884573795535708,down,0.1574986708231451,0.37536407575663877,False
Obesity,IGF1,-0.3118024611607151,down,0.07548375109146688,0.2325364936092877,False
Obesity,AHR,0.3810860783928547,up,0.0017442935904733764,0.015233227551141043,True
Obesity,MAPK8,-0.06481061803571464,down,0.21239690304285996,0.4520139142781709,False
Obesity,UGGT2,-0.07512555892857087,down,0.3884494947336431,0.6358903587318495,False
Obesity,FZD5,-0.006469725982142016,down,0.9462611518528967,0.9769754893227494,False
Obesity,LCN2,-0.04659162357142854,down,0.11747328472541545,0.3109489758835891,False
Obesity,ESR2,-0.14307512625000074,down,0.0016042127727062426,0.014260555650753678,True
Obesity,SLC35E2B,-0.130161829464285,down,0.10202791987322765,0.2836285748913064,False
Obesity,GNRH1,-0.10538155901785728,down,0.04068392111530511,0.1539295819179177,True
Obesity,KDM1A,-0.2185581758035715,down,0.0010188544052094426,0.01020177024123717,True
Obesity,FABP4,-0.31548199285714595,down,0.00012585790016862787,0.0022542847113685392,True
Obesity,ATG4C,0.1952950611607145,up,0.01455028524198798,0.07349667678484825,True
Obesity,ARID1A,0.15881347741071306,up,0.01068643255053632,0.05886399822471031,True
Obesity,TBC1D7,-0.03512573124999996,down,0.42174450122499124,0.6629090907339367,False
Obesity,MIF,0.4820731021428557,up,0.0023091458236084604,0.01884703624155167,True
Obesity,YAP1,0.15284947098214374,up,0.01018785015452018,0.05683853949843966,True
Obesity,IL6,0.0345328184821434,up,0.3209668848051603,0.5714399784343508,False
Obesity,PRKAA2,-0.1039690299107141,down,0.31592437440117427,0.5659424186147473,False
Obesity,HSD11B1,1.4735979336607148,up,9.835752877176531e-07,6.7722757005535e-05,True
Obesity,SIRT1,-0.8175310424107138,down,2.9914761266721187e-07,2.963135826524699e-05,True
Obesity,UCP1,-0.0179007368750006,down,0.3264566570749684,0.5766226453449935,False
Obesity,PTGS2,0.08478655089285736,up,0.00014854507163381046,0.002524260269208409,True
Obesity,TNFRSF11B,0.3695155567857147,up,0.0038758317140665972,0.027805522055425677,True
Obesity,SPP1,2.9646955224107145,up,1.713669163146502e-08,4.348483638258495e-06,True
Obesity,TUB,-0.08497837392857122,down,0.25355020729270583,0.5015044562531501,False
Obesity,LRTM1,0.030434744375000378,up,0.2612043315636935,0.5097169640693741,False
Obesity,SLC32A1,-0.0038364974107145677,down,0.8996122069333826,0.9555920267806552,False
Obesity,CDKN2C,-0.6597115642857148,down,0.0009395600346884712,0.009627506271962084,True
Obesity,FAS,0.19410923633928423,up,0.037071314189219225,0.1441740243928581,True
Obesity,MMP14,0.31841169098214195,up,0.002141089300160181,0.0178166399243985,True
Obesity,TLR2,0.45121547383928506,up,0.00061598080929967,0.0069661044552948165,True
Obesity,NOS2,-0.061924524464285646,down,0.03837235208890525,0.14743130309218036,True
Obesity,RND1,0.007036482232143371,up,0.7294073879013407,0.868964941433972,False
Obesity,ZNF778,-0.023768834464286126,down,0.5003403695809197,0.725312806223071,False
Obesity,AMH,0.018144878839285283,up,0.5537844012741491,0.7641859292664904,False
Obesity,NOS3,0.009695870357143033,up,0.818911923656511,0.9178290671101883,False
Obesity,SERPINB2,0.06605311562499994,up,0.057118452691595635,0.19279078397653504,False
Obesity,CELSR3,0.015520368839285759,up,0.5426735013160152,0.7557806088875731,False
Obesity,FNDC5,-0.037331718392857205,down,0.5543013897244229,0.7645723194000101,False
Obesity,TTC21B,-0.30187116419642823,down,2.6262038318569894e-06,0.00013515250225222772,True
Obesity,TMPO,0.08374895142857053,up,0.03594618355640125,0.14130698162537264,True
Obesity,BMP8A,-0.18192836348214314,down,0.03481765193116736,0.1380723180357302,True
Obesity,ALDH2,-0.2049909071428555,down,0.0033499367231343362,0.024943940308363288,True
Obesity,OXT,0.5305960491964283,up,0.013086637543642973,0.06802039638334474,True
Obesity,NUP88,-0.15707833535714322,down,0.08508654128134813,0.25184724093027083,False
Obesity,CYBB,1.9211948953571438,up,3.8892296729004156e-09,1.589695692766056e-06,True
Obesity,NPY2R,0.025974817946428974,up,0.13483758417693642,0.33964451446147303,False
Obesity,APOA1,0.04510934080357165,up,0.2703427907284182,0.5192007646723695,False
Obesity,HBEGF,0.0978437142857147,up,0.16254215279136258,0.3836186112754362,False
Obesity,LETM2,0.0031738272321422123,up,0.8927272154623789,0.9526698215755027,False
Obesity,PPARD,-0.028747558660713324,down,0.518187436536665,0.7389029591327214,False
Obesity,ANXA1,0.21477399821428378,up,0.0004085515072525718,0.005212840248470103,True
Obesity,C1orf105,-0.018127441875000372,down,0.4866270955667722,0.7148112894039421,False
Obesity,NOBOX,-0.02668544312500032,down,0.236483806253038,0.48080214983963,False
Obesity,PRKAB1,0.007751466250000227,up,0.8695362949198588,0.9409941868067513,False
Obesity,MARS2,0.06363350973214255,up,0.20595309586084895,0.4431925642188065,False
Obesity,CD180,0.7695792069642855,up,0.0001650794705731505,0.0027212808492146213,True
Obesity,E2F1,0.13447352723214268,up,0.002875409426196976,0.022155662395507505,True
Obesity,RANGAP1,0.14563860116071492,up,0.07532878331388979,0.23224917984448967,False
Obesity,MAL2,0.1754237590178569,up,0.2576087044060884,0.5058095398843829,False
Obesity,IRX5,0.0014779225892862513,up,0.9643092200791318,0.9845032862821389,False
Obesity,SAA1,0.040797642053570726,up,0.9218393022607755,0.96517472425857,False
Obesity,CHAMP1,-0.059334890357142456,down,0.36257706309119164,0.6115796842819832,False
Obesity,EPAS1,-0.05442591785714335,down,0.14105143448351135,0.34874949424728546,False
Obesity,SETD2,-0.21080671107142734,down,0.0006366691484675445,0.007135749900243685,True
Obesity,MAP2K1,0.34557233624999917,up,0.007123401143566292,0.04372788568260428,True
Obesity,PHF6,-0.025155205089285815,down,0.33717311328337435,0.5863789920215406,False
Obesity,SCD,-0.17269460535714387,down,0.40697664506893283,0.652317178000475,False
Obesity,PHLDA1,0.10494995250000017,up,0.0054354258049214635,0.03579867494264985,True
Obesity,CYP19A1,0.05722481794642853,up,0.014645304765987403,0.07381155162576646,True
Obesity,FGFR4,-0.0006844649107136114,down,0.9839982585810089,0.9929676797048036,False
Obesity,EP300,0.05054582937499941,up,0.2223438755966448,0.4641721285334282,False
Obesity,FAM171A1,0.6446881991071436,up,0.0003038078079208621,0.0042616121329718945,True
Obesity,PRLHR,-0.020315988482142888,down,0.4777175590778311,0.7075997477676749,False
Obesity,BACH2,0.0010811939285706451,up,0.9767565758955985,0.9897295346313922,False
Obesity,PDILT,-0.0033394963392860966,down,0.8685981237775976,0.9406099269908063,False
Obesity,KDM3A,-0.051906039642855895,down,0.3400300615345099,0.5894863675209466,False
Obesity,MTHFR,0.08221435633928609,up,0.018887569498450947,0.08877291550073546,True
Obesity,FAM180B,0.048954554107142556,up,0.3508039907373628,0.6005086470577894,False
Obesity,DTX2,0.17141287714285625,up,0.0034791933231690447,0.02563592235251214,True
Obesity,SZT2,-0.01430838446428595,down,0.7676979912102565,0.8896598641980928,False
Obesity,CRP,0.02271815705357083,up,0.28215519615094725,0.5314589616241028,False
Obesity,UBR3,-0.2555367592857145,down,0.0005197143448338515,0.006167750269956753,True
Obesity,ARL3,-0.09874616249999946,down,0.1357241709710868,0.34110018536466596,False
Obesity,PDE3B,-0.5709228464285712,down,9.38992876181304e-06,0.0003392994418508571,True
Obesity,PARN,-0.1134643549107146,down,0.024809397404184846,0.10835339991802563,True
Obesity,SAA2,0.023127964374999976,up,0.9747195983447242,0.9888125678807187,False
Obesity,KIF4A,0.031058173928571353,up,0.43496272873839315,0.6734214208423851,False
Obesity,GPT,-0.3897530683035715,down,0.0004843200487598994,0.005848563945147898,True
Obesity,RHBDF2,0.3233380981249998,up,9.609722933354556e-05,0.0018676934830196153,True
Obesity,TUFM,-0.2355085122321423,down,0.0012266389051371692,0.011664173908891717,True
Obesity,SOCS2,-0.15265764312499908,down,0.0034806004723319925,0.02563792598406579,True
Obesity,AP3B2,0.0004228840178570614,up,0.9893644884073057,0.9952056766685794,False
Obesity,ZNF711,-0.03705270098214308,down,0.10507891366445092,0.2895086234229547,False
Obesity,NAV3,0.39492361830357137,up,4.874839409396001e-05,0.0011303221069999926,True
Obesity,DIP2C,-0.0959908631249986,down,0.07151864445954663,0.22445484525769888,False
Obesity,SQSTM1,0.06417410749999952,up,0.1696734548509602,0.3932579335338757,False
Obesity,ABCB5,0.00859723633928633,up,0.8099348672414673,0.9138235959197143,False
Obesity,UMOD,-0.011090958928571482,down,0.7266350072185115,0.8677266709272483,False
Obesity,NLRP3,0.3496704108928572,up,0.00010300572849983071,0.001956502415845397,True
Obesity,TRPV1,-0.1994018542857141,down,0.0019262202085063914,0.016415757429776735,True
Obesity,RERE,-0.10522461160714247,down,0.032308956546021186,0.13088169948616007,True
Obesity,ACOX1,0.10984584258928365,up,0.36832156392679927,0.6171668051434066,False
Obesity,GNAT2,-0.02781459151785759,down,0.30115142717720683,0.5507047636736874,False
Obesity,CD4,0.5293143154464284,up,4.473371957820131e-07,4.008993345055946e-05,True
Obesity,SPIN4,0.22350202124999985,up,0.005096863782898516,0.034136290531726,True
Obesity,MPV17L2,0.06552560062499868,up,0.35843507988180257,0.6075426181364927,False
Obesity,DGKE,0.001499720357142742,up,0.9751173447432564,0.988910598306242,False
Obesity,SRM,0.18181501428571245,up,0.0238189184633268,0.10535183207516106,True
Obesity,SUPT3H,-0.003566197410714622,down,0.9537526395487278,0.9806270883630841,False
Obesity,MACF1,0.1912318639285706,up,0.028824323473343422,0.12008988548938306,True
Obesity,MOB3B,-0.36022949375000035,down,0.010887192022994222,0.05961432539045411,True
Obesity,ARNT2,0.023760116517857366,up,0.4816373876313684,0.7110878961635967,False
Obesity,VPS13C,-0.010698591428573323,down,0.809567133081723,0.913702261028929,False
Obesity,ATM,0.0991385312499995,up,0.06662805776660308,0.21453385359895752,False
Obesity,PRDM13,-0.013371057678571496,down,0.5961710644665883,0.793039055165803,False
Obesity,SSR2,-0.039533341428570345,down,0.25837292369769044,0.5066945214300661,False
Obesity,MTIF3,-0.20927211160714254,down,0.007447974880603685,0.04505895116623457,True
Obesity,IL1B,0.013266426339285431,up,0.5823371271649215,0.7829409381278919,False
Obesity,CD8A,0.10221644678571362,up,0.03415080348563313,0.1361450566495214,True
Obesity,UBE2D3,-0.11844308276785664,down,0.018158066182601323,0.08636936955936568,True
Obesity,HHIP,-0.12742396741071405,down,0.0008779664708642547,0.009154198881809015,True
Obesity,MTCH2,0.2891322541071428,up,0.0013591830124955156,0.012637212496582432,True
Obesity,ADK,-0.13040597196428472,down,0.09377371258865091,0.2687204066872341,False
Obesity,NRG1,0.029192244821429014,up,0.2210539595118727,0.4625053383005497,False
Obesity,OXTR,0.0003226159821432262,up,0.9921458020660416,0.9962593607453034,False
Obesity,SERPINB7,0.027553013660714054,up,0.10105427094019483,0.28187493457201,False
Obesity,LAMA4,0.001464849821427805,up,0.9843750821611809,0.9931260601084704,False
Obesity,CCDC146,0.05968366187499985,up,0.5008818931860058,0.7256345292008953,False
Obesity,CLCN3,-0.07763672133928612,down,0.21649623447284383,0.45716231503830806,False
Obesity,SRA1,0.07389613633928516,up,0.3082991516188209,0.5576356477223754,False
Obesity,TBX21,0.051456995178571496,up,0.32414925796679145,0.5744339957565927,False
Obesity,PNPLA2,-0.23910087178571438,down,0.002656683631785944,0.020876319812196852,True
Obesity,FOXF1,0.025381906875000304,up,0.5533089367363055,0.7640526891721358,False
Obesity,TTN,0.1768362876785723,up,0.14503635424923192,0.3552604147900926,False
Obesity,RIC8B,-0.03383527366071437,down,0.5695051913625593,0.7751548671535533,False
Obesity,FAAH,-0.09733363625000013,down,0.16511220708999508,0.38721139379017366,False
Obesity,PIK3C2G,-0.019130162410714302,down,0.4167023940367609,0.6587433058187182,False
Obesity,CYP1B1,0.1626281753571428,up,0.010548054415012276,0.058315118949482804,True
Obesity,CD47,0.21974400321428345,up,0.018729041144973074,0.0882120261143007,True
Obesity,BRD4,0.18769182437499943,up,0.010966482594968241,0.059880813086257915,True
Obesity,GPNMB,0.7092372365178568,up,3.0353069186102435e-06,0.0001506579592305357,True
Obesity,SOCS3,0.044926233571428664,up,0.46118474321739755,0.6947278872439709,False
Obesity,SERPINE1,0.5355398990178566,up,0.002168409759928202,0.017971143492924224,True
Obesity,NEIL1,-0.011866978928570582,down,0.8842979937107569,0.9482695522353535,False
Obesity,NR1D1,0.2441406267857138,up,0.08309148450391633,0.2481652003550286,False
Obesity,PRKAA1,-0.008832661071427772,down,0.818998682562228,0.9178290671101883,False
Obesity,ACE2,-0.008292062142857493,down,0.9013711093377322,0.956515606300317,False
Obesity,ACVR2B,-0.06122698160714313,down,0.12500890420251456,0.32331666199147835,False
Obesity,THBS1,0.9871826228571425,up,0.0012637499960030088,0.011946642909054814,True
Obesity,APLN,-0.028206963571429267,down,0.30389167033699094,0.5534621064713484,False
Obesity,MRPS15,-0.13005719767857293,down,0.010384152611678396,0.057620012547470796,True
Obesity,CCL2,1.7919049950892845,up,1.4086166156419849e-06,8.739614738367743e-05,True
Obesity,PACS1,0.16681780053571327,up,0.013095780596591713,0.06804384128626756,True
Obesity,SMARCA4,0.13081577776785736,up,0.018504450395209066,0.08748262669570891,True
Obesity,CES2,0.07048688553571392,up,0.4112309132720903,0.6552219996045242,False
Obesity,TGFB1,0.8520420632142862,up,9.600531321527234e-09,2.970115059799603e-06,True
Obesity,WFS1,-0.08877127633928694,down,0.35116580611154463,0.6006851238617612,False
Obesity,CBS,-0.10165405285714302,down,0.006090060614692591,0.0390067864215024,True
Obesity,IKBKB,0.1664690304464287,up,0.006708025197870645,0.0418607463577537,True
Obesity,NPPB,0.00724138374999983,up,0.8172994907762787,0.9174105178644842,False
Obesity,IL10,0.18598284241071417,up,0.00035961386803657556,0.0047914569886360016,True
Obesity,DLK1,-0.010266986517856846,down,0.6996589258008833,0.8524545306585644,False
Obesity,HMGCR,-0.05374581616071428,down,0.20868201386978086,0.44722666551861173,False
Obesity,GPSM1,0.09781319562499924,up,0.045585633628831876,0.16594228721365878,True
Obesity,HDAC6,-0.07539585625000189,down,0.28732413116669736,0.5372073994758418,False
Obesity,ANGPTL4,-0.226213726607142,down,0.009804340398349381,0.055217262732249986,True
Obesity,TNFSF11,0.020285469374999643,up,0.5116728293174122,0.7338764878257613,False
Obesity,RFTN2,-0.2985927053571453,down,0.00024294405409983557,0.0036239422178274017,True
Obesity,URM1,-0.04793875464285602,down,0.2792384990835624,0.5286009612516868,False
Obesity,LYRM4,0.08483450669642867,up,0.04763438468387416,0.1710454485232246,True
Obesity,GIP,0.014260427946428678,up,0.6270698750109088,0.8124233487471973,False
Obesity,JAM2,0.21722411901785765,up,0.01861983225140243,0.08786257659123956,True
Obesity,SLC5A1,0.005453927589285978,up,0.8362113216617878,0.9253724862591426,False
Obesity,SGK1,0.16982160491071419,up,0.03636544448847478,0.14243447768430703,True
Obesity,EGR1,0.26829310910714277,up,0.28930913524287133,0.539222374376909,False
Obesity,FAM20C,-0.03541783017857103,down,0.5648638019701934,0.7719281195506987,False
Obesity,NRG4,0.011496406160714123,up,0.5216718526346604,0.7414673762115088,False
Obesity,SMARCA2,0.02089146294642852,up,0.6720510035764699,0.8378298314475116,False
Obesity,TXNIP,-0.20565360714285674,down,0.008526626302125598,0.04984864830629162,True
Obesity,SLC4A1,0.03496442482142825,up,0.38322095415811164,0.6313835298427306,False
Obesity,CDO1,-0.07410539901785729,down,0.6091994588950417,0.801132445310007,False
Obesity,MFAP2,0.13010515508928622,up,0.018330567605576602,0.08683178354499603,True
Obesity,TET2,-0.046212331428572284,down,0.4118445334596869,0.6554684244998992,False
Obesity,SERPINB10,0.034567693482142836,up,0.05920971305870593,0.19760487065432464,False
Obesity,RBP4,-0.1310860669642846,down,0.03770304774271912,0.14560287794486468,True
Obesity,ERN1,-0.04462541830357214,down,0.5294544847334226,0.7469068909314339,False
Obesity,IL33,0.3701520639285709,up,0.004048775370171455,0.02874490504871177,True
Obesity,SESN3,-0.36736188535714387,down,0.02792314591338751,0.11760841613352174,True
Obesity,EPO,0.01744297687499996,up,0.5461417706318633,0.7588019701461456,False
Obesity,MPO,-0.09477887955357156,down,0.003097206953328423,0.02350729661009895,True
Obesity,GPX4,-0.12309916964285783,down,0.034866670718413886,0.13821816596536057,True
Obesity,CDH1,0.005959648392857453,up,0.8960873637844884,0.9541198602247344,False
Obesity,XDH,-0.032649448571428596,down,0.08057209019947958,0.24326739105147688,False
Obesity,RB1,-0.06995501142857208,down,0.21343742617700215,0.45310870992000746,False
Obesity,IL9,-0.015441895178570864,down,0.42598318118234574,0.6665453433488614,False
Obesity,JUN,0.4435947955357138,up,0.0011839070231941605,0.011372758916127997,True
Obesity,DDIT4,-0.05937848732142825,down,0.7521703517741758,0.8820316825716237,False
Obesity,TLR9,-0.05902971562500037,down,0.18866873587621813,0.4201495846523863,False
Obesity,KCNJ2,0.16491699160714335,up,0.01692293325392349,0.08231478022972391,True
Obesity,PDCD1,0.013545448035714003,up,0.7391712958788649,0.8745981531491704,False
Obesity,NTN1,0.1807207385714289,up,0.03060191848174504,0.12593180156554848,True
Obesity,ANGPTL6,-0.02960641098214367,down,0.6202221865590593,0.8076513787262753,False
Obesity,SGSM3,-0.054286411607142426,down,0.2470114937808394,0.4940229875616788,False
Obesity,PRDM16,0.029026575892857398,up,0.449301587189322,0.6848233141043159,False
Obesity,PLA2G6,-0.37906319749999984,down,5.8125837326817295e-05,0.0012832003032148991,True
Obesity,PLOD1,-0.018502372589283667,down,0.8296128217881975,0.9226970165762685,False
Obesity,C3orf62,-0.3308236261607167,down,0.22347887976336828,0.46538008488482335,False
Obesity,TIMP1,0.6168474486607138,up,6.603599190560039e-09,2.2943951403016604e-06,True
Obesity,C3,0.36225236348214196,up,0.0006647732436297313,0.007373726981403582,True
Obesity,FOS,0.4332798537500002,up,0.0555919484060208,0.18965084030235255,False
Obesity,ARFGEF2,-0.04863629910714362,down,0.460571995258323,0.6943832278207581,False
Obesity,KIF16B,0.044363840803570476,up,0.582301539559246,0.7829409381278919,False
Obesity,STX19,-0.011465889375000593,down,0.6103424319886516,0.8020466358682478,False
Obesity,PLAT,0.04342215249999981,up,0.7445794354303524,0.878399469949315,False
Obesity,ADHFE1,-0.48528180892857087,down,0.0003691186553625411,0.004857911254491624,True
Obesity,LEAP2,-0.011230469196428228,down,0.7046890067297195,0.8555753862741602,False
Obesity,HIF1A,0.13961356008928671,up,0.03548949957113813,0.13992445255211147,True
Obesity,WWOX,0.03587123598214248,up,0.23615196844925423,0.48044414587215334,False
Obesity,BNIP3,-0.5161655971428605,down,1.6098658773914586e-06,9.592931655675119e-05,True
Obesity,SST,-0.03257969419642848,down,0.1870741020687628,0.41785001692423485,False
Obesity,SLC39A14,-0.1480102539285717,down,0.11936665541336292,0.3141295085835461,False
Obesity,IRF3,0.06313214794642841,up,0.09462103604837109,0.2700017993896401,False
Obesity,FASN,-1.1360560697321418,down,3.269006655836928e-05,0.0008342061730556067,True
Obesity,LSM5,-0.016697476607143713,down,0.7146887040333136,0.861395380643134,False
Obesity,CDK5,0.19671630901785786,up,0.00840911608075677,0.04928924930386995,True
Obesity,SGK3,-0.15535191232142953,down,0.007484557465678857,0.04523180246317669,True
Obesity,RAD52,-0.022613526607142553,down,0.5942785902000726,0.791775927806659,False
Obesity,NUDT1,0.0684596474107142,up,0.14939190339003297,0.3620805694527264,False
Obesity,LIN9,-0.09930419982142791,down,0.02318546790183089,0.10323750139884637,True
Obesity,AIF1,1.3659667954464272,up,1.8560442353472398e-08,4.507193872159362e-06,True
Obesity,MEG3,-0.065102715089286,down,0.40504504174437095,0.6504800772313216,False
Obesity,STXBP5,0.14607456374999916,up,0.03890886913742282,0.14890999840697458,True
Obesity,MRM1,-0.0036490326785707516,down,0.9236137907656491,0.965860024068129,False
Obesity,MAP3K8,0.24829101616071458,up,0.09576290674006414,0.2719453157914818,False
Obesity,ZPBP,-0.019487651964285924,down,0.2715151339910539,0.5209326128667031,False
Obesity,VAMP3,-0.18368094303571425,down,0.021929390534712982,0.09911013724954132,True
Obesity,GAS6,0.3281773177678575,up,0.004190722092076938,0.02946552544441643,True
Obesity,BIRC5,0.05320957857142883,up,0.043650922764927484,0.16137050903963368,True
Obesity,NOD2,0.05159214446428528,up,0.07190584242797493,0.2251693767877684,False
Obesity,SIRT6,0.04698835303571425,up,0.42270672238843776,0.6636824679102112,False
Obesity,MSR1,0.588187082142857,up,0.000734945900012674,0.00793025236783862,True
Obesity,NDUFAF6,-0.07484218107142837,down,0.017980841746419757,0.085848929281458,True
Obesity,SLC6A9,0.09671020250000018,up,0.024638881618044308,0.10789806060454611,True
Obesity,STAT3,0.27994210821428567,up,3.4661505606959016e-05,0.000869772714030625,True
Obesity,CST3,0.2952008925000005,up,2.167513897466778e-06,0.00011881343169997505,True
Obesity,NPY1R,0.8627755285714294,up,0.0005893023339504862,0.006766041642062928,True
Obesity,ARC,0.028647288125000614,up,0.3760622855863419,0.6240716186113562,False
Obesity,APP,0.10869489535714294,up,0.014442644455133604,0.07310010810729209,True
Obesity,DUSP1,0.4815848208035707,up,0.012711839509097026,0.06666720423205298,True
Obesity,MCAM,-0.0982666023214307,down,0.06517875126095167,0.2110995150548304,False
Obesity,GAD2,0.005432128035713912,up,0.7223776991530578,0.8654736317067724,False
Obesity,C3orf38,-0.03812953428571486,down,0.342198003368492,0.5919139669659502,False
Obesity,MMAB,-0.12283761124999959,down,0.16605305706140652,0.38857749651125534,False
Obesity,STK11,0.012111119107142798,up,0.8748623089857197,0.9432774938476794,False
Obesity,TNFRSF11A,0.47351946062500083,up,0.0017183759846155072,0.015059295008365003,True
Obesity,CCL5,0.6013619547321429,up,0.00012587021878479135,0.0022542847113685392,True
Obesity,CLDN11,0.020342143303571092,up,0.5566047018267298,0.7661592651244883,False
Obesity,PTER,-0.09668840973214277,down,0.17990611122450528,0.40816344112971803,False
Obesity,NCKIPSD,-0.06193324598214289,down,0.24855350217469924,0.49543974343454616,False
Obesity,TTC14,-0.1758858839285713,down,0.012405378140881135,0.06548523701796255,True
Obesity,CYSTM1,0.03425816375000057,up,0.5037810093551175,0.7275476605241062,False
Obesity,MSANTD2,-0.13343157053571364,down,0.07324711041924246,0.22796599439384221,False
Obesity,KLHL3,-0.012525286785714407,down,0.8722353888319401,0.9420049590117358,False
Obesity,CA5A,0.0088152179464287,up,0.7730295773193083,0.8921548861414207,False
Obesity,MVP,0.675702777142857,up,9.477907023331034e-10,6.689032881715877e-07,True
Obesity,XPC,-0.01891217857142813,down,0.6415349940453697,0.8210073331944974,False
Obesity,COBLL1,0.2382289318750006,up,0.0004655235501624563,0.005689060528608719,True
Obesity,IL36G,-0.011369978214286203,down,0.5500907483930456,0.7615084872936461,False
Obesity,RARRES2,-0.5078212176785719,down,0.0030916689083284304,0.023497930742608936,True
Obesity,FOSB,-0.030465263214285887,down,0.24821287485918028,0.4950694187312306,False
Obesity,IL6R,0.3260934016964301,up,0.002852147668904959,0.02202633586170237,True
Obesity,ITLN1,0.017124720446428654,up,0.4596860593463279,0.6934903115749812,False
Obesity,TRMT11,-0.3296160020535712,down,1.467456861739066e-06,8.861242183292799e-05,True
Obesity,ATF3,0.1710989808035719,up,0.0014875874461363866,0.013492238909053877,True
Obesity,GNB3,-0.027762278571428656,down,0.21303438877516498,0.4526218149191732,False
Obesity,DNASE2,0.2846592505357153,up,0.0008719457202434181,0.009112458188791002,True
Obesity,TRIM67,-0.02541678571428596,down,0.5435905316076669,0.7565911848778226,False
Obesity,CNTN3,0.5269077854464284,up,0.0005627790395320545,0.0065379639036995466,True
Obesity,TREM2,1.4299054835714293,up,9.478123629762116e-06,0.00034084198241569755,True
Obesity,F2RL1,0.00351824000000045,up,0.8852950057389871,0.9486874960532816,False
Obesity,SHOX2,0.03591046919642782,up,0.46349375734254744,0.6961386427390489,False
Obesity,HRH1,0.17243739383928558,up,0.010161645127047017,0.05672036419901875,True
Obesity,CTBP2,0.01808384553571374,up,0.6724110981262928,0.8379717505078592,False
Obesity,OTP,-0.012494770267856836,down,0.5760364600987357,0.779087759903572,False
Obesity,NEU1,0.06429617714285651,up,0.23461307887494404,0.4787226032988558,False
Obesity,LRG1,0.04411098133928526,up,0.13887072394866784,0.3455168480397394,False
Obesity,C12orf43,-0.002301895714285962,down,0.9474058731594247,0.9772638275067346,False
Obesity,AGER,0.10212489437500016,up,0.0849488828045454,0.25157167181456247,False
Obesity,PIEZO1,-0.4237147746428569,down,9.646100902210674e-07,6.682439962439443e-05,True
Obesity,FSTL1,0.38959612232142504,up,7.290995087897363e-08,1.1458196756456056e-05,True
Obesity,TYROBP,1.915937153571429,up,5.177829710684687e-10,4.23219229790279e-07,True
Obesity,GSK3B,0.022042408303571293,up,0.5303144830544905,0.747498530141084,False
Obesity,CXCL1,-0.03850882473214279,down,0.4283358406209998,0.6680157879003287,False
Obesity,CCR7,0.15934535401785732,up,0.002174289306047241,0.018006655551071102,True
Obesity,PRTN3,-0.008217949464285557,down,0.7914876429331201,0.9030652803324579,False
Obesity,DUSP2,0.035810197321428205,up,0.38467718381624705,0.6326960541334298,False
Obesity,OLFM2,0.13861955714285834,up,0.6830317211685148,0.8437712881757895,False
Obesity,CBR1,0.2094290592857151,up,0.00015856087352327956,0.002636921036560932,True
Obesity,PDE3A,-0.8700561520535706,down,5.5095840083099554e-05,0.0012356350073850252,True
Obesity,SPARC,0.33168248419642943,up,0.0014338520754423687,0.013131964733298912,True
Obesity,GDF11,0.03307233321428571,up,0.1893760944059327,0.4208883942033444,False
Obesity,CD14,1.1851021916071423,up,2.9420661404706597e-09,1.444426559051943e-06,True
Obesity,BCHE,-0.13922554946428622,down,0.00023770656797045077,0.0035599238269526925,True
Obesity,CD79A,0.1168605259821427,up,0.05679416535270997,0.19224212085215858,False
Obesity,PPARGC1A,0.05952671660714248,up,0.13765156015286326,0.3436184471435009,False
Obesity,FGF2,-0.34687150723214266,down,0.00229408774128758,0.018755892358388586,True
Obesity,STUB1,0.0065743574107139935,up,0.9130371242971135,0.9612189296349706,False
Obesity,TRAF3,0.1226632228571436,up,0.03656057902752453,0.1429261064146813,True
Obesity,EEPD1,-0.09242466401785787,down,0.46636564025914035,0.6982454299706645,False
Obesity,MNS1,0.17043631178571417,up,0.2424413651300514,0.48808127920280625,False
Obesity,MLKL,0.09613037214285658,up,0.22117668189693776,0.4627010924158467,False
Obesity,SETD5,-0.19253103875000033,down,0.0017001213084220559,0.014951534123599576,True
Obesity,ARL13B,-0.04773821008928536,down,0.41574595364881545,0.6578805210714332,False
Obesity,MRPL39,-0.4004080655357134,down,2.0663927561143663e-07,2.335257490370044e-05,True
Obesity,LGALS1,0.11390903848214329,up,0.02922550919578241,0.12135114904900716,True
Obesity,CYP2E1,-0.04764229982142876,down,0.06728417858260503,0.21599799418756957,False
Obesity,CNTNAP4,0.04240199410714274,up,0.08643419645098523,0.2544947172471638,False
Obesity,S100A9,0.486929756964285,up,0.0017697982868359434,0.01537976736381846,True
Obesity,IFNAR1,-0.1548810691071445,down,0.07900380029290788,0.2397587742405837,False
Obesity,HOXB7,-0.010245184196428614,down,0.7235192820915824,0.8661980209264365,False
Obesity,ABCA1,-0.22779192223214473,down,0.08184814562977044,0.24564232835916755,False
Obesity,PTX3,0.014099123482143039,up,0.6514277199151017,0.8266938428052741,False
Obesity,CERS6,-0.6406773183035739,down,5.059742191607275e-06,0.0002200170296205783,True
Obesity,INHBA,0.020006453124999712,up,0.37958662551746136,0.6275684004894837,False
Obesity,BBS1,-0.042393274107143775,down,0.3028609338713158,0.5522396066000569,False
Obesity,FGF23,0.03837803410714269,up,0.21006292067275328,0.44907809546322036,False
Obesity,MGAM,-0.008479525892857609,down,0.6841236471548399,0.8443312407323745,False
Obesity,IDO1,0.005514963571427334,up,0.9035466346373117,0.957370291639827,False
