symbol,entrez_id,kegg_id
ADH1B,125,hsa00010
ALDH2,217,hsa00010
FBP1,2203,hsa00010
GCK,2645,hsa00010
HK1,3098,hsa00010
ENO4,387712,hsa00010
LDHB,3945,hsa00010
PDHA1,5160,hsa00010
PDHB,5162,hsa00010
PGM1,5236,hsa00010
G6PC2,57818,hsa00010
ADPGK,83440,hsa00010
ACLY,47,hsa00020
ACO1,48,hsa00020
OGDH,4967,hsa00020
PC,5091,hsa00020
PDHA1,5160,hsa00020
PDHB,5162,hsa00020
FBP1,2203,hsa00030
PRPS1L1,221823,hsa00030
PGM1,5236,hsa00030
H6PD,9563,hsa00030
UGT1A1,54658,hsa00040
KL,9365,hsa00040
FBP1,2203,hsa00051
GMDS,2762,hsa00051
HK1,3098,hsa00051
PFKFB3,5209,hsa00051
TIGAR,57103,hsa00051
GAA,2548,hsa00052
GCK,2645,hsa00052
HK1,3098,hsa00052
LCT,3938,hsa00052
PGM1,5236,hsa00052
G6PC2,57818,hsa00052
SI,6476,hsa00052
MGAM,8972,hsa00052
MGAM2,93432,hsa00052
ALDH2,217,hsa00053
UGT1A1,54658,hsa00053
KL,9365,hsa00053
HTD2,109703458,hsa00061
ACSL1,2180,hsa00061
FASN,2194,hsa00061
ACACA,31,hsa00061
ACACB,32,hsa00061
HACD2,201562,hsa00062
HSD17B12,51144,hsa00062
ADH1B,125,hsa00071
CPT1A,1374,hsa00071
EHHADH,1962,hsa00071
ALDH2,217,hsa00071
ACSL1,2180,hsa00071
ACADS,35,hsa00071
ACOX1,51,hsa00071
CEL,1056,hsa00100
FDFT1,2222,hsa00100
SC5D,6309,hsa00100
HSD17B4,3295,hsa00120
CYP7B1,9420,hsa00120
VKORC1,79001,hsa00130
COMT,1312,hsa00140
CYP1B1,1545,hsa00140
CYP2E1,1571,hsa00140
CYP11A1,1583,hsa00140
CYP11B1,1584,hsa00140
CYP11B2,1585,hsa00140
CYP17A1,1586,hsa00140
CYP19A1,1588,hsa00140
HSD11B1,3290,hsa00140
HSD17B12,51144,hsa00140
UGT1A1,54658,hsa00140
DHRS11,79154,hsa00140
CYP7B1,9420,hsa00140
NDUFA11,126328,hsa00190
ATP6V1G3,127124,hsa00190
NDUFS7,374291,hsa00190
MT-CYB,4519,hsa00190
MT-ND1,4535,hsa00190
MT-ND2,4536,hsa00190
MT-ND3,4537,hsa00190
MT-ND4,4538,hsa00190
MT-ND4L,4539,hsa00190
MT-ND5,4540,hsa00190
MT-ND6,4541,hsa00190
NDUFA1,4694,hsa00190
NDUFA2,4695,hsa00190
NDUFA3,4696,hsa00190
COXFA4,4697,hsa00190
NDUFA5,4698,hsa00190
NDUFA6,4700,hsa00190
NDUFA7,4701,hsa00190
NDUFA8,4702,hsa00190
NDUFA9,4704,hsa00190
NDUFA10,4705,hsa00190
NDUFAB1,4706,hsa00190
NDUFB1,4707,hsa00190
NDUFB2,4708,hsa00190
NDUFB3,4709,hsa00190
NDUFB4,4710,hsa00190
NDUFB5,4711,hsa00190
NDUFB6,4712,hsa00190
NDUFB7,4713,hsa00190
NDUFB8,4714,hsa00190
NDUFB9,4715,hsa00190
NDUFB10,4716,hsa00190
NDUFC1,4717,hsa00190
NDUFC2,4718,hsa00190
NDUFS1,4719,hsa00190
NDUFS2,4720,hsa00190
NDUFS3,4722,hsa00190
NDUFV1,4723,hsa00190
NDUFS4,4724,hsa00190
NDUFS5,4725,hsa00190
NDUFS6,4726,hsa00190
NDUFS8,4728,hsa00190
NDUFV2,4729,hsa00190
NDUFV3,4731,hsa00190
ATP4A,495,hsa00190
ATP4B,496,hsa00190
NDUFA13,51079,hsa00190
ATP5F1D,513,hsa00190
ATP5F1E,514,hsa00190
ATP5MC1,516,hsa00190
NDUFB11,54539,hsa00190
NDUFA12,55967,hsa00190
COXFA4L2,56901,hsa00190
GOT1,2805,hsa00220
GPT,2875,hsa00220
ARG1,383,hsa00220
NOS1,4842,hsa00220
NOS2,4843,hsa00220
NOS3,4846,hsa00220
CAD,790,hsa00220
ADA,100,hsa00230
NME6,10201,hsa00230
ADCY1,107,hsa00230
PDE10A,10846,hsa00230
ADCY3,109,hsa00230
ADCY5,111,hsa00230
NUDT5,11164,hsa00230
ADCY9,115,hsa00230
ADK,132,hsa00230
DCK,1633,hsa00230
AK4,205,hsa00230
PRPS1L1,221823,hsa00230
FHIT,2272,hsa00230
NT5C2,22978,hsa00230
PDE7B,27115,hsa00230
GUCY1A2,2977,hsa00230
GUCY1A1,2982,hsa00230
GUCY1B1,2983,hsa00230
NT5C,30833,hsa00230
HDDC3,374659,hsa00230
RRM2B,50484,hsa00230
PDE1A,5136,hsa00230
PDE1C,5137,hsa00230
PDE2A,5138,hsa00230
PDE3A,5139,hsa00230
PDE3B,5140,hsa00230
PDE4A,5141,hsa00230
PDE4B,5142,hsa00230
PDE4C,5143,hsa00230
PDE4D,5144,hsa00230
PDE6A,5145,hsa00230
PDE6C,5146,hsa00230
PDE6D,5147,hsa00230
PDE6G,5148,hsa00230
PDE6H,5149,hsa00230
PDE7A,5150,hsa00230
PDE8A,5151,hsa00230
PDE9A,5152,hsa00230
PDE1B,5153,hsa00230
PDE6B,5158,hsa00230
ENPP1,5167,hsa00230
ENPP3,5169,hsa00230
PGM1,5236,hsa00230
PRUNE1,58497,hsa00230
XDH,7498,hsa00230
PDE8B,8622,hsa00230
PDE5A,8654,hsa00230
PAPSS1,9061,hsa00230
NT5C1B,93034,hsa00230
NAT2,10,hsa00232
XDH,7498,hsa00232
NME6,10201,hsa00240
DCK,1633,hsa00240
DPYD,1806,hsa00240
DPYS,1807,hsa00240
NT5C2,22978,hsa00240
NT5C,30833,hsa00240
RRM2B,50484,hsa00240
ENPP1,5167,hsa00240
ENPP3,5169,hsa00240
CAD,790,hsa00240
CDADC1,81602,hsa00240
NT5C1B,93034,hsa00240
FOLH1,2346,hsa00250
GAD1,2571,hsa00250
GAD2,2572,hsa00250
GOT1,2805,hsa00250
GPT,2875,hsa00250
CAD,790,hsa00250
SARDH,1757,hsa00260
PHGDH,26227,hsa00260
GNMT,27232,hsa00260
GLDC,2731,hsa00260
PSAT1,29968,hsa00260
BHMT,635,hsa00260
AOC3,8639,hsa00260
CBS,875,hsa00260
CDO1,1036,hsa00270
DNMT3A,1788,hsa00270
AHCY,191,hsa00270
PHGDH,26227,hsa00270
GNMT,27232,hsa00270
GCLC,2729,hsa00270
GOT1,2805,hsa00270
PSAT1,29968,hsa00270
LDHB,3945,hsa00270
MAT1A,4143,hsa00270
APIP,51074,hsa00270
ADI1,55256,hsa00270
BHMT,635,hsa00270
SRM,6723,hsa00270
CBS,875,hsa00270
HIBADH,11112,hsa00280
EHHADH,1962,hsa00280
ALDH2,217,hsa00280
HSD17B10,3028,hsa00280
HMGCS2,3158,hsa00280
ACADS,35,hsa00280
PCCB,5096,hsa00280
BCKDHB,594,hsa00280
EHHADH,1962,hsa00310
ALDH2,217,hsa00310
COLGALT2,23127,hsa00310
SETD2,29072,hsa00310
KMT5A,387893,hsa00310
AADAT,51166,hsa00310
PLOD1,5351,hsa00310
DHTKD1,55526,hsa00310
KMT2E,55904,hsa00310
PRDM16,63976,hsa00310
NSD1,64324,hsa00310
EHMT1,79813,hsa00310
CAMKMT,79823,hsa00310
SETD1A,9739,hsa00310
CKMT1B,1159,hsa00330
ALDH2,217,hsa00330
AOC1,26,hsa00330
GOT1,2805,hsa00330
ARG1,383,hsa00330
NOS1,4842,hsa00330
NOS2,4843,hsa00330
NOS3,4846,hsa00330
SRM,6723,hsa00330
ALDH2,217,hsa00340
AOC1,26,hsa00340
HNMT,3176,hsa00340
ADH1B,125,hsa00350
COMT,1312,hsa00350
DCT,1638,hsa00350
DDC,1644,hsa00350
GOT1,2805,hsa00350
MIF,4282,hsa00350
TH,7054,hsa00350
TPO,7173,hsa00350
AOC3,8639,hsa00350
DDC,1644,hsa00360
GOT1,2805,hsa00360
MIF,4282,hsa00360
AOC3,8639,hsa00360
TPH2,121278,hsa00380
CYP1B1,1545,hsa00380
DDC,1644,hsa00380
EHHADH,1962,hsa00380
ALDH2,217,hsa00380
AOC1,26,hsa00380
IDO1,3620,hsa00380
AADAT,51166,hsa00380
DHTKD1,55526,hsa00380
CAT,847,hsa00380
GOT1,2805,hsa00400
DPYD,1806,hsa00410
DPYS,1807,hsa00410
EHHADH,1962,hsa00410
ALDH2,217,hsa00410
GAD1,2571,hsa00410
GAD2,2572,hsa00410
ACADS,35,hsa00410
ACOX1,51,hsa00410
AOC3,8639,hsa00410
CDO1,1036,hsa00430
FMO5,2330,hsa00430
GAD1,2571,hsa00430
GAD2,2572,hsa00430
GGT1,2678,hsa00430
ADO,84890,hsa00430
SELENOI,85465,hsa00440
PAPSS1,9061,hsa00450
MARS2,92935,hsa00450
DGLUCY,80017,hsa00470
GGT1,2678,hsa00480
GCLC,2729,hsa00480
GPX4,2879,hsa00480
GSTA2,2939,hsa00480
GSTM1,2944,hsa00480
GSTP1,2950,hsa00480
RRM2B,50484,hsa00480
SRM,6723,hsa00480
NAT8,9027,hsa00480
GSTO1,9446,hsa00480
PRDX6,9588,hsa00480
GAA,2548,hsa00500
GBE1,2632,hsa00500
GCK,2645,hsa00500
AMY2A,279,hsa00500
GYS2,2998,hsa00500
HK1,3098,hsa00500
ENPP1,5167,hsa00500
ENPP3,5169,hsa00500
PGM1,5236,hsa00500
G6PC2,57818,hsa00500
SI,6476,hsa00500
MGAM,8972,hsa00500
MGAM2,93432,hsa00500
MAN1A2,10905,hsa00510
MGAT4A,11320,hsa00510
ALG10B,144245,hsa00510
MAN1A1,4121,hsa00510
MGAT1,4245,hsa00510
MGAT5,4249,hsa00510
MAN1C1,57134,hsa00510
ST6GAL1,6480,hsa00510
TMEM258,746,hsa00510
ALG2,85365,hsa00510
AGA,175,hsa00511
GBA1,2629,hsa00511
MAN2C1,4123,hsa00511
MANBA,4126,hsa00511
NEU1,4758,hsa00511
GBA2,57704,hsa00511
GALNT2,2590,hsa00512
GALNT3,2591,hsa00512
GCNT4,51301,hsa00512
GALNT10,55568,hsa00512
C1GALT1,56913,hsa00512
GALNT17,64409,hsa00512
GALNT12,79695,hsa00512
MAN1A2,10905,hsa00513
MGAT4A,11320,hsa00513
B4GALNT3,283358,hsa00513
MAN1A1,4121,hsa00513
MGAT1,4245,hsa00513
MAN1C1,57134,hsa00513
ST3GAL3,6487,hsa00513
TMEM258,746,hsa00513
ALG2,85365,hsa00513
B3GLCT,145173,hsa00514
XXYLT1,152002,hsa00514
COLGALT2,23127,hsa00514
GALNT2,2590,hsa00514
GALNT3,2591,hsa00514
GALNT10,55568,hsa00514
C1GALT1,56913,hsa00514
GALNT17,64409,hsa00514
ST6GAL1,6480,hsa00514
ST3GAL3,6487,hsa00514
GXYLT2,727936,hsa00514
GALNT12,79695,hsa00514
POFUT3,84750,hsa00514
B3GALNT2,148789,hsa00515
ST3GAL3,6487,hsa00515
GNPDA2,132789,hsa00520
GCK,2645,hsa00520
HK1,3098,hsa00520
PGM1,5236,hsa00520
GCK,2645,hsa00524
HK1,3098,hsa00524
IDUA,3425,hsa00531
HPSE2,60495,hsa00531
CSGALNACT1,55790,hsa00532
XYLT1,64131,hsa00532
CHPF,79586,hsa00532
B3GNT2,10678,hsa00533
ST3GAL3,6487,hsa00533
CHST1,8534,hsa00533
EXT1,2131,hsa00534
HS3ST5,222537,hsa00534
HS6ST3,266722,hsa00534
XYLT1,64131,hsa00534
NDST4,64579,hsa00534
NDST2,8509,hsa00534
CYB5R3,1727,hsa00541
GMDS,2762,hsa00541
CEL,1056,hsa00561
GPAT4,137964,hsa00561
MBOAT1,154141,hsa00561
DGKB,1607,hsa00561
ALDH2,217,hsa00561
LIPC,3990,hsa00561
LPL,4023,hsa00561
PNLIP,5406,hsa00561
PNPLA2,57104,hsa00561
GPAM,57678,hsa00561
MOGAT2,80168,hsa00561
PNPLA3,80339,hsa00561
PLPP5,84513,hsa00561
DGAT2,84649,hsa00561
LIPF,8513,hsa00561
DGKE,8526,hsa00561
DGKD,8527,hsa00561
DGKI,9162,hsa00561
LIPG,9388,hsa00561
INPP5F,22876,hsa00562
PPIP5K2,23262,hsa00562
INPP5D,3635,hsa00562
PIK3C2A,5286,hsa00562
PIK3C2B,5287,hsa00562
PIK3C2G,5288,hsa00562
PIK3C3,5289,hsa00562
PIK3CA,5290,hsa00562
PIP4K2A,5305,hsa00562
PLCB3,5331,hsa00562
PLCG1,5335,hsa00562
PLCG2,5336,hsa00562
PTEN,5728,hsa00562
IPPK,64768,hsa00562
INPP4B,8821,hsa00562
PLCH2,9651,hsa00562
PIGP,51227,hsa00563
PIGX,54965,hsa00563
PIGV,55650,hsa00563
PLA2G4B,100137049,hsa00564
PEMT,10400,hsa00564
LYPLA1,10434,hsa00564
GPAT4,137964,hsa00564
MBOAT1,154141,hsa00564
DGKB,1607,hsa00564
PISD,23761,hsa00564
GPD2,2820,hsa00564
ACHE,43,hsa00564
GPAM,57678,hsa00564
PLA2G2F,64600,hsa00564
MBOAT7,79143,hsa00564
PLA2G6,8398,hsa00564
PLA2G10,8399,hsa00564
PLPP5,84513,hsa00564
DGKE,8526,hsa00564
DGKD,8527,hsa00564
SELENOI,85465,hsa00564
DGKI,9162,hsa00564
PGS1,9489,hsa00564
LPGAT1,9926,hsa00564
PLA2G4B,100137049,hsa00565
PAFAH1B2,5049,hsa00565
ENPP2,5168,hsa00565
PLA2G2F,64600,hsa00565
PLA2G7,7941,hsa00565
PLA2G6,8398,hsa00565
PLA2G10,8399,hsa00565
SELENOI,85465,hsa00565
PLA2G4B,100137049,hsa00590
CYP2E1,1571,hsa00590
GGT1,2678,hsa00590
GPX4,2879,hsa00590
PTGS1,5742,hsa00590
PTGS2,5743,hsa00590
PLA2G2F,64600,hsa00590
PLA2G6,8398,hsa00590
PLA2G10,8399,hsa00590
CBR1,873,hsa00590
PTGES,9536,hsa00590
PLA2G4B,100137049,hsa00591
CYP2E1,1571,hsa00591
PLA2G2F,64600,hsa00591
PLA2G6,8398,hsa00591
PLA2G10,8399,hsa00591
PLA2G4B,100137049,hsa00592
ACOX1,51,hsa00592
PLA2G2F,64600,hsa00592
PLA2G6,8398,hsa00592
PLA2G10,8399,hsa00592
FADS2,9415,hsa00592
CERS6,253782,hsa00600
GBA1,2629,hsa00600
ASAH1,427,hsa00600
NEU1,4758,hsa00600
GBA2,57704,hsa00600
SGPL1,8879,hsa00600
B3GNT2,10678,hsa00601
ABO,28,hsa00601
ST3GAL3,6487,hsa00601
A3GALT2,127550,hsa00603
ABO,28,hsa00603
ADH1B,125,hsa00620
ACOT12,134526,hsa00620
ALDH2,217,hsa00620
ACACA,31,hsa00620
ACACB,32,hsa00620
LDHB,3945,hsa00620
PC,5091,hsa00620
PDHA1,5160,hsa00620
PDHB,5162,hsa00620
GLDC,2731,hsa00630
ACO1,48,hsa00630
PCCB,5096,hsa00630
CAT,847,hsa00630
EHHADH,1962,hsa00640
ACACA,31,hsa00640
ACACB,32,hsa00640
ACADS,35,hsa00640
LDHB,3945,hsa00640
PCCB,5096,hsa00640
ACOX1,51,hsa00640
BCKDHB,594,hsa00640
EHHADH,1962,hsa00650
GAD1,2571,hsa00650
GAD2,2572,hsa00650
HMGCS2,3158,hsa00650
ACADS,35,hsa00650
L2HGDH,79944,hsa00650
ACOD1,730249,hsa00660
SARDH,1757,hsa00670
AHCY,191,hsa00670
DHFR2,200895,hsa00670
GNMT,27232,hsa00670
GLDC,2731,hsa00670
MAT1A,4143,hsa00670
MTHFR,4524,hsa00670
BHMT,635,hsa00670
CBS,875,hsa00670
AK4,205,hsa00730
TPK1,27010,hsa00730
ENPP1,5167,hsa00740
ENPP3,5169,hsa00740
ACP2,53,hsa00740
PSAT1,29968,hsa00750
NAMPT,10135,hsa00760
NADK2,133686,hsa00760
SIRT2,22933,hsa00760
NT5C2,22978,hsa00760
SIRT3,23410,hsa00760
SIRT1,23411,hsa00760
NT5C,30833,hsa00760
NNMT,4837,hsa00760
SIRT6,51548,hsa00760
ENPP1,5167,hsa00760
ENPP3,5169,hsa00760
NADK,65220,hsa00760
NUDT12,83594,hsa00760
NT5C1B,93034,hsa00760
DPYD,1806,hsa00770
DPYS,1807,hsa00770
ALDH2,217,hsa00770
ENPP1,5167,hsa00770
ENPP3,5169,hsa00770
COASY,80347,hsa00770
GLDC,2731,hsa00785
OGDH,4967,hsa00785
PDHA1,5160,hsa00785
PDHB,5162,hsa00785
DHTKD1,55526,hsa00785
BCKDHB,594,hsa00785
TPH2,121278,hsa00790
DHFR2,200895,hsa00790
PCBD1,5092,hsa00790
TH,7054,hsa00790
CBR1,873,hsa00790
ADH1B,125,hsa00830
CYP26A1,1592,hsa00830
UGT1A1,54658,hsa00830
ALDH1A2,8854,hsa00830
CP,1356,hsa00860
EPRS1,2058,hsa00860
HMBS,3145,hsa00860
HMOX1,3162,hsa00860
MMAB,326625,hsa00860
UGT1A1,54658,hsa00860
NUS1,116150,hsa00900
HMGCR,3156,hsa00900
HMGCS2,3158,hsa00900
MVK,4598,hsa00900
CA2,760,hsa00910
CA4,762,hsa00910
CA5A,763,hsa00910
BPNT2,54928,hsa00920
SQOR,58472,hsa00920
SUOX,6821,hsa00920
SELENBP1,8991,hsa00920
PAPSS1,9061,hsa00920
FARS2,10667,hsa00970
EPRS1,2058,hsa00970
FARSA,2193,hsa00970
MARS2,92935,hsa00970
ADH1B,125,hsa00980
CYP1B1,1545,hsa00980
CYP2E1,1571,hsa00980
GSTA2,2939,hsa00980
GSTM1,2944,hsa00980
GSTP1,2950,hsa00980
HSD11B1,3290,hsa00980
UGT1A1,54658,hsa00980
CBR1,873,hsa00980
GSTO1,9446,hsa00980
ADH1B,125,hsa00982
CYP2E1,1571,hsa00982
FMO5,2330,hsa00982
GSTA2,2939,hsa00982
GSTM1,2944,hsa00982
GSTP1,2950,hsa00982
UGT1A1,54658,hsa00982
GSTO1,9446,hsa00982
NAT2,10,hsa00983
NME6,10201,hsa00983
CYP2E1,1571,hsa00983
DPYD,1806,hsa00983
DPYS,1807,hsa00983
GSTA2,2939,hsa00983
GSTM1,2944,hsa00983
GSTP1,2950,hsa00983
MPO,4353,hsa00983
RRM2B,50484,hsa00983
UGT1A1,54658,hsa00983
XDH,7498,hsa00983
CDADC1,81602,hsa00983
CES2,8824,hsa00983
GSTO1,9446,hsa00983
HACD2,201562,hsa01040
HSD17B4,3295,hsa01040
FADS1,3992,hsa01040
ACOX1,51,hsa01040
HSD17B12,51144,hsa01040
SCD,6319,hsa01040
SCD5,79966,hsa01040
FADS2,9415,hsa01040
NAT2,10,hsa01100
ADA,100,hsa01100
PLA2G4B,100137049,hsa01100
NAMPT,10135,hsa01100
NME6,10201,hsa01100
CDO1,1036,hsa01100
PEMT,10400,hsa01100
CEL,1056,hsa01100
B3GNT2,10678,hsa01100
ADCY1,107,hsa01100
PDE10A,10846,hsa01100
ADCY3,109,hsa01100
MAN1A2,10905,hsa01100
HTD2,109703458,hsa01100
ADCY5,111,hsa01100
HIBADH,11112,hsa01100
NUDT5,11164,hsa01100
MGAT4A,11320,hsa01100
ADCY9,115,hsa01100
CKMT1B,1159,hsa01100
TPH2,121278,hsa01100
ADH1B,125,hsa01100
NDUFA11,126328,hsa01100
ATP6V1G3,127124,hsa01100
A3GALT2,127550,hsa01100
COMT,1312,hsa01100
ADK,132,hsa01100
GNPDA2,132789,hsa01100
NADK2,133686,hsa01100
ACOT12,134526,hsa01100
GPAT4,137964,hsa01100
ALG10B,144245,hsa01100
B3GALNT2,148789,hsa01100
MBOAT1,154141,hsa01100
CYP2E1,1571,hsa01100
CYP11A1,1583,hsa01100
CYP11B1,1584,hsa01100
CYP11B2,1585,hsa01100
CYP17A1,1586,hsa01100
CYP19A1,1588,hsa01100
CYP26A1,1592,hsa01100
DGKB,1607,hsa01100
DCK,1633,hsa01100
DCT,1638,hsa01100
DDC,1644,hsa01100
SARDH,1757,hsa01100
DNMT3A,1788,hsa01100
DPYD,1806,hsa01100
DPYS,1807,hsa01100
AHCY,191,hsa01100
EHHADH,1962,hsa01100
DHFR2,200895,hsa01100
HACD2,201562,hsa01100
AK4,205,hsa01100
EPRS1,2058,hsa01100
EXT1,2131,hsa01100
ALDH2,217,hsa01100
ACSL1,2180,hsa01100
FASN,2194,hsa01100
FBP1,2203,hsa01100
PRPS1L1,221823,hsa01100
FDFT1,2222,hsa01100
FHIT,2272,hsa01100
INPP5F,22876,hsa01100
SIRT2,22933,hsa01100
NT5C2,22978,hsa01100
COLGALT2,23127,hsa01100
PPIP5K2,23262,hsa01100
FMO5,2330,hsa01100
SIRT3,23410,hsa01100
SIRT1,23411,hsa01100
FOLH1,2346,hsa01100
PISD,23761,hsa01100
CERS6,253782,hsa01100
GAA,2548,hsa01100
GAD1,2571,hsa01100
GAD2,2572,hsa01100
GALNT2,2590,hsa01100
GALNT3,2591,hsa01100
AOC1,26,hsa01100
PHGDH,26227,hsa01100
GBA1,2629,hsa01100
GBE1,2632,hsa01100
GCK,2645,hsa01100
GGT1,2678,hsa01100
TPK1,27010,hsa01100
PDE7B,27115,hsa01100
GNMT,27232,hsa01100
GCLC,2729,hsa01100
GLDC,2731,hsa01100
GMDS,2762,hsa01100
AMY2A,279,hsa01100
ABO,28,hsa01100
GOT1,2805,hsa01100
GPD2,2820,hsa01100
B4GALNT3,283358,hsa01100
GPT,2875,hsa01100
GPX4,2879,hsa01100
SETD2,29072,hsa01100
GSTA2,2939,hsa01100
GSTM1,2944,hsa01100
GSTP1,2950,hsa01100
GUCY1A2,2977,hsa01100
GUCY1A1,2982,hsa01100
GUCY1B1,2983,hsa01100
PSAT1,29968,hsa01100
GYS2,2998,hsa01100
HSD17B10,3028,hsa01100
NT5C,30833,hsa01100
HK1,3098,hsa01100
ACACA,31,hsa01100
HMBS,3145,hsa01100
HMGCR,3156,hsa01100
HMGCS2,3158,hsa01100
HMOX1,3162,hsa01100
HNMT,3176,hsa01100
ACACB,32,hsa01100
MMAB,326625,hsa01100
HSD11B1,3290,hsa01100
HSD17B4,3295,hsa01100
IDUA,3425,hsa01100
ACADS,35,hsa01100
IDO1,3620,hsa01100
INPP5D,3635,hsa01100
NDUFS7,374291,hsa01100
HDDC3,374659,hsa01100
ARG1,383,hsa01100
ENO4,387712,hsa01100
KMT5A,387893,hsa01100
LCT,3938,hsa01100
LDHB,3945,hsa01100
LIPC,3990,hsa01100
FADS1,3992,hsa01100
MAN1A1,4121,hsa01100
MAT1A,4143,hsa01100
MGAT1,4245,hsa01100
MGAT5,4249,hsa01100
ASAH1,427,hsa01100
MIF,4282,hsa01100
MT-CYB,4519,hsa01100
MTHFR,4524,hsa01100
MT-ND1,4535,hsa01100
MT-ND2,4536,hsa01100
MT-ND3,4537,hsa01100
MT-ND4,4538,hsa01100
MT-ND4L,4539,hsa01100
MT-ND5,4540,hsa01100
MT-ND6,4541,hsa01100
MVK,4598,hsa01100
NDUFA1,4694,hsa01100
NDUFA2,4695,hsa01100
NDUFA3,4696,hsa01100
COXFA4,4697,hsa01100
NDUFA5,4698,hsa01100
ACLY,47,hsa01100
NDUFA6,4700,hsa01100
NDUFA7,4701,hsa01100
NDUFA8,4702,hsa01100
NDUFA9,4704,hsa01100
NDUFA10,4705,hsa01100
NDUFAB1,4706,hsa01100
NDUFB1,4707,hsa01100
NDUFB2,4708,hsa01100
NDUFB3,4709,hsa01100
NDUFB4,4710,hsa01100
NDUFB5,4711,hsa01100
NDUFB6,4712,hsa01100
NDUFB7,4713,hsa01100
NDUFB8,4714,hsa01100
NDUFB9,4715,hsa01100
NDUFB10,4716,hsa01100
NDUFC1,4717,hsa01100
NDUFC2,4718,hsa01100
NDUFS1,4719,hsa01100
NDUFS2,4720,hsa01100
NDUFS3,4722,hsa01100
NDUFV1,4723,hsa01100
NDUFS4,4724,hsa01100
NDUFS5,4725,hsa01100
NDUFS6,4726,hsa01100
NDUFS8,4728,hsa01100
NDUFV2,4729,hsa01100
NDUFV3,4731,hsa01100
NEU1,4758,hsa01100
ACO1,48,hsa01100
NNMT,4837,hsa01100
NOS1,4842,hsa01100
NOS2,4843,hsa01100
NOS3,4846,hsa01100
ATP4A,495,hsa01100
ATP4B,496,hsa01100
OGDH,4967,hsa01100
RRM2B,50484,hsa01100
PAFAH1B2,5049,hsa01100
PC,5091,hsa01100
PCBD1,5092,hsa01100
PCCB,5096,hsa01100
ACOX1,51,hsa01100
APIP,51074,hsa01100
NDUFA13,51079,hsa01100
HSD17B12,51144,hsa01100
AADAT,51166,hsa01100
PIGP,51227,hsa01100
ATP5F1D,513,hsa01100
GCNT4,51301,hsa01100
PDE1A,5136,hsa01100
PDE1C,5137,hsa01100
PDE2A,5138,hsa01100
PDE3A,5139,hsa01100
ATP5F1E,514,hsa01100
PDE3B,5140,hsa01100
PDE4A,5141,hsa01100
PDE4B,5142,hsa01100
PDE4C,5143,hsa01100
PDE4D,5144,hsa01100
PDE6A,5145,hsa01100
PDE6C,5146,hsa01100
PDE6D,5147,hsa01100
PDE6G,5148,hsa01100
PDE6H,5149,hsa01100
PDE7A,5150,hsa01100
PDE8A,5151,hsa01100
PDE9A,5152,hsa01100
PDE1B,5153,hsa01100
SIRT6,51548,hsa01100
PDE6B,5158,hsa01100
ATP5MC1,516,hsa01100
PDHA1,5160,hsa01100
PDHB,5162,hsa01100
ENPP1,5167,hsa01100
ENPP2,5168,hsa01100
ENPP3,5169,hsa01100
PFKFB3,5209,hsa01100
PGM1,5236,hsa01100
PIK3C2A,5286,hsa01100
PIK3C2B,5287,hsa01100
PIK3C2G,5288,hsa01100
PIK3C3,5289,hsa01100
PIK3CA,5290,hsa01100
ACP2,53,hsa01100
PIP4K2A,5305,hsa01100
PLCB3,5331,hsa01100
PLCG1,5335,hsa01100
PLCG2,5336,hsa01100
PLOD1,5351,hsa01100
PNLIP,5406,hsa01100
NDUFB11,54539,hsa01100
UGT1A1,54658,hsa01100
BPNT2,54928,hsa01100
PIGX,54965,hsa01100
ADI1,55256,hsa01100
DHTKD1,55526,hsa01100
GALNT10,55568,hsa01100
PIGV,55650,hsa01100
CSGALNACT1,55790,hsa01100
KMT2E,55904,hsa01100
NDUFA12,55967,hsa01100
COXFA4L2,56901,hsa01100
C1GALT1,56913,hsa01100
TIGAR,57103,hsa01100
PNPLA2,57104,hsa01100
MAN1C1,57134,hsa01100
PTEN,5728,hsa01100
PTGS1,5742,hsa01100
PTGS2,5743,hsa01100
GPAM,57678,hsa01100
GBA2,57704,hsa01100
G6PC2,57818,hsa01100
SQOR,58472,hsa01100
PRUNE1,58497,hsa01100
BCKDHB,594,hsa01100
HPSE2,60495,hsa01100
SC5D,6309,hsa01100
SCD,6319,hsa01100
BHMT,635,hsa01100
PRDM16,63976,hsa01100
XYLT1,64131,hsa01100
NSD1,64324,hsa01100
GALNT17,64409,hsa01100
NDST4,64579,hsa01100
PLA2G2F,64600,hsa01100
SI,6476,hsa01100
IPPK,64768,hsa01100
ST6GAL1,6480,hsa01100
ST3GAL3,6487,hsa01100
NADK,65220,hsa01100
SRM,6723,hsa01100
SUOX,6821,hsa01100
TH,7054,hsa01100
TPO,7173,hsa01100
ACOD1,730249,hsa01100
XDH,7498,hsa01100
CA2,760,hsa01100
CA4,762,hsa01100
CA5A,763,hsa01100
CAD,790,hsa01100
VKORC1,79001,hsa01100
PLA2G7,7941,hsa01100
CHPF,79586,hsa01100
GALNT12,79695,hsa01100
EHMT1,79813,hsa01100
CAMKMT,79823,hsa01100
L2HGDH,79944,hsa01100
SCD5,79966,hsa01100
DGLUCY,80017,hsa01100
MOGAT2,80168,hsa01100
PNPLA3,80339,hsa01100
COASY,80347,hsa01100
PDHX,8050,hsa01100
CDADC1,81602,hsa01100
ADPGK,83440,hsa01100
NUDT12,83594,hsa01100
PLA2G6,8398,hsa01100
PLA2G10,8399,hsa01100
DGAT2,84649,hsa01100
CAT,847,hsa01100
ADO,84890,hsa01100
NDST2,8509,hsa01100
LIPF,8513,hsa01100
DGKE,8526,hsa01100
DGKD,8527,hsa01100
ALG2,85365,hsa01100
SELENOI,85465,hsa01100
PDE8B,8622,hsa01100
AOC3,8639,hsa01100
PDE5A,8654,hsa01100
CBR1,873,hsa01100
CBS,875,hsa01100
INPP4B,8821,hsa01100
ALDH1A2,8854,hsa01100
SGPL1,8879,hsa01100
MGAM,8972,hsa01100
SELENBP1,8991,hsa01100
NAT8,9027,hsa01100
PAPSS1,9061,hsa01100
DGKI,9162,hsa01100
MARS2,92935,hsa01100
NT5C1B,93034,hsa01100
MGAM2,93432,hsa01100
KL,9365,hsa01100
LIPG,9388,hsa01100
FADS2,9415,hsa01100
GSTO1,9446,hsa01100
PGS1,9489,hsa01100
PTGES,9536,hsa01100
H6PD,9563,hsa01100
PRDX6,9588,hsa01100
PLCH2,9651,hsa01100
SETD1A,9739,hsa01100
FBP1,2203,hsa01200
PRPS1L1,221823,hsa01200
PHGDH,26227,hsa01200
GCK,2645,hsa01200
GLDC,2731,hsa01200
GOT1,2805,hsa01200
GPT,2875,hsa01200
PSAT1,29968,hsa01200
HK1,3098,hsa01200
ACADS,35,hsa01200
ENO4,387712,hsa01200
ACO1,48,hsa01200
OGDH,4967,hsa01200
PC,5091,hsa01200
PCCB,5096,hsa01200
ACOX1,51,hsa01200
PDHA1,5160,hsa01200
PDHB,5162,hsa01200
ADPGK,83440,hsa01200
CAT,847,hsa01200
H6PD,9563,hsa01200
GOT1,2805,hsa01210
GPT,2875,hsa01210
ACO1,48,hsa01210
OGDH,4967,hsa01210
AADAT,51166,hsa01210
PDHA1,5160,hsa01210
PDHB,5162,hsa01210
DHTKD1,55526,hsa01210
BCKDHB,594,hsa01210
HTD2,109703458,hsa01212
CPT1A,1374,hsa01212
EHHADH,1962,hsa01212
HACD2,201562,hsa01212
ACSL1,2180,hsa01212
FASN,2194,hsa01212
ACACA,31,hsa01212
HSD17B4,3295,hsa01212
ACADS,35,hsa01212
FADS1,3992,hsa01212
ACOX1,51,hsa01212
HSD17B12,51144,hsa01212
SCD,6319,hsa01212
SCD5,79966,hsa01212
FADS2,9415,hsa01212
PRPS1L1,221823,hsa01230
PHGDH,26227,hsa01230
GOT1,2805,hsa01230
GPT,2875,hsa01230
PSAT1,29968,hsa01230
ARG1,383,hsa01230
ENO4,387712,hsa01230
MAT1A,4143,hsa01230
ACO1,48,hsa01230
PC,5091,hsa01230
CBS,875,hsa01230
ADA,100,hsa01232
NME6,10201,hsa01232
ADK,132,hsa01232
DCK,1633,hsa01232
AK4,205,hsa01232
NT5C2,22978,hsa01232
NT5C,30833,hsa01232
RRM2B,50484,hsa01232
ENPP1,5167,hsa01232
ENPP3,5169,hsa01232
XDH,7498,hsa01232
NT5C1B,93034,hsa01232
NME6,10201,hsa01240
NADK2,133686,hsa01240
DHFR2,200895,hsa01240
AK4,205,hsa01240
EPRS1,2058,hsa01240
ALDH2,217,hsa01240
TPK1,27010,hsa01240
GCLC,2729,hsa01240
PSAT1,29968,hsa01240
HMBS,3145,hsa01240
MMAB,326625,hsa01240
IDO1,3620,hsa01240
MAT1A,4143,hsa01240
UGT1A1,54658,hsa01240
NADK,65220,hsa01240
CAD,790,hsa01240
VKORC1,79001,hsa01240
COASY,80347,hsa01240
GCK,2645,hsa01250
GMDS,2762,hsa01250
HK1,3098,hsa01250
PGM1,5236,hsa01250
PAPSS1,9061,hsa01320
AKT3,10000,hsa01521
BCL2L11,10018,hsa01521
EGFR,1956,hsa01521
ERBB3,2065,hsa01521
AKT1,207,hsa01521
AKT2,208,hsa01521
FGF2,2247,hsa01521
FGFR3,2261,hsa01521
FGFR2,2263,hsa01521
FOXO3,2309,hsa01521
MTOR,2475,hsa01521
GAS6,2621,hsa01521
GSK3B,2932,hsa01521
HGF,3082,hsa01521
NRG1,3084,hsa01521
IGF1,3479,hsa01521
IGF1R,3480,hsa01521
IL6,3569,hsa01521
IL6R,3570,hsa01521
NF1,4763,hsa01521
PIK3CA,5290,hsa01521
PIK3R1,5295,hsa01521
PLCG1,5335,hsa01521
PLCG2,5336,hsa01521
PRKCB,5579,hsa01521
MAPK3,5595,hsa01521
PDGFC,56034,hsa01521
MAP2K1,5604,hsa01521
PTEN,5728,hsa01521
BAX,581,hsa01521
BCL2,596,hsa01521
RPS6KB1,6198,hsa01521
SOS1,6654,hsa01521
SOS2,6655,hsa01521
BRAF,673,hsa01521
STAT3,6774,hsa01521
VEGFA,7422,hsa01521
AKT3,10000,hsa01522
CDKN1A,1026,hsa01522
CDKN1B,1027,hsa01522
CDKN2A,1029,hsa01522
CDKN2C,1031,hsa01522
ADCY1,107,hsa01522
ADCY3,109,hsa01522
ADCY5,111,hsa01522
ADCY9,115,hsa01522
JAG1,182,hsa01522
HBEGF,1839,hsa01522
E2F1,1869,hsa01522
E2F3,1871,hsa01522
EGFR,1956,hsa01522
AKT1,207,hsa01522
AKT2,208,hsa01522
ESR1,2099,hsa01522
ESR2,2100,hsa01522
FOS,2353,hsa01522
MTOR,2475,hsa01522
GNAS,2778,hsa01522
DLL1,28514,hsa01522
IGF1,3479,hsa01522
IGF1R,3480,hsa01522
JUN,3725,hsa01522
MMP2,4313,hsa01522
MMP9,4318,hsa01522
NOTCH2,4853,hsa01522
PIK3CA,5290,hsa01522
PIK3R1,5295,hsa01522
MAPK3,5595,hsa01522
MAPK8,5599,hsa01522
MAP2K1,5604,hsa01522
BAX,581,hsa01522
RB1,5925,hsa01522
CCND1,595,hsa01522
BCL2,596,hsa01522
RPS6KB1,6198,hsa01522
SOS1,6654,hsa01522
SOS2,6655,hsa01522
BRAF,673,hsa01522
TP53,7157,hsa01522
ABCC5,10057,hsa01523
CHUK,1147,hsa01523
DHFR2,200895,hsa01523
IKBKB,3551,hsa01523
IL1B,3553,hsa01523
IL6,3569,hsa01523
MTHFR,4524,hsa01523
NFKB1,4790,hsa01523
TNF,7124,hsa01523
ABCG2,9429,hsa01523
AKT3,10000,hsa01524
CDKN1A,1026,hsa01524
CDKN2A,1029,hsa01524
AKT1,207,hsa01524
AKT2,208,hsa01524
GSTA2,2939,hsa01524
GSTM1,2944,hsa01524
GSTP1,2950,hsa01524
MSH6,2956,hsa01524
BIRC5,332,hsa01524
FAS,355,hsa01524
MAP3K5,4217,hsa01524
ATM,472,hsa01524
PIK3CA,5290,hsa01524
PIK3R1,5295,hsa01524
PMAIP1,5366,hsa01524
MAPK3,5595,hsa01524
BAK1,578,hsa01524
BAX,581,hsa01524
BCL2,596,hsa01524
REV3L,5980,hsa01524
TP53,7157,hsa01524
CASP3,836,hsa01524
CASP8,841,hsa01524
CASP9,842,hsa01524
GSTO1,9446,hsa01524
ABCC5,10057,hsa02010
CFTR,1080,hsa02010
ABCA1,19,hsa02010
ABCB10,23456,hsa02010
ABCB5,340273,hsa02010
ABCC8,6833,hsa02010
ABCG2,9429,hsa02010
ABCG1,9619,hsa02010
AFG2A,166378,hsa03008
SBDS,51119,hsa03008
IMP3,55272,hsa03008
EFL1,79631,hsa03008
MRPS30,10884,hsa03010
MRPL52,122704,hsa03010
RPL10L,140801,hsa03010
RPL22L1,200916,hsa03010
MRPL39,54148,hsa03010
MRPS35,60488,hsa03010
RPL13,6137,hsa03010
RPL15,6138,hsa03010
RPL27A,6157,hsa03010
RPL37A,6168,hsa03010
RPLP1,6176,hsa03010
RPS11,6205,hsa03010
RPS26,6231,hsa03010
MRPS15,64960,hsa03010
MRPL38,64978,hsa03010
MRPL11,65003,hsa03010
POM121C,100101267,hsa03013
SNUPN,10073,hsa03013
SRRM1,10250,hsa03013
NUP160,23279,hsa03013
UPF2,26019,hsa03013
KPNA2,3838,hsa03013
NUP88,4927,hsa03013
IPO9,55705,hsa03013
NUP133,55746,hsa03013
RANGAP1,5905,hsa03013
RANBP17,64901,hsa03013
THOC7,80145,hsa03013
SRRM1,10250,hsa03015
CPSF6,11052,hsa03015
CSTF2T,23283,hsa03015
UPF2,26019,hsa03015
PELO,53918,hsa03015
PPP1CB,5500,hsa03015
PPP2R2A,5520,hsa03015
PPP2R2C,5522,hsa03015
PPP2R3A,5523,hsa03015
PPP2R5A,5525,hsa03015
PPP2R2D,55844,hsa03015
PABPC4,8761,hsa03015
CNOT1,23019,hsa03018
LSM5,23658,hsa03018
PARN,5073,hsa03018
ZCCHC7,84186,hsa03018
PABPC4,8761,hsa03018
TAF8,129685,hsa03022
GTF2I,2969,hsa03022
CCNH,902,hsa03022
MCM6,4175,hsa03030
POLD2,5425,hsa03030
PRIM1,5557,hsa03030
RPA3,6119,hsa03030
RNASEH2B,79621,hsa03030
PQBP1,10084,hsa03040
SF3B4,10262,hsa03040
SF3A1,10291,hsa03040
CCDC12,151903,hsa03040
DHX15,1665,hsa03040
LSM5,23658,hsa03040
CRNKL1,51340,hsa03040
PRPF40A,55660,hsa03040
CTNNBL1,56259,hsa03040
RBM25,58517,hsa03040
SRSF6,6431,hsa03040
TRA2B,6434,hsa03040
SNRPC,6631,hsa03040
THOC7,80145,hsa03040
SF3A2,8175,hsa03040
BUD13,84811,hsa03040
RBM17,84991,hsa03040
IFNG,3458,hsa03050
PSMA1,5682,hsa03050
PSMA3,5684,hsa03050
SEM1,7979,hsa03050
PSMD6,9861,hsa03050
HSPA5,3309,hsa03060
SRP54,6729,hsa03060
IMMP2L,83943,hsa03060
SPCS2,9789,hsa03060
CHD4,1108,hsa03082
ARID2,196528,hsa03082
BPTF,2186,hsa03082
EPC2,26122,hsa03082
BAZ2B,29994,hsa03082
HDAC1,3065,hsa03082
HDAC2,3066,hsa03082
GATAD2A,54815,hsa03082
ARID1B,57492,hsa03082
SMARCA2,6595,hsa03082
SMARCA4,6597,hsa03082
SMARCC1,6599,hsa03082
CDK2AP1,8099,hsa03082
DPF3,8110,hsa03082
ARID1A,8289,hsa03082
PHF6,84295,hsa03082
RUVBL1,8607,hsa03082
BAZ1B,9031,hsa03082
DCAF7,10238,hsa03083
PCGF3,10336,hsa03083
CREBBP,1387,hsa03083
ASXL1,171023,hsa03083
EP300,2033,hsa03083
FOXK1,221937,hsa03083
MGA,23269,hsa03083
AUTS2,26053,hsa03083
HDAC1,3065,hsa03083
HDAC2,3066,hsa03083
JARID2,3720,hsa03083
SFMBT1,51460,hsa03083
MBD5,55777,hsa03083
FBRSL1,57666,hsa03083
BCORL1,63035,hsa03083
UBE2D3,7323,hsa03083
ASXL3,80816,hsa03083
L3MBTL2,83746,hsa03083
KDM2B,84678,hsa03083
CBX4,8535,hsa03083
CPSF6,11052,hsa03250
CCR5,1234,hsa03250
CHMP4B,128866,hsa03250
CREBBP,1387,hsa03250
EP300,2033,hsa03250
MDFIC,29969,hsa03250
MLLT3,4300,hsa03250
PIN1,5300,hsa03250
CXCR4,7852,hsa03250
CHMP6,79643,hsa03250
KAT2B,8850,hsa03250
CD4,920,hsa03250
CCR5,1234,hsa03260
CXCR4,7852,hsa03260
CD4,920,hsa03260
TYRO3,7301,hsa03264
ASGR1,432,hsa03265
NCAM1,4684,hsa03265
NPC1,4864,hsa03265
IDE,3416,hsa03266
IGF2R,3482,hsa03266
NECTIN1,5818,hsa03266
CHMP4B,128866,hsa03272
DPP4,1803,hsa03272
EGFR,1956,hsa03272
LDLR,3949,hsa03272
CLDN11,5010,hsa03272
CLDN18,51208,hsa03272
SCARB1,949,hsa03272
DAG1,1605,hsa03273
MYH9,4627,hsa03273
PCDH9,5101,hsa03273
TFRC,7037,hsa03273
NRP2,8828,hsa03273
NR1H3,10062,hsa03320
SLC27A4,10999,hsa03320
APOA5,116519,hsa03320
PLIN2,123,hsa03320
CPT1A,1374,hsa03320
EHHADH,1962,hsa03320
FABP4,2167,hsa03320
FABP1,2168,hsa03320
FABP2,2169,hsa03320
ACSL1,2180,hsa03320
HMGCS2,3158,hsa03320
APOA1,335,hsa03320
APOC3,345,hsa03320
LPL,4023,hsa03320
MMP1,4312,hsa03320
PLIN5,440503,hsa03320
ACOX1,51,hsa03320
ANGPTL4,51129,hsa03320
PPARA,5465,hsa03320
PPARD,5467,hsa03320
PPARG,5468,hsa03320
RXRA,6256,hsa03320
SCD,6319,hsa03320
UBB,7314,hsa03320
UCP1,7350,hsa03320
SCD5,79966,hsa03320
ADIPOQ,9370,hsa03320
FADS2,9415,hsa03320
CD36,948,hsa03320
NEIL2,252969,hsa03410
HMGB1,3146,hsa03410
POLD2,5425,hsa03410
POLG,5428,hsa03410
NEIL1,79661,hsa03410
ERCC4,2072,hsa03420
POLD2,5425,hsa03420
UVSSA,57654,hsa03420
RPA3,6119,hsa03420
XPC,7508,hsa03420
CCNH,902,hsa03420
MSH6,2956,hsa03430
POLD2,5425,hsa03430
RPA3,6119,hsa03430
CHEK2,11200,hsa03440
PDS5B,23047,hsa03440
RAD54B,25788,hsa03440
MSH6,2956,hsa03440
MCM6,4175,hsa03440
ATM,472,hsa03440
PIAS4,51588,hsa03440
POLD2,5425,hsa03440
SLF2,55719,hsa03440
RAD52,5893,hsa03440
RPA3,6119,hsa03440
FIGNL1,63979,hsa03440
TP53,7157,hsa03440
WRN,7486,hsa03440
XRCC3,7517,hsa03440
SEM1,7979,hsa03440
L3MBTL2,83746,hsa03440
SLX4,84464,hsa03440
LIG4,3981,hsa03450
ERCC4,2072,hsa03460
POLK,51426,hsa03460
FANCL,55120,hsa03460
REV3L,5980,hsa03460
RPA3,6119,hsa03460
USP1,7398,hsa03460
SLX4,84464,hsa03460
AKT3,10000,hsa04010
PLA2G4B,100137049,hsa04010
RASGRP1,10125,hsa04010
GADD45G,10912,hsa04010
DUSP10,11221,hsa04010
CHUK,1147,hsa04010
MAP3K8,1326,hsa04010
CSF1,1435,hsa04010
DUSP1,1843,hsa04010
DUSP2,1844,hsa04010
DUSP6,1848,hsa04010
DUSP9,1852,hsa04010
EFNA3,1944,hsa04010
EFNA5,1946,hsa04010
EGFR,1956,hsa04010
ERBB3,2065,hsa04010
ERBB4,2066,hsa04010
AKT1,207,hsa04010
AKT2,208,hsa04010
FGF1,2246,hsa04010
FGF2,2247,hsa04010
FGF5,2250,hsa04010
FGF9,2254,hsa04010
FGFR1,2260,hsa04010
FGFR3,2261,hsa04010
FGFR2,2263,hsa04010
FGFR4,2264,hsa04010
RRAS2,22800,hsa04010
MRAS,22808,hsa04010
FLT3,2322,hsa04010
FOS,2353,hsa04010
FGF21,26291,hsa04010
GDNF,2668,hsa04010
CACNG5,27091,hsa04010
GNA12,2768,hsa04010
HGF,3082,hsa04010
IGF1,3479,hsa04010
IGF1R,3480,hsa04010
IGF2,3481,hsa04010
FAS,355,hsa04010
IKBKB,3551,hsa04010
IL1A,3552,hsa04010
IL1B,3553,hsa04010
IL1R1,3554,hsa04010
INS,3630,hsa04010
INSR,3643,hsa04010
JUN,3725,hsa04010
KIT,3815,hsa04010
MAPT,4137,hsa04010
MEF2C,4208,hsa04010
MAP3K1,4214,hsa04010
MAP3K5,4217,hsa04010
MYC,4609,hsa04010
NF1,4763,hsa04010
NFATC1,4772,hsa04010
NFATC3,4775,hsa04010
NFKB1,4790,hsa04010
NGF,4803,hsa04010
NTRK2,4915,hsa04010
PPP3CA,5530,hsa04010
PRKCB,5579,hsa04010
CACNA2D3,55799,hsa04010
MAPK3,5595,hsa04010
MAPK8,5599,hsa04010
PDGFC,56034,hsa04010
MAP2K1,5604,hsa04010
MAP2K5,5607,hsa04010
MAP2K7,5609,hsa04010
PTPRR,5801,hsa04010
RASA1,5921,hsa04010
RASA2,5922,hsa04010
RASGRF1,5923,hsa04010
RET,5979,hsa04010
RPS6KA1,6195,hsa04010
BDNF,627,hsa04010
SOS1,6654,hsa04010
SOS2,6655,hsa04010
BRAF,673,hsa04010
TGFB1,7040,hsa04010
TNF,7124,hsa04010
TP53,7157,hsa04010
VEGFA,7422,hsa04010
VEGFB,7423,hsa04010
CACNA1C,775,hsa04010
CACNA1D,776,hsa04010
CACNA1F,778,hsa04010
CACNA1S,779,hsa04010
CACNA2D1,781,hsa04010
FGF23,8074,hsa04010
CASP3,836,hsa04010
PTPN5,84867,hsa04010
CACNA1H,8912,hsa04010
RPS6KA5,9252,hsa04010
CD14,929,hsa04010
MAPK8IP1,9479,hsa04010
FGF19,9965,hsa04010
AKT3,10000,hsa04012
CDKN1A,1026,hsa04012
CDKN1B,1027,hsa04012
NRG4,145957,hsa04012
HBEGF,1839,hsa04012
EGFR,1956,hsa04012
ERBB3,2065,hsa04012
ERBB4,2066,hsa04012
AKT1,207,hsa04012
AKT2,208,hsa04012
MTOR,2475,hsa04012
ABL1,25,hsa04012
GSK3B,2932,hsa04012
NRG1,3084,hsa04012
JUN,3725,hsa04012
MYC,4609,hsa04012
NCK1,4690,hsa04012
PIK3CA,5290,hsa04012
PIK3R1,5295,hsa04012
PLCG1,5335,hsa04012
PLCG2,5336,hsa04012
PRKCB,5579,hsa04012
MAPK3,5595,hsa04012
MAPK8,5599,hsa04012
MAP2K1,5604,hsa04012
MAP2K7,5609,hsa04012
RPS6KB1,6198,hsa04012
SOS1,6654,hsa04012
SOS2,6655,hsa04012
BRAF,673,hsa04012
CAMK2B,816,hsa04012
CAMK2G,818,hsa04012
NCK2,8440,hsa04012
AKT3,10000,hsa04014
PLA2G4B,100137049,hsa04014
RASGRP1,10125,hsa04014
CHUK,1147,hsa04014
CSF1,1435,hsa04014
EFNA3,1944,hsa04014
EFNA5,1946,hsa04014
EGFR,1956,hsa04014
AKT1,207,hsa04014
AKT2,208,hsa04014
ETS1,2113,hsa04014
ETS2,2114,hsa04014
FGF1,2246,hsa04014
FGF2,2247,hsa04014
FGF5,2250,hsa04014
FGF9,2254,hsa04014
FGFR1,2260,hsa04014
FGFR3,2261,hsa04014
FGFR2,2263,hsa04014
FGFR4,2264,hsa04014
RRAS2,22800,hsa04014
MRAS,22808,hsa04014
FLT3,2322,hsa04014
ABL1,25,hsa04014
FGF21,26291,hsa04014
GNB1,2782,hsa04014
GNB3,2784,hsa04014
KSR2,283455,hsa04014
GRIN1,2902,hsa04014
GRIN2A,2903,hsa04014
GRIN2B,2904,hsa04014
HGF,3082,hsa04014
HTR7,3363,hsa04014
IGF1,3479,hsa04014
IGF1R,3480,hsa04014
IGF2,3481,hsa04014
IKBKB,3551,hsa04014
INS,3630,hsa04014
INSR,3643,hsa04014
KIT,3815,hsa04014
NF1,4763,hsa04014
NFKB1,4790,hsa04014
NGF,4803,hsa04014
NTRK2,4915,hsa04014
PIK3CA,5290,hsa04014
PIK3R1,5295,hsa04014
PLCG1,5335,hsa04014
PLCG2,5336,hsa04014
PRKCB,5579,hsa04014
MAPK3,5595,hsa04014
MAPK8,5599,hsa04014
PDGFC,56034,hsa04014
MAP2K1,5604,hsa04014
RAB5B,5869,hsa04014
RASA1,5921,hsa04014
RASA2,5922,hsa04014
RASGRF1,5923,hsa04014
REL,5966,hsa04014
BDNF,627,hsa04014
PLA2G2F,64600,hsa04014
SOS1,6654,hsa04014
SOS2,6655,hsa04014
VEGFA,7422,hsa04014
VEGFB,7423,hsa04014
SHOC2,8036,hsa04014
FGF23,8074,hsa04014
PLA2G6,8398,hsa04014
PLA2G10,8399,hsa04014
FGF19,9965,hsa04014
AKT3,10000,hsa04015
RAPGEF3,10411,hsa04015
ADCY1,107,hsa04015
ADCY3,109,hsa04015
ADCY5,111,hsa04015
ADCY9,115,hsa04015
CNR1,1268,hsa04015
ADORA2A,135,hsa04015
ADORA2B,136,hsa04015
CSF1,1435,hsa04015
CTNNB1,1499,hsa04015
DRD2,1813,hsa04015
EFNA3,1944,hsa04015
EFNA5,1946,hsa04015
EGFR,1956,hsa04015
AKT1,207,hsa04015
AKT2,208,hsa04015
FGF1,2246,hsa04015
FGF2,2247,hsa04015
FGF5,2250,hsa04015
FGF9,2254,hsa04015
FGFR1,2260,hsa04015
FGFR3,2261,hsa04015
FGFR2,2263,hsa04015
FGFR4,2264,hsa04015
MRAS,22808,hsa04015
MAGI3,260425,hsa04015
FGF21,26291,hsa04015
GNAI1,2770,hsa04015
GNAQ,2776,hsa04015
GNAS,2778,hsa04015
GRIN1,2902,hsa04015
GRIN2A,2903,hsa04015
GRIN2B,2904,hsa04015
HGF,3082,hsa04015
IGF1,3479,hsa04015
IGF1R,3480,hsa04015
INS,3630,hsa04015
INSR,3643,hsa04015
KIT,3815,hsa04015
NGF,4803,hsa04015
P2RY1,5028,hsa04015
PIK3CA,5290,hsa04015
PIK3R1,5295,hsa04015
PLCB3,5331,hsa04015
PLCG1,5335,hsa04015
ENAH,55740,hsa04015
PRKCB,5579,hsa04015
PRKD1,5587,hsa04015
PRKCZ,5590,hsa04015
MAPK3,5595,hsa04015
PDGFC,56034,hsa04015
MAP2K1,5604,hsa04015
RAP1GAP,5909,hsa04015
SIPA1,6494,hsa04015
BRAF,673,hsa04015
THBS1,7057,hsa04015
VAV2,7410,hsa04015
VEGFA,7422,hsa04015
VEGFB,7423,hsa04015
FGF23,8074,hsa04015
MAGI1,9223,hsa04015
MAGI2,9863,hsa04015
FGF19,9965,hsa04015
CDH1,999,hsa04015
PPIF,10105,hsa04020
ADCY1,107,hsa04020
ADCY3,109,hsa04020
ADCY9,115,hsa04020
GRIN3A,116443,hsa04020
GRIN3B,116444,hsa04020
ADORA2A,135,hsa04020
ADORA2B,136,hsa04020
ADRA1D,146,hsa04020
ADRA1B,147,hsa04020
ADRA1A,148,hsa04020
ADRB1,153,hsa04020
ADRB2,154,hsa04020
ADRB3,155,hsa04020
AGTR1,185,hsa04020
EDNRA,1909,hsa04020
EGFR,1956,hsa04020
ERBB3,2065,hsa04020
ERBB4,2066,hsa04020
TPCN2,219931,hsa04020
FGF1,2246,hsa04020
FGF2,2247,hsa04020
FGF5,2250,hsa04020
FGF9,2254,hsa04020
FGFR1,2260,hsa04020
FGFR3,2261,hsa04020
FGFR2,2263,hsa04020
FGFR4,2264,hsa04020
FGF21,26291,hsa04020
GDNF,2668,hsa04020
GNAQ,2776,hsa04020
GNAS,2778,hsa04020
GRIN1,2902,hsa04020
GRIN2A,2903,hsa04020
GRIN2B,2904,hsa04020
GRIN2C,2905,hsa04020
GRIN2D,2906,hsa04020
GRM5,2915,hsa04020
HGF,3082,hsa04020
HRH1,3269,hsa04020
HTR2A,3356,hsa04020
HTR2B,3357,hsa04020
HTR2C,3358,hsa04020
HTR4,3360,hsa04020
HTR5A,3361,hsa04020
HTR6,3362,hsa04020
HTR7,3363,hsa04020
LHCGR,3973,hsa04020
MST1,4485,hsa04020
MST1R,4486,hsa04020
NFATC1,4772,hsa04020
NFATC2,4773,hsa04020
NFATC3,4775,hsa04020
NGF,4803,hsa04020
NOS1,4842,hsa04020
NOS2,4843,hsa04020
NOS3,4846,hsa04020
ATP2A1,487,hsa04020
ATP2A2,488,hsa04020
ATP2A3,489,hsa04020
ATP2B1,490,hsa04020
NTRK2,4915,hsa04020
ATP2B3,492,hsa04020
OXTR,5021,hsa04020
P2RX4,5025,hsa04020
PDE1A,5136,hsa04020
PDE1C,5137,hsa04020
PDE1B,5153,hsa04020
PLCB3,5331,hsa04020
PLCG1,5335,hsa04020
PLCG2,5336,hsa04020
PPP3CA,5530,hsa04020
PRKCB,5579,hsa04020
PDGFC,56034,hsa04020
CAMK1D,57118,hsa04020
RET,5979,hsa04020
RYR2,6262,hsa04020
SLC8A1,6546,hsa04020
VEGFA,7422,hsa04020
VEGFB,7423,hsa04020
CACNA1C,775,hsa04020
CACNA1D,776,hsa04020
CACNA1F,778,hsa04020
CACNA1S,779,hsa04020
CXCR4,7852,hsa04020
TFEB,7942,hsa04020
FGF23,8074,hsa04020
CAMK4,814,hsa04020
CAMK2B,816,hsa04020
CAMK2G,818,hsa04020
CACNA1H,8912,hsa04020
MCU,90550,hsa04020
FGF19,9965,hsa04020
AKT3,10000,hsa04022
PPIF,10105,hsa04022
KCNMB2,10242,hsa04022
CREB3,10488,hsa04022
ADCY1,107,hsa04022
ADCY3,109,hsa04022
ADCY5,111,hsa04022
ADCY9,115,hsa04022
CNGA1,1259,hsa04022
ADORA1,134,hsa04022
CREB1,1385,hsa04022
ADORA3,140,hsa04022
ADRA1D,146,hsa04022
ADRA1B,147,hsa04022
ADRA1A,148,hsa04022
ADRA2A,150,hsa04022
ADRA2B,151,hsa04022
ADRA2C,152,hsa04022
ADRB1,153,hsa04022
ADRB2,154,hsa04022
ADRB3,155,hsa04022
KCNU1,157855,hsa04022
AGTR1,185,hsa04022
EDNRA,1909,hsa04022
AKT1,207,hsa04022
AKT2,208,hsa04022
GATA4,2626,hsa04022
GNA12,2768,hsa04022
GNAI1,2770,hsa04022
GNAQ,2776,hsa04022
GTF2I,2969,hsa04022
GUCY1A2,2977,hsa04022
GUCY1A1,2982,hsa04022
GUCY1B1,2983,hsa04022
INS,3630,hsa04022
INSR,3643,hsa04022
IRS1,3667,hsa04022
KCNJ8,3764,hsa04022
KCNMA1,3778,hsa04022
MEF2C,4208,hsa04022
MEF2D,4209,hsa04022
ATP1A2,477,hsa04022
NFATC1,4772,hsa04022
NFATC2,4773,hsa04022
NFATC3,4775,hsa04022
ATP1B2,482,hsa04022
NOS3,4846,hsa04022
FXYD2,486,hsa04022
ATP2A1,487,hsa04022
NPPA,4878,hsa04022
NPPB,4879,hsa04022
ATP2A2,488,hsa04022
ATP2A3,489,hsa04022
ATP2B1,490,hsa04022
ATP2B3,492,hsa04022
OPRD1,4985,hsa04022
PDE2A,5138,hsa04022
PDE3A,5139,hsa04022
PDE3B,5140,hsa04022
PLCB3,5331,hsa04022
PPP1CB,5500,hsa04022
PPP3CA,5530,hsa04022
PRKCE,5581,hsa04022
PRKG1,5592,hsa04022
MAPK3,5595,hsa04022
MAP2K1,5604,hsa04022
ROCK1,6093,hsa04022
SLC8A1,6546,hsa04022
CACNA1C,775,hsa04022
CACNA1D,776,hsa04022
CACNA1F,778,hsa04022
CACNA1S,779,hsa04022
PDE5A,8654,hsa04022
IRS2,8660,hsa04022
AKT3,10000,hsa04024
HCN4,10021,hsa04024
RAPGEF3,10411,hsa04024
CREB3,10488,hsa04024
ADCY1,107,hsa04024
CFTR,1080,hsa04024
PDE10A,10846,hsa04024
ADCY3,109,hsa04024
ADCY5,111,hsa04024
ADCY9,115,hsa04024
ADCYAP1,116,hsa04024
GRIN3A,116443,hsa04024
GRIN3B,116444,hsa04024
CNGA1,1259,hsa04024
ADORA1,134,hsa04024
ADORA2A,135,hsa04024
CREB1,1385,hsa04024
CREBBP,1387,hsa04024
CRHR1,1394,hsa04024
CRHR2,1395,hsa04024
GPR119,139760,hsa04024
ADRB1,153,hsa04024
ADRB2,154,hsa04024
DRD2,1813,hsa04024
EDNRA,1909,hsa04024
EP300,2033,hsa04024
AKT1,207,hsa04024
AKT2,208,hsa04024
RRAS2,22800,hsa04024
FOS,2353,hsa04024
FSHB,2488,hsa04024
FSHR,2492,hsa04024
GCG,2641,hsa04024
AMH,268,hsa04024
GIP,2695,hsa04024
GIPR,2696,hsa04024
GLP1R,2740,hsa04024
GNAI1,2770,hsa04024
GNAS,2778,hsa04024
GRIA1,2890,hsa04024
GRIA2,2891,hsa04024
GRIA3,2892,hsa04024
GRIA4,2893,hsa04024
GRIN1,2902,hsa04024
GRIN2A,2903,hsa04024
GRIN2B,2904,hsa04024
GRIN2C,2905,hsa04024
GRIN2D,2906,hsa04024
HTR1A,3350,hsa04024
HTR1B,3351,hsa04024
HTR1D,3352,hsa04024
HTR1E,3354,hsa04024
HTR1F,3355,hsa04024
HTR4,3360,hsa04024
HTR6,3362,hsa04024
JUN,3725,hsa04024
LHCGR,3973,hsa04024
ATP1A2,477,hsa04024
NFATC1,4772,hsa04024
NFKB1,4790,hsa04024
NFKBIA,4792,hsa04024
ATP1B2,482,hsa04024
NPY,4852,hsa04024
FXYD2,486,hsa04024
ATP2A1,487,hsa04024
NPPA,4878,hsa04024
ATP2A2,488,hsa04024
NPY1R,4886,hsa04024
ATP2A3,489,hsa04024
ATP2B1,490,hsa04024
ATP2B3,492,hsa04024
OXT,5020,hsa04024
OXTR,5021,hsa04024
ACOX1,51,hsa04024
PDE3A,5139,hsa04024
PDE3B,5140,hsa04024
PDE4A,5141,hsa04024
PDE4B,5142,hsa04024
PDE4C,5143,hsa04024
PDE4D,5144,hsa04024
GHRL,51738,hsa04024
PIK3CA,5290,hsa04024
PIK3R1,5295,hsa04024
POMC,5443,hsa04024
PPARA,5465,hsa04024
PPP1CB,5500,hsa04024
MAPK3,5595,hsa04024
MAPK8,5599,hsa04024
MAP2K1,5604,hsa04024
PTCH1,5727,hsa04024
ROCK1,6093,hsa04024
RYR2,6262,hsa04024
BDNF,627,hsa04024
HHIP,64399,hsa04024
SOX9,6662,hsa04024
BRAF,673,hsa04024
SST,6750,hsa04024
SSTR1,6751,hsa04024
SSTR5,6755,hsa04024
VAV2,7410,hsa04024
CACNA1C,775,hsa04024
CACNA1D,776,hsa04024
CACNA1F,778,hsa04024
CACNA1S,779,hsa04024
CAMK4,814,hsa04024
CAMK2B,816,hsa04024
CAMK2G,818,hsa04024
GDF11,10220,hsa04060
CCR1,1230,hsa04060
CCR3,1232,hsa04060
CCR5,1234,hsa04060
CCR7,1236,hsa04060
CNTF,1270,hsa04060
ACVR1C,130399,hsa04060
CSF1,1435,hsa04060
CSF3R,1441,hsa04060
IL23R,149233,hsa04060
GDF7,151449,hsa04060
IFNLR1,163702,hsa04060
EPO,2056,hsa04060
IL27,246778,hsa04060
GDF2,2658,hsa04060
MSTN,2660,hsa04060
GDF9,2661,hsa04060
AMH,268,hsa04060
GH1,2688,hsa04060
GHR,2690,hsa04060
CXCL1,2919,hsa04060
IL19,29949,hsa04060
IFNAR1,3454,hsa04060
IFNG,3458,hsa04060
IFNGR1,3459,hsa04060
BMP8A,353500,hsa04060
FAS,355,hsa04060
IL1A,3552,hsa04060
IL1B,3553,hsa04060
IL1R1,3554,hsa04060
IL2RA,3559,hsa04060
IL6,3569,hsa04060
IL6R,3570,hsa04060
CXCL8,3576,hsa04060
IL9,3578,hsa04060
IL10,3586,hsa04060
IL10RB,3588,hsa04060
IL12B,3593,hsa04060
IL13,3596,hsa04060
IL13RA1,3597,hsa04060
IL17A,3605,hsa04060
IL18,3606,hsa04060
INHBA,3624,hsa04060
INHBB,3625,hsa04060
GDF6,392255,hsa04060
LEP,3952,hsa04060
LEPR,3953,hsa04060
NGF,4803,hsa04060
TNFRSF11B,4982,hsa04060
IL22,50616,hsa04060
IL23A,51561,hsa04060
IL20RA,53832,hsa04060
IL20RB,53833,hsa04060
IL17RB,55540,hsa04060
PRL,5617,hsa04060
IL36G,56300,hsa04060
EDA2R,60401,hsa04060
CCL2,6347,hsa04060
CCL5,6352,hsa04060
BMP8B,656,hsa04060
BMPR1B,658,hsa04060
BMPR2,659,hsa04060
TGFB1,7040,hsa04060
TNF,7124,hsa04060
TNFSF4,7292,hsa04060
CCR2,729230,hsa04060
CXCR4,7852,hsa04060
TNFSF11,8600,hsa04060
TNFSF12,8742,hsa04060
TNFRSF6B,8771,hsa04060
TNFRSF11A,8792,hsa04060
IL18R1,8809,hsa04060
IL33,90865,hsa04060
IL33R,9173,hsa04060
ACVR2A,92,hsa04060
CD4,920,hsa04060
BMP15,9210,hsa04060
ACVR2B,93,hsa04060
GDF15,9518,hsa04060
CD40,958,hsa04060
CD40LG,959,hsa04060
CCR1,1230,hsa04061
CCR3,1232,hsa04061
CCR5,1234,hsa04061
CCR7,1236,hsa04061
CSF1,1435,hsa04061
CXCL1,2919,hsa04061
IL19,29949,hsa04061
IL2RA,3559,hsa04061
IL6,3569,hsa04061
IL6R,3570,hsa04061
CXCL8,3576,hsa04061
IL10,3586,hsa04061
IL10RB,3588,hsa04061
IL18,3606,hsa04061
IL20RA,53832,hsa04061
IL20RB,53833,hsa04061
CCL2,6347,hsa04061
CCL5,6352,hsa04061
TNF,7124,hsa04061
CCR2,729230,hsa04061
CXCR4,7852,hsa04061
IL18R1,8809,hsa04061
AKT3,10000,hsa04062
ADCY1,107,hsa04062
ADCY3,109,hsa04062
ADCY5,111,hsa04062
CHUK,1147,hsa04062
ADCY9,115,hsa04062
CCR1,1230,hsa04062
CCR3,1232,hsa04062
CCR5,1234,hsa04062
CCR7,1236,hsa04062
AKT1,207,hsa04062
AKT2,208,hsa04062
FOXO3,2309,hsa04062
GNAI1,2770,hsa04062
GNAQ,2776,hsa04062
GNB1,2782,hsa04062
GNB3,2784,hsa04062
GRK5,2869,hsa04062
CXCL1,2919,hsa04062
GSK3B,2932,hsa04062
IKBKB,3551,hsa04062
CXCL8,3576,hsa04062
LYN,4067,hsa04062
NFKB1,4790,hsa04062
NFKBIA,4792,hsa04062
PIK3CA,5290,hsa04062
PIK3R1,5295,hsa04062
PLCB3,5331,hsa04062
PLCG1,5335,hsa04062
PLCG2,5336,hsa04062
PRKCB,5579,hsa04062
PRKCZ,5590,hsa04062
MAPK3,5595,hsa04062
MAP2K1,5604,hsa04062
PREX1,57580,hsa04062
ROCK1,6093,hsa04062
CCL2,6347,hsa04062
CCL5,6352,hsa04062
NCF1,653361,hsa04062
SOS1,6654,hsa04062
SOS2,6655,hsa04062
BRAF,673,hsa04062
STAT3,6774,hsa04062
CCR2,729230,hsa04062
VAV2,7410,hsa04062
CXCR4,7852,hsa04062
GADD45G,10912,hsa04064
CHUK,1147,hsa04064
RIGI,23586,hsa04064
CXCL1,2919,hsa04064
ICAM1,3383,hsa04064
IKBKB,3551,hsa04064
IL1B,3553,hsa04064
IL1R1,3554,hsa04064
CXCL8,3576,hsa04064
LBP,3929,hsa04064
LYN,4067,hsa04064
ATM,472,hsa04064
NFKB1,4790,hsa04064
NFKBIA,4792,hsa04064
PIAS4,51588,hsa04064
PLCG1,5335,hsa04064
PLCG2,5336,hsa04064
PRKCB,5579,hsa04064
PTGS2,5743,hsa04064
BCL2,596,hsa04064
EDA2R,60401,hsa04064
TLR4,7099,hsa04064
TNF,7124,hsa04064
TNFAIP3,7128,hsa04064
TRAF3,7187,hsa04064
CARD11,84433,hsa04064
TNFSF11,8600,hsa04064
TNFRSF11A,8792,hsa04064
CD14,929,hsa04064
CD40,958,hsa04064
CD40LG,959,hsa04064
AKT3,10000,hsa04066
CDKN1A,1026,hsa04066
CDKN1B,1027,hsa04066
CREBBP,1387,hsa04066
CYBB,1536,hsa04066
EGFR,1956,hsa04066
EP300,2033,hsa04066
EPAS1,2034,hsa04066
EPO,2056,hsa04066
AKT1,207,hsa04066
AKT2,208,hsa04066
MTOR,2475,hsa04066
HIF1A,3091,hsa04066
HK1,3098,hsa04066
HMOX1,3162,hsa04066
IFNG,3458,hsa04066
IFNGR1,3459,hsa04066
IGF1,3479,hsa04066
IGF1R,3480,hsa04066
IL6,3569,hsa04066
IL6R,3570,hsa04066
INS,3630,hsa04066
INSR,3643,hsa04066
LDHB,3945,hsa04066
NFKB1,4790,hsa04066
NOS2,4843,hsa04066
NOS3,4846,hsa04066
NPPA,4878,hsa04066
SERPINE1,5054,hsa04066
PDHA1,5160,hsa04066
PDHB,5162,hsa04066
PFKFB3,5209,hsa04066
PIK3CA,5290,hsa04066
PIK3R1,5295,hsa04066
PLCG1,5335,hsa04066
PLCG2,5336,hsa04066
PRKCB,5579,hsa04066
MAPK3,5595,hsa04066
MAP2K1,5604,hsa04066
BCL2,596,hsa04066
RPS6KB1,6198,hsa04066
STAT3,6774,hsa04066
TFRC,7037,hsa04066
TIMP1,7076,hsa04066
TLR4,7099,hsa04066
VEGFA,7422,hsa04066
CAMK2B,816,hsa04066
CAMK2G,818,hsa04066
CUL2,8453,hsa04066
AKT3,10000,hsa04068
BCL2L11,10018,hsa04068
SGK2,10110,hsa04068
CDKN1A,1026,hsa04068
CDKN1B,1027,hsa04068
CDKN2B,1030,hsa04068
PLK2,10769,hsa04068
GADD45G,10912,hsa04068
CHUK,1147,hsa04068
CREBBP,1387,hsa04068
S1PR1,1901,hsa04068
EGFR,1956,hsa04068
EP300,2033,hsa04068
AKT1,207,hsa04068
AKT2,208,hsa04068
FOXG1,2290,hsa04068
FOXO1,2308,hsa04068
FOXO3,2309,hsa04068
SIRT1,23411,hsa04068
SGK3,23678,hsa04068
IGF1,3479,hsa04068
IGF1R,3480,hsa04068
IKBKB,3551,hsa04068
IL6,3569,hsa04068
IL10,3586,hsa04068
INS,3630,hsa04068
INSR,3643,hsa04068
IRS1,3667,hsa04068
SMAD3,4088,hsa04068
ATM,472,hsa04068
PIK3CA,5290,hsa04068
PIK3R1,5295,hsa04068
PRKAG3,53632,hsa04068
PRKAA1,5562,hsa04068
PRKAA2,5563,hsa04068
PRKAB1,5564,hsa04068
MAPK3,5595,hsa04068
MAPK8,5599,hsa04068
MAP2K1,5604,hsa04068
PTEN,5728,hsa04068
G6PC2,57818,hsa04068
RBL2,5934,hsa04068
CCND1,595,hsa04068
BCL6,604,hsa04068
SGK1,6446,hsa04068
SLC2A4,6517,hsa04068
BNIP3,664,hsa04068
SOS1,6654,hsa04068
SOS2,6655,hsa04068
BRAF,673,hsa04068
STAT3,6774,hsa04068
STK11,6794,hsa04068
TGFB1,7040,hsa04068
CAT,847,hsa04068
IRS2,8660,hsa04068
CCND2,894,hsa04068
HOMER1,9456,hsa04068
DGKB,1607,hsa04070
INPP5F,22876,hsa04070
PPIP5K2,23262,hsa04070
INPP5D,3635,hsa04070
PIK3C2A,5286,hsa04070
PIK3C2B,5287,hsa04070
PIK3C2G,5288,hsa04070
PIK3C3,5289,hsa04070
PIK3CA,5290,hsa04070
PIK3R1,5295,hsa04070
PIP4K2A,5305,hsa04070
PLCB3,5331,hsa04070
PLCG1,5335,hsa04070
PLCG2,5336,hsa04070
BPNT2,54928,hsa04070
PRKCB,5579,hsa04070
PTEN,5728,hsa04070
IPPK,64768,hsa04070
DGKE,8526,hsa04070
DGKD,8527,hsa04070
INPP4B,8821,hsa04070
DGKI,9162,hsa04070
AKT3,10000,hsa04071
ADORA1,134,hsa04071
ADORA3,140,hsa04071
CTSD,1509,hsa04071
S1PR1,1901,hsa04071
AKT1,207,hsa04071
AKT2,208,hsa04071
CERS6,253782,hsa04071
GNA12,2768,hsa04071
GNAI1,2770,hsa04071
GNAQ,2776,hsa04071
MAP3K5,4217,hsa04071
ASAH1,427,hsa04071
NFKB1,4790,hsa04071
NOS3,4846,hsa04071
OPRD1,4985,hsa04071
PIK3CA,5290,hsa04071
PIK3R1,5295,hsa04071
PLCB3,5331,hsa04071
PPP2R2A,5520,hsa04071
PPP2R2C,5522,hsa04071
PPP2R3A,5523,hsa04071
PPP2R5A,5525,hsa04071
PRKCB,5579,hsa04071
PRKCE,5581,hsa04071
PPP2R2D,55844,hsa04071
PRKCZ,5590,hsa04071
MAPK3,5595,hsa04071
MAPK8,5599,hsa04071
MAP2K1,5604,hsa04071
PTEN,5728,hsa04071
BAX,581,hsa04071
BCL2,596,hsa04071
ROCK1,6093,hsa04071
TNF,7124,hsa04071
TP53,7157,hsa04071
SGPL1,8879,hsa04071
AKT3,10000,hsa04072
PLA2G4B,100137049,hsa04072
RAPGEF3,10411,hsa04072
ADCY1,107,hsa04072
ADCY3,109,hsa04072
ADCY5,111,hsa04072
ADCY9,115,hsa04072
DGKB,1607,hsa04072
DNM1,1759,hsa04072
AGT,183,hsa04072
AGTR1,185,hsa04072
EGFR,1956,hsa04072
AKT1,207,hsa04072
AKT2,208,hsa04072
RRAS2,22800,hsa04072
MRAS,22808,hsa04072
MTOR,2475,hsa04072
DNM3,26052,hsa04072
GNA12,2768,hsa04072
GNAS,2778,hsa04072
GRM4,2914,hsa04072
GRM5,2915,hsa04072
GRM7,2917,hsa04072
GRM8,2918,hsa04072
CXCL8,3576,hsa04072
INS,3630,hsa04072
INSR,3643,hsa04072
KIT,3815,hsa04072
PIK3CA,5290,hsa04072
PIK3R1,5295,hsa04072
PLCB3,5331,hsa04072
PLCG1,5335,hsa04072
PLCG2,5336,hsa04072
AVP,551,hsa04072
MAPK3,5595,hsa04072
PDGFC,56034,hsa04072
MAP2K1,5604,hsa04072
SOS1,6654,hsa04072
SOS2,6655,hsa04072
DGKE,8526,hsa04072
DGKD,8527,hsa04072
DGKI,9162,hsa04072
CYTH1,9267,hsa04072
CALCRL,10203,hsa04080
PGRMC2,10424,hsa04080
CHRNA3,1136,hsa04080
CHRNE,1145,hsa04080
ADCYAP1,116,hsa04080
GRIN3A,116443,hsa04080
GRIN3B,116444,hsa04080
CNR1,1268,hsa04080
LYPD6B,130576,hsa04080
ADORA1,134,hsa04080
ADORA2A,135,hsa04080
ADORA2B,136,hsa04080
CRHR1,1394,hsa04080
CRHR2,1395,hsa04080
ADORA3,140,hsa04080
ADRA1D,146,hsa04080
ADRA1B,147,hsa04080
ADRA1A,148,hsa04080
ADRA2A,150,hsa04080
ADRA2B,151,hsa04080
ADRA2C,152,hsa04080
ADRB1,153,hsa04080
ADRB2,154,hsa04080
ADRB3,155,hsa04080
DRD2,1813,hsa04080
DRD3,1814,hsa04080
DRD4,1815,hsa04080
AGT,183,hsa04080
AGTR1,185,hsa04080
AGTR2,186,hsa04080
S1PR1,1901,hsa04080
EDNRA,1909,hsa04080
F2RL1,2150,hsa04080
FSHB,2488,hsa04080
FSHR,2492,hsa04080
GABRA1,2554,hsa04080
GABRA2,2555,hsa04080
GABRA3,2556,hsa04080
GABRA4,2557,hsa04080
GABRA5,2558,hsa04080
GABRA6,2559,hsa04080
GABRB1,2560,hsa04080
GABRB2,2561,hsa04080
GABRB3,2562,hsa04080
GABRD,2563,hsa04080
GABRE,2564,hsa04080
GABRG1,2565,hsa04080
GABRG2,2566,hsa04080
GABRG3,2567,hsa04080
GABRP,2568,hsa04080
GCG,2641,hsa04080
GCGR,2642,hsa04080
GH1,2688,hsa04080
GHR,2690,hsa04080
GHRHR,2692,hsa04080
GIP,2695,hsa04080
GIPR,2696,hsa04080
GLP1R,2740,hsa04080
GLRA1,2741,hsa04080
GLRB,2743,hsa04080
GNRH1,2796,hsa04080
GNRHR,2798,hsa04080
NPBWR2,2832,hsa04080
PRLHR,2834,hsa04080
GRIA1,2890,hsa04080
GRIA2,2891,hsa04080
GRIA3,2892,hsa04080
GRIA4,2893,hsa04080
GRID1,2894,hsa04080
GRID2,2895,hsa04080
GRIK1,2897,hsa04080
GRIK2,2898,hsa04080
GRIK3,2899,hsa04080
GRIK4,2900,hsa04080
GRIK5,2901,hsa04080
GRIN1,2902,hsa04080
GRIN2A,2903,hsa04080
GRIN2B,2904,hsa04080
GRIN2C,2905,hsa04080
GRIN2D,2906,hsa04080
NR3C1,2908,hsa04080
GRM4,2914,hsa04080
GRM5,2915,hsa04080
GRM7,2917,hsa04080
GRM8,2918,hsa04080
GRP,2922,hsa04080
HRH1,3269,hsa04080
HTR1A,3350,hsa04080
HTR1B,3351,hsa04080
HTR1D,3352,hsa04080
HTR1E,3354,hsa04080
HTR1F,3355,hsa04080
HTR2A,3356,hsa04080
HTR2B,3357,hsa04080
HTR2C,3358,hsa04080
HTR4,3360,hsa04080
HTR5A,3361,hsa04080
HTR6,3362,hsa04080
HTR7,3363,hsa04080
IAPP,3375,hsa04080
KISS1,3814,hsa04080
LEP,3952,hsa04080
LEPR,3953,hsa04080
LHCGR,3973,hsa04080
MC3R,4159,hsa04080
MC4R,4160,hsa04080
MTNR1A,4543,hsa04080
MTNR1B,4544,hsa04080
NPY,4852,hsa04080
NPY1R,4886,hsa04080
NPY2R,4887,hsa04080
NPY5R,4889,hsa04080
OPRD1,4985,hsa04080
OPRK1,4986,hsa04080
OPRM1,4988,hsa04080
OXT,5020,hsa04080
OXTR,5021,hsa04080
P2RX4,5025,hsa04080
P2RY1,5028,hsa04080
GHRL,51738,hsa04080
PENK,5179,hsa04080
PLG,5340,hsa04080
PNOC,5368,hsa04080
POMC,5443,hsa04080
AVP,551,hsa04080
GABRQ,55879,hsa04080
PRL,5617,hsa04080
PRSS3,5646,hsa04080
NMUR2,56923,hsa04080
PYY,5697,hsa04080
PTGDR,5729,hsa04080
PTH,5741,hsa04080
PTH1R,5745,hsa04080
PTH2R,5746,hsa04080
HRH4,59340,hsa04080
SCT,6343,hsa04080
SCTR,6344,hsa04080
NPVF,64111,hsa04080
SST,6750,hsa04080
SSTR1,6751,hsa04080
SSTR4,6754,hsa04080
SSTR5,6755,hsa04080
THRA,7067,hsa04080
THRB,7068,hsa04080
C3,718,hsa04080
TRPV1,7442,hsa04080
CALCR,799,hsa04080
QRFPR,84109,hsa04080
MCHR2,84539,hsa04080
CCK,885,hsa04080
APLN,8862,hsa04080
GLP2R,9340,hsa04080
RAMP2,10266,hsa04081
RAMP1,10267,hsa04081
RAMP3,10268,hsa04081
RAPGEF3,10411,hsa04081
ADCY1,107,hsa04081
ADCY3,109,hsa04081
ADCY5,111,hsa04081
ADCY9,115,hsa04081
CRHR1,1394,hsa04081
CRHR2,1395,hsa04081
ADRA1D,146,hsa04081
ADRA1B,147,hsa04081
ADRA1A,148,hsa04081
ADRA2A,150,hsa04081
ADRA2B,151,hsa04081
ADRA2C,152,hsa04081
ADRB1,153,hsa04081
ADRB2,154,hsa04081
ADRB3,155,hsa04081
DRD2,1813,hsa04081
DRD3,1814,hsa04081
DRD4,1815,hsa04081
AGT,183,hsa04081
AGTR1,185,hsa04081
AGTR2,186,hsa04081
EPO,2056,hsa04081
ESR1,2099,hsa04081
ESR2,2100,hsa04081
FSHB,2488,hsa04081
FSHR,2492,hsa04081
GAST,2520,hsa04081
APPL1,26060,hsa04081
GCG,2641,hsa04081
GCGR,2642,hsa04081
AMH,268,hsa04081
GH1,2688,hsa04081
GHR,2690,hsa04081
GHRHR,2692,hsa04081
GIP,2695,hsa04081
GIPR,2696,hsa04081
GLP1R,2740,hsa04081
GNA12,2768,hsa04081
GNAI1,2770,hsa04081
GNAQ,2776,hsa04081
GNAS,2778,hsa04081
GNB1,2782,hsa04081
GNB3,2784,hsa04081
GNRH1,2796,hsa04081
GNRHR,2798,hsa04081
PRLHR,2834,hsa04081
IAPP,3375,hsa04081
IGF1,3479,hsa04081
IGF1R,3480,hsa04081
IGF2,3481,hsa04081
INS,3630,hsa04081
INSR,3643,hsa04081
IRS1,3667,hsa04081
LEP,3952,hsa04081
LEPR,3953,hsa04081
LHCGR,3973,hsa04081
MC3R,4159,hsa04081
MC4R,4160,hsa04081
NOS1,4842,hsa04081
NPPA,4878,hsa04081
NPPB,4879,hsa04081
NPR3,4883,hsa04081
OPRD1,4985,hsa04081
OPRK1,4986,hsa04081
OPRM1,4988,hsa04081
OXT,5020,hsa04081
OXTR,5021,hsa04081
ADIPOR1,51094,hsa04081
GHRL,51738,hsa04081
PENK,5179,hsa04081
PIK3CA,5290,hsa04081
PIK3R1,5295,hsa04081
PLCB3,5331,hsa04081
PNOC,5368,hsa04081
POMC,5443,hsa04081
AVP,551,hsa04081
PRKG1,5592,hsa04081
PRL,5617,hsa04081
PTH,5741,hsa04081
PTH1R,5745,hsa04081
HAMP,57817,hsa04081
BMPR1B,658,hsa04081
SST,6750,hsa04081
SSTR1,6751,hsa04081
SSTR4,6754,hsa04081
SSTR5,6755,hsa04081
STAT3,6774,hsa04081
STK11,6794,hsa04081
THRA,7067,hsa04081
THRB,7068,hsa04081
CALCR,799,hsa04081
MCHR2,84539,hsa04081
IRS2,8660,hsa04081
CCK,885,hsa04081
ADIPOQ,9370,hsa04081
ADCY1,107,hsa04082
ADCY3,109,hsa04082
ADCY5,111,hsa04082
CHRNA3,1136,hsa04082
ADCY9,115,hsa04082
GRIN3A,116443,hsa04082
GRIN3B,116444,hsa04082
ADORA1,134,hsa04082
ADORA2A,135,hsa04082
ADORA2B,136,hsa04082
ADORA3,140,hsa04082
SLC32A1,140679,hsa04082
ADRA1D,146,hsa04082
ADRA1B,147,hsa04082
ADRA1A,148,hsa04082
ADRA2A,150,hsa04082
ADRA2B,151,hsa04082
ADRA2C,152,hsa04082
ADRB1,153,hsa04082
ADRB2,154,hsa04082
HTR3C,170572,hsa04082
AGRP,181,hsa04082
DRD2,1813,hsa04082
DRD3,1814,hsa04082
DRD4,1815,hsa04082
HTR3D,200909,hsa04082
GABRA1,2554,hsa04082
GABRA2,2555,hsa04082
GABRA3,2556,hsa04082
GABRA4,2557,hsa04082
GABRA5,2558,hsa04082
GABRA6,2559,hsa04082
GABRB1,2560,hsa04082
GABRB2,2561,hsa04082
GABRB3,2562,hsa04082
GABRD,2563,hsa04082
GABRE,2564,hsa04082
GABRG1,2565,hsa04082
GABRG2,2566,hsa04082
GABRG3,2567,hsa04082
GABRP,2568,hsa04082
GLRA1,2741,hsa04082
GLRB,2743,hsa04082
GNAI1,2770,hsa04082
GNAQ,2776,hsa04082
GNAS,2778,hsa04082
GNB1,2782,hsa04082
GNB3,2784,hsa04082
HTR3E,285242,hsa04082
GRIA1,2890,hsa04082
GRIA2,2891,hsa04082
GRIA3,2892,hsa04082
GRIA4,2893,hsa04082
GRIK1,2897,hsa04082
GRIK2,2898,hsa04082
GRIK3,2899,hsa04082
GRIK4,2900,hsa04082
GRIK5,2901,hsa04082
GRIN1,2902,hsa04082
GRIN2A,2903,hsa04082
GRIN2B,2904,hsa04082
GRIN2C,2905,hsa04082
GRIN2D,2906,hsa04082
GRM4,2914,hsa04082
GRM5,2915,hsa04082
GRM7,2917,hsa04082
GRM8,2918,hsa04082
HRH1,3269,hsa04082
HTR1A,3350,hsa04082
HTR1B,3351,hsa04082
HTR1D,3352,hsa04082
HTR1E,3354,hsa04082
HTR1F,3355,hsa04082
HTR2A,3356,hsa04082
HTR2B,3357,hsa04082
HTR2C,3358,hsa04082
HTR3A,3359,hsa04082
HTR4,3360,hsa04082
HTR5A,3361,hsa04082
HTR6,3362,hsa04082
HTR7,3363,hsa04082
MC3R,4159,hsa04082
MC4R,4160,hsa04082
ACHE,43,hsa04082
OPRD1,4985,hsa04082
OPRK1,4986,hsa04082
OPRM1,4988,hsa04082
P2RX4,5025,hsa04082
P2RY1,5028,hsa04082
PENK,5179,hsa04082
PLCB3,5331,hsa04082
PNOC,5368,hsa04082
POMC,5443,hsa04082
PRKCB,5579,hsa04082
GABRQ,55879,hsa04082
P2RY12,64805,hsa04082
SLC1A2,6506,hsa04082
SLC6A1,6529,hsa04082
SLC6A2,6530,hsa04082
SLC6A3,6531,hsa04082
SLC6A4,6532,hsa04082
SLC6A9,6536,hsa04082
SLC18A2,6571,hsa04082
HTR3B,9177,hsa04082
CDKN1A,1026,hsa04110
CDKN1B,1027,hsa04110
STAG1,10274,hsa04110
CDKN1C,1028,hsa04110
CDKN2A,1029,hsa04110
CDKN2B,1030,hsa04110
CDKN2C,1031,hsa04110
GADD45G,10912,hsa04110
CHEK2,11200,hsa04110
CREBBP,1387,hsa04110
SGO1,151648,hsa04110
CDC14C,168448,hsa04110
E2F1,1869,hsa04110
E2F3,1871,hsa04110
EP300,2033,hsa04110
PDS5B,23047,hsa04110
MAU2,23383,hsa04110
ABL1,25,hsa04110
GSK3B,2932,hsa04110
ANAPC4,29945,hsa04110
HDAC1,3065,hsa04110
HDAC2,3066,hsa04110
SMAD3,4088,hsa04110
MCM6,4175,hsa04110
MYC,4609,hsa04110
ATM,472,hsa04110
PPP2R5A,5525,hsa04110
HDAC8,55869,hsa04110
RB1,5925,hsa04110
RBL2,5934,hsa04110
CCND1,595,hsa04110
TGFB1,7040,hsa04110
TP53,7157,hsa04110
YWHAZ,7534,hsa04110
MAD1L1,8379,hsa04110
CCND2,894,hsa04110
CCNE1,898,hsa04110
CCNH,902,hsa04110
CCNE2,9134,hsa04110
BUB3,9184,hsa04110
CDC25A,993,hsa04110
CDC25C,995,hsa04110
SPDYE18,100505767,hsa04114
SPDYE17,102723849,hsa04114
ADCY1,107,hsa04114
ADCY3,109,hsa04114
ADCY5,111,hsa04114
ADCY9,115,hsa04114
SGO1,151648,hsa04114
CPEB3,22849,hsa04114
ANAPC4,29945,hsa04114
IGF1,3479,hsa04114
IGF1R,3480,hsa04114
INS,3630,hsa04114
AR,367,hsa04114
SPDYE21,442572,hsa04114
SPDYE5,442590,hsa04114
PGR,5241,hsa04114
PPP1CB,5500,hsa04114
PPP2R5A,5525,hsa04114
PPP3CA,5530,hsa04114
MAPK3,5595,hsa04114
MAP2K1,5604,hsa04114
RPS6KA1,6195,hsa04114
YWHAZ,7534,hsa04114
CAMK2B,816,hsa04114
CAMK2G,818,hsa04114
MAD1L1,8379,hsa04114
BTRC,8945,hsa04114
CCNE1,898,hsa04114
CCNE2,9134,hsa04114
CDC25C,995,hsa04114
CDKN1A,1026,hsa04115
CDKN2A,1029,hsa04115
GADD45G,10912,hsa04115
CHEK2,11200,hsa04115
SESN3,143686,hsa04115
IGF1,3479,hsa04115
IGFBP3,3486,hsa04115
FAS,355,hsa04115
MDM4,4194,hsa04115
ATM,472,hsa04115
RRM2B,50484,hsa04115
SERPINE1,5054,hsa04115
PMAIP1,5366,hsa04115
PTEN,5728,hsa04115
BAX,581,hsa04115
CCND1,595,hsa04115
BCL2,596,hsa04115
COP1,64326,hsa04115
THBS1,7057,hsa04115
TP53,7157,hsa04115
CASP3,836,hsa04115
CASP8,841,hsa04115
CASP9,842,hsa04115
CCND2,894,hsa04115
CCNE1,898,hsa04115
CCNE2,9134,hsa04115
SAE1,10055,hsa04120
HUWE1,10075,hsa04120
STUB1,10273,hsa04120
UBE2E3,10477,hsa04120
WWP2,11060,hsa04120
TRIM32,22954,hsa04120
ANAPC4,29945,hsa04120
MAP3K1,4214,hsa04120
TRIM37,4591,hsa04120
PRKN,5071,hsa04120
PIAS4,51588,hsa04120
PML,5371,hsa04120
FANCL,55120,hsa04120
UBE2W,55284,hsa04120
FBXW7,55294,hsa04120
KLHL9,55958,hsa04120
COP1,64326,hsa04120
UBB,7314,hsa04120
UBE2D3,7323,hsa04120
UBE2E1,7324,hsa04120
UBE2E2,7325,hsa04120
ITCH,83737,hsa04120
CUL2,8453,hsa04120
PIAS1,8554,hsa04120
HERC1,8925,hsa04120
BTRC,8945,hsa04120
SOCS3,9021,hsa04120
UBE3C,9690,hsa04120
KEAP1,9817,hsa04120
CTU2,348180,hsa04122
URM1,81605,hsa04122
YKT6,10652,hsa04130
VTI1A,143187,hsa04130
STX19,415117,hsa04130
STX16,8675,hsa04130
VAMP3,9341,hsa04130
ATG7,10533,hsa04136
MTOR,2475,hsa04136
PIK3C3,5289,hsa04136
ATG16L1,55054,hsa04136
WIPI1,55062,hsa04136
RPTOR,57521,hsa04136
ATG4C,84938,hsa04136
HUWE1,10075,hsa04137
CITED2,10370,hsa04137
E2F1,1869,hsa04137
RRAS2,22800,hsa04137
MRAS,22808,hsa04137
MON1B,22879,hsa04137
FOXO3,2309,hsa04137
SAMM50,25813,hsa04137
HIF1A,3091,hsa04137
JUN,3725,hsa04137
TOMM20L,387990,hsa04137
MITF,4286,hsa04137
PRKN,5071,hsa04137
TOMM7,54543,hsa04137
MARCHF5,54708,hsa04137
MAPK8,5599,hsa04137
RAB5B,5869,hsa04137
BNIP3,664,hsa04137
TP53,7157,hsa04137
UBB,7314,hsa04137
TFEB,7942,hsa04137
MON1A,84315,hsa04137
SQSTM1,8878,hsa04137
TAX1BP1,8887,hsa04137
AKT3,10000,hsa04140
TANK,10010,hsa04140
RRAGB,10325,hsa04140
ATG7,10533,hsa04140
CAMKK2,10645,hsa04140
YKT6,10652,hsa04140
RRAGA,10670,hsa04140
CTSB,1508,hsa04140
CTSD,1509,hsa04140
C9orf72,203228,hsa04140
AKT1,207,hsa04140
AKT2,208,hsa04140
ERN1,2081,hsa04140
RRAS2,22800,hsa04140
MRAS,22808,hsa04140
MTOR,2475,hsa04140
NRBF2,29982,hsa04140
HIF1A,3091,hsa04140
HMGB1,3146,hsa04140
IGF1R,3480,hsa04140
INS,3630,hsa04140
IRS1,3667,hsa04140
EIF2AK4,440275,hsa04140
PIK3C3,5289,hsa04140
PIK3CA,5290,hsa04140
PIK3R1,5295,hsa04140
DDIT4,54541,hsa04140
ATG16L1,55054,hsa04140
WIPI1,55062,hsa04140
PRKAA1,5562,hsa04140
PRKAA2,5563,hsa04140
VPS11,55823,hsa04140
MAPK3,5595,hsa04140
MAPK8,5599,hsa04140
MAP2K1,5604,hsa04140
PTEN,5728,hsa04140
RPTOR,57521,hsa04140
BCL2,596,hsa04140
RPS6KB1,6198,hsa04140
BNIP3,664,hsa04140
STK11,6794,hsa04140
UBB,7314,hsa04140
VMP1,81671,hsa04140
ATG4C,84938,hsa04140
IRS2,8660,hsa04140
SQSTM1,8878,hsa04140
TAX1BP1,8887,hsa04140
PLEKHM1,9842,hsa04140
CASP12,100506742,hsa04141
STUB1,10273,hsa04141
HYOU1,10525,hsa04141
MAN1A2,10905,hsa04141
ERN1,2081,hsa04141
PDIA3,2923,hsa04141
HSPA5,3309,hsa04141
MAN1A1,4121,hsa04141
MAP3K5,4217,hsa04141
NFE2L2,4780,hsa04141
P4HB,5034,hsa04141
PRKN,5071,hsa04141
DNAJC10,54431,hsa04141
UGGT2,55757,hsa04141
MAPK8,5599,hsa04141
MAP2K7,5609,hsa04141
ERO1B,56605,hsa04141
MAN1C1,57134,hsa04141
BAK1,578,hsa04141
BAX,581,hsa04141
BCL2,596,hsa04141
SSR1,6745,hsa04141
SSR2,6746,hsa04141
SSR3,6747,hsa04141
UBE2D3,7323,hsa04141
TMEM258,746,hsa04141
WFS1,7466,hsa04141
CALR,811,hsa04141
AP3S2,10239,hsa04142
RRAGB,10325,hsa04142
NPC2,10577,hsa04142
RRAGA,10670,hsa04142
AP4B1,10717,hsa04142
OSBPL6,114880,hsa04142
AP1S1,1174,hsa04142
BORCS7,119032,hsa04142
ATP6V1G3,127124,hsa04142
ARL8A,127829,hsa04142
NCOA7,135112,hsa04142
CTSB,1508,hsa04142
CTSD,1509,hsa04142
CTSH,1512,hsa04142
AGA,175,hsa04142
DNASE2,1777,hsa04142
TPCN2,219931,hsa04142
DMXL2,23312,hsa04142
WDR7,23335,hsa04142
MTOR,2475,hsa04142
GAA,2548,hsa04142
GBA1,2629,hsa04142
AP3M1,26985,hsa04142
IDUA,3425,hsa04142
IGF2R,3482,hsa04142
MANBA,4126,hsa04142
ASAH1,427,hsa04142
MITF,4286,hsa04142
NEU1,4758,hsa04142
NPC1,4864,hsa04142
ACP2,53,hsa04142
TLR9,54106,hsa04142
VPS13C,54832,hsa04142
VPS11,55823,hsa04142
RPTOR,57521,hsa04142
SORT1,6272,hsa04142
TFEB,7942,hsa04142
AP3B2,8120,hsa04142
DTNBP1,84062,hsa04142
GNPTG,84572,hsa04142
AP3B1,8546,hsa04142
SCARB2,950,hsa04142
VPS26A,9559,hsa04142
PLEKHM1,9842,hsa04142
ARPC1B,10095,hsa04144
ARFGEF2,10564,hsa04144
SNF8,11267,hsa04144
ARAP1,116985,hsa04144
CCR5,1234,hsa04144
CHMP4B,128866,hsa04144
VPS37D,155382,hsa04144
DNM1,1759,hsa04144
EGFR,1956,hsa04144
FGFR3,2261,hsa04144
FGFR2,2263,hsa04144
FGFR4,2264,hsa04144
CHMP2B,25978,hsa04144
DNM3,26052,hsa04144
GRK5,2869,hsa04144
IGF1R,3480,hsa04144
IGF2R,3482,hsa04144
IL2RA,3559,hsa04144
ARF4,378,hsa04144
KIF5C,3800,hsa04144
ARF5,381,hsa04144
LDLR,3949,hsa04144
SMAD3,4088,hsa04144
CHMP3,51652,hsa04144
PML,5371,hsa04144
PRKCZ,5590,hsa04144
RAB5B,5869,hsa04144
SH3GL2,6456,hsa04144
TFRC,7037,hsa04144
CXCR4,7852,hsa04144
CHMP6,79643,hsa04144
CAPZA1,829,hsa04144
ITCH,83737,hsa04144
RAB11FIP4,84440,hsa04144
GBF1,8729,hsa04144
RAB11B,9230,hsa04144
CYTH1,9267,hsa04144
VPS26A,9559,hsa04144
IQSEC1,9922,hsa04144
TUBA1B,10376,hsa04145
TUBB3,10381,hsa04145
TUBB4A,10382,hsa04145
TUBB4B,10383,hsa04145
ATG7,10533,hsa04145
CFTR,1080,hsa04145
TUBA3E,112714,hsa04145
ATP6V1G3,127124,hsa04145
CTSB,1508,hsa04145
CTSD,1509,hsa04145
CYBB,1536,hsa04145
DNM1,1759,hsa04145
DYNC1I2,1781,hsa04145
TUBB,203068,hsa04145
ALB,213,hsa04145
MON1B,22879,hsa04145
DNM3,26052,hsa04145
TUBB8,347688,hsa04145
TUBB2B,347733,hsa04145
LCN2,3934,hsa04145
MBL2,4153,hsa04145
MMP8,4317,hsa04145
MMP9,4318,hsa04145
MPO,4353,hsa04145
MRC1,4360,hsa04145
MSR1,4481,hsa04145
NOS1,4842,hsa04145
PIK3C3,5289,hsa04145
PIK3CA,5290,hsa04145
PIK3R1,5295,hsa04145
ATG16L1,55054,hsa04145
VPS11,55823,hsa04145
PRTN3,5657,hsa04145
RAB5B,5869,hsa04145
RAB27B,5874,hsa04145
NCF1,653361,hsa04145
THBS1,7057,hsa04145
THBS2,7058,hsa04145
TLR2,7097,hsa04145
TLR4,7099,hsa04145
C3,718,hsa04145
TUBA4A,7277,hsa04145
TUBA3C,7278,hsa04145
TUBB2A,7280,hsa04145
TUBA1A,7846,hsa04145
COLEC11,78989,hsa04145
DYNC2H1,79659,hsa04145
TUBB1,81027,hsa04145
CALR,811,hsa04145
DYNLRB2,83657,hsa04145
MON1A,84315,hsa04145
TUBB6,84617,hsa04145
TUBA1C,84790,hsa04145
ATG4C,84938,hsa04145
CD14,929,hsa04145
VAMP3,9341,hsa04145
CD36,948,hsa04145
SCARB1,949,hsa04145
MRC2,9902,hsa04145
PXMP4,11264,hsa04146
EHHADH,1962,hsa04146
ACSL1,2180,hsa04146
HSD17B4,3295,hsa04146
MVK,4598,hsa04146
NOS2,4843,hsa04146
ACOX1,51,hsa04146
PEX2,5828,hsa04146
SOD1,6647,hsa04146
XDH,7498,hsa04146
NUDT12,83594,hsa04146
CAT,847,hsa04146
MPV17L2,84769,hsa04146
CD24,100133941,hsa04148
NR1H3,10062,hsa04148
SIRPB1,10326,hsa04148
MERTK,10461,hsa04148
CEBPB,1051,hsa04148
CPT1A,1374,hsa04148
CREB1,1385,hsa04148
SIRPA,140885,hsa04148
AGER,177,hsa04148
DNMT3A,1788,hsa04148
DUSP2,1844,hsa04148
ABCA1,19,hsa04148
S1PR1,1901,hsa04148
EPO,2056,hsa04148
ATP11B,23200,hsa04148
VPS8,23355,hsa04148
SIRT1,23411,hsa04148
GAS6,2621,hsa04148
XKR6,286046,hsa04148
HIF1A,3091,hsa04148
IL10,3586,hsa04148
ARG1,383,hsa04148
NFATC1,4772,hsa04148
NFATC2,4773,hsa04148
NFATC3,4775,hsa04148
ATP2A1,487,hsa04148
ATP2A2,488,hsa04148
ATP2A3,489,hsa04148
GULP1,51454,hsa04148
PPARD,5467,hsa04148
PPARG,5468,hsa04148
VPS11,55823,hsa04148
MAPK3,5595,hsa04148
MAP2K1,5604,hsa04148
PROS1,5627,hsa04148
PTGS2,5743,hsa04148
RAB5B,5869,hsa04148
RXRA,6256,hsa04148
SGK1,6446,hsa04148
P2RY12,64805,hsa04148
TGFB1,7040,hsa04148
THBS1,7057,hsa04148
TYRO3,7301,hsa04148
CALR,811,hsa04148
CAMK2B,816,hsa04148
CAMK2G,818,hsa04148
CASP1,834,hsa04148
CASP3,836,hsa04148
PLA2G6,8398,hsa04148
CASP7,840,hsa04148
TGFBRAP1,9392,hsa04148
CD36,948,hsa04148
CD47,961,hsa04148
AKT3,10000,hsa04150
RRAGB,10325,hsa04150
RRAGA,10670,hsa04150
CHUK,1147,hsa04150
ATP6V1G3,127124,hsa04150
AKT1,207,hsa04150
AKT2,208,hsa04150
MTOR,2475,hsa04150
GRB10,2887,hsa04150
GSK3B,2932,hsa04150
IGF1,3479,hsa04150
IGF1R,3480,hsa04150
IKBKB,3551,hsa04150
INS,3630,hsa04150
INSR,3643,hsa04150
IRS1,3667,hsa04150
LRP5,4041,hsa04150
TBC1D7,51256,hsa04150
PIK3CA,5290,hsa04150
PIK3R1,5295,hsa04150
DDIT4,54541,hsa04150
PRKAA1,5562,hsa04150
PRKAA2,5563,hsa04150
PRKCB,5579,hsa04150
MAPK3,5595,hsa04150
MAP2K1,5604,hsa04150
PTEN,5728,hsa04150
RPTOR,57521,hsa04150
RPS6KA1,6195,hsa04150
RPS6KB1,6198,hsa04150
SGK1,6446,hsa04150
SOS1,6654,hsa04150
SOS2,6655,hsa04150
BRAF,673,hsa04150
STK11,6794,hsa04150
TNF,7124,hsa04150
CASTOR2,729438,hsa04150
WNT5A,7474,hsa04150
WNT6,7475,hsa04150
WNT7B,7477,hsa04150
WNT8A,7478,hsa04150
WNT9B,7484,hsa04150
FZD5,7855,hsa04150
SLC7A5,8140,hsa04150
FZD4,8322,hsa04150
DEPDC5,9681,hsa04150
AKT3,10000,hsa04151
BCL2L11,10018,hsa04151
SGK2,10110,hsa04151
CDKN1A,1026,hsa04151
CDKN1B,1027,hsa04151
CREB3,10488,hsa04151
CHUK,1147,hsa04151
CREB1,1385,hsa04151
CSF1,1435,hsa04151
CSF3R,1441,hsa04151
EFNA3,1944,hsa04151
EFNA5,1946,hsa04151
EGFR,1956,hsa04151
EPO,2056,hsa04151
ERBB3,2065,hsa04151
ERBB4,2066,hsa04151
AKT1,207,hsa04151
AKT2,208,hsa04151
FGF1,2246,hsa04151
FGF2,2247,hsa04151
FGF5,2250,hsa04151
FGF9,2254,hsa04151
FGFR1,2260,hsa04151
FGFR3,2261,hsa04151
FGFR2,2263,hsa04151
FGFR4,2264,hsa04151
ITGA11,22801,hsa04151
FOXO3,2309,hsa04151
FLT3,2322,hsa04151
SGK3,23678,hsa04151
MTOR,2475,hsa04151
FGF21,26291,hsa04151
GDNF,2668,hsa04151
GH1,2688,hsa04151
GHR,2690,hsa04151
GNB1,2782,hsa04151
GNB3,2784,hsa04151
LAMA1,284217,hsa04151
GSK3B,2932,hsa04151
GYS2,2998,hsa04151
HGF,3082,hsa04151
IFNAR1,3454,hsa04151
IGF1,3479,hsa04151
IGF1R,3480,hsa04151
IGF2,3481,hsa04151
IKBKB,3551,hsa04151
IL2RA,3559,hsa04151
IL6,3569,hsa04151
IL6R,3570,hsa04151
INS,3630,hsa04151
INSR,3643,hsa04151
IRS1,3667,hsa04151
ITGA1,3672,hsa04151
ITGA3,3675,hsa04151
ITGB6,3694,hsa04151
KIT,3815,hsa04151
LAMA4,3910,hsa04151
LAMB1,3912,hsa04151
LAMC1,3915,hsa04151
MYC,4609,hsa04151
NFKB1,4790,hsa04151
NGF,4803,hsa04151
NOS3,4846,hsa04151
NTRK2,4915,hsa04151
PIK3CA,5290,hsa04151
PIK3R1,5295,hsa04151
DDIT4,54541,hsa04151
PPP2R2A,5520,hsa04151
PPP2R2C,5522,hsa04151
PPP2R3A,5523,hsa04151
PPP2R5A,5525,hsa04151
PRKAA1,5562,hsa04151
PRKAA2,5563,hsa04151
PPP2R2D,55844,hsa04151
MAPK3,5595,hsa04151
PDGFC,56034,hsa04151
MAP2K1,5604,hsa04151
PRL,5617,hsa04151
RELN,5649,hsa04151
PTEN,5728,hsa04151
RPTOR,57521,hsa04151
G6PC2,57818,hsa04151
RBL2,5934,hsa04151
CCND1,595,hsa04151
BCL2,596,hsa04151
RET,5979,hsa04151
RPS6KB1,6198,hsa04151
RXRA,6256,hsa04151
BDNF,627,hsa04151
SGK1,6446,hsa04151
SOS1,6654,hsa04151
SOS2,6655,hsa04151
SPP1,6696,hsa04151
STK11,6794,hsa04151
THBS1,7057,hsa04151
THBS2,7058,hsa04151
TLR2,7097,hsa04151
TLR4,7099,hsa04151
TP53,7157,hsa04151
VEGFA,7422,hsa04151
VEGFB,7423,hsa04151
YWHAZ,7534,hsa04151
FGF23,8074,hsa04151
CASP9,842,hsa04151
CCND2,894,hsa04151
CCNE1,898,hsa04151
CCNE2,9134,hsa04151
MAGI1,9223,hsa04151
MAGI2,9863,hsa04151
FGF19,9965,hsa04151
AKT3,10000,hsa04152
CREB3,10488,hsa04152
CAMKK2,10645,hsa04152
CFTR,1080,hsa04152
PPARGC1A,10891,hsa04152
CPT1A,1374,hsa04152
CREB1,1385,hsa04152
ADRA1A,148,hsa04152
AKT1,207,hsa04152
AKT2,208,hsa04152
FASN,2194,hsa04152
FBP1,2203,hsa04152
FOXO1,2308,hsa04152
FOXO3,2309,hsa04152
SIRT1,23411,hsa04152
MTOR,2475,hsa04152
GYS2,2998,hsa04152
ACACA,31,hsa04152
HMGCR,3156,hsa04152
HNF4A,3172,hsa04152
ACACB,32,hsa04152
IGF1,3479,hsa04152
IGF1R,3480,hsa04152
INS,3630,hsa04152
INSR,3643,hsa04152
IRS1,3667,hsa04152
LEP,3952,hsa04152
LEPR,3953,hsa04152
ADIPOR1,51094,hsa04152
PFKFB3,5209,hsa04152
PIK3CA,5290,hsa04152
PIK3R1,5295,hsa04152
PRKAG3,53632,hsa04152
PPARG,5468,hsa04152
PPP2R2A,5520,hsa04152
PPP2R2C,5522,hsa04152
PPP2R3A,5523,hsa04152
PPP2R5A,5525,hsa04152
PRKAA1,5562,hsa04152
PRKAA2,5563,hsa04152
PRKAB1,5564,hsa04152
PPP2R2D,55844,hsa04152
RPTOR,57521,hsa04152
G6PC2,57818,hsa04152
CCND1,595,hsa04152
RPS6KB1,6198,hsa04152
SCD,6319,hsa04152
SLC2A4,6517,hsa04152
SREBF1,6720,hsa04152
STK11,6794,hsa04152
SCD5,79966,hsa04152
IRS2,8660,hsa04152
RAB11B,9230,hsa04152
ADIPOQ,9370,hsa04152
CD36,948,hsa04152
OMA1,115209,hsa04156
MTOR,2475,hsa04156
FGF21,26291,hsa04156
GRB10,2887,hsa04156
HSPA5,3309,hsa04156
EIF2AK4,440275,hsa04156
ATF3,467,hsa04156
PMAIP1,5366,hsa04156
DDIT4,54541,hsa04156
PPP1CB,5500,hsa04156
RPTOR,57521,hsa04156
EIF2B4,8890,hsa04156
EIF2S2,8894,hsa04156
AKT3,10000,hsa04210
BCL2L11,10018,hsa04210
CASP12,100506742,hsa04210
TUBA1B,10376,hsa04210
GADD45G,10912,hsa04210
TUBA3E,112714,hsa04210
CHUK,1147,hsa04210
CTSB,1508,hsa04210
CTSD,1509,hsa04210
CTSH,1512,hsa04210
AKT1,207,hsa04210
AKT2,208,hsa04210
ERN1,2081,hsa04210
FOS,2353,hsa04210
BIRC5,332,hsa04210
FAS,355,hsa04210
IKBKB,3551,hsa04210
JUN,3725,hsa04210
LMNA,4000,hsa04210
MAP3K5,4217,hsa04210
ATM,472,hsa04210
NFKB1,4790,hsa04210
NFKBIA,4792,hsa04210
NGF,4803,hsa04210
PIK3CA,5290,hsa04210
PIK3R1,5295,hsa04210
PMAIP1,5366,hsa04210
MAPK3,5595,hsa04210
MAPK8,5599,hsa04210
MAP2K1,5604,hsa04210
BAK1,578,hsa04210
BAX,581,hsa04210
BCL2,596,hsa04210
TNF,7124,hsa04210
TP53,7157,hsa04210
TUBA4A,7277,hsa04210
TUBA3C,7278,hsa04210
TUBA1A,7846,hsa04210
CASP2,835,hsa04210
CASP3,836,hsa04210
CASP6,839,hsa04210
CASP7,840,hsa04210
CASP8,841,hsa04210
CASP9,842,hsa04210
CASP10,843,hsa04210
TUBA1C,84790,hsa04210
AKT3,10000,hsa04211
CREB3,10488,hsa04211
CAMKK2,10645,hsa04211
ADCY1,107,hsa04211
PPARGC1A,10891,hsa04211
ADCY3,109,hsa04211
ADCY5,111,hsa04211
ADCY9,115,hsa04211
CREB1,1385,hsa04211
SESN3,143686,hsa04211
AKT1,207,hsa04211
AKT2,208,hsa04211
FOXO1,2308,hsa04211
FOXO3,2309,hsa04211
SIRT1,23411,hsa04211
MTOR,2475,hsa04211
APPL1,26060,hsa04211
IGF1,3479,hsa04211
IGF1R,3480,hsa04211
INS,3630,hsa04211
INSR,3643,hsa04211
IRS1,3667,hsa04211
NFKB1,4790,hsa04211
ADIPOR1,51094,hsa04211
PIK3CA,5290,hsa04211
PIK3R1,5295,hsa04211
PRKAG3,53632,hsa04211
PPARG,5468,hsa04211
PRKAA1,5562,hsa04211
PRKAA2,5563,hsa04211
PRKAB1,5564,hsa04211
RPTOR,57521,hsa04211
BAX,581,hsa04211
RPS6KB1,6198,hsa04211
STK11,6794,hsa04211
TP53,7157,hsa04211
EHMT1,79813,hsa04211
CAMK4,814,hsa04211
CAT,847,hsa04211
IRS2,8660,hsa04211
KL,9365,hsa04211
ADIPOQ,9370,hsa04211
AKT3,10000,hsa04213
ADCY1,107,hsa04213
ADCY3,109,hsa04213
ADCY5,111,hsa04213
ADCY9,115,hsa04213
AKT1,207,hsa04213
AKT2,208,hsa04213
FOXO1,2308,hsa04213
FOXO3,2309,hsa04213
SIRT1,23411,hsa04213
MTOR,2475,hsa04213
HDAC1,3065,hsa04213
HDAC2,3066,hsa04213
FOXA2,3170,hsa04213
IGF1,3479,hsa04213
IGF1R,3480,hsa04213
INS,3630,hsa04213
INSR,3643,hsa04213
IRS1,3667,hsa04213
PIK3CA,5290,hsa04213
PIK3R1,5295,hsa04213
PRKAG3,53632,hsa04213
PRKAA1,5562,hsa04213
PRKAA2,5563,hsa04213
PRKAB1,5564,hsa04213
RPTOR,57521,hsa04213
RPS6KB1,6198,hsa04213
SOD1,6647,hsa04213
CAT,847,hsa04213
IRS2,8660,hsa04213
BCL2L11,10018,hsa04215
BIRC5,332,hsa04215
PMAIP1,5366,hsa04215
MAPK8,5599,hsa04215
BAK1,578,hsa04215
BAX,581,hsa04215
BCL2,596,hsa04215
CASP3,836,hsa04215
CASP7,840,hsa04215
CASP8,841,hsa04215
CASP9,842,hsa04215
ATG7,10533,hsa04216
CP,1356,hsa04216
CYBB,1536,hsa04216
ACSL1,2180,hsa04216
SLC39A14,23516,hsa04216
GCLC,2729,hsa04216
GPX4,2879,hsa04216
HMOX1,3162,hsa04216
SLC39A8,64116,hsa04216
TFRC,7037,hsa04216
TP53,7157,hsa04216
PLA2G4B,100137049,hsa04217
DNM1L,10059,hsa04217
RIPK3,11035,hsa04217
NLRP3,114548,hsa04217
CHMP4B,128866,hsa04217
CYBB,1536,hsa04217
MLKL,197259,hsa04217
CHMP2B,25978,hsa04217
HMGB1,3146,hsa04217
IFNAR1,3454,hsa04217
IFNG,3458,hsa04217
IFNGR1,3459,hsa04217
FAS,355,hsa04217
IL1A,3552,hsa04217
IL1B,3553,hsa04217
CHMP3,51652,hsa04217
MAPK8,5599,hsa04217
BAX,581,hsa04217
BCL2,596,hsa04217
STAT3,6774,hsa04217
TLR4,7099,hsa04217
TNF,7124,hsa04217
TNFAIP3,7128,hsa04217
TYK2,7297,hsa04217
CHMP6,79643,hsa04217
CAMK2B,816,hsa04217
CAMK2G,818,hsa04217
CASP1,834,hsa04217
CASP8,841,hsa04217
SQSTM1,8878,hsa04217
IL33,90865,hsa04217
AKT3,10000,hsa04218
CDKN1A,1026,hsa04218
CDKN2A,1029,hsa04218
CDKN2B,1030,hsa04218
TRAF3IP2,10758,hsa04218
GADD45G,10912,hsa04218
CHEK2,11200,hsa04218
E2F1,1869,hsa04218
E2F3,1871,hsa04218
AKT1,207,hsa04218
AKT2,208,hsa04218
ETS1,2113,hsa04218
RRAS2,22800,hsa04218
MRAS,22808,hsa04218
FOXO1,2308,hsa04218
FOXO3,2309,hsa04218
SIRT1,23411,hsa04218
MTOR,2475,hsa04218
GATA4,2626,hsa04218
LIN9,286826,hsa04218
IGFBP3,3486,hsa04218
IL1A,3552,hsa04218
IL6,3569,hsa04218
CXCL8,3576,hsa04218
SMAD3,4088,hsa04218
MYBL2,4605,hsa04218
MYC,4609,hsa04218
ATM,472,hsa04218
NFATC1,4772,hsa04218
NFATC2,4773,hsa04218
NFATC3,4775,hsa04218
NFKB1,4790,hsa04218
SERPINE1,5054,hsa04218
PIK3CA,5290,hsa04218
PIK3R1,5295,hsa04218
PPP1CB,5500,hsa04218
PPP3CA,5530,hsa04218
MAPK3,5595,hsa04218
MAP2K1,5604,hsa04218
PTEN,5728,hsa04218
RB1,5925,hsa04218
RBL2,5934,hsa04218
CCND1,595,hsa04218
ZFP36L2,678,hsa04218
TGFB1,7040,hsa04218
TP53,7157,hsa04218
CACNA1D,776,hsa04218
SQSTM1,8878,hsa04218
CCND2,894,hsa04218
BTRC,8945,hsa04218
CCNE1,898,hsa04218
MCU,90550,hsa04218
CCNE2,9134,hsa04218
CDC25A,993,hsa04218
CACNG5,27091,hsa04260
MT-CYB,4519,hsa04260
MYL2,4633,hsa04260
ATP1A2,477,hsa04260
ATP1B2,482,hsa04260
FXYD2,486,hsa04260
ATP2A1,487,hsa04260
ATP2A2,488,hsa04260
ATP2A3,489,hsa04260
CACNA2D3,55799,hsa04260
RYR2,6262,hsa04260
SLC8A1,6546,hsa04260
CACNA1C,775,hsa04260
CACNA1D,776,hsa04260
CACNA1F,778,hsa04260
CACNA1S,779,hsa04260
CACNA2D1,781,hsa04260
AKT3,10000,hsa04261
RAPGEF3,10411,hsa04261
CREB3,10488,hsa04261
ADCY1,107,hsa04261
ADCY3,109,hsa04261
ADCY5,111,hsa04261
ADCY9,115,hsa04261
CREB1,1385,hsa04261
ADRA1D,146,hsa04261
ADRA1B,147,hsa04261
ADRA1A,148,hsa04261
ADRB1,153,hsa04261
ADRB2,154,hsa04261
AGT,183,hsa04261
AGTR1,185,hsa04261
AGTR2,186,hsa04261
AKT1,207,hsa04261
AKT2,208,hsa04261
CACNG5,27091,hsa04261
GNAI1,2770,hsa04261
GNAQ,2776,hsa04261
GNAS,2778,hsa04261
KCNQ1,3784,hsa04261
MYL2,4633,hsa04261
ATP1A2,477,hsa04261
ATP1B2,482,hsa04261
FXYD2,486,hsa04261
ATP2A1,487,hsa04261
ATP2A2,488,hsa04261
ATP2A3,489,hsa04261
ATP2B1,490,hsa04261
ATP2B3,492,hsa04261
PLCB3,5331,hsa04261
PPP1CB,5500,hsa04261
PPP2R2A,5520,hsa04261
PPP2R2C,5522,hsa04261
PPP2R3A,5523,hsa04261
PPP2R5A,5525,hsa04261
CACNA2D3,55799,hsa04261
PPP2R2D,55844,hsa04261
MAPK3,5595,hsa04261
BCL2,596,hsa04261
RYR2,6262,hsa04261
SCN5A,6331,hsa04261
SCN7A,6332,hsa04261
SLC8A1,6546,hsa04261
CACNA1C,775,hsa04261
CACNA1D,776,hsa04261
CACNA1F,778,hsa04261
CACNA1S,779,hsa04261
CACNA2D1,781,hsa04261
CAMK2B,816,hsa04261
CAMK2G,818,hsa04261
RPS6KA5,9252,hsa04261
PLA2G4B,100137049,hsa04270
CALCRL,10203,hsa04270
KCNMB2,10242,hsa04270
RAMP2,10266,hsa04270
RAMP1,10267,hsa04270
RAMP3,10268,hsa04270
ADCY1,107,hsa04270
ADCY3,109,hsa04270
ADCY5,111,hsa04270
ADCY9,115,hsa04270
ADORA2A,135,hsa04270
ADORA2B,136,hsa04270
ADRA1D,146,hsa04270
ADRA1B,147,hsa04270
ADRA1A,148,hsa04270
KCNU1,157855,hsa04270
AGT,183,hsa04270
AGTR1,185,hsa04270
EDNRA,1909,hsa04270
GNA12,2768,hsa04270
GNAQ,2776,hsa04270
GNAS,2778,hsa04270
GUCY1A2,2977,hsa04270
GUCY1A1,2982,hsa04270
GUCY1B1,2983,hsa04270
KCNMA1,3778,hsa04270
MYH9,4627,hsa04270
NPPA,4878,hsa04270
NPPB,4879,hsa04270
PLCB3,5331,hsa04270
PPP1CB,5500,hsa04270
AVP,551,hsa04270
PRKCB,5579,hsa04270
PRKCE,5581,hsa04270
PRKCH,5583,hsa04270
PRKG1,5592,hsa04270
MAPK3,5595,hsa04270
MAP2K1,5604,hsa04270
ROCK1,6093,hsa04270
PLA2G2F,64600,hsa04270
BRAF,673,hsa04270
CACNA1C,775,hsa04270
CACNA1D,776,hsa04270
CACNA1F,778,hsa04270
CACNA1S,779,hsa04270
PLA2G6,8398,hsa04270
PLA2G10,8399,hsa04270
FRAT1,10023,hsa04310
CREBBP,1387,hsa04310
PRICKLE1,144165,hsa04310
CTBP1,1487,hsa04310
CTBP2,1488,hsa04310
CTNNB1,1499,hsa04310
CTNND2,1501,hsa04310
PRICKLE2,166336,hsa04310
CELSR3,1951,hsa04310
CELSR2,1952,hsa04310
EP300,2033,hsa04310
FRAT2,23401,hsa04310
SIRT1,23411,hsa04310
DAAM2,23500,hsa04310
GSK3B,2932,hsa04310
JUN,3725,hsa04310
LRP5,4041,hsa04310
SMAD3,4088,hsa04310
MCC,4163,hsa04310
MMP7,4316,hsa04310
MYC,4609,hsa04310
NFATC1,4772,hsa04310
NFATC2,4773,hsa04310
NFATC3,4775,hsa04310
SOST,50964,hsa04310
PLCB3,5331,hsa04310
PPARD,5467,hsa04310
RNF43,54894,hsa04310
PPP3CA,5530,hsa04310
PRKCB,5579,hsa04310
MAPK8,5599,hsa04310
CCAR2,57805,hsa04310
CCND1,595,hsa04310
SFRP5,6425,hsa04310
TCF7L2,6934,hsa04310
TLE1,7088,hsa04310
TLE3,7090,hsa04310
TLE4,7091,hsa04310
TP53,7157,hsa04310
WNT5A,7474,hsa04310
WNT6,7475,hsa04310
WNT7B,7477,hsa04310
WNT8A,7478,hsa04310
WNT9B,7484,hsa04310
FZD5,7855,hsa04310
TBL1XR1,79718,hsa04310
CAMK2B,816,hsa04310
CAMK2G,818,hsa04310
FZD4,8322,hsa04310
TCF7L1,83439,hsa04310
ZNRF3,84133,hsa04310
RSPO3,84870,hsa04310
LGR5,8549,hsa04310
RUVBL1,8607,hsa04310
CCND2,894,hsa04310
BTRC,8945,hsa04310
CELSR1,9620,hsa04310
RBPJL,11317,hsa04330
DTX2,113878,hsa04330
CREBBP,1387,hsa04330
CTBP1,1487,hsa04330
CTBP2,1488,hsa04330
JAG1,182,hsa04330
EP300,2033,hsa04330
HEY2,23493,hsa04330
DLL1,28514,hsa04330
HDAC1,3065,hsa04330
HDAC2,3066,hsa04330
RBPJ,3516,hsa04330
NOTCH2,4853,hsa04330
MAML3,55534,hsa04330
TLE1,7088,hsa04330
TLE3,7090,hsa04330
TLE4,7091,hsa04330
ITCH,83737,hsa04330
MAML2,84441,hsa04330
NUMB,8650,hsa04330
KAT2B,8850,hsa04330
CIRSR,9541,hsa04330
NCOR2,9612,hsa04330
CSNK1G2,1455,hsa04340
GLI2,2736,hsa04340
GSK3B,2932,hsa04340
PTCH1,5727,hsa04340
CCND1,595,hsa04340
BCL2,596,hsa04340
HHIP,64399,hsa04340
SHH,6469,hsa04340
EFCAB7,84455,hsa04340
CCND2,894,hsa04340
BTRC,8945,hsa04340
BOC,91653,hsa04340
CDKN2B,1030,hsa04350
FST,10468,hsa04350
ACVR1C,130399,hsa04350
CREBBP,1387,hsa04350
GDF7,151449,hsa04350
DCN,1634,hsa04350
EP300,2033,hsa04350
SIN3A,25942,hsa04350
AMH,268,hsa04350
HDAC1,3065,hsa04350
HDAC2,3066,hsa04350
HFE,3077,hsa04350
ID2,3398,hsa04350
ID4,3400,hsa04350
IFNG,3458,hsa04350
BMP8A,353500,hsa04350
IGSF1,3547,hsa04350
INHBA,3624,hsa04350
INHBB,3625,hsa04350
NRROS,375387,hsa04350
GDF6,392255,hsa04350
SMAD3,4088,hsa04350
MYC,4609,hsa04350
NBL1,4681,hsa04350
MAPK3,5595,hsa04350
RGMA,56963,hsa04350
HAMP,57817,hsa04350
ROCK1,6093,hsa04350
RPS6KB1,6198,hsa04350
SKI,6497,hsa04350
BMP8B,656,hsa04350
BMPR1B,658,hsa04350
BMPR2,659,hsa04350
TFRC,7037,hsa04350
TGFB1,7040,hsa04350
THBS1,7057,hsa04350
TNF,7124,hsa04350
ACVR2A,92,hsa04350
ACVR2B,93,hsa04350
CDK5,1020,hsa04360
UNC5D,137970,hsa04360
GDF7,151449,hsa04360
DCC,1630,hsa04360
EFNA3,1944,hsa04360
EFNA5,1946,hsa04360
EFNB1,1947,hsa04360
EFNB3,1949,hsa04360
EPHA3,2042,hsa04360
SEMA3D,223117,hsa04360
NTNG1,22854,hsa04360
SRGAP2,23380,hsa04360
ABL1,25,hsa04360
RND1,27289,hsa04360
GNAI1,2770,hsa04360
GSK3B,2932,hsa04360
NCK1,4690,hsa04360
NFATC2,4773,hsa04360
NFATC3,4775,hsa04360
PIK3CA,5290,hsa04360
PIK3R1,5295,hsa04360
PLCG1,5335,hsa04360
PLCG2,5336,hsa04360
PLXNA2,5362,hsa04360
PPP3CA,5530,hsa04360
ENAH,55740,hsa04360
PRKCZ,5590,hsa04360
MAPK3,5595,hsa04360
RGMA,56963,hsa04360
PTCH1,5727,hsa04360
LRRC4C,57689,hsa04360
RASA1,5921,hsa04360
ROBO1,6091,hsa04360
ROBO2,6092,hsa04360
ROCK1,6093,hsa04360
SEMA3F,6405,hsa04360
LRRC4,64101,hsa04360
SHH,6469,hsa04360
BMPR1B,658,hsa04360
SLIT1,6585,hsa04360
BMPR2,659,hsa04360
TRPC1,7220,hsa04360
TRPC5,7224,hsa04360
WNT5A,7474,hsa04360
CXCR4,7852,hsa04360
SEMA6D,80031,hsa04360
CAMK2B,816,hsa04360
CAMK2G,818,hsa04360
NCK2,8440,hsa04360
UNC5C,8633,hsa04360
NRP1,8829,hsa04360
BOC,91653,hsa04360
SLIT2,9353,hsa04360
NTN1,9423,hsa04360
AKT3,10000,hsa04370
PLA2G4B,100137049,hsa04370
AKT1,207,hsa04370
AKT2,208,hsa04370
NFATC2,4773,hsa04370
NOS3,4846,hsa04370
PIK3CA,5290,hsa04370
PIK3R1,5295,hsa04370
PLCG1,5335,hsa04370
PLCG2,5336,hsa04370
PPP3CA,5530,hsa04370
PRKCB,5579,hsa04370
MAPK3,5595,hsa04370
MAP2K1,5604,hsa04370
PTGS2,5743,hsa04370
VEGFA,7422,hsa04370
CASP9,842,hsa04370
AKT3,10000,hsa04371
HDAC5,10014,hsa04371
ADCY1,107,hsa04371
PPARGC1A,10891,hsa04371
ADCY3,109,hsa04371
ADCY5,111,hsa04371
ADCY9,115,hsa04371
CCN2,1490,hsa04371
JAG1,182,hsa04371
AGTR1,185,hsa04371
EGR1,1958,hsa04371
AKT1,207,hsa04371
AKT2,208,hsa04371
RRAS2,22800,hsa04371
MRAS,22808,hsa04371
MTOR,2475,hsa04371
GNAI1,2770,hsa04371
GNAQ,2776,hsa04371
GNB1,2782,hsa04371
GNB3,2784,hsa04371
SMAD3,4088,hsa04371
MEF2C,4208,hsa04371
MEF2D,4209,hsa04371
MYL2,4633,hsa04371
NOS1,4842,hsa04371
NOS2,4843,hsa04371
NOS3,4846,hsa04371
NRF1,4899,hsa04371
SERPINE1,5054,hsa04371
PDE3B,5140,hsa04371
PIK3C3,5289,hsa04371
PLAT,5327,hsa04371
PLCB3,5331,hsa04371
PRKAG3,53632,hsa04371
PRKAA1,5562,hsa04371
PRKAA2,5563,hsa04371
PRKAB1,5564,hsa04371
PRKCE,5581,hsa04371
MAPK3,5595,hsa04371
MAP2K1,5604,hsa04371
CCND1,595,hsa04371
RPS6KB1,6198,hsa04371
RYR2,6262,hsa04371
SLC8A1,6546,hsa04371
SPP1,6696,hsa04371
UCP1,7350,hsa04371
CAMK4,814,hsa04371
APLN,8862,hsa04371
HDAC4,9759,hsa04371
CDH1,999,hsa04371
AKT3,10000,hsa04380
SIRPB1,10326,hsa04380
CHUK,1147,hsa04380
CREB1,1385,hsa04380
SIRPA,140885,hsa04380
CSF1,1435,hsa04380
AKT1,207,hsa04380
AKT2,208,hsa04380
FOS,2353,hsa04380
FOSB,2354,hsa04380
IFNAR1,3454,hsa04380
IFNG,3458,hsa04380
IFNGR1,3459,hsa04380
IKBKB,3551,hsa04380
IL1A,3552,hsa04380
IL1B,3553,hsa04380
IL1R1,3554,hsa04380
JUN,3725,hsa04380
MITF,4286,hsa04380
NFATC1,4772,hsa04380
NFATC2,4773,hsa04380
NFKB1,4790,hsa04380
NFKBIA,4792,hsa04380
ATP2A1,487,hsa04380
ATP2A2,488,hsa04380
ATP2A3,489,hsa04380
TNFRSF11B,4982,hsa04380
PIK3CA,5290,hsa04380
PIK3R1,5295,hsa04380
PLCG2,5336,hsa04380
TREM2,54209,hsa04380
PPARG,5468,hsa04380
PPP3CA,5530,hsa04380
MAPK3,5595,hsa04380
MAPK8,5599,hsa04380
MAP2K1,5604,hsa04380
MAP2K7,5609,hsa04380
NCF1,653361,hsa04380
TGFB1,7040,hsa04380
TNF,7124,hsa04380
TYK2,7297,hsa04380
TYROBP,7305,hsa04380
CALCR,799,hsa04380
CAMK4,814,hsa04380
TNFSF11,8600,hsa04380
TNFRSF11A,8792,hsa04380
SQSTM1,8878,hsa04380
SOCS3,9021,hsa04380
SLC27A4,10999,hsa04382
KAZN,23254,hsa04382
CASP14,23581,hsa04382
GBA1,2629,hsa04382
LCE3A,353142,hsa04382
LCE3E,353145,hsa04382
KRT18,3875,hsa04382
CLDN11,5010,hsa04382
PCSK6,5046,hsa04382
CLDN18,51208,hsa04382
PPL,5493,hsa04382
PPP2R2A,5520,hsa04382
PPP2R2C,5522,hsa04382
PPP2R3A,5523,hsa04382
PPP2R5A,5525,hsa04382
PPP2R2D,55844,hsa04382
GBA2,57704,hsa04382
S100A9,6280,hsa04382
LCE3D,84648,hsa04382
PATJ,10207,hsa04390
YAP1,10413,hsa04390
CCN2,1490,hsa04390
CTNNB1,1499,hsa04390
GDF7,151449,hsa04390
DLG2,1740,hsa04390
FGF1,2246,hsa04390
WWTR1,25937,hsa04390
AMH,268,hsa04390
GLI2,2736,hsa04390
CRB2,286204,hsa04390
CTNNA3,29119,hsa04390
GSK3B,2932,hsa04390
BIRC5,332,hsa04390
ID2,3398,hsa04390
BMP8A,353500,hsa04390
GDF6,392255,hsa04390
SMAD3,4088,hsa04390
MYC,4609,hsa04390
SERPINE1,5054,hsa04390
PPP1CB,5500,hsa04390
PPP2R2A,5520,hsa04390
PPP2R2C,5522,hsa04390
PPP2R2D,55844,hsa04390
PRKCZ,5590,hsa04390
CCND1,595,hsa04390
BMP8B,656,hsa04390
BMPR1B,658,hsa04390
BMPR2,659,hsa04390
SOX2,6657,hsa04390
TCF7L2,6934,hsa04390
TEAD3,7005,hsa04390
TGFB1,7040,hsa04390
WNT5A,7474,hsa04390
WNT6,7475,hsa04390
WNT7B,7477,hsa04390
WNT8A,7478,hsa04390
WNT9B,7484,hsa04390
YWHAZ,7534,hsa04390
FZD5,7855,hsa04390
FZD4,8322,hsa04390
TCF7L1,83439,hsa04390
CCND2,894,hsa04390
BTRC,8945,hsa04390
DLG5,9231,hsa04390
MOB1B,92597,hsa04390
CDH1,999,hsa04390
YAP1,10413,hsa04392
WWTR1,25937,hsa04392
TEAD3,7005,hsa04392
MOB1B,92597,hsa04392
AKT3,10000,hsa04510
CTNNB1,1499,hsa04510
EGFR,1956,hsa04510
AKT1,207,hsa04510
AKT2,208,hsa04510
ITGA11,22801,hsa04510
LAMA1,284217,hsa04510
GSK3B,2932,hsa04510
PARVB,29780,hsa04510
HGF,3082,hsa04510
IGF1,3479,hsa04510
IGF1R,3480,hsa04510
ITGA1,3672,hsa04510
ITGA3,3675,hsa04510
ITGB6,3694,hsa04510
JUN,3725,hsa04510
LAMA4,3910,hsa04510
LAMB1,3912,hsa04510
LAMC1,3915,hsa04510
MYL2,4633,hsa04510
PIK3CA,5290,hsa04510
PIK3R1,5295,hsa04510
PPP1CB,5500,hsa04510
PRKCB,5579,hsa04510
MAPK3,5595,hsa04510
MAPK8,5599,hsa04510
PDGFC,56034,hsa04510
MAP2K1,5604,hsa04510
RELN,5649,hsa04510
PTEN,5728,hsa04510
MYL7,58498,hsa04510
RASGRF1,5923,hsa04510
CCND1,595,hsa04510
BCL2,596,hsa04510
ROCK1,6093,hsa04510
SOS1,6654,hsa04510
SOS2,6655,hsa04510
SPP1,6696,hsa04510
BRAF,673,hsa04510
THBS1,7057,hsa04510
THBS2,7058,hsa04510
VAV2,7410,hsa04510
VCL,7414,hsa04510
VEGFA,7422,hsa04510
VEGFB,7423,hsa04510
ACTN1,87,hsa04510
CCND2,894,hsa04510
DAG1,1605,hsa04512
ITGA11,22801,hsa04512
LAMA1,284217,hsa04512
ITGA1,3672,hsa04512
ITGA3,3675,hsa04512
ITGB6,3694,hsa04512
LAMA4,3910,hsa04512
LAMB1,3912,hsa04512
LAMC1,3915,hsa04512
RELN,5649,hsa04512
SPP1,6696,hsa04512
THBS1,7057,hsa04512
THBS2,7058,hsa04512
CD36,948,hsa04512
CD47,961,hsa04512
SV2B,9899,hsa04512
SV2A,9900,hsa04512
CDH5,1003,hsa04514
CDH15,1013,hsa04514
CNTN1,1272,hsa04514
CTLA4,1493,hsa04514
TIGIT,201633,hsa04514
NTNG1,22854,hsa04514
NLGN1,22871,hsa04514
CADM1,23705,hsa04514
NEGR1,257194,hsa04514
ICOS,29851,hsa04514
ICAM1,3383,hsa04514
NCAM1,4684,hsa04514
CLDN11,5010,hsa04514
CLDN18,51208,hsa04514
PDCD1,5133,hsa04514
LRRC4C,57689,hsa04514
PTPRD,5789,hsa04514
PTPRM,5797,hsa04514
NECTIN1,5818,hsa04514
JAM2,58494,hsa04514
SELL,6402,hsa04514
LRRC4,64101,hsa04514
CNTN2,6900,hsa04514
ESAM,90952,hsa04514
CD4,920,hsa04514
CD8A,925,hsa04514
NRXN3,9369,hsa04514
NRXN1,9378,hsa04514
LRRC4B,94030,hsa04514
CD34,947,hsa04514
CD40,958,hsa04514
CD40LG,959,hsa04514
CDH1,999,hsa04514
AKT3,10000,hsa04517
ARPC1B,10095,hsa04517
TUBA1B,10376,hsa04517
TUBB3,10381,hsa04517
TUBB4A,10382,hsa04517
TUBB4B,10383,hsa04517
BAIAP2,10458,hsa04517
TUBA3E,112714,hsa04517
CNTN1,1272,hsa04517
UNC5D,137970,hsa04517
LRFN5,145581,hsa04517
CTNNB1,1499,hsa04517
DCC,1630,hsa04517
TIGIT,201633,hsa04517
TUBB,203068,hsa04517
AKT1,207,hsa04517
AKT2,208,hsa04517
FGFR1,2260,hsa04517
NLGN1,22871,hsa04517
RIMS1,22999,hsa04517
FOXO1,2308,hsa04517
SRGAP2,23380,hsa04517
CADM1,23705,hsa04517
ABL1,25,hsa04517
CADM2,253559,hsa04517
GSK3B,2932,hsa04517
ICAM1,3383,hsa04517
TUBB8,347688,hsa04517
TUBB2B,347733,hsa04517
APP,351,hsa04517
INPP5D,3635,hsa04517
ITGAX,3687,hsa04517
LYN,4067,hsa04517
MYH9,4627,hsa04517
NCAM1,4684,hsa04517
NCK1,4690,hsa04517
SPTBN5,51332,hsa04517
PIK3CA,5290,hsa04517
PIK3R1,5295,hsa04517
PLCG1,5335,hsa04517
PLCG2,5336,hsa04517
PLXNA2,5362,hsa04517
PRKCB,5579,hsa04517
MAPK3,5595,hsa04517
MAPK8,5599,hsa04517
MAP2K1,5604,hsa04517
LRRC4C,57689,hsa04517
PTPRD,5789,hsa04517
NECTIN1,5818,hsa04517
JAM2,58494,hsa04517
RASA1,5921,hsa04517
ROBO1,6091,hsa04517
ROBO2,6092,hsa04517
SCN8A,6334,hsa04517
SLIT1,6585,hsa04517
CNTN2,6900,hsa04517
TUBA4A,7277,hsa04517
TUBA3C,7278,hsa04517
TUBB2A,7280,hsa04517
VAV2,7410,hsa04517
VCL,7414,hsa04517
TUBA1A,7846,hsa04517
LRRTM4,80059,hsa04517
TUBB1,81027,hsa04517
NCK2,8440,hsa04517
TUBB6,84617,hsa04517
TUBA1C,84790,hsa04517
PPFIA2,8499,hsa04517
UNC5C,8633,hsa04517
ACTN1,87,hsa04517
NRP2,8828,hsa04517
NRP1,8829,hsa04517
ESAM,90952,hsa04517
MAGI1,9223,hsa04517
SLIT2,9353,hsa04517
LRRC4B,94030,hsa04517
NTN1,9423,hsa04517
MAGI2,9863,hsa04517
CDH1,999,hsa04517
AKT3,10000,hsa04518
CTNNB1,1499,hsa04518
EGFR,1956,hsa04518
AKT1,207,hsa04518
AKT2,208,hsa04518
ITGA11,22801,hsa04518
MTOR,2475,hsa04518
LAMA1,284217,hsa04518
GSK3B,2932,hsa04518
PARVB,29780,hsa04518
HGF,3082,hsa04518
ICAM1,3383,hsa04518
IGF1,3479,hsa04518
IGF1R,3480,hsa04518
ITGA1,3672,hsa04518
ITGA3,3675,hsa04518
ITGAX,3687,hsa04518
ITGB6,3694,hsa04518
LAMA4,3910,hsa04518
LAMB1,3912,hsa04518
LAMC1,3915,hsa04518
PIK3CA,5290,hsa04518
PIK3R1,5295,hsa04518
PDGFC,56034,hsa04518
RELN,5649,hsa04518
CCND1,595,hsa04518
SPP1,6696,hsa04518
TGFB1,7040,hsa04518
THBS1,7057,hsa04518
THBS2,7058,hsa04518
C3,718,hsa04518
VCL,7414,hsa04518
VEGFA,7422,hsa04518
VEGFB,7423,hsa04518
NCK2,8440,hsa04518
ACTN1,87,hsa04518
CCND2,894,hsa04518
CDH1,999,hsa04518
CDH5,1003,hsa04519
CDH6,1004,hsa04519
CDH7,1005,hsa04519
CDH8,1006,hsa04519
CDH9,1007,hsa04519
CDH10,1008,hsa04519
CDH11,1009,hsa04519
ARPC1B,10095,hsa04519
CDH13,1012,hsa04519
CDH15,1013,hsa04519
YAP1,10413,hsa04519
TMC6,11322,hsa04519
CHUK,1147,hsa04519
FAT3,120114,hsa04519
CREBBP,1387,hsa04519
PRICKLE1,144165,hsa04519
TMC8,147138,hsa04519
CTNNB1,1499,hsa04519
CTNND2,1501,hsa04519
PRICKLE2,166336,hsa04519
CELSR3,1951,hsa04519
CELSR2,1952,hsa04519
EGFR,1956,hsa04519
EP300,2033,hsa04519
FGFR1,2260,hsa04519
RRAS2,22800,hsa04519
MRAS,22808,hsa04519
DAAM2,23500,hsa04519
GABRA1,2554,hsa04519
GABRA2,2555,hsa04519
GABRA3,2556,hsa04519
GABRA4,2557,hsa04519
GABRA5,2558,hsa04519
GABRA6,2559,hsa04519
GABRB1,2560,hsa04519
GABRB2,2561,hsa04519
GABRB3,2562,hsa04519
GABRD,2563,hsa04519
GABRE,2564,hsa04519
GABRG1,2565,hsa04519
GABRG2,2566,hsa04519
GABRG3,2567,hsa04519
GABRP,2568,hsa04519
WWTR1,25937,hsa04519
PCDH17,27253,hsa04519
CDH20,28316,hsa04519
CTNNA3,29119,hsa04519
GSK3B,2932,hsa04519
IGF1R,3480,hsa04519
IKBKB,3551,hsa04519
LHFPL3,375612,hsa04519
KRT18,3875,hsa04519
LRP5,4041,hsa04519
MYO1F,4542,hsa04519
MYO1E,4643,hsa04519
RERE,473,hsa04519
NFKB1,4790,hsa04519
NFKBIA,4792,hsa04519
PCDH9,5101,hsa04519
PPP1CB,5500,hsa04519
ENAH,55740,hsa04519
GABRQ,55879,hsa04519
ERBIN,55914,hsa04519
MAPK3,5595,hsa04519
MAPK8,5599,hsa04519
MAP2K1,5604,hsa04519
PCDH10,57575,hsa04519
ROCK1,6093,hsa04519
SCN5A,6331,hsa04519
CDH22,64405,hsa04519
PCDH15,65217,hsa04519
TCF7L2,6934,hsa04519
TEAD3,7005,hsa04519
VAV2,7410,hsa04519
VCL,7414,hsa04519
WNT5A,7474,hsa04519
WNT6,7475,hsa04519
WNT7B,7477,hsa04519
WNT8A,7478,hsa04519
WNT9B,7484,hsa04519
YWHAZ,7534,hsa04519
FZD5,7855,hsa04519
SHOC2,8036,hsa04519
FZD4,8322,hsa04519
TCF7L1,83439,hsa04519
ACTN1,87,hsa04519
MOB1B,92597,hsa04519
CELSR1,9620,hsa04519
CDH1,999,hsa04519
CDH5,1003,hsa04520
BAIAP2,10458,hsa04520
CREBBP,1387,hsa04520
CTNNB1,1499,hsa04520
EGFR,1956,hsa04520
EP300,2033,hsa04520
FGFR1,2260,hsa04520
CTNNA3,29119,hsa04520
IGF1R,3480,hsa04520
INSR,3643,hsa04520
SMAD3,4088,hsa04520
MYL2,4633,hsa04520
MAPK3,5595,hsa04520
HEG1,57493,hsa04520
PTPN1,5770,hsa04520
PTPRJ,5795,hsa04520
PTPRM,5797,hsa04520
NECTIN1,5818,hsa04520
MYL7,58498,hsa04520
ROCK1,6093,hsa04520
SNAI1,6615,hsa04520
TCF7L2,6934,hsa04520
VCL,7414,hsa04520
TCF7L1,83439,hsa04520
CCM2,83605,hsa04520
ACTN1,87,hsa04520
CDH1,999,hsa04520
ARPC1B,10095,hsa04530
PATJ,10207,hsa04530
TUBA1B,10376,hsa04530
CFTR,1080,hsa04530
TUBA3E,112714,hsa04530
DLG2,1740,hsa04530
GATA4,2626,hsa04530
HSPA4,3308,hsa04530
JUN,3725,hsa04530
MAP3K1,4214,hsa04530
MAP3K5,4217,hsa04530
MYH9,4627,hsa04530
MYL2,4633,hsa04530
CLDN11,5010,hsa04530
CLDN18,51208,hsa04530
PRKAG3,53632,hsa04530
EPB41L4B,54566,hsa04530
PPP2R2A,5520,hsa04530
PPP2R2C,5522,hsa04530
PRKAA1,5562,hsa04530
PRKAA2,5563,hsa04530
PRKAB1,5564,hsa04530
PRKCE,5581,hsa04530
PPP2R2D,55844,hsa04530
PRKCZ,5590,hsa04530
MAPK8,5599,hsa04530
MAP2K7,5609,hsa04530
JAM2,58494,hsa04530
CCND1,595,hsa04530
ROCK1,6093,hsa04530
STK11,6794,hsa04530
TUBA4A,7277,hsa04530
TUBA3C,7278,hsa04530
CACNA1D,776,hsa04530
TUBA1A,7846,hsa04530
TUBA1C,84790,hsa04530
CGNL1,84952,hsa04530
RUNX1,861,hsa04530
ACTN1,87,hsa04530
MARVELD3,91862,hsa04530
MAGI1,9223,hsa04530
CRB3,92359,hsa04530
TUBA1B,10376,hsa04540
TUBB3,10381,hsa04540
TUBB4A,10382,hsa04540
TUBB4B,10383,hsa04540
ADCY1,107,hsa04540
ADCY3,109,hsa04540
ADCY5,111,hsa04540
TUBA3E,112714,hsa04540
ADCY9,115,hsa04540
ADRB1,153,hsa04540
DRD2,1813,hsa04540
EGFR,1956,hsa04540
TUBB,203068,hsa04540
GNAI1,2770,hsa04540
GNAQ,2776,hsa04540
GNAS,2778,hsa04540
GRM5,2915,hsa04540
GUCY1A2,2977,hsa04540
GUCY1A1,2982,hsa04540
GUCY1B1,2983,hsa04540
HTR2A,3356,hsa04540
HTR2B,3357,hsa04540
HTR2C,3358,hsa04540
TUBB8,347688,hsa04540
TUBB2B,347733,hsa04540
PLCB3,5331,hsa04540
PRKCB,5579,hsa04540
PRKG1,5592,hsa04540
MAPK3,5595,hsa04540
PDGFC,56034,hsa04540
MAP2K1,5604,hsa04540
MAP2K5,5607,hsa04540
SOS1,6654,hsa04540
SOS2,6655,hsa04540
TUBA4A,7277,hsa04540
TUBA3C,7278,hsa04540
TUBB2A,7280,hsa04540
TUBA1A,7846,hsa04540
TUBB1,81027,hsa04540
TUBB6,84617,hsa04540
TUBA1C,84790,hsa04540
AKT3,10000,hsa04550
PCGF3,10336,hsa04550
ACVR1C,130399,hsa04550
CTNNB1,1499,hsa04550
DUSP9,1852,hsa04550
AKT1,207,hsa04550
AKT2,208,hsa04550
FGF2,2247,hsa04550
FGFR1,2260,hsa04550
FGFR3,2261,hsa04550
FGFR2,2263,hsa04550
FGFR4,2264,hsa04550
GSK3B,2932,hsa04550
ONECUT1,3175,hsa04550
ID2,3398,hsa04550
ID4,3400,hsa04550
IGF1,3479,hsa04550
IGF1R,3480,hsa04550
INHBA,3624,hsa04550
INHBB,3625,hsa04550
ISL1,3670,hsa04550
JARID2,3720,hsa04550
SMAD3,4088,hsa04550
MEIS1,4211,hsa04550
MYC,4609,hsa04550
MYF5,4617,hsa04550
ZFHX3,463,hsa04550
PIK3CA,5290,hsa04550
PIK3R1,5295,hsa04550
POU5F1B,5462,hsa04550
MAPK3,5595,hsa04550
MAP2K1,5604,hsa04550
SMARCAD1,56916,hsa04550
LHX5,64211,hsa04550
BMPR1B,658,hsa04550
BMPR2,659,hsa04550
SOX2,6657,hsa04550
STAT3,6774,hsa04550
TCF3,6929,hsa04550
WNT5A,7474,hsa04550
WNT6,7475,hsa04550
WNT7B,7477,hsa04550
WNT8A,7478,hsa04550
WNT9B,7484,hsa04550
FZD5,7855,hsa04550
FZD4,8322,hsa04550
ACVR2A,92,hsa04550
ACVR2B,93,hsa04550
MASP2,10747,hsa04610
CPB2,1361,hsa04610
CFD,1675,hsa04610
F5,2153,hsa04610
F10,2159,hsa04610
ITGAX,3687,hsa04610
MBL2,4153,hsa04610
SERPINE1,5054,hsa04610
SERPINB2,5055,hsa04610
PLAT,5327,hsa04610
PLG,5340,hsa04610
PROS1,5627,hsa04610
TFPI,7035,hsa04610
SERPING1,710,hsa04610
C3,718,hsa04610
AKT3,10000,hsa04611
PLA2G4B,100137049,hsa04611
RASGRP1,10125,hsa04611
ADCY1,107,hsa04611
ADCY3,109,hsa04611
ADCY5,111,hsa04611
ADCY9,115,hsa04611
AKT1,207,hsa04611
AKT2,208,hsa04611
GNAI1,2770,hsa04611
GNAQ,2776,hsa04611
GNAS,2778,hsa04611
GUCY1A2,2977,hsa04611
GUCY1A1,2982,hsa04611
GUCY1B1,2983,hsa04611
LYN,4067,hsa04611
NOS3,4846,hsa04611
P2RY1,5028,hsa04611
PIK3CA,5290,hsa04611
PIK3R1,5295,hsa04611
PLCB3,5331,hsa04611
PLCG2,5336,hsa04611
PPP1CB,5500,hsa04611
PRKCZ,5590,hsa04611
PRKG1,5592,hsa04611
MAPK3,5595,hsa04611
PTGS1,5742,hsa04611
ROCK1,6093,hsa04611
P2RY12,64805,hsa04611
IFI30,10437,hsa04612
CREB1,1385,hsa04612
CTSB,1508,hsa04612
PDIA3,2923,hsa04612
HSPA4,3308,hsa04612
HSPA5,3309,hsa04612
IFNG,3458,hsa04612
TNF,7124,hsa04612
CALR,811,hsa04612
CD4,920,hsa04612
CD8A,925,hsa04612
AKT3,10000,hsa04613
HDAC6,10013,hsa04613
HDAC5,10014,hsa04613
PPIF,10105,hsa04613
ATG7,10533,hsa04613
CLCN3,1182,hsa04613
CYBB,1536,hsa04613
AGER,177,hsa04613
AKT1,207,hsa04613
AKT2,208,hsa04613
MTOR,2475,hsa04613
HDAC1,3065,hsa04613
HDAC2,3066,hsa04613
HMGB1,3146,hsa04613
MPO,4353,hsa04613
NFKB1,4790,hsa04613
HDAC7,51564,hsa04613
PIK3CA,5290,hsa04613
PIK3R1,5295,hsa04613
PLCB3,5331,hsa04613
PLCG1,5335,hsa04613
PLCG2,5336,hsa04613
PRKCB,5579,hsa04613
HDAC8,55869,hsa04613
MAPK3,5595,hsa04613
MAP2K1,5604,hsa04613
NCF1,653361,hsa04613
TLR2,7097,hsa04613
TLR4,7099,hsa04613
C3,718,hsa04613
HDAC11,79885,hsa04613
CASP1,834,hsa04613
CASP4,837,hsa04613
HDAC10,83933,hsa04613
HDAC3,8841,hsa04613
HDAC9,9734,hsa04613
HDAC4,9759,hsa04613
MRGPRD,116512,hsa04614
ACE,1636,hsa04614
AGT,183,hsa04614
AGTR1,185,hsa04614
AGTR2,186,hsa04614
MME,4311,hsa04614
ACE2,59272,hsa04614
REN,5972,hsa04614
AKT3,10000,hsa04620
CHUK,1147,hsa04620
MAP3K8,1326,hsa04620
AKT1,207,hsa04620
AKT2,208,hsa04620
FOS,2353,hsa04620
IFNAR1,3454,hsa04620
IKBKB,3551,hsa04620
IL1B,3553,hsa04620
IL6,3569,hsa04620
CXCL8,3576,hsa04620
IL12B,3593,hsa04620
IRF3,3661,hsa04620
IRF7,3665,hsa04620
JUN,3725,hsa04620
LBP,3929,hsa04620
NFKB1,4790,hsa04620
NFKBIA,4792,hsa04620
PIK3CA,5290,hsa04620
PIK3R1,5295,hsa04620
TLR9,54106,hsa04620
MAPK3,5595,hsa04620
MAPK8,5599,hsa04620
MAP2K1,5604,hsa04620
MAP2K7,5609,hsa04620
CCL5,6352,hsa04620
SPP1,6696,hsa04620
TLR2,7097,hsa04620
TLR4,7099,hsa04620
TNF,7124,hsa04620
TRAF3,7187,hsa04620
TYK2,7297,hsa04620
CASP8,841,hsa04620
CD14,929,hsa04620
CD40,958,hsa04620
IKBKE,9641,hsa04620
TANK,10010,hsa04621
CASP12,100506742,hsa04621
DNM1L,10059,hsa04621
NAMPT,10135,hsa04621
TXNIP,10628,hsa04621
RIPK3,11035,hsa04621
NLRP3,114548,hsa04621
CHUK,1147,hsa04621
CTSB,1508,hsa04621
CYBB,1536,hsa04621
CXCL1,2919,hsa04621
STING1,340061,hsa04621
IFNAR1,3454,hsa04621
IKBKB,3551,hsa04621
IL1B,3553,hsa04621
IL6,3569,hsa04621
CXCL8,3576,hsa04621
IL18,3606,hsa04621
IRF3,3661,hsa04621
IRF7,3665,hsa04621
JUN,3725,hsa04621
NFKB1,4790,hsa04621
NFKBIA,4792,hsa04621
OAS3,4940,hsa04621
PLCB3,5331,hsa04621
ATG16L1,55054,hsa04621
ERBIN,55914,hsa04621
MAPK3,5595,hsa04621
MAPK8,5599,hsa04621
BCL2,596,hsa04621
RNASEL,6041,hsa04621
CCL2,6347,hsa04621
CCL5,6352,hsa04621
NOD2,64127,hsa04621
TLR4,7099,hsa04621
TNF,7124,hsa04621
TNFAIP3,7128,hsa04621
TRAF3,7187,hsa04621
TYK2,7297,hsa04621
CASP1,834,hsa04621
CASP4,837,hsa04621
CASP5,838,hsa04621
CASP8,841,hsa04621
CASR,846,hsa04621
PSTPIP1,9051,hsa04621
MCU,90550,hsa04621
NLRP12,91662,hsa04621
IKBKE,9641,hsa04621
TANK,10010,hsa04622
CHUK,1147,hsa04622
RIGI,23586,hsa04622
STING1,340061,hsa04622
IKBKB,3551,hsa04622
CXCL8,3576,hsa04622
IL12B,3593,hsa04622
IRF3,3661,hsa04622
IRF7,3665,hsa04622
MAP3K1,4214,hsa04622
NFKB1,4790,hsa04622
NFKBIA,4792,hsa04622
PIN1,5300,hsa04622
MAPK8,5599,hsa04622
IFIH1,64135,hsa04622
AZI2,64343,hsa04622
TNF,7124,hsa04622
TRAF3,7187,hsa04622
CASP8,841,hsa04622
CASP10,843,hsa04622
IKBKE,9641,hsa04622
RIPK3,11035,hsa04623
NLRP3,114548,hsa04623
CHUK,1147,hsa04623
DNASE2,1777,hsa04623
MLKL,197259,hsa04623
RIGI,23586,hsa04623
STING1,340061,hsa04623
IKBKB,3551,hsa04623
IL1B,3553,hsa04623
IL6,3569,hsa04623
IL18,3606,hsa04623
IRF3,3661,hsa04623
IRF7,3665,hsa04623
NFKB1,4790,hsa04623
NFKBIA,4792,hsa04623
CCL5,6352,hsa04623
CASP1,834,hsa04623
CASP3,836,hsa04623
CASP7,840,hsa04623
CASP8,841,hsa04623
IL33,90865,hsa04623
IKBKE,9641,hsa04623
AKT3,10000,hsa04625
NLRP3,114548,hsa04625
CHUK,1147,hsa04625
EGR2,1959,hsa04625
AKT1,207,hsa04625
AKT2,208,hsa04625
RRAS2,22800,hsa04625
MRAS,22808,hsa04625
IKBKB,3551,hsa04625
IL1B,3553,hsa04625
IL6,3569,hsa04625
IL10,3586,hsa04625
IL12B,3593,hsa04625
IRF1,3659,hsa04625
JUN,3725,hsa04625
NFATC1,4772,hsa04625
NFATC2,4773,hsa04625
NFATC3,4775,hsa04625
NFKB1,4790,hsa04625
NFKBIA,4792,hsa04625
IL23A,51561,hsa04625
PIK3CA,5290,hsa04625
PIK3R1,5295,hsa04625
PLCG2,5336,hsa04625
PPP3CA,5530,hsa04625
MAPK3,5595,hsa04625
MAPK8,5599,hsa04625
PTGS2,5743,hsa04625
TNF,7124,hsa04625
CASP1,834,hsa04625
CASP8,841,hsa04625
IKBKE,9641,hsa04625
AKT3,10000,hsa04630
CDKN1A,1026,hsa04630
CNTF,1270,hsa04630
CREBBP,1387,hsa04630
CSF3R,1441,hsa04630
IL23R,149233,hsa04630
IFNLR1,163702,hsa04630
EGFR,1956,hsa04630
EP300,2033,hsa04630
EPO,2056,hsa04630
AKT1,207,hsa04630
AKT2,208,hsa04630
IL27,246778,hsa04630
MTOR,2475,hsa04630
GH1,2688,hsa04630
GHR,2690,hsa04630
IL19,29949,hsa04630
IFNAR1,3454,hsa04630
IFNG,3458,hsa04630
IFNGR1,3459,hsa04630
IL2RA,3559,hsa04630
IL6,3569,hsa04630
IL6R,3570,hsa04630
IL9,3578,hsa04630
IL10,3586,hsa04630
IL10RB,3588,hsa04630
IL12B,3593,hsa04630
IL13,3596,hsa04630
IL13RA1,3597,hsa04630
LEP,3952,hsa04630
LEPR,3953,hsa04630
MYC,4609,hsa04630
IL22,50616,hsa04630
IL23A,51561,hsa04630
PIAS4,51588,hsa04630
PIK3CA,5290,hsa04630
PIK3R1,5295,hsa04630
IL20RA,53832,hsa04630
IL20RB,53833,hsa04630
PRL,5617,hsa04630
PTPN2,5771,hsa04630
CCND1,595,hsa04630
BCL2,596,hsa04630
SOS1,6654,hsa04630
SOS2,6655,hsa04630
STAT3,6774,hsa04630
TYK2,7297,hsa04630
PIAS1,8554,hsa04630
SOCS2,8835,hsa04630
CCND2,894,hsa04630
SOCS3,9021,hsa04630
SOCS5,9655,hsa04630
CD24,100133941,hsa04640
CSF1,1435,hsa04640
CSF3R,1441,hsa04640
EPO,2056,hsa04640
FLT3,2322,hsa04640
GYPA,2993,hsa04640
IL1A,3552,hsa04640
IL1B,3553,hsa04640
IL1R1,3554,hsa04640
IL2RA,3559,hsa04640
IL6,3569,hsa04640
IL6R,3570,hsa04640
ITGA1,3672,hsa04640
ITGA3,3675,hsa04640
KIT,3815,hsa04640
MME,4311,hsa04640
TFRC,7037,hsa04640
TNF,7124,hsa04640
CD4,920,hsa04640
CD8A,925,hsa04640
CD14,929,hsa04640
CD34,947,hsa04640
CD36,948,hsa04640
ICAM1,3383,hsa04650
IFNAR1,3454,hsa04650
IFNG,3458,hsa04650
IFNGR1,3459,hsa04650
FAS,355,hsa04650
NFATC1,4772,hsa04650
NFATC2,4773,hsa04650
PIK3CA,5290,hsa04650
PIK3R1,5295,hsa04650
PLCG1,5335,hsa04650
PLCG2,5336,hsa04650
PPP3CA,5530,hsa04650
PRKCB,5579,hsa04650
MAPK3,5595,hsa04650
MAP2K1,5604,hsa04650
SOS1,6654,hsa04650
SOS2,6655,hsa04650
BRAF,673,hsa04650
TNF,7124,hsa04650
TYROBP,7305,hsa04650
VAV2,7410,hsa04650
CASP3,836,hsa04650
CEBPB,1051,hsa04657
TRAF3IP2,10758,hsa04657
CHUK,1147,hsa04657
FOS,2353,hsa04657
FOSB,2354,hsa04657
CXCL1,2919,hsa04657
GSK3B,2932,hsa04657
IFNG,3458,hsa04657
IKBKB,3551,hsa04657
IL1B,3553,hsa04657
IL6,3569,hsa04657
CXCL8,3576,hsa04657
IL13,3596,hsa04657
IL17A,3605,hsa04657
JUN,3725,hsa04657
LCN2,3934,hsa04657
MMP1,4312,hsa04657
MMP9,4318,hsa04657
MMP13,4322,hsa04657
NFKB1,4790,hsa04657
NFKBIA,4792,hsa04657
IL17RB,55540,hsa04657
MAPK3,5595,hsa04657
MAPK4,5596,hsa04657
MAPK8,5599,hsa04657
PTGS2,5743,hsa04657
S100A9,6280,hsa04657
CCL2,6347,hsa04657
TNF,7124,hsa04657
TNFAIP3,7128,hsa04657
TRAF3,7187,hsa04657
CASP3,836,hsa04657
CASP8,841,hsa04657
IKBKE,9641,hsa04657
RBPJL,11317,hsa04658
CHUK,1147,hsa04658
JAG1,182,hsa04658
FOS,2353,hsa04658
DLL1,28514,hsa04658
TBX21,30009,hsa04658
IFNG,3458,hsa04658
IFNGR1,3459,hsa04658
RBPJ,3516,hsa04658
IKBKB,3551,hsa04658
IL2RA,3559,hsa04658
IL12B,3593,hsa04658
IL13,3596,hsa04658
JUN,3725,hsa04658
MAF,4094,hsa04658
NFATC1,4772,hsa04658
NFATC2,4773,hsa04658
NFATC3,4775,hsa04658
NFKB1,4790,hsa04658
NFKBIA,4792,hsa04658
NOTCH2,4853,hsa04658
PLCG1,5335,hsa04658
PPP3CA,5530,hsa04658
MAML3,55534,hsa04658
MAPK3,5595,hsa04658
MAPK8,5599,hsa04658
TYK2,7297,hsa04658
MAML2,84441,hsa04658
RUNX3,864,hsa04658
CD4,920,hsa04658
CHUK,1147,hsa04659
IL23R,149233,hsa04659
AHR,196,hsa04659
FOS,2353,hsa04659
IL27,246778,hsa04659
MTOR,2475,hsa04659
TBX21,30009,hsa04659
HIF1A,3091,hsa04659
IFNG,3458,hsa04659
IFNGR1,3459,hsa04659
IKBKB,3551,hsa04659
IL1B,3553,hsa04659
IL1R1,3554,hsa04659
IL2RA,3559,hsa04659
IL6,3569,hsa04659
IL6R,3570,hsa04659
IL17A,3605,hsa04659
JUN,3725,hsa04659
SMAD3,4088,hsa04659
NFATC1,4772,hsa04659
NFATC2,4773,hsa04659
NFATC3,4775,hsa04659
NFKB1,4790,hsa04659
NFKBIA,4792,hsa04659
IL22,50616,hsa04659
IL23A,51561,hsa04659
PLCG1,5335,hsa04659
PPP3CA,5530,hsa04659
MAPK3,5595,hsa04659
MAPK8,5599,hsa04659
RORA,6095,hsa04659
RXRA,6256,hsa04659
STAT3,6774,hsa04659
TGFB1,7040,hsa04659
TYK2,7297,hsa04659
RUNX1,861,hsa04659
CD4,920,hsa04659
AKT3,10000,hsa04660
RASGRP1,10125,hsa04660
CHUK,1147,hsa04660
MAP3K8,1326,hsa04660
CTLA4,1493,hsa04660
AKT1,207,hsa04660
AKT2,208,hsa04660
FOS,2353,hsa04660
GSK3B,2932,hsa04660
ICOS,29851,hsa04660
IFNG,3458,hsa04660
IKBKB,3551,hsa04660
IL10,3586,hsa04660
JUN,3725,hsa04660
NCK1,4690,hsa04660
NFATC1,4772,hsa04660
NFATC2,4773,hsa04660
NFATC3,4775,hsa04660
NFKB1,4790,hsa04660
NFKBIA,4792,hsa04660
PDCD1,5133,hsa04660
PIK3CA,5290,hsa04660
PIK3R1,5295,hsa04660
PLCG1,5335,hsa04660
PPP2R2A,5520,hsa04660
PPP2R2C,5522,hsa04660
PPP2R3A,5523,hsa04660
PPP2R5A,5525,hsa04660
PPP3CA,5530,hsa04660
PPP2R2D,55844,hsa04660
MAPK3,5595,hsa04660
MAPK8,5599,hsa04660
MAP2K1,5604,hsa04660
MAP2K7,5609,hsa04660
SOS1,6654,hsa04660
SOS2,6655,hsa04660
TNF,7124,hsa04660
VAV2,7410,hsa04660
NCK2,8440,hsa04660
CARD11,84433,hsa04660
CD4,920,hsa04660
CD8A,925,hsa04660
CD40LG,959,hsa04660
AKT3,10000,hsa04662
CHUK,1147,hsa04662
AKT1,207,hsa04662
AKT2,208,hsa04662
FOS,2353,hsa04662
GSK3B,2932,hsa04662
IKBKB,3551,hsa04662
INPP5D,3635,hsa04662
JUN,3725,hsa04662
LYN,4067,hsa04662
NFATC1,4772,hsa04662
NFATC2,4773,hsa04662
NFATC3,4775,hsa04662
NFKB1,4790,hsa04662
NFKBIA,4792,hsa04662
PIK3CA,5290,hsa04662
PIK3R1,5295,hsa04662
PLCG2,5336,hsa04662
BANK1,55024,hsa04662
PPP3CA,5530,hsa04662
PRKCB,5579,hsa04662
MAPK3,5595,hsa04662
MAP2K1,5604,hsa04662
BLK,640,hsa04662
SOS1,6654,hsa04662
SOS2,6655,hsa04662
VAV2,7410,hsa04662
CARD11,84433,hsa04662
CD79A,973,hsa04662
AKT3,10000,hsa04664
PLA2G4B,100137049,hsa04664
AKT1,207,hsa04664
AKT2,208,hsa04664
IL13,3596,hsa04664
INPP5D,3635,hsa04664
LYN,4067,hsa04664
PIK3CA,5290,hsa04664
PIK3R1,5295,hsa04664
PLCG1,5335,hsa04664
PLCG2,5336,hsa04664
MAPK3,5595,hsa04664
MAPK8,5599,hsa04664
MAP2K1,5604,hsa04664
MAP2K7,5609,hsa04664
SOS1,6654,hsa04664
SOS2,6655,hsa04664
TNF,7124,hsa04664
VAV2,7410,hsa04664
AKT3,10000,hsa04666
PLA2G4B,100137049,hsa04666
ARPC1B,10095,hsa04666
AKT1,207,hsa04666
AKT2,208,hsa04666
INPP5D,3635,hsa04666
LYN,4067,hsa04666
MARCKS,4082,hsa04666
PIK3CA,5290,hsa04666
PIK3R1,5295,hsa04666
PLCG1,5335,hsa04666
PLCG2,5336,hsa04666
PRKCB,5579,hsa04666
PRKCE,5581,hsa04666
MAPK3,5595,hsa04666
MAP2K1,5604,hsa04666
RPS6KB1,6198,hsa04666
NCF1,653361,hsa04666
VAV2,7410,hsa04666
PLA2G6,8398,hsa04666
AKT3,10000,hsa04668
DNM1L,10059,hsa04668
CREB3,10488,hsa04668
CEBPB,1051,hsa04668
RIPK3,11035,hsa04668
CHUK,1147,hsa04668
MAP3K8,1326,hsa04668
CREB1,1385,hsa04668
CSF1,1435,hsa04668
JAG1,182,hsa04668
MLKL,197259,hsa04668
AKT1,207,hsa04668
AKT2,208,hsa04668
FOS,2353,hsa04668
CXCL1,2919,hsa04668
ICAM1,3383,hsa04668
FAS,355,hsa04668
IKBKB,3551,hsa04668
IL1B,3553,hsa04668
IL6,3569,hsa04668
IRF1,3659,hsa04668
JUN,3725,hsa04668
MAP3K5,4217,hsa04668
MMP9,4318,hsa04668
MMP14,4323,hsa04668
NFKB1,4790,hsa04668
NFKBIA,4792,hsa04668
PIK3CA,5290,hsa04668
PIK3R1,5295,hsa04668
MAPK3,5595,hsa04668
MAPK8,5599,hsa04668
MAP2K1,5604,hsa04668
MAP2K7,5609,hsa04668
PTGS2,5743,hsa04668
CCL2,6347,hsa04668
CCL5,6352,hsa04668
NOD2,64127,hsa04668
TNF,7124,hsa04668
TNFAIP3,7128,hsa04668
TRAF3,7187,hsa04668
RHBDF2,79651,hsa04668
CASP3,836,hsa04668
ITCH,83737,hsa04668
CASP7,840,hsa04668
CASP8,841,hsa04668
CASP10,843,hsa04668
IL18R1,8809,hsa04668
SOCS3,9021,hsa04668
RPS6KA5,9252,hsa04668
CDH5,1003,hsa04670
RAPGEF3,10411,hsa04670
CTNNB1,1499,hsa04670
CYBB,1536,hsa04670
GNAI1,2770,hsa04670
CTNNA3,29119,hsa04670
ICAM1,3383,hsa04670
MMP2,4313,hsa04670
MMP9,4318,hsa04670
MYL2,4633,hsa04670
CLDN11,5010,hsa04670
CLDN18,51208,hsa04670
PIK3CA,5290,hsa04670
PIK3R1,5295,hsa04670
PLCG1,5335,hsa04670
PLCG2,5336,hsa04670
PRKCB,5579,hsa04670
JAM2,58494,hsa04670
MYL7,58498,hsa04670
ROCK1,6093,hsa04670
SIPA1,6494,hsa04670
NCF1,653361,hsa04670
THY1,7070,hsa04670
VAV2,7410,hsa04670
VCL,7414,hsa04670
CXCR4,7852,hsa04670
ACTN1,87,hsa04670
ESAM,90952,hsa04670
ICOS,29851,hsa04672
IL6,3569,hsa04672
IL10,3586,hsa04672
TGFB1,7040,hsa04672
CXCR4,7852,hsa04672
CD40,958,hsa04672
CD40LG,959,hsa04672
CREB1,1385,hsa04710
CRY2,1408,hsa04710
BMAL1,406,hsa04710
NFIL3,4783,hsa04710
PRKAG3,53632,hsa04710
PRKAA1,5562,hsa04710
PRKAA2,5563,hsa04710
PRKAB1,5564,hsa04710
RORA,6095,hsa04710
BHLHE41,79365,hsa04710
BTRC,8945,hsa04710
NR1D1,9572,hsa04710
CLOCK,9575,hsa04710
ADCY1,107,hsa04713
ADCY3,109,hsa04713
ADCY5,111,hsa04713
ADCY9,115,hsa04713
ADCYAP1,116,hsa04713
CREB1,1385,hsa04713
FOS,2353,hsa04713
GNAI1,2770,hsa04713
GNAQ,2776,hsa04713
GNAS,2778,hsa04713
GNB1,2782,hsa04713
GNB3,2784,hsa04713
GRIA1,2890,hsa04713
GRIA2,2891,hsa04713
GRIA3,2892,hsa04713
GRIA4,2893,hsa04713
GRIN1,2902,hsa04713
GRIN2A,2903,hsa04713
GRIN2B,2904,hsa04713
GRIN2C,2905,hsa04713
GRIN2D,2906,hsa04713
GUCY1A2,2977,hsa04713
GUCY1A1,2982,hsa04713
GUCY1B1,2983,hsa04713
KCNJ3,3760,hsa04713
MTNR1A,4543,hsa04713
MTNR1B,4544,hsa04713
NOS1,4842,hsa04713
PLCB3,5331,hsa04713
PRKCB,5579,hsa04713
PRKG1,5592,hsa04713
MAPK3,5595,hsa04713
RYR2,6262,hsa04713
CACNA1C,775,hsa04713
CACNA1D,776,hsa04713
CAMK2B,816,hsa04713
CAMK2G,818,hsa04713
CACNA1H,8912,hsa04713
RPS6KA5,9252,hsa04713
CREB3,10488,hsa04714
ADCY1,107,hsa04714
PPARGC1A,10891,hsa04714
ADCY3,109,hsa04714
ADCY5,111,hsa04714
ADCY9,115,hsa04714
NDUFA11,126328,hsa04714
CNR1,1268,hsa04714
CPT1A,1374,hsa04714
NDUFAF6,137682,hsa04714
CREB1,1385,hsa04714
KLB,152831,hsa04714
ADRB3,155,hsa04714
ACSL1,2180,hsa04714
FGFR1,2260,hsa04714
KDM1A,23028,hsa04714
MTOR,2475,hsa04714
NDUFAF3,25915,hsa04714
FGF21,26291,hsa04714
GCG,2641,hsa04714
GNAS,2778,hsa04714
NDUFAF8,284184,hsa04714
NDUFAF4,29078,hsa04714
BMP8A,353500,hsa04714
NDUFS7,374291,hsa04714
MAP3K5,4217,hsa04714
MT-CYB,4519,hsa04714
MT-ND1,4535,hsa04714
MT-ND2,4536,hsa04714
MT-ND3,4537,hsa04714
MT-ND4,4538,hsa04714
MT-ND4L,4539,hsa04714
MT-ND5,4540,hsa04714
MT-ND6,4541,hsa04714
NDUFA1,4694,hsa04714
NDUFA2,4695,hsa04714
NDUFA3,4696,hsa04714
COXFA4,4697,hsa04714
NDUFA5,4698,hsa04714
NDUFA6,4700,hsa04714
NDUFA7,4701,hsa04714
NDUFA8,4702,hsa04714
NDUFA9,4704,hsa04714
NDUFA10,4705,hsa04714
NDUFAB1,4706,hsa04714
NDUFB1,4707,hsa04714
NDUFB2,4708,hsa04714
NDUFB3,4709,hsa04714
NDUFB4,4710,hsa04714
NDUFB5,4711,hsa04714
NDUFB6,4712,hsa04714
NDUFB7,4713,hsa04714
NDUFB8,4714,hsa04714
NDUFB9,4715,hsa04714
NDUFB10,4716,hsa04714
NDUFC1,4717,hsa04714
NDUFC2,4718,hsa04714
NDUFS1,4719,hsa04714
NDUFS2,4720,hsa04714
NDUFS3,4722,hsa04714
NDUFV1,4723,hsa04714
NDUFS4,4724,hsa04714
NDUFS5,4725,hsa04714
NDUFS6,4726,hsa04714
NDUFS8,4728,hsa04714
NDUFV2,4729,hsa04714
NDUFV3,4731,hsa04714
NPPA,4878,hsa04714
NPPB,4879,hsa04714
NDUFA13,51079,hsa04714
NDUFAF1,51103,hsa04714
ATP5F1D,513,hsa04714
ATP5F1E,514,hsa04714
SIRT6,51548,hsa04714
ATP5MC1,516,hsa04714
KDM3B,51780,hsa04714
PRKAG3,53632,hsa04714
NDUFB11,54539,hsa04714
PPARG,5468,hsa04714
PRKAA1,5562,hsa04714
PRKAA2,5563,hsa04714
PRKAB1,5564,hsa04714
KDM3A,55818,hsa04714
PRKG1,5592,hsa04714
NDUFA12,55967,hsa04714
COXFA4L2,56901,hsa04714
PNPLA2,57104,hsa04714
ARID1B,57492,hsa04714
RPTOR,57521,hsa04714
RPS6KA1,6195,hsa04714
RPS6KB1,6198,hsa04714
PRDM16,63976,hsa04714
BMP8B,656,hsa04714
SMARCA2,6595,hsa04714
SMARCA4,6597,hsa04714
SMARCC1,6599,hsa04714
SOS1,6654,hsa04714
SOS2,6655,hsa04714
UCP1,7350,hsa04714
DPF3,8110,hsa04714
ARID1A,8289,hsa04714
NDUFAF2,91942,hsa04714
RAPGEF3,10411,hsa04720
ADCY1,107,hsa04720
CREBBP,1387,hsa04720
EP300,2033,hsa04720
GNAQ,2776,hsa04720
GRIA1,2890,hsa04720
GRIA2,2891,hsa04720
GRIN1,2902,hsa04720
GRIN2A,2903,hsa04720
GRIN2B,2904,hsa04720
GRIN2C,2905,hsa04720
GRIN2D,2906,hsa04720
GRM5,2915,hsa04720
PLCB3,5331,hsa04720
PPP1CB,5500,hsa04720
PPP3CA,5530,hsa04720
PRKCB,5579,hsa04720
MAPK3,5595,hsa04720
MAP2K1,5604,hsa04720
RPS6KA1,6195,hsa04720
BRAF,673,hsa04720
CACNA1C,775,hsa04720
CAMK4,814,hsa04720
CAMK2B,816,hsa04720
CAMK2G,818,hsa04720
ATP6V1G3,127124,hsa04721
SLC32A1,140679,hsa04721
DNM1,1759,hsa04721
RIMS1,22999,hsa04721
DNM3,26052,hsa04721
SLC1A2,6506,hsa04721
SLC6A1,6529,hsa04721
SLC6A2,6530,hsa04721
SLC6A3,6531,hsa04721
SLC6A4,6532,hsa04721
SLC6A9,6536,hsa04721
SLC18A2,6571,hsa04721
SNAP25,6616,hsa04721
AKT3,10000,hsa04722
SH2B3,10019,hsa04722
SH2B2,10603,hsa04722
AKT1,207,hsa04722
AKT2,208,hsa04722
FOXO3,2309,hsa04722
ABL1,25,hsa04722
SH2B1,25970,hsa04722
GSK3B,2932,hsa04722
IKBKB,3551,hsa04722
IRS1,3667,hsa04722
JUN,3725,hsa04722
MAP3K1,4214,hsa04722
MAP3K5,4217,hsa04722
NFKB1,4790,hsa04722
NFKBIA,4792,hsa04722
NGF,4803,hsa04722
NTRK2,4915,hsa04722
PIK3CA,5290,hsa04722
PIK3R1,5295,hsa04722
PLCG1,5335,hsa04722
PLCG2,5336,hsa04722
MAPK3,5595,hsa04722
MAPK8,5599,hsa04722
MAP2K1,5604,hsa04722
MAP2K5,5607,hsa04722
MAP2K7,5609,hsa04722
KIDINS220,57498,hsa04722
BAX,581,hsa04722
BCL2,596,hsa04722
RPS6KA1,6195,hsa04722
BDNF,627,hsa04722
SORT1,6272,hsa04722
SOS1,6654,hsa04722
SOS2,6655,hsa04722
BRAF,673,hsa04722
TP53,7157,hsa04722
CAMK4,814,hsa04722
CAMK2B,816,hsa04722
CAMK2G,818,hsa04722
RPS6KA5,9252,hsa04722
ADCY1,107,hsa04723
ADCY3,109,hsa04723
ADCY5,111,hsa04723
ADCY9,115,hsa04723
NDUFA11,126328,hsa04723
CNR1,1268,hsa04723
SLC32A1,140679,hsa04723
FAAH,2166,hsa04723
RIMS1,22999,hsa04723
GABRA1,2554,hsa04723
GABRA2,2555,hsa04723
GABRA3,2556,hsa04723
GABRA4,2557,hsa04723
GABRA5,2558,hsa04723
GABRA6,2559,hsa04723
GABRB1,2560,hsa04723
GABRB2,2561,hsa04723
GABRB3,2562,hsa04723
GABRD,2563,hsa04723
GABRE,2564,hsa04723
GABRG1,2565,hsa04723
GABRG2,2566,hsa04723
GABRG3,2567,hsa04723
GABRP,2568,hsa04723
GNAI1,2770,hsa04723
GNAQ,2776,hsa04723
GNB1,2782,hsa04723
GNB3,2784,hsa04723
GRIA1,2890,hsa04723
GRIA2,2891,hsa04723
GRIA3,2892,hsa04723
GRIA4,2893,hsa04723
GRM5,2915,hsa04723
NDUFS7,374291,hsa04723
KCNJ3,3760,hsa04723
MT-ND1,4535,hsa04723
MT-ND2,4536,hsa04723
MT-ND3,4537,hsa04723
MT-ND4,4538,hsa04723
MT-ND4L,4539,hsa04723
MT-ND5,4540,hsa04723
MT-ND6,4541,hsa04723
NDUFA1,4694,hsa04723
NDUFA2,4695,hsa04723
NDUFA3,4696,hsa04723
COXFA4,4697,hsa04723
NDUFA5,4698,hsa04723
NDUFA6,4700,hsa04723
NDUFA7,4701,hsa04723
NDUFA8,4702,hsa04723
NDUFA9,4704,hsa04723
NDUFA10,4705,hsa04723
NDUFAB1,4706,hsa04723
NDUFB1,4707,hsa04723
NDUFB2,4708,hsa04723
NDUFB3,4709,hsa04723
NDUFB4,4710,hsa04723
NDUFB5,4711,hsa04723
NDUFB6,4712,hsa04723
NDUFB7,4713,hsa04723
NDUFB8,4714,hsa04723
NDUFB9,4715,hsa04723
NDUFB10,4716,hsa04723
NDUFC1,4717,hsa04723
NDUFC2,4718,hsa04723
NDUFS1,4719,hsa04723
NDUFS2,4720,hsa04723
NDUFS3,4722,hsa04723
NDUFV1,4723,hsa04723
NDUFS4,4724,hsa04723
NDUFS5,4725,hsa04723
NDUFS6,4726,hsa04723
NDUFS8,4728,hsa04723
NDUFV2,4729,hsa04723
NDUFV3,4731,hsa04723
NDUFA13,51079,hsa04723
PLCB3,5331,hsa04723
NDUFB11,54539,hsa04723
PRKCB,5579,hsa04723
GABRQ,55879,hsa04723
MAPK3,5595,hsa04723
NDUFA12,55967,hsa04723
MAPK8,5599,hsa04723
COXFA4L2,56901,hsa04723
PTGS2,5743,hsa04723
CACNA1C,775,hsa04723
CACNA1D,776,hsa04723
CACNA1F,778,hsa04723
CACNA1S,779,hsa04723
PLA2G4B,100137049,hsa04724
ADCY1,107,hsa04724
ADCY3,109,hsa04724
ADCY5,111,hsa04724
ADCY9,115,hsa04724
GRIN3A,116443,hsa04724
GRIN3B,116444,hsa04724
SHANK2,22941,hsa04724
GNAI1,2770,hsa04724
GNAQ,2776,hsa04724
GNAS,2778,hsa04724
GNB1,2782,hsa04724
GNB3,2784,hsa04724
GRIA1,2890,hsa04724
GRIA2,2891,hsa04724
GRIA3,2892,hsa04724
GRIA4,2893,hsa04724
GRIK1,2897,hsa04724
GRIK2,2898,hsa04724
GRIK3,2899,hsa04724
GRIK4,2900,hsa04724
GRIK5,2901,hsa04724
GRIN1,2902,hsa04724
GRIN2A,2903,hsa04724
GRIN2B,2904,hsa04724
GRIN2C,2905,hsa04724
GRIN2D,2906,hsa04724
GRM4,2914,hsa04724
GRM5,2915,hsa04724
GRM7,2917,hsa04724
GRM8,2918,hsa04724
KCNJ3,3760,hsa04724
PLCB3,5331,hsa04724
PPP3CA,5530,hsa04724
PRKCB,5579,hsa04724
MAPK3,5595,hsa04724
SLC1A2,6506,hsa04724
TRPC1,7220,hsa04724
CACNA1C,775,hsa04724
CACNA1D,776,hsa04724
DLGAP1,9229,hsa04724
HOMER1,9456,hsa04724
LZTS3,9762,hsa04724
AKT3,10000,hsa04725
CREB3,10488,hsa04725
ADCY1,107,hsa04725
ADCY3,109,hsa04725
ADCY5,111,hsa04725
CHRNA3,1136,hsa04725
ADCY9,115,hsa04725
CREB1,1385,hsa04725
AKT1,207,hsa04725
AKT2,208,hsa04725
FOS,2353,hsa04725
GNAI1,2770,hsa04725
GNAQ,2776,hsa04725
GNB1,2782,hsa04725
GNB3,2784,hsa04725
KCNJ2,3759,hsa04725
KCNJ3,3760,hsa04725
KCNJ12,3768,hsa04725
KCNQ1,3784,hsa04725
ACHE,43,hsa04725
PIK3CA,5290,hsa04725
PIK3R1,5295,hsa04725
PLCB3,5331,hsa04725
PRKCB,5579,hsa04725
MAPK3,5595,hsa04725
MAP2K1,5604,hsa04725
KCNQ5,56479,hsa04725
BCL2,596,hsa04725
CACNA1C,775,hsa04725
CACNA1D,776,hsa04725
CACNA1F,778,hsa04725
CACNA1S,779,hsa04725
CAMK4,814,hsa04725
CAMK2B,816,hsa04725
CAMK2G,818,hsa04725
PLA2G4B,100137049,hsa04726
RAPGEF3,10411,hsa04726
ADCY5,111,hsa04726
TPH2,121278,hsa04726
DDC,1644,hsa04726
HTR3C,170572,hsa04726
DUSP1,1843,hsa04726
HTR3D,200909,hsa04726
GABRB1,2560,hsa04726
GABRB2,2561,hsa04726
GABRB3,2562,hsa04726
GNAI1,2770,hsa04726
GNAQ,2776,hsa04726
GNAS,2778,hsa04726
GNB1,2782,hsa04726
GNB3,2784,hsa04726
HTR3E,285242,hsa04726
HTR1A,3350,hsa04726
HTR1B,3351,hsa04726
HTR1D,3352,hsa04726
HTR1E,3354,hsa04726
HTR1F,3355,hsa04726
HTR2A,3356,hsa04726
HTR2B,3357,hsa04726
HTR2C,3358,hsa04726
HTR3A,3359,hsa04726
HTR4,3360,hsa04726
HTR5A,3361,hsa04726
HTR6,3362,hsa04726
HTR7,3363,hsa04726
APP,351,hsa04726
KCNJ3,3760,hsa04726
PLCB3,5331,hsa04726
PRKCB,5579,hsa04726
MAPK3,5595,hsa04726
MAP2K1,5604,hsa04726
PTGS1,5742,hsa04726
PTGS2,5743,hsa04726
SLC6A4,6532,hsa04726
SLC18A2,6571,hsa04726
BRAF,673,hsa04726
TRPC1,7220,hsa04726
CACNA1C,775,hsa04726
CACNA1D,776,hsa04726
CACNA1F,778,hsa04726
CACNA1S,779,hsa04726
CASP3,836,hsa04726
HTR3B,9177,hsa04726
ADCY1,107,hsa04727
ADCY3,109,hsa04727
ADCY5,111,hsa04727
ADCY9,115,hsa04727
SLC32A1,140679,hsa04727
GABRA1,2554,hsa04727
GABRA2,2555,hsa04727
GABRA3,2556,hsa04727
GABRA4,2557,hsa04727
GABRA5,2558,hsa04727
GABRA6,2559,hsa04727
GABRB1,2560,hsa04727
GABRB2,2561,hsa04727
GABRB3,2562,hsa04727
GABRD,2563,hsa04727
GABRE,2564,hsa04727
GABRG1,2565,hsa04727
GABRG2,2566,hsa04727
GABRG3,2567,hsa04727
GABRP,2568,hsa04727
GAD1,2571,hsa04727
GAD2,2572,hsa04727
GNAI1,2770,hsa04727
GNB1,2782,hsa04727
GNB3,2784,hsa04727
PLCL1,5334,hsa04727
PRKCB,5579,hsa04727
GABRQ,55879,hsa04727
SLC6A1,6529,hsa04727
CACNA1C,775,hsa04727
CACNA1D,776,hsa04727
CACNA1F,778,hsa04727
CACNA1S,779,hsa04727
AKT3,10000,hsa04728
CREB3,10488,hsa04728
ADCY5,111,hsa04728
COMT,1312,hsa04728
CREB1,1385,hsa04728
DDC,1644,hsa04728
DRD2,1813,hsa04728
DRD3,1814,hsa04728
DRD4,1815,hsa04728
AKT1,207,hsa04728
AKT2,208,hsa04728
FOS,2353,hsa04728
GNAI1,2770,hsa04728
GNAQ,2776,hsa04728
GNAS,2778,hsa04728
GNB1,2782,hsa04728
GNB3,2784,hsa04728
GRIA1,2890,hsa04728
GRIA2,2891,hsa04728
GRIA3,2892,hsa04728
GRIA4,2893,hsa04728
GRIN2A,2903,hsa04728
GRIN2B,2904,hsa04728
GSK3B,2932,hsa04728
KCNJ3,3760,hsa04728
KIF5C,3800,hsa04728
BMAL1,406,hsa04728
PLCB3,5331,hsa04728
PPP1CB,5500,hsa04728
PPP2R2A,5520,hsa04728
PPP2R2C,5522,hsa04728
PPP2R3A,5523,hsa04728
PPP2R5A,5525,hsa04728
PPP3CA,5530,hsa04728
PRKCB,5579,hsa04728
PPP2R2D,55844,hsa04728
MAPK8,5599,hsa04728
SCN1A,6323,hsa04728
SLC6A3,6531,hsa04728
SLC18A2,6571,hsa04728
TH,7054,hsa04728
CACNA1C,775,hsa04728
CACNA1D,776,hsa04728
CAMK2B,816,hsa04728
CAMK2G,818,hsa04728
CLOCK,9575,hsa04728
PLA2G4B,100137049,hsa04730
CRHR1,1394,hsa04730
GNA12,2768,hsa04730
GNAI1,2770,hsa04730
GNAQ,2776,hsa04730
GNAS,2778,hsa04730
GRIA1,2890,hsa04730
GRIA2,2891,hsa04730
GRIA3,2892,hsa04730
GRID2,2895,hsa04730
GUCY1A2,2977,hsa04730
GUCY1A1,2982,hsa04730
GUCY1B1,2983,hsa04730
IGF1,3479,hsa04730
IGF1R,3480,hsa04730
LYN,4067,hsa04730
NOS1,4842,hsa04730
PLCB3,5331,hsa04730
PRKCB,5579,hsa04730
PRKG1,5592,hsa04730
MAPK3,5595,hsa04730
MAP2K1,5604,hsa04730
BRAF,673,hsa04730
ADCY3,109,hsa04740
OR5B17,219965,hsa04740
GNB1,2782,hsa04740
OR4C13,283092,hsa04740
OR4C12,283093,hsa04740
OR4C45,403257,hsa04740
PDE1A,5136,hsa04740
PDE1C,5137,hsa04740
PDE2A,5138,hsa04740
PDE1B,5153,hsa04740
PRKG1,5592,hsa04740
SLC8A1,6546,hsa04740
CAMK2B,816,hsa04740
CAMK2G,818,hsa04740
NCALD,83988,hsa04740
HCN4,10021,hsa04742
HTR3C,170572,hsa04742
HTR3D,200909,hsa04742
GABRA1,2554,hsa04742
GABRA2,2555,hsa04742
GABRA3,2556,hsa04742
GABRA4,2557,hsa04742
GABRA5,2558,hsa04742
GABRA6,2559,hsa04742
GNB3,2784,hsa04742
HTR3E,285242,hsa04742
GRM4,2914,hsa04742
TRPM5,29850,hsa04742
HTR1A,3350,hsa04742
HTR1B,3351,hsa04742
HTR1D,3352,hsa04742
HTR1E,3354,hsa04742
HTR1F,3355,hsa04742
HTR3A,3359,hsa04742
PKD1L3,342372,hsa04742
P2RY1,5028,hsa04742
PDE1A,5136,hsa04742
PDE1C,5137,hsa04742
PDE1B,5153,hsa04742
PLCB3,5331,hsa04742
SCN2A,6326,hsa04742
SCN3A,6328,hsa04742
SCN9A,6335,hsa04742
SCNN1B,6338,hsa04742
CACNA1C,775,hsa04742
HTR3B,9177,hsa04742
CNGA1,1259,hsa04744
GNAT2,2780,hsa04744
GNB1,2782,hsa04744
PDE6A,5145,hsa04744
PDE6G,5148,hsa04744
PDE6B,5158,hsa04744
RCVRN,5957,hsa04744
SAG,6295,hsa04744
PLA2G4B,100137049,hsa04750
ADCY1,107,hsa04750
ADCY3,109,hsa04750
ADCY5,111,hsa04750
ADCY9,115,hsa04750
F2RL1,2150,hsa04750
GNAQ,2776,hsa04750
GNAS,2778,hsa04750
HRH1,3269,hsa04750
HTR2A,3356,hsa04750
HTR2B,3357,hsa04750
HTR2C,3358,hsa04750
IGF1,3479,hsa04750
IL1B,3553,hsa04750
IL1R1,3554,hsa04750
NGF,4803,hsa04750
PIK3CA,5290,hsa04750
PIK3R1,5295,hsa04750
PLCB3,5331,hsa04750
PLCG1,5335,hsa04750
PLCG2,5336,hsa04750
PPP1CB,5500,hsa04750
PRKCB,5579,hsa04750
PRKCE,5581,hsa04750
PRKCH,5583,hsa04750
MAPK8,5599,hsa04750
TRPV1,7442,hsa04750
CAMK2B,816,hsa04750
CAMK2G,818,hsa04750
PLA2G6,8398,hsa04750
AKT3,10000,hsa04810
ARPC1B,10095,hsa04810
BAIAP2,10458,hsa04810
EGFR,1956,hsa04810
AKT1,207,hsa04810
AKT2,208,hsa04810
FGF1,2246,hsa04810
FGF2,2247,hsa04810
FGF5,2250,hsa04810
FGF9,2254,hsa04810
FGFR1,2260,hsa04810
FGFR3,2261,hsa04810
FGFR2,2263,hsa04810
FGFR4,2264,hsa04810
RRAS2,22800,hsa04810
ITGA11,22801,hsa04810
MRAS,22808,hsa04810
FGF21,26291,hsa04810
GNA12,2768,hsa04810
INS,3630,hsa04810
ITGA1,3672,hsa04810
ITGA3,3675,hsa04810
ITGAX,3687,hsa04810
ITGB6,3694,hsa04810
MYH9,4627,hsa04810
MYL2,4633,hsa04810
PIK3CA,5290,hsa04810
PIK3R1,5295,hsa04810
PIP4K2A,5305,hsa04810
PPP1CB,5500,hsa04810
ENAH,55740,hsa04810
MAPK3,5595,hsa04810
PDGFC,56034,hsa04810
MAP2K1,5604,hsa04810
MYL7,58498,hsa04810
ROCK1,6093,hsa04810
SOS1,6654,hsa04810
SOS2,6655,hsa04810
BRAF,673,hsa04810
VAV2,7410,hsa04810
VCL,7414,hsa04810
CXCR4,7852,hsa04810
FGF23,8074,hsa04810
CYRIA,81553,hsa04810
DIAPH3,81624,hsa04810
ACTN1,87,hsa04810
FGF19,9965,hsa04810
TUBA1B,10376,hsa04814
TUBB3,10381,hsa04814
TUBB4A,10382,hsa04814
TUBB4B,10383,hsa04814
CENPE,1062,hsa04814
TUBA3E,112714,hsa04814
DNAH8,1769,hsa04814
DYNC1I2,1781,hsa04814
DNAH10,196385,hsa04814
DYNLT5,200132,hsa04814
DNAH12,201625,hsa04814
TUBB,203068,hsa04814
KIF6,221458,hsa04814
MYO16,23026,hsa04814
KIF4A,24137,hsa04814
KIF26A,26153,hsa04814
TUBG2,27175,hsa04814
TUBB8,347688,hsa04814
TUBB2B,347733,hsa04814
KIF3C,3797,hsa04814
KIF5C,3800,hsa04814
KIF11,3832,hsa04814
MYO1F,4542,hsa04814
MYH9,4627,hsa04814
MYL2,4633,hsa04814
MYO1E,4643,hsa04814
TUBD1,51174,hsa04814
KIF16B,55614,hsa04814
MYO5C,55930,hsa04814
DNAH7,56171,hsa04814
ACTA1,58,hsa04814
MYL7,58498,hsa04814
KIF9,64147,hsa04814
TUBA4A,7277,hsa04814
TUBA3C,7278,hsa04814
TUBB2A,7280,hsa04814
TUBA1A,7846,hsa04814
DYNC2H1,79659,hsa04814
MYO19,80179,hsa04814
TUBB1,81027,hsa04814
KIF18A,81930,hsa04814
CAPZA1,829,hsa04814
DYNLRB2,83657,hsa04814
TUBB6,84617,hsa04814
TUBA1C,84790,hsa04814
DNAH17,8632,hsa04814
KIF20B,9585,hsa04814
PDLIM5,10611,hsa04820
COL11A1,1301,hsa04820
SGCZ,137868,hsa04820
DAG1,1605,hsa04820
DCN,1634,hsa04820
DMD,1756,hsa04820
DTNA,1837,hsa04820
FBN2,2201,hsa04820
ITGA11,22801,hsa04820
DAAM2,23500,hsa04820
LMOD1,25802,hsa04820
PDLIM3,27295,hsa04820
LAMA1,284217,hsa04820
ITGA1,3672,hsa04820
ITGA3,3675,hsa04820
ITGB6,3694,hsa04820
LMNA,4000,hsa04820
LMOD2,442721,hsa04820
MYBPC1,4604,hsa04820
MYH9,4627,hsa04820
MYL2,4633,hsa04820
ATP1A2,477,hsa04820
ATP1B2,482,hsa04820
SPTBN5,51332,hsa04820
MYOZ2,51778,hsa04820
ACTA1,58,hsa04820
MYL7,58498,hsa04820
SGCB,6443,hsa04820
SGCG,6445,hsa04820
SNTB1,6641,hsa04820
THBS1,7057,hsa04820
THBS2,7058,hsa04820
TTN,7273,hsa04820
VCL,7414,hsa04820
SSPN,8082,hsa04820
DIAPH3,81624,hsa04820
CAPZA1,829,hsa04820
FBN3,84467,hsa04820
COL27A1,85301,hsa04820
AKT3,10000,hsa04910
SH2B2,10603,hsa04910
PPARGC1A,10891,hsa04910
AKT1,207,hsa04910
AKT2,208,hsa04910
FASN,2194,hsa04910
FBP1,2203,hsa04910
FOXO1,2308,hsa04910
MTOR,2475,hsa04910
GCK,2645,hsa04910
GSK3B,2932,hsa04910
GYS2,2998,hsa04910
HK1,3098,hsa04910
ACACA,31,hsa04910
ACACB,32,hsa04910
IKBKB,3551,hsa04910
INS,3630,hsa04910
INSR,3643,hsa04910
IRS1,3667,hsa04910
PDE3B,5140,hsa04910
PIK3CA,5290,hsa04910
PIK3R1,5295,hsa04910
PRKAG3,53632,hsa04910
PPP1CB,5500,hsa04910
PPP1R3A,5506,hsa04910
PPP1R3C,5507,hsa04910
PRKAA1,5562,hsa04910
PRKAA2,5563,hsa04910
PRKAB1,5564,hsa04910
PRKCZ,5590,hsa04910
MAPK3,5595,hsa04910
MAPK8,5599,hsa04910
MAP2K1,5604,hsa04910
RPTOR,57521,hsa04910
PTPN1,5770,hsa04910
G6PC2,57818,hsa04910
RPS6KB1,6198,hsa04910
SLC2A4,6517,hsa04910
SOS1,6654,hsa04910
SOS2,6655,hsa04910
SREBF1,6720,hsa04910
BRAF,673,hsa04910
PPP1R3B,79660,hsa04910
IRS2,8660,hsa04910
SOCS2,8835,hsa04910
SOCS3,9021,hsa04910
TBC1D4,9882,hsa04910
KCNMB2,10242,hsa04911
CREB3,10488,hsa04911
ADCY1,107,hsa04911
ADCY3,109,hsa04911
ADCY5,111,hsa04911
ADCY9,115,hsa04911
ADCYAP1,116,hsa04911
CREB1,1385,hsa04911
GPR119,139760,hsa04911
KCNU1,157855,hsa04911
GCG,2641,hsa04911
GCK,2645,hsa04911
GIP,2695,hsa04911
GLP1R,2740,hsa04911
PCLO,27445,hsa04911
GNAQ,2776,hsa04911
GNAS,2778,hsa04911
FFAR1,2864,hsa04911
INS,3630,hsa04911
PDX1,3651,hsa04911
KCNJ11,3767,hsa04911
KCNMA1,3778,hsa04911
ATP1A2,477,hsa04911
ATP1B2,482,hsa04911
FXYD2,486,hsa04911
PLCB3,5331,hsa04911
PRKCB,5579,hsa04911
RYR2,6262,hsa04911
SLC2A2,6514,hsa04911
SNAP25,6616,hsa04911
ABCC8,6833,hsa04911
CACNA1C,775,hsa04911
CACNA1D,776,hsa04911
CACNA1F,778,hsa04911
CACNA1S,779,hsa04911
CAMK2B,816,hsa04911
CAMK2G,818,hsa04911
CCK,885,hsa04911
PLA2G4B,100137049,hsa04912
ADCY1,107,hsa04912
ADCY3,109,hsa04912
ADCY5,111,hsa04912
ADCY9,115,hsa04912
HBEGF,1839,hsa04912
EGFR,1956,hsa04912
EGR1,1958,hsa04912
FSHB,2488,hsa04912
GNAQ,2776,hsa04912
GNAS,2778,hsa04912
GNRH1,2796,hsa04912
GNRHR,2798,hsa04912
JUN,3725,hsa04912
MAP3K1,4214,hsa04912
MMP2,4313,hsa04912
MMP14,4323,hsa04912
PLCB3,5331,hsa04912
PRKCB,5579,hsa04912
MAPK3,5595,hsa04912
MAPK8,5599,hsa04912
MAP2K1,5604,hsa04912
MAP2K7,5609,hsa04912
SOS1,6654,hsa04912
SOS2,6655,hsa04912
CACNA1C,775,hsa04912
CACNA1D,776,hsa04912
CACNA1F,778,hsa04912
CACNA1S,779,hsa04912
CAMK2B,816,hsa04912
CAMK2G,818,hsa04912
PLA2G4B,100137049,hsa04913
ADCY1,107,hsa04913
ADCY3,109,hsa04913
ADCY5,111,hsa04913
ADCY9,115,hsa04913
CYP1B1,1545,hsa04913
CYP11A1,1583,hsa04913
CYP17A1,1586,hsa04913
CYP19A1,1588,hsa04913
FSHB,2488,hsa04913
FSHR,2492,hsa04913
GNAS,2778,hsa04913
IGF1,3479,hsa04913
IGF1R,3480,hsa04913
INS,3630,hsa04913
INSR,3643,hsa04913
LDLR,3949,hsa04913
LHCGR,3973,hsa04913
PTGS2,5743,hsa04913
BMP15,9210,hsa04913
SCARB1,949,hsa04913
AKT3,10000,hsa04914
SPDYE18,100505767,hsa04914
SPDYE17,102723849,hsa04914
ADCY1,107,hsa04914
ADCY3,109,hsa04914
ADCY5,111,hsa04914
ADCY9,115,hsa04914
AKT1,207,hsa04914
AKT2,208,hsa04914
CPEB3,22849,hsa04914
GNAI1,2770,hsa04914
ANAPC4,29945,hsa04914
IGF1,3479,hsa04914
IGF1R,3480,hsa04914
INS,3630,hsa04914
SPDYE21,442572,hsa04914
SPDYE5,442590,hsa04914
PDE3B,5140,hsa04914
PGR,5241,hsa04914
PIK3CA,5290,hsa04914
PIK3R1,5295,hsa04914
MAPK3,5595,hsa04914
MAPK8,5599,hsa04914
MAP2K1,5604,hsa04914
RPS6KA1,6195,hsa04914
BRAF,673,hsa04914
MAD1L1,8379,hsa04914
CDC25A,993,hsa04914
CDC25C,995,hsa04914
AKT3,10000,hsa04915
CREB3,10488,hsa04915
ADCY1,107,hsa04915
ADCY3,109,hsa04915
ADCY5,111,hsa04915
ADCY9,115,hsa04915
CREB1,1385,hsa04915
CTSD,1509,hsa04915
HBEGF,1839,hsa04915
EGFR,1956,hsa04915
AKT1,207,hsa04915
AKT2,208,hsa04915
ESR1,2099,hsa04915
ESR2,2100,hsa04915
FOS,2353,hsa04915
GNAI1,2770,hsa04915
GNAQ,2776,hsa04915
GNAS,2778,hsa04915
JUN,3725,hsa04915
KCNJ3,3760,hsa04915
KRT18,3875,hsa04915
MMP2,4313,hsa04915
MMP9,4318,hsa04915
NOS3,4846,hsa04915
OPRM1,4988,hsa04915
PGR,5241,hsa04915
PIK3CA,5290,hsa04915
PIK3R1,5295,hsa04915
PLCB3,5331,hsa04915
POMC,5443,hsa04915
MAPK3,5595,hsa04915
MAP2K1,5604,hsa04915
BCL2,596,hsa04915
SOS1,6654,hsa04915
SOS2,6655,hsa04915
CREB3,10488,hsa04916
ADCY1,107,hsa04916
ADCY3,109,hsa04916
ADCY5,111,hsa04916
ADCY9,115,hsa04916
CREB1,1385,hsa04916
CREBBP,1387,hsa04916
CTNNB1,1499,hsa04916
DCT,1638,hsa04916
EP300,2033,hsa04916
GNAI1,2770,hsa04916
GNAQ,2776,hsa04916
GNAS,2778,hsa04916
GSK3B,2932,hsa04916
KIT,3815,hsa04916
MITF,4286,hsa04916
ASIP,434,hsa04916
PLCB3,5331,hsa04916
POMC,5443,hsa04916
PRKCB,5579,hsa04916
MAPK3,5595,hsa04916
MAP2K1,5604,hsa04916
TCF7L2,6934,hsa04916
WNT5A,7474,hsa04916
WNT6,7475,hsa04916
WNT7B,7477,hsa04916
WNT8A,7478,hsa04916
WNT9B,7484,hsa04916
FZD5,7855,hsa04916
CAMK2B,816,hsa04916
CAMK2G,818,hsa04916
FZD4,8322,hsa04916
TCF7L1,83439,hsa04916
AKT3,10000,hsa04917
CYP17A1,1586,hsa04917
AKT1,207,hsa04917
AKT2,208,hsa04917
ESR1,2099,hsa04917
ESR2,2100,hsa04917
FOXO3,2309,hsa04917
FOS,2353,hsa04917
GCK,2645,hsa04917
GSK3B,2932,hsa04917
INS,3630,hsa04917
IRF1,3659,hsa04917
LHCGR,3973,hsa04917
NFKB1,4790,hsa04917
PIK3CA,5290,hsa04917
PIK3R1,5295,hsa04917
MAPK3,5595,hsa04917
MAPK8,5599,hsa04917
MAP2K1,5604,hsa04917
PRL,5617,hsa04917
CCND1,595,hsa04917
SLC2A2,6514,hsa04917
SOS1,6654,hsa04917
SOS2,6655,hsa04917
STAT3,6774,hsa04917
TH,7054,hsa04917
TNFSF11,8600,hsa04917
TNFRSF11A,8792,hsa04917
SOCS2,8835,hsa04917
CCND2,894,hsa04917
SOCS3,9021,hsa04917
SOCS5,9655,hsa04917
CREB3,10488,hsa04918
ADCY1,107,hsa04918
ADCY3,109,hsa04918
ADCY5,111,hsa04918
ADCY9,115,hsa04918
CREB1,1385,hsa04918
ALB,213,hsa04918
GNAQ,2776,hsa04918
GNAS,2778,hsa04918
HSPA5,3309,hsa04918
ASGR1,432,hsa04918
ATP1A2,477,hsa04918
ATP1B2,482,hsa04918
FXYD2,486,hsa04918
PLCB3,5331,hsa04918
PRKCB,5579,hsa04918
TPO,7173,hsa04918
AKT3,10000,hsa04919
RCAN2,10231,hsa04919
CREBBP,1387,hsa04919
CTNNB1,1499,hsa04919
EP300,2033,hsa04919
AKT1,207,hsa04919
AKT2,208,hsa04919
ESR1,2099,hsa04919
FOXO1,2308,hsa04919
MTOR,2475,hsa04919
SIN3A,25942,hsa04919
GATA4,2626,hsa04919
GSK3B,2932,hsa04919
HDAC1,3065,hsa04919
HDAC2,3066,hsa04919
HIF1A,3091,hsa04919
MYC,4609,hsa04919
ATP1A2,477,hsa04919
ATP1B2,482,hsa04919
NOTCH2,4853,hsa04919
FXYD2,486,hsa04919
ATP2A1,487,hsa04919
ATP2A2,488,hsa04919
ATP2A3,489,hsa04919
PIK3CA,5290,hsa04919
PIK3R1,5295,hsa04919
PLCB3,5331,hsa04919
PLCG1,5335,hsa04919
PLCG2,5336,hsa04919
PRKCB,5579,hsa04919
MAPK3,5595,hsa04919
MAP2K1,5604,hsa04919
CCND1,595,hsa04919
RXRA,6256,hsa04919
THRA,7067,hsa04919
THRB,7068,hsa04919
TP53,7157,hsa04919
CASP9,842,hsa04919
HDAC3,8841,hsa04919
KAT2B,8850,hsa04919
MED27,9442,hsa04919
TBC1D4,9882,hsa04919
AKT3,10000,hsa04920
CAMKK2,10645,hsa04920
PPARGC1A,10891,hsa04920
CHUK,1147,hsa04920
CPT1A,1374,hsa04920
AGRP,181,hsa04920
AKT1,207,hsa04920
AKT2,208,hsa04920
ACSL1,2180,hsa04920
MTOR,2475,hsa04920
APPL1,26060,hsa04920
ACACB,32,hsa04920
IKBKB,3551,hsa04920
IRS1,3667,hsa04920
LEP,3952,hsa04920
LEPR,3953,hsa04920
NFKB1,4790,hsa04920
NFKBIA,4792,hsa04920
NPY,4852,hsa04920
ADIPOR1,51094,hsa04920
PRKAG3,53632,hsa04920
POMC,5443,hsa04920
PPARA,5465,hsa04920
PRKAA1,5562,hsa04920
PRKAA2,5563,hsa04920
PRKAB1,5564,hsa04920
MAPK8,5599,hsa04920
G6PC2,57818,hsa04920
RXRA,6256,hsa04920
SLC2A4,6517,hsa04920
STAT3,6774,hsa04920
STK11,6794,hsa04920
TNF,7124,hsa04920
IRS2,8660,hsa04920
SOCS3,9021,hsa04920
ADIPOQ,9370,hsa04920
CD36,948,hsa04920
PLA2G4B,100137049,hsa04921
CDKN1A,1026,hsa04921
CAMKK2,10645,hsa04921
ADCY1,107,hsa04921
ADCY3,109,hsa04921
ADCY5,111,hsa04921
ADCY9,115,hsa04921
EGFR,1956,hsa04921
FOS,2353,hsa04921
CACNG5,27091,hsa04921
GNAI1,2770,hsa04921
GNAQ,2776,hsa04921
GNAS,2778,hsa04921
GUCY1A2,2977,hsa04921
GUCY1A1,2982,hsa04921
GUCY1B1,2983,hsa04921
JUN,3725,hsa04921
KCNJ2,3759,hsa04921
KCNJ3,3760,hsa04921
KCNJ12,3768,hsa04921
MEF2C,4208,hsa04921
NFATC1,4772,hsa04921
NFATC2,4773,hsa04921
NFATC3,4775,hsa04921
NOS3,4846,hsa04921
NPPA,4878,hsa04921
OXT,5020,hsa04921
OXTR,5021,hsa04921
PLCB3,5331,hsa04921
PRKAG3,53632,hsa04921
PPP1CB,5500,hsa04921
PPP3CA,5530,hsa04921
PRKAA1,5562,hsa04921
PRKAA2,5563,hsa04921
PRKAB1,5564,hsa04921
PRKCB,5579,hsa04921
CACNA2D3,55799,hsa04921
MAPK3,5595,hsa04921
MAP2K1,5604,hsa04921
MAP2K5,5607,hsa04921
CAMK1D,57118,hsa04921
PTGS2,5743,hsa04921
CCND1,595,hsa04921
ROCK1,6093,hsa04921
RYR2,6262,hsa04921
CACNA1C,775,hsa04921
CACNA1D,776,hsa04921
CACNA1F,778,hsa04921
CACNA1S,779,hsa04921
CACNA2D1,781,hsa04921
CAMK4,814,hsa04921
CAMK2B,816,hsa04921
CAMK2G,818,hsa04921
AKT3,10000,hsa04922
CREB3,10488,hsa04922
PPARGC1A,10891,hsa04922
CPT1A,1374,hsa04922
CREB1,1385,hsa04922
CREBBP,1387,hsa04922
EP300,2033,hsa04922
AKT1,207,hsa04922
AKT2,208,hsa04922
FBP1,2203,hsa04922
FOXO1,2308,hsa04922
SIRT1,23411,hsa04922
GCG,2641,hsa04922
GCGR,2642,hsa04922
GCK,2645,hsa04922
GNAQ,2776,hsa04922
GNAS,2778,hsa04922
GYS2,2998,hsa04922
ACACA,31,hsa04922
ACACB,32,hsa04922
LDHB,3945,hsa04922
PDE3B,5140,hsa04922
PDHA1,5160,hsa04922
PDHB,5162,hsa04922
PLCB3,5331,hsa04922
PRKAG3,53632,hsa04922
PPARA,5465,hsa04922
PPP3CA,5530,hsa04922
PRKAA1,5562,hsa04922
PRKAA2,5563,hsa04922
PRKAB1,5564,hsa04922
PPP4R3A,55671,hsa04922
G6PC2,57818,hsa04922
SLC2A2,6514,hsa04922
CAMK2B,816,hsa04922
CAMK2G,818,hsa04922
AKT3,10000,hsa04923
ADCY1,107,hsa04923
ADCY3,109,hsa04923
ADCY5,111,hsa04923
ADCY9,115,hsa04923
ADORA1,134,hsa04923
ADRB1,153,hsa04923
ADRB2,154,hsa04923
ADRB3,155,hsa04923
AKT1,207,hsa04923
AKT2,208,hsa04923
FABP4,2167,hsa04923
GNAI1,2770,hsa04923
GNAS,2778,hsa04923
INS,3630,hsa04923
INSR,3643,hsa04923
IRS1,3667,hsa04923
NPY,4852,hsa04923
NPPA,4878,hsa04923
NPY1R,4886,hsa04923
PDE3B,5140,hsa04923
PIK3CA,5290,hsa04923
PIK3R1,5295,hsa04923
PRKG1,5592,hsa04923
PNPLA2,57104,hsa04923
PTGS1,5742,hsa04923
PTGS2,5743,hsa04923
IRS2,8660,hsa04923
ADCY5,111,hsa04924
ADCYAP1,116,hsa04924
ADORA1,134,hsa04924
CREB1,1385,hsa04924
CTSB,1508,hsa04924
ADRB1,153,hsa04924
ADRB2,154,hsa04924
ADRB3,155,hsa04924
ACE,1636,hsa04924
AGT,183,hsa04924
AGTR1,185,hsa04924
EDNRA,1909,hsa04924
GNAI1,2770,hsa04924
GNAQ,2776,hsa04924
GNAS,2778,hsa04924
GUCY1A2,2977,hsa04924
GUCY1A1,2982,hsa04924
GUCY1B1,2983,hsa04924
KCNJ2,3759,hsa04924
KCNMA1,3778,hsa04924
NPPA,4878,hsa04924
PDE1A,5136,hsa04924
PDE1C,5137,hsa04924
PDE3A,5139,hsa04924
PDE3B,5140,hsa04924
PDE1B,5153,hsa04924
PLCB3,5331,hsa04924
PPP3CA,5530,hsa04924
REN,5972,hsa04924
CACNA1C,775,hsa04924
CACNA1D,776,hsa04924
CACNA1F,778,hsa04924
CACNA1S,779,hsa04924
CREB3,10488,hsa04925
ADCY1,107,hsa04925
ADCY3,109,hsa04925
ADCY5,111,hsa04925
ADCY9,115,hsa04925
CREB1,1385,hsa04925
CYP11A1,1583,hsa04925
CYP11B2,1585,hsa04925
AGT,183,hsa04925
AGTR1,185,hsa04925
GNAQ,2776,hsa04925
GNAS,2778,hsa04925
KCNK3,3777,hsa04925
LDLR,3949,hsa04925
ATP1A2,477,hsa04925
ATP1B2,482,hsa04925
NPPA,4878,hsa04925
ATP2B1,490,hsa04925
ATP2B3,492,hsa04925
PDE2A,5138,hsa04925
PLCB3,5331,hsa04925
POMC,5443,hsa04925
PRKCB,5579,hsa04925
PRKCE,5581,hsa04925
PRKD1,5587,hsa04925
CAMK1D,57118,hsa04925
CACNA1C,775,hsa04925
CACNA1D,776,hsa04925
CACNA1F,778,hsa04925
CACNA1S,779,hsa04925
CAMK4,814,hsa04925
CAMK2B,816,hsa04925
CAMK2G,818,hsa04925
CACNA1H,8912,hsa04925
SCARB1,949,hsa04925
AKT3,10000,hsa04926
CREB3,10488,hsa04926
ADCY1,107,hsa04926
ADCY3,109,hsa04926
ADCY5,111,hsa04926
ADCY9,115,hsa04926
CREB1,1385,hsa04926
EGFR,1956,hsa04926
AKT1,207,hsa04926
AKT2,208,hsa04926
FOS,2353,hsa04926
GNAI1,2770,hsa04926
GNAS,2778,hsa04926
GNB1,2782,hsa04926
GNB3,2784,hsa04926
JUN,3725,hsa04926
MMP1,4312,hsa04926
MMP2,4313,hsa04926
MMP9,4318,hsa04926
MMP13,4322,hsa04926
NFKB1,4790,hsa04926
NFKBIA,4792,hsa04926
NOS1,4842,hsa04926
NOS2,4843,hsa04926
NOS3,4846,hsa04926
PIK3CA,5290,hsa04926
PIK3R1,5295,hsa04926
PLCB3,5331,hsa04926
PRKCZ,5590,hsa04926
MAPK3,5595,hsa04926
MAPK8,5599,hsa04926
MAP2K1,5604,hsa04926
MAP2K7,5609,hsa04926
SOS1,6654,hsa04926
SOS2,6655,hsa04926
TGFB1,7040,hsa04926
VEGFA,7422,hsa04926
VEGFB,7423,hsa04926
CREB3,10488,hsa04927
ADCY1,107,hsa04927
ADCY3,109,hsa04927
ADCY5,111,hsa04927
ADCY9,115,hsa04927
CREB1,1385,hsa04927
CYP11A1,1583,hsa04927
CYP11B1,1584,hsa04927
CYP17A1,1586,hsa04927
AGT,183,hsa04927
AGTR1,185,hsa04927
GNAQ,2776,hsa04927
GNAS,2778,hsa04927
KCNK3,3777,hsa04927
LDLR,3949,hsa04927
PDE8A,5151,hsa04927
PLCB3,5331,hsa04927
POMC,5443,hsa04927
CACNA1C,775,hsa04927
CACNA1D,776,hsa04927
CACNA1F,778,hsa04927
CACNA1S,779,hsa04927
PDE8B,8622,hsa04927
CACNA1H,8912,hsa04927
SCARB1,949,hsa04927
CDKN1A,1026,hsa04928
CREB3,10488,hsa04928
ADCY1,107,hsa04928
ADCY3,109,hsa04928
ADCY5,111,hsa04928
ADCY9,115,hsa04928
CREB1,1385,hsa04928
HBEGF,1839,hsa04928
EGFR,1956,hsa04928
EGR1,1958,hsa04928
FGFR1,2260,hsa04928
FOS,2353,hsa04928
STK39,27347,hsa04928
GNA12,2768,hsa04928
GNAI1,2770,hsa04928
GNAQ,2776,hsa04928
GNAS,2778,hsa04928
LRP5,4041,hsa04928
MEF2C,4208,hsa04928
MEF2D,4209,hsa04928
MMP13,4322,hsa04928
MMP14,4323,hsa04928
MMP16,4325,hsa04928
SOST,50964,hsa04928
PDE4A,5141,hsa04928
PDE4B,5142,hsa04928
PDE4C,5143,hsa04928
PDE4D,5144,hsa04928
PLCB3,5331,hsa04928
PRKCB,5579,hsa04928
MAPK3,5595,hsa04928
MAP2K1,5604,hsa04928
PTH,5741,hsa04928
PTH1R,5745,hsa04928
BCL2,596,hsa04928
RXRA,6256,hsa04928
BGLAP,632,hsa04928
SGK1,6446,hsa04928
WNK1,65125,hsa04928
SLC12A3,6559,hsa04928
BRAF,673,hsa04928
VDR,7421,hsa04928
FGF23,8074,hsa04928
CASR,846,hsa04928
RUNX2,860,hsa04928
TNFSF11,8600,hsa04928
KL,9365,hsa04928
MAFB,9935,hsa04928
AKT3,10000,hsa04929
AKT1,207,hsa04929
AKT2,208,hsa04929
ESR2,2100,hsa04929
GNAQ,2776,hsa04929
GNRH1,2796,hsa04929
HCN1,348980,hsa04929
KCNJ3,3760,hsa04929
KCNJ11,3767,hsa04929
KISS1,3814,hsa04929
PIK3CA,5290,hsa04929
PIK3R1,5295,hsa04929
PLCB3,5331,hsa04929
PRKCB,5579,hsa04929
MAPK3,5595,hsa04929
MAP2K1,5604,hsa04929
SPP1,6696,hsa04929
TRPC1,7220,hsa04929
TRPC5,7224,hsa04929
CACNA1C,775,hsa04929
CACNA1D,776,hsa04929
CACNA1F,778,hsa04929
CACNA1S,779,hsa04929
CACNA1H,8912,hsa04929
MTOR,2475,hsa04930
GCK,2645,hsa04930
HK1,3098,hsa04930
IKBKB,3551,hsa04930
INS,3630,hsa04930
INSR,3643,hsa04930
PDX1,3651,hsa04930
IRS1,3667,hsa04930
KCNJ11,3767,hsa04930
PIK3CA,5290,hsa04930
PIK3R1,5295,hsa04930
PRKCE,5581,hsa04930
PRKCZ,5590,hsa04930
MAPK3,5595,hsa04930
MAPK8,5599,hsa04930
SLC2A2,6514,hsa04930
SLC2A4,6517,hsa04930
ABCC8,6833,hsa04930
TNF,7124,hsa04930
CACNA1C,775,hsa04930
CACNA1D,776,hsa04930
IRS2,8660,hsa04930
SOCS2,8835,hsa04930
SOCS3,9021,hsa04930
ADIPOQ,9370,hsa04930
AKT3,10000,hsa04931
NR1H3,10062,hsa04931
CREB3,10488,hsa04931
PPARGC1A,10891,hsa04931
SLC27A4,10999,hsa04931
CPT1A,1374,hsa04931
CREB1,1385,hsa04931
AGT,183,hsa04931
AKT1,207,hsa04931
AKT2,208,hsa04931
FOXO1,2308,hsa04931
MTOR,2475,hsa04931
GSK3B,2932,hsa04931
GYS2,2998,hsa04931
ACACB,32,hsa04931
IKBKB,3551,hsa04931
IL6,3569,hsa04931
INS,3630,hsa04931
INSR,3643,hsa04931
IRS1,3667,hsa04931
NFKB1,4790,hsa04931
NFKBIA,4792,hsa04931
NOS3,4846,hsa04931
MLXIPL,51085,hsa04931
PIK3CA,5290,hsa04931
PIK3R1,5295,hsa04931
PRKAG3,53632,hsa04931
PPARA,5465,hsa04931
PPP1CB,5500,hsa04931
PPP1R3A,5506,hsa04931
PPP1R3C,5507,hsa04931
PRKAA1,5562,hsa04931
PRKAA2,5563,hsa04931
PRKAB1,5564,hsa04931
PRKCB,5579,hsa04931
PRKCE,5581,hsa04931
PRKCZ,5590,hsa04931
MAPK8,5599,hsa04931
PTEN,5728,hsa04931
PTPN1,5770,hsa04931
G6PC2,57818,hsa04931
RPS6KA1,6195,hsa04931
RPS6KB1,6198,hsa04931
SLC2A2,6514,hsa04931
SLC2A4,6517,hsa04931
SREBF1,6720,hsa04931
STAT3,6774,hsa04931
MLX,6945,hsa04931
TNF,7124,hsa04931
PPP1R3B,79660,hsa04931
IRS2,8660,hsa04931
SOCS3,9021,hsa04931
CD36,948,hsa04931
TBC1D4,9882,hsa04931
AKT3,10000,hsa04932
BCL2L11,10018,hsa04932
NR1H3,10062,hsa04932
CEBPA,1050,hsa04932
NDUFA11,126328,hsa04932
CYP2E1,1571,hsa04932
AKT1,207,hsa04932
AKT2,208,hsa04932
ERN1,2081,hsa04932
FOS,2353,hsa04932
GSK3B,2932,hsa04932
FAS,355,hsa04932
IKBKB,3551,hsa04932
IL1A,3552,hsa04932
IL1B,3553,hsa04932
IL6,3569,hsa04932
IL6R,3570,hsa04932
CXCL8,3576,hsa04932
INS,3630,hsa04932
INSR,3643,hsa04932
IRS1,3667,hsa04932
JUN,3725,hsa04932
NDUFS7,374291,hsa04932
LEP,3952,hsa04932
LEPR,3953,hsa04932
MAP3K5,4217,hsa04932
MT-CYB,4519,hsa04932
NDUFA1,4694,hsa04932
NDUFA2,4695,hsa04932
NDUFA3,4696,hsa04932
COXFA4,4697,hsa04932
NDUFA5,4698,hsa04932
NDUFA6,4700,hsa04932
NDUFA7,4701,hsa04932
NDUFA8,4702,hsa04932
NDUFA9,4704,hsa04932
NDUFA10,4705,hsa04932
NDUFAB1,4706,hsa04932
NDUFB1,4707,hsa04932
NDUFB2,4708,hsa04932
NDUFB3,4709,hsa04932
NDUFB4,4710,hsa04932
NDUFB5,4711,hsa04932
NDUFB6,4712,hsa04932
NDUFB7,4713,hsa04932
NDUFB8,4714,hsa04932
NDUFB9,4715,hsa04932
NDUFB10,4716,hsa04932
NDUFC1,4717,hsa04932
NDUFC2,4718,hsa04932
NDUFS1,4719,hsa04932
NDUFS2,4720,hsa04932
NDUFS3,4722,hsa04932
NDUFV1,4723,hsa04932
NDUFS4,4724,hsa04932
NDUFS5,4725,hsa04932
NDUFS6,4726,hsa04932
NDUFS8,4728,hsa04932
NDUFV2,4729,hsa04932
NDUFV3,4731,hsa04932
NFKB1,4790,hsa04932
NDUFA13,51079,hsa04932
MLXIPL,51085,hsa04932
ADIPOR1,51094,hsa04932
PIK3CA,5290,hsa04932
PIK3R1,5295,hsa04932
PRKAG3,53632,hsa04932
NDUFB11,54539,hsa04932
PPARA,5465,hsa04932
PPARG,5468,hsa04932
PRKAA1,5562,hsa04932
PRKAA2,5563,hsa04932
PRKAB1,5564,hsa04932
NDUFA12,55967,hsa04932
MAPK8,5599,hsa04932
COXFA4L2,56901,hsa04932
BAX,581,hsa04932
RXRA,6256,hsa04932
SREBF1,6720,hsa04932
MLX,6945,hsa04932
TGFB1,7040,hsa04932
TNF,7124,hsa04932
CASP3,836,hsa04932
ITCH,83737,hsa04932
CASP7,840,hsa04932
CASP8,841,hsa04932
IRS2,8660,hsa04932
SOCS3,9021,hsa04932
ADIPOQ,9370,hsa04932
AKT3,10000,hsa04933
CDKN1B,1027,hsa04933
CYBB,1536,hsa04933
AGER,177,hsa04933
AGT,183,hsa04933
AGTR1,185,hsa04933
EGR1,1958,hsa04933
AKT1,207,hsa04933
AKT2,208,hsa04933
FOXO1,2308,hsa04933
ICAM1,3383,hsa04933
IL1A,3552,hsa04933
IL1B,3553,hsa04933
IL6,3569,hsa04933
CXCL8,3576,hsa04933
JUN,3725,hsa04933
SMAD3,4088,hsa04933
MMP2,4313,hsa04933
NFATC1,4772,hsa04933
NFKB1,4790,hsa04933
NOS3,4846,hsa04933
SERPINE1,5054,hsa04933
PIK3CA,5290,hsa04933
PIK3R1,5295,hsa04933
PLCB3,5331,hsa04933
PLCG1,5335,hsa04933
PLCG2,5336,hsa04933
PRKCB,5579,hsa04933
PRKCE,5581,hsa04933
PRKCZ,5590,hsa04933
MAPK3,5595,hsa04933
MAPK8,5599,hsa04933
BAX,581,hsa04933
CCND1,595,hsa04933
BCL2,596,hsa04933
CCL2,6347,hsa04933
STAT3,6774,hsa04933
TGFB1,7040,hsa04933
TNF,7124,hsa04933
VEGFA,7422,hsa04933
VEGFB,7423,hsa04933
CASP3,836,hsa04933
CDKN1A,1026,hsa04934
CDKN1B,1027,hsa04934
CDKN2A,1029,hsa04934
CDKN2B,1030,hsa04934
CDKN2C,1031,hsa04934
CREB3,10488,hsa04934
ADCY1,107,hsa04934
ADCY3,109,hsa04934
ADCY5,111,hsa04934
ADCY9,115,hsa04934
CREB1,1385,hsa04934
CRHR1,1394,hsa04934
CRHR2,1395,hsa04934
CTNNB1,1499,hsa04934
CYP11A1,1583,hsa04934
CYP11B1,1584,hsa04934
CYP17A1,1586,hsa04934
AGT,183,hsa04934
AGTR1,185,hsa04934
E2F1,1869,hsa04934
E2F3,1871,hsa04934
EGFR,1956,hsa04934
AHR,196,hsa04934
GNAI1,2770,hsa04934
GNAQ,2776,hsa04934
GNAS,2778,hsa04934
GSK3B,2932,hsa04934
KCNK3,3777,hsa04934
LDLR,3949,hsa04934
PDE8A,5151,hsa04934
PLCB3,5331,hsa04934
POMC,5443,hsa04934
MAPK3,5595,hsa04934
MAP2K1,5604,hsa04934
RB1,5925,hsa04934
RBBP5,5929,hsa04934
CCND1,595,hsa04934
BRAF,673,hsa04934
TCF7L2,6934,hsa04934
WNT5A,7474,hsa04934
WNT6,7475,hsa04934
WNT7B,7477,hsa04934
WNT8A,7478,hsa04934
WNT9B,7484,hsa04934
CACNA1C,775,hsa04934
CACNA1D,776,hsa04934
CACNA1F,778,hsa04934
CACNA1S,779,hsa04934
FZD5,7855,hsa04934
CAMK2B,816,hsa04934
CAMK2G,818,hsa04934
FZD4,8322,hsa04934
TCF7L1,83439,hsa04934
PDE8B,8622,hsa04934
CACNA1H,8912,hsa04934
CCNE1,898,hsa04934
CCNE2,9134,hsa04934
SCARB1,949,hsa04934
AKT3,10000,hsa04935
CREB3,10488,hsa04935
ADCY1,107,hsa04935
ADCY3,109,hsa04935
ADCY5,111,hsa04935
MRAP2,112609,hsa04935
ADCY9,115,hsa04935
CREB1,1385,hsa04935
CREBBP,1387,hsa04935
EP300,2033,hsa04935
AKT1,207,hsa04935
AKT2,208,hsa04935
FOS,2353,hsa04935
MTOR,2475,hsa04935
GH1,2688,hsa04935
GHR,2690,hsa04935
GHRHR,2692,hsa04935
GNAI1,2770,hsa04935
GNAQ,2776,hsa04935
GNAS,2778,hsa04935
GSK3B,2932,hsa04935
IGF1,3479,hsa04935
IGFBP3,3486,hsa04935
IRS1,3667,hsa04935
MAP3K1,4214,hsa04935
GHRL,51738,hsa04935
PIK3CA,5290,hsa04935
PIK3R1,5295,hsa04935
PLCB3,5331,hsa04935
PLCG1,5335,hsa04935
PLCG2,5336,hsa04935
POU1F1,5449,hsa04935
PRKCB,5579,hsa04935
MAPK3,5595,hsa04935
MAPK8,5599,hsa04935
MAP2K1,5604,hsa04935
SOS1,6654,hsa04935
SOS2,6655,hsa04935
SST,6750,hsa04935
SSTR1,6751,hsa04935
SSTR5,6755,hsa04935
STAT3,6774,hsa04935
CACNA1C,775,hsa04935
CACNA1D,776,hsa04935
CACNA1F,778,hsa04935
CACNA1S,779,hsa04935
IRS2,8660,hsa04935
SOCS2,8835,hsa04935
SOCS3,9021,hsa04935
AKT3,10000,hsa04936
CAMKK2,10645,hsa04936
PPARGC1A,10891,hsa04936
CHUK,1147,hsa04936
ADH1B,125,hsa04936
CPT1A,1374,hsa04936
CTNNB1,1499,hsa04936
CYP2E1,1571,hsa04936
AKT1,207,hsa04936
AKT2,208,hsa04936
FABP1,2168,hsa04936
ALDH2,217,hsa04936
FASN,2194,hsa04936
FOXO1,2308,hsa04936
FOXO3,2309,hsa04936
SIRT1,23411,hsa04936
CXCL1,2919,hsa04936
GSK3B,2932,hsa04936
ACACA,31,hsa04936
ACACB,32,hsa04936
FAS,355,hsa04936
IKBKB,3551,hsa04936
IL1B,3553,hsa04936
IL6,3569,hsa04936
CXCL8,3576,hsa04936
IL12B,3593,hsa04936
IL17A,3605,hsa04936
IRF3,3661,hsa04936
LBP,3929,hsa04936
MAP3K5,4217,hsa04936
NFKB1,4790,hsa04936
NFKBIA,4792,hsa04936
ACOX1,51,hsa04936
ADIPOR1,51094,hsa04936
PRKAG3,53632,hsa04936
PPARA,5465,hsa04936
PRKAA1,5562,hsa04936
PRKAA2,5563,hsa04936
PRKAB1,5564,hsa04936
MAPK8,5599,hsa04936
MAP2K7,5609,hsa04936
CCND1,595,hsa04936
SCD,6319,hsa04936
TRA2B,6434,hsa04936
SREBF1,6720,hsa04936
TCF7L2,6934,hsa04936
TLR4,7099,hsa04936
TNF,7124,hsa04936
C3,718,hsa04936
TRAF3,7187,hsa04936
SCD5,79966,hsa04936
TCF7L1,83439,hsa04936
CASP3,836,hsa04936
CASP8,841,hsa04936
CD14,929,hsa04936
ADIPOQ,9370,hsa04936
IKBKE,9641,hsa04936
GAD1,2571,hsa04940
GAD2,2572,hsa04940
IFNG,3458,hsa04940
FAS,355,hsa04940
IL1A,3552,hsa04940
IL1B,3553,hsa04940
IL12B,3593,hsa04940
INS,3630,hsa04940
PTPRN,5798,hsa04940
TNF,7124,hsa04940
RFX6,222546,hsa04950
NR5A2,2494,hsa04950
GCK,2645,hsa04950
HHEX,3087,hsa04950
MNX1,3110,hsa04950
FOXA2,3170,hsa04950
HNF4A,3172,hsa04950
HNF4G,3174,hsa04950
ONECUT1,3175,hsa04950
IAPP,3375,hsa04950
INS,3630,hsa04950
PDX1,3651,hsa04950
NEUROD1,4760,hsa04950
NKX2-2,4821,hsa04950
NKX6-1,4825,hsa04950
NEUROG3,50674,hsa04950
PAX4,5078,hsa04950
SLC2A2,6514,hsa04950
HNF1A,6927,hsa04950
HNF1B,6928,hsa04950
IGF1,3479,hsa04960
INS,3630,hsa04960
INSR,3643,hsa04960
IRS1,3667,hsa04960
NR3C2,4306,hsa04960
ATP1A2,477,hsa04960
ATP1B2,482,hsa04960
FXYD2,486,hsa04960
PIK3CA,5290,hsa04960
PIK3R1,5295,hsa04960
PRKCB,5579,hsa04960
MAPK3,5595,hsa04960
SCNN1B,6338,hsa04960
SGK1,6446,hsa04960
ADCY9,115,hsa04961
DNM1,1759,hsa04961
ESR1,2099,hsa04961
DNM3,26052,hsa04961
GNAQ,2776,hsa04961
GNAS,2778,hsa04961
ATP1A2,477,hsa04961
ATP1B2,482,hsa04961
FXYD2,486,hsa04961
ATP2B1,490,hsa04961
ATP2B3,492,hsa04961
PLCB3,5331,hsa04961
PRKCB,5579,hsa04961
PTH,5741,hsa04961
PTH1R,5745,hsa04961
SLC8A1,6546,hsa04961
VDR,7421,hsa04961
KL,9365,hsa04961
CREB3,10488,hsa04962
ADCY3,109,hsa04962
ADCY9,115,hsa04962
CREB1,1385,hsa04962
DYNC1I2,1781,hsa04962
GNAS,2778,hsa04962
AVP,551,hsa04962
RAB5B,5869,hsa04962
DYNC2H1,79659,hsa04962
RAB11B,9230,hsa04962
ATP1A2,477,hsa04964
ATP1B2,482,hsa04964
FXYD2,486,hsa04964
CA2,760,hsa04964
CA4,762,hsa04964
ATP6V1G3,127124,hsa04966
ATP4A,495,hsa04966
ATP4B,496,hsa04966
SLC4A1,6521,hsa04966
CA2,760,hsa04966
ADCY1,107,hsa04970
ADCY3,109,hsa04970
ADCY5,111,hsa04970
ADCY9,115,hsa04970
ADRA1D,146,hsa04970
ADRA1B,147,hsa04970
CST3,1471,hsa04970
ADRA1A,148,hsa04970
ADRB1,153,hsa04970
ADRB2,154,hsa04970
ADRB3,155,hsa04970
GNAQ,2776,hsa04970
GNAS,2778,hsa04970
AMY2A,279,hsa04970
GUCY1A2,2977,hsa04970
GUCY1A1,2982,hsa04970
GUCY1B1,2983,hsa04970
KCNMA1,3778,hsa04970
ATP1A2,477,hsa04970
ATP1B2,482,hsa04970
NOS1,4842,hsa04970
FXYD2,486,hsa04970
ATP2B1,490,hsa04970
ATP2B3,492,hsa04970
PLCB3,5331,hsa04970
PRKCB,5579,hsa04970
PRKG1,5592,hsa04970
SLC12A2,6558,hsa04970
ADCY1,107,hsa04971
CFTR,1080,hsa04971
ADCY3,109,hsa04971
ADCY5,111,hsa04971
ADCY9,115,hsa04971
GAST,2520,hsa04971
GNAI1,2770,hsa04971
GNAQ,2776,hsa04971
GNAS,2778,hsa04971
KCNJ2,3759,hsa04971
KCNQ1,3784,hsa04971
ATP1A2,477,hsa04971
ATP1B2,482,hsa04971
ATP4A,495,hsa04971
ATP4B,496,hsa04971
PLCB3,5331,hsa04971
PRKCB,5579,hsa04971
SST,6750,hsa04971
CA2,760,hsa04971
CAMK2B,816,hsa04971
CAMK2G,818,hsa04971
CEL,1056,hsa04972
ADCY1,107,hsa04972
CFTR,1080,hsa04972
ADCY3,109,hsa04972
ADCY5,111,hsa04972
ADCY9,115,hsa04972
CPA1,1357,hsa04972
CPB2,1361,hsa04972
CTRB1,1504,hsa04972
TPCN2,219931,hsa04972
GNAQ,2776,hsa04972
GNAS,2778,hsa04972
AMY2A,279,hsa04972
KCNMA1,3778,hsa04972
KCNQ1,3784,hsa04972
CTRB2,440387,hsa04972
ATP1A2,477,hsa04972
ATP1B2,482,hsa04972
FXYD2,486,hsa04972
ATP2A1,487,hsa04972
ATP2A2,488,hsa04972
ATP2A3,489,hsa04972
ATP2B1,490,hsa04972
ATP2B3,492,hsa04972
PLCB3,5331,hsa04972
PNLIP,5406,hsa04972
PRKCB,5579,hsa04972
PRSS3,5646,hsa04972
RAB27B,5874,hsa04972
RYR2,6262,hsa04972
SCT,6343,hsa04972
SCTR,6344,hsa04972
PLA2G2F,64600,hsa04972
SLC12A2,6558,hsa04972
TRPC1,7220,hsa04972
CA2,760,hsa04972
PLA2G10,8399,hsa04972
CCK,885,hsa04972
AKT3,10000,hsa04973
AKT1,207,hsa04973
AKT2,208,hsa04973
AMY2A,279,hsa04973
HK1,3098,hsa04973
LCT,3938,hsa04973
ATP1A2,477,hsa04973
ATP1B2,482,hsa04973
FXYD2,486,hsa04973
PIK3CA,5290,hsa04973
PIK3R1,5295,hsa04973
PLCB3,5331,hsa04973
PRKCB,5579,hsa04973
G6PC2,57818,hsa04973
SI,6476,hsa04973
SLC2A2,6514,hsa04973
SLC5A1,6523,hsa04973
CACNA1D,776,hsa04973
MGAM,8972,hsa04973
MGAM2,93432,hsa04973
COL11A1,1301,hsa04974
COL13A1,1305,hsa04974
COL16A1,1307,hsa04974
CPA1,1357,hsa04974
CPB2,1361,hsa04974
CTRB1,1504,hsa04974
DPP4,1803,hsa04974
KCNQ1,3784,hsa04974
MEP1B,4225,hsa04974
MME,4311,hsa04974
CTRB2,440387,hsa04974
ATP1A2,477,hsa04974
ATP1B2,482,hsa04974
FXYD2,486,hsa04974
PRSS3,5646,hsa04974
ACE2,59272,hsa04974
SLC8A1,6546,hsa04974
SLC15A1,6564,hsa04974
COL14A1,7373,hsa04974
COL21A1,81578,hsa04974
COL25A1,84570,hsa04974
COL27A1,85301,hsa04974
SLC7A7,9056,hsa04974
CEL,1056,hsa04975
SLC27A4,10999,hsa04975
ABCA1,19,hsa04975
FABP1,2168,hsa04975
FABP2,2169,hsa04975
NPC1L1,29881,hsa04975
APOA1,335,hsa04975
APOA4,337,hsa04975
APOB,338,hsa04975
MTTP,4547,hsa04975
PNLIP,5406,hsa04975
PLA2G2F,64600,hsa04975
MOGAT2,80168,hsa04975
PLA2G10,8399,hsa04975
DGAT2,84649,hsa04975
LIPF,8513,hsa04975
CD36,948,hsa04975
SCARB1,949,hsa04975
ADCY1,107,hsa04976
CFTR,1080,hsa04976
ADCY3,109,hsa04976
ADCY5,111,hsa04976
ADCY9,115,hsa04976
SLC51B,123264,hsa04976
GNAS,2778,hsa04976
HMGCR,3156,hsa04976
LDLR,3949,hsa04976
ATP1A2,477,hsa04976
ATP1B2,482,hsa04976
FXYD2,486,hsa04976
UGT1A1,54658,hsa04976
RXRA,6256,hsa04976
SCT,6343,hsa04976
SCTR,6344,hsa04976
SLC5A1,6523,hsa04976
SLC10A2,6555,hsa04976
CA2,760,hsa04976
NR0B2,8431,hsa04976
ABCG2,9429,hsa04976
SCARB1,949,hsa04976
NR1H4,9971,hsa04976
FOLH1,2346,hsa04977
APOA1,335,hsa04977
APOA4,337,hsa04977
APOB,338,hsa04977
PNLIP,5406,hsa04977
SCARB1,949,hsa04977
SLC26A9,115019,hsa04978
CLCN2,1181,hsa04978
STEAP2,261729,hsa04978
STEAP1,26872,hsa04978
HMOX1,3162,hsa04978
ATP1A2,477,hsa04978
ATP1B2,482,hsa04978
FXYD2,486,hsa04978
ATP2B1,490,hsa04978
ATP2B3,492,hsa04978
SLC5A1,6523,hsa04978
SLC8A1,6546,hsa04978
VDR,7421,hsa04978
SLC30A1,7779,hsa04978
NPC2,10577,hsa04979
CETP,1071,hsa04979
ABCA1,19,hsa04979
PCSK9,255738,hsa04979
ANGPTL3,27329,hsa04979
APOA1,335,hsa04979
APOA4,337,hsa04979
APOB,338,hsa04979
APOC1,341,hsa04979
APOC2,344,hsa04979
APOC3,345,hsa04979
APOE,348,hsa04979
LDLR,3949,hsa04979
LIPC,3990,hsa04979
LPA,4018,hsa04979
LPL,4023,hsa04979
NPC1,4864,hsa04979
ANGPTL4,51129,hsa04979
ANGPTL8,55908,hsa04979
SORT1,6272,hsa04979
VAPB,9217,hsa04979
LIPG,9388,hsa04979
CD36,948,hsa04979
SCARB1,949,hsa04979
MMADHC,27249,hsa04980
MMAB,326625,hsa04980
CD320,51293,hsa04980
ZNF76,7629,hsa04980
ABCC5,10057,hsa04981
DHFR2,200895,hsa04981
FOLH1,2346,hsa04981
MTHFR,4524,hsa04981
BHMT,635,hsa04981
ABCG2,9429,hsa04981
AKT3,10000,hsa05010
FRAT1,10023,hsa05010
CASP12,100506742,hsa05010
PPIF,10105,hsa05010
CDK5,1020,hsa05010
TUBA1B,10376,hsa05010
TUBB3,10381,hsa05010
TUBB4A,10382,hsa05010
TUBB4B,10383,hsa05010
TUBA3E,112714,hsa05010
CHUK,1147,hsa05010
NDUFA11,126328,hsa05010
CSF1,1435,hsa05010
CTNNB1,1499,hsa05010
CYBB,1536,hsa05010
AGER,177,hsa05010
SLC39A11,201266,hsa05010
TUBB,203068,hsa05010
AKT1,207,hsa05010
AKT2,208,hsa05010
ERN1,2081,hsa05010
FRAT2,23401,hsa05010
SLC39A14,23516,hsa05010
MTOR,2475,hsa05010
BACE2,25825,hsa05010
GNAQ,2776,hsa05010
GRIN1,2902,hsa05010
GRIN2A,2903,hsa05010
GRIN2B,2904,hsa05010
GRIN2C,2905,hsa05010
GRIN2D,2906,hsa05010
GRM5,2915,hsa05010
GSK3B,2932,hsa05010
NRBF2,29982,hsa05010
HSD17B10,3028,hsa05010
IDE,3416,hsa05010
TUBB8,347688,hsa05010
TUBB2B,347733,hsa05010
APOE,348,hsa05010
APP,351,hsa05010
FAS,355,hsa05010
IKBKB,3551,hsa05010
IL1A,3552,hsa05010
IL1B,3553,hsa05010
IL6,3569,hsa05010
INS,3630,hsa05010
INSR,3643,hsa05010
IRS1,3667,hsa05010
NDUFS7,374291,hsa05010
KIF5C,3800,hsa05010
LPL,4023,hsa05010
LRP5,4041,hsa05010
MAPT,4137,hsa05010
MAP3K5,4217,hsa05010
MME,4311,hsa05010
MT-CYB,4519,hsa05010
MT-ND1,4535,hsa05010
MT-ND2,4536,hsa05010
MT-ND3,4537,hsa05010
MT-ND4,4538,hsa05010
MT-ND4L,4539,hsa05010
MT-ND5,4540,hsa05010
MT-ND6,4541,hsa05010
NDUFA1,4694,hsa05010
NDUFA2,4695,hsa05010
NDUFA3,4696,hsa05010
COXFA4,4697,hsa05010
NDUFA5,4698,hsa05010
NDUFA6,4700,hsa05010
NDUFA7,4701,hsa05010
NDUFA8,4702,hsa05010
NDUFA9,4704,hsa05010
NDUFA10,4705,hsa05010
NDUFAB1,4706,hsa05010
NDUFB1,4707,hsa05010
NDUFB2,4708,hsa05010
NDUFB3,4709,hsa05010
NDUFB4,4710,hsa05010
NDUFB5,4711,hsa05010
NDUFB6,4712,hsa05010
NDUFB7,4713,hsa05010
NDUFB8,4714,hsa05010
NDUFB9,4715,hsa05010
NDUFB10,4716,hsa05010
NDUFC1,4717,hsa05010
NDUFC2,4718,hsa05010
NDUFS1,4719,hsa05010
NDUFS2,4720,hsa05010
NDUFS3,4722,hsa05010
NDUFV1,4723,hsa05010
NDUFS4,4724,hsa05010
NDUFS5,4725,hsa05010
NDUFS6,4726,hsa05010
NDUFS8,4728,hsa05010
NDUFV2,4729,hsa05010
NDUFV3,4731,hsa05010
NFKB1,4790,hsa05010
NOS1,4842,hsa05010
NOS2,4843,hsa05010
ATP2A1,487,hsa05010
ATP2A2,488,hsa05010
ATP2A3,489,hsa05010
NDUFA13,51079,hsa05010
ATP5F1D,513,hsa05010
ATP5F1E,514,hsa05010
ATP5MC1,516,hsa05010
PIK3C3,5289,hsa05010
PIK3CA,5290,hsa05010
PIK3R1,5295,hsa05010
PLCB3,5331,hsa05010
NDUFB11,54539,hsa05010
WIPI1,55062,hsa05010
PPP3CA,5530,hsa05010
MAPK3,5595,hsa05010
NDUFA12,55967,hsa05010
MAPK8,5599,hsa05010
MAP2K1,5604,hsa05010
MAP2K7,5609,hsa05010
PSMA1,5682,hsa05010
PSMA3,5684,hsa05010
COXFA4L2,56901,hsa05010
RTN4,57142,hsa05010
SLC39A10,57181,hsa05010
PTGS2,5743,hsa05010
SLC39A8,64116,hsa05010
BRAF,673,hsa05010
TNF,7124,hsa05010
TUBA4A,7277,hsa05010
TUBA3C,7278,hsa05010
TUBB2A,7280,hsa05010
WNT5A,7474,hsa05010
WNT6,7475,hsa05010
WNT7B,7477,hsa05010
WNT8A,7478,hsa05010
WNT9B,7484,hsa05010
CACNA1C,775,hsa05010
CACNA1D,776,hsa05010
CACNA1F,778,hsa05010
CACNA1S,779,hsa05010
TUBA1A,7846,hsa05010
FZD5,7855,hsa05010
SEM1,7979,hsa05010
TUBB1,81027,hsa05010
FZD4,8322,hsa05010
CASP3,836,hsa05010
CASP7,840,hsa05010
CASP8,841,hsa05010
CASP9,842,hsa05010
TUBB6,84617,hsa05010
TUBA1C,84790,hsa05010
IRS2,8660,hsa05010
MCU,90550,hsa05010
SLC39A13,91252,hsa05010
PSMD6,9861,hsa05010
PPIF,10105,hsa05012
TUBA1B,10376,hsa05012
TUBB3,10381,hsa05012
TUBB4A,10382,hsa05012
TUBB4B,10383,hsa05012
ADCY5,111,hsa05012
TUBA3E,112714,hsa05012
LRRK2,120892,hsa05012
NDUFA11,126328,hsa05012
ADORA2A,135,hsa05012
DRD2,1813,hsa05012
DUSP1,1843,hsa05012
SLC39A11,201266,hsa05012
TUBB,203068,hsa05012
ERN1,2081,hsa05012
SLC39A14,23516,hsa05012
GNAI1,2770,hsa05012
GNAS,2778,hsa05012
HSPA5,3309,hsa05012
TUBB8,347688,hsa05012
TUBB2B,347733,hsa05012
NDUFS7,374291,hsa05012
KIF5C,3800,hsa05012
MAPT,4137,hsa05012
MAP3K5,4217,hsa05012
MT-CYB,4519,hsa05012
MT-ND1,4535,hsa05012
MT-ND2,4536,hsa05012
MT-ND3,4537,hsa05012
MT-ND4,4538,hsa05012
MT-ND4L,4539,hsa05012
MT-ND5,4540,hsa05012
MT-ND6,4541,hsa05012
NDUFA1,4694,hsa05012
NDUFA2,4695,hsa05012
NDUFA3,4696,hsa05012
COXFA4,4697,hsa05012
NDUFA5,4698,hsa05012
NDUFA6,4700,hsa05012
NDUFA7,4701,hsa05012
NDUFA8,4702,hsa05012
NDUFA9,4704,hsa05012
NDUFA10,4705,hsa05012
NDUFAB1,4706,hsa05012
NDUFB1,4707,hsa05012
NDUFB2,4708,hsa05012
NDUFB3,4709,hsa05012
NDUFB4,4710,hsa05012
NDUFB5,4711,hsa05012
NDUFB6,4712,hsa05012
NDUFB7,4713,hsa05012
NDUFB8,4714,hsa05012
NDUFB9,4715,hsa05012
NDUFB10,4716,hsa05012
NDUFC1,4717,hsa05012
NDUFC2,4718,hsa05012
NDUFS1,4719,hsa05012
NDUFS2,4720,hsa05012
NDUFS3,4722,hsa05012
NDUFV1,4723,hsa05012
NDUFS4,4724,hsa05012
NDUFS5,4725,hsa05012
NDUFS6,4726,hsa05012
NDUFS8,4728,hsa05012
NDUFV2,4729,hsa05012
NDUFV3,4731,hsa05012
NFE2L2,4780,hsa05012
PRKN,5071,hsa05012
NDUFA13,51079,hsa05012
ATP5F1D,513,hsa05012
ATP5F1E,514,hsa05012
ATP5MC1,516,hsa05012
PLCG1,5335,hsa05012
NDUFB11,54539,hsa05012
NDUFA12,55967,hsa05012
MAPK8,5599,hsa05012
PSMA1,5682,hsa05012
PSMA3,5684,hsa05012
COXFA4L2,56901,hsa05012
SLC39A10,57181,hsa05012
BAX,581,hsa05012
SLC39A8,64116,hsa05012
SLC6A3,6531,hsa05012
SLC18A2,6571,hsa05012
SOD1,6647,hsa05012
TH,7054,hsa05012
TP53,7157,hsa05012
TUBA4A,7277,hsa05012
TUBA3C,7278,hsa05012
TUBB2A,7280,hsa05012
UBB,7314,hsa05012
TUBA1A,7846,hsa05012
SEM1,7979,hsa05012
TUBB1,81027,hsa05012
CAMK2B,816,hsa05012
CAMK2G,818,hsa05012
CASP3,836,hsa05012
CASP9,842,hsa05012
TUBB6,84617,hsa05012
TUBA1C,84790,hsa05012
MCU,90550,hsa05012
SLC39A13,91252,hsa05012
KEAP1,9817,hsa05012
PSMD6,9861,hsa05012
TANK,10010,hsa05014
POM121C,100101267,hsa05014
HDAC6,10013,hsa05014
CASP12,100506742,hsa05014
SIGMAR1,10280,hsa05014
TUBA1B,10376,hsa05014
TUBB3,10381,hsa05014
TUBB4A,10382,hsa05014
TUBB4B,10383,hsa05014
TUBA3E,112714,hsa05014
NDUFA11,126328,hsa05014
NRG4,145957,hsa05014
DNAH8,1769,hsa05014
DNAH10,196385,hsa05014
DNAH12,201625,hsa05014
TUBB,203068,hsa05014
C9orf72,203228,hsa05014
ERBB4,2066,hsa05014
ERN1,2081,hsa05014
NUP160,23279,hsa05014
MTOR,2475,hsa05014
CHMP2B,25978,hsa05014
GRIA1,2890,hsa05014
GRIA2,2891,hsa05014
GRIN1,2902,hsa05014
GRIN2A,2903,hsa05014
GRIN2B,2904,hsa05014
GRIN2C,2905,hsa05014
GRIN2D,2906,hsa05014
NRBF2,29982,hsa05014
NRG1,3084,hsa05014
HSPA5,3309,hsa05014
TUBB8,347688,hsa05014
TUBB2B,347733,hsa05014
NDUFS7,374291,hsa05014
KIF5C,3800,hsa05014
MAP3K5,4217,hsa05014
MT-CYB,4519,hsa05014
MT-ND1,4535,hsa05014
MT-ND2,4536,hsa05014
MT-ND3,4537,hsa05014
MT-ND4,4538,hsa05014
MT-ND4L,4539,hsa05014
MT-ND5,4540,hsa05014
MT-ND6,4541,hsa05014
NDUFA1,4694,hsa05014
NDUFA2,4695,hsa05014
NDUFA3,4696,hsa05014
COXFA4,4697,hsa05014
NDUFA5,4698,hsa05014
NDUFA6,4700,hsa05014
NDUFA7,4701,hsa05014
NDUFA8,4702,hsa05014
NDUFA9,4704,hsa05014
NDUFA10,4705,hsa05014
NDUFAB1,4706,hsa05014
NDUFB1,4707,hsa05014
NDUFB2,4708,hsa05014
NDUFB3,4709,hsa05014
NDUFB4,4710,hsa05014
NDUFB5,4711,hsa05014
NDUFB6,4712,hsa05014
NDUFB7,4713,hsa05014
NDUFB8,4714,hsa05014
NDUFB9,4715,hsa05014
NDUFB10,4716,hsa05014
NDUFC1,4717,hsa05014
NDUFC2,4718,hsa05014
NDUFS1,4719,hsa05014
NDUFS2,4720,hsa05014
NDUFS3,4722,hsa05014
NDUFV1,4723,hsa05014
NDUFS4,4724,hsa05014
NDUFS5,4725,hsa05014
NDUFS6,4726,hsa05014
NDUFS8,4728,hsa05014
NDUFV2,4729,hsa05014
NDUFV3,4731,hsa05014
NOS1,4842,hsa05014
NOS2,4843,hsa05014
NUP88,4927,hsa05014
PRKN,5071,hsa05014
NDUFA13,51079,hsa05014
ATP5F1D,513,hsa05014
ATP5F1E,514,hsa05014
ATP5MC1,516,hsa05014
PIK3C3,5289,hsa05014
NDUFB11,54539,hsa05014
WIPI1,55062,hsa05014
PPP3CA,5530,hsa05014
NUP133,55746,hsa05014
NDUFA12,55967,hsa05014
DNAH7,56171,hsa05014
PSMA1,5682,hsa05014
PSMA3,5684,hsa05014
COXFA4L2,56901,hsa05014
BAX,581,hsa05014
BCL2,596,hsa05014
SLC1A2,6506,hsa05014
SOD1,6647,hsa05014
TNF,7124,hsa05014
TP53,7157,hsa05014
TUBA4A,7277,hsa05014
TUBA3C,7278,hsa05014
TUBB2A,7280,hsa05014
TUBA1A,7846,hsa05014
SEM1,7979,hsa05014
TUBB1,81027,hsa05014
CASP1,834,hsa05014
CASP3,836,hsa05014
CASP9,842,hsa05014
TUBB6,84617,hsa05014
CAT,847,hsa05014
TUBA1C,84790,hsa05014
DNAH17,8632,hsa05014
SQSTM1,8878,hsa05014
MCU,90550,hsa05014
VAPB,9217,hsa05014
PSMD6,9861,hsa05014
PPIF,10105,hsa05016
TUBA1B,10376,hsa05016
TUBB3,10381,hsa05016
TUBB4A,10382,hsa05016
TUBB4B,10383,hsa05016
CREB3,10488,hsa05016
PPARGC1A,10891,hsa05016
TUBA3E,112714,hsa05016
NDUFA11,126328,hsa05016
CREB1,1385,hsa05016
CREBBP,1387,hsa05016
DNAH8,1769,hsa05016
DNAH10,196385,hsa05016
DNAH12,201625,hsa05016
TUBB,203068,hsa05016
EP300,2033,hsa05016
ERN1,2081,hsa05016
MTOR,2475,hsa05016
SIN3A,25942,hsa05016
GNAQ,2776,hsa05016
GRIA1,2890,hsa05016
GRIA2,2891,hsa05016
GRIA3,2892,hsa05016
GRIA4,2893,hsa05016
GRIN1,2902,hsa05016
GRIN2B,2904,hsa05016
GRM5,2915,hsa05016
NRBF2,29982,hsa05016
HTT,3064,hsa05016
HDAC1,3065,hsa05016
HDAC2,3066,hsa05016
HIP1,3092,hsa05016
TUBB8,347688,hsa05016
TUBB2B,347733,hsa05016
NDUFS7,374291,hsa05016
KIF5C,3800,hsa05016
MAP3K5,4217,hsa05016
MT-CYB,4519,hsa05016
MT-ND1,4535,hsa05016
MT-ND2,4536,hsa05016
MT-ND3,4537,hsa05016
MT-ND4,4538,hsa05016
MT-ND4L,4539,hsa05016
MT-ND5,4540,hsa05016
MT-ND6,4541,hsa05016
NDUFA1,4694,hsa05016
NDUFA2,4695,hsa05016
NDUFA3,4696,hsa05016
COXFA4,4697,hsa05016
NDUFA5,4698,hsa05016
NDUFA6,4700,hsa05016
NDUFA7,4701,hsa05016
NDUFA8,4702,hsa05016
NDUFA9,4704,hsa05016
NDUFA10,4705,hsa05016
NDUFAB1,4706,hsa05016
NDUFB1,4707,hsa05016
NDUFB2,4708,hsa05016
NDUFB3,4709,hsa05016
NDUFB4,4710,hsa05016
NDUFB5,4711,hsa05016
NDUFB6,4712,hsa05016
NDUFB7,4713,hsa05016
NDUFB8,4714,hsa05016
NDUFB9,4715,hsa05016
NDUFB10,4716,hsa05016
NDUFC1,4717,hsa05016
NDUFC2,4718,hsa05016
NDUFS1,4719,hsa05016
NDUFS2,4720,hsa05016
NDUFS3,4722,hsa05016
NDUFV1,4723,hsa05016
NDUFS4,4724,hsa05016
NDUFS5,4725,hsa05016
NDUFS6,4726,hsa05016
NDUFS8,4728,hsa05016
NDUFV2,4729,hsa05016
NDUFV3,4731,hsa05016
NRF1,4899,hsa05016
NDUFA13,51079,hsa05016
ATP5F1D,513,hsa05016
ATP5F1E,514,hsa05016
ATP5MC1,516,hsa05016
PIK3C3,5289,hsa05016
PLCB3,5331,hsa05016
NDUFB11,54539,hsa05016
PPARG,5468,hsa05016
WIPI1,55062,hsa05016
NDUFA12,55967,hsa05016
MAPK8,5599,hsa05016
MAP2K7,5609,hsa05016
DNAH7,56171,hsa05016
PSMA1,5682,hsa05016
PSMA3,5684,hsa05016
COXFA4L2,56901,hsa05016
BAX,581,hsa05016
BDNF,627,hsa05016
SLC1A2,6506,hsa05016
SOD1,6647,hsa05016
TGM2,7052,hsa05016
TP53,7157,hsa05016
TUBA4A,7277,hsa05016
TUBA3C,7278,hsa05016
TUBB2A,7280,hsa05016
UCP1,7350,hsa05016
TUBA1A,7846,hsa05016
SEM1,7979,hsa05016
TUBB1,81027,hsa05016
CASP3,836,hsa05016
CASP8,841,hsa05016
CASP9,842,hsa05016
TUBB6,84617,hsa05016
TUBA1C,84790,hsa05016
DNAH17,8632,hsa05016
PSMD6,9861,hsa05016
AKT3,10000,hsa05017
PPIF,10105,hsa05017
RBPJL,11317,hsa05017
OMA1,115209,hsa05017
GRIN3A,116443,hsa05017
GRIN3B,116444,hsa05017
DAB1,1600,hsa05017
AKT1,207,hsa05017
AKT2,208,hsa05017
ERN1,2081,hsa05017
MTOR,2475,hsa05017
GNAQ,2776,hsa05017
GRIA1,2890,hsa05017
GRIA2,2891,hsa05017
GRIA3,2892,hsa05017
GRIN1,2902,hsa05017
GRIN2A,2903,hsa05017
GRIN2B,2904,hsa05017
GRIN2C,2905,hsa05017
GRIN2D,2906,hsa05017
NRBF2,29982,hsa05017
RBPJ,3516,hsa05017
KCND3,3752,hsa05017
MAP3K5,4217,hsa05017
ATP2A1,487,hsa05017
ATP2A2,488,hsa05017
ATP2A3,489,hsa05017
PIK3C3,5289,hsa05017
PIK3CA,5290,hsa05017
PIK3R1,5295,hsa05017
PLCB3,5331,hsa05017
WIPI1,55062,hsa05017
PRKCB,5579,hsa05017
MAPK8,5599,hsa05017
RELN,5649,hsa05017
PSMA1,5682,hsa05017
PSMA3,5684,hsa05017
RORA,6095,hsa05017
SEM1,7979,hsa05017
MCU,90550,hsa05017
PSMD6,9861,hsa05017
CASP12,100506742,hsa05020
PPIF,10105,hsa05020
TUBA1B,10376,hsa05020
TUBB3,10381,hsa05020
TUBB4A,10382,hsa05020
TUBB4B,10383,hsa05020
CREB3,10488,hsa05020
TUBA3E,112714,hsa05020
GRIN3A,116443,hsa05020
GRIN3B,116444,hsa05020
NDUFA11,126328,hsa05020
CREB1,1385,hsa05020
CYBB,1536,hsa05020
EGR1,1958,hsa05020
TUBB,203068,hsa05020
GRIN1,2902,hsa05020
GRIN2A,2903,hsa05020
GRIN2B,2904,hsa05020
GRIN2C,2905,hsa05020
GRIN2D,2906,hsa05020
GSK3B,2932,hsa05020
HSPA5,3309,hsa05020
TUBB8,347688,hsa05020
TUBB2B,347733,hsa05020
IL1A,3552,hsa05020
IL1B,3553,hsa05020
IL6,3569,hsa05020
NDUFS7,374291,hsa05020
KIF5C,3800,hsa05020
LAMC1,3915,hsa05020
MT-CYB,4519,hsa05020
MT-ND1,4535,hsa05020
MT-ND2,4536,hsa05020
MT-ND3,4537,hsa05020
MT-ND4,4538,hsa05020
MT-ND4L,4539,hsa05020
MT-ND5,4540,hsa05020
MT-ND6,4541,hsa05020
NCAM1,4684,hsa05020
NDUFA1,4694,hsa05020
NDUFA2,4695,hsa05020
NDUFA3,4696,hsa05020
COXFA4,4697,hsa05020
NDUFA5,4698,hsa05020
NDUFA6,4700,hsa05020
NDUFA7,4701,hsa05020
NDUFA8,4702,hsa05020
NDUFA9,4704,hsa05020
NDUFA10,4705,hsa05020
NDUFAB1,4706,hsa05020
NDUFB1,4707,hsa05020
NDUFB2,4708,hsa05020
NDUFB3,4709,hsa05020
NDUFB4,4710,hsa05020
NDUFB5,4711,hsa05020
NDUFB6,4712,hsa05020
NDUFB7,4713,hsa05020
NDUFB8,4714,hsa05020
NDUFB9,4715,hsa05020
NDUFB10,4716,hsa05020
NDUFC1,4717,hsa05020
NDUFC2,4718,hsa05020
NDUFS1,4719,hsa05020
NDUFS2,4720,hsa05020
NDUFS3,4722,hsa05020
NDUFV1,4723,hsa05020
NDUFS4,4724,hsa05020
NDUFS5,4725,hsa05020
NDUFS6,4726,hsa05020
NDUFS8,4728,hsa05020
NDUFV2,4729,hsa05020
NDUFV3,4731,hsa05020
NDUFA13,51079,hsa05020
ATP5F1D,513,hsa05020
ATP5F1E,514,hsa05020
ATP5MC1,516,hsa05020
PIK3CA,5290,hsa05020
PIK3R1,5295,hsa05020
NDUFB11,54539,hsa05020
PPP3CA,5530,hsa05020
MAPK3,5595,hsa05020
NDUFA12,55967,hsa05020
MAPK8,5599,hsa05020
PSMA1,5682,hsa05020
PSMA3,5684,hsa05020
COXFA4L2,56901,hsa05020
BAX,581,hsa05020
RYR2,6262,hsa05020
CCL5,6352,hsa05020
NCF1,653361,hsa05020
SOD1,6647,hsa05020
TNF,7124,hsa05020
TUBA4A,7277,hsa05020
TUBA3C,7278,hsa05020
TUBB2A,7280,hsa05020
CACNA1C,775,hsa05020
CACNA1D,776,hsa05020
CACNA1F,778,hsa05020
CACNA1S,779,hsa05020
TUBA1A,7846,hsa05020
SEM1,7979,hsa05020
TUBB1,81027,hsa05020
CASP3,836,hsa05020
CASP9,842,hsa05020
TUBB6,84617,hsa05020
TUBA1C,84790,hsa05020
MCU,90550,hsa05020
PSMD6,9861,hsa05020
TANK,10010,hsa05022
FRAT1,10023,hsa05022
CASP12,100506742,hsa05022
PPIF,10105,hsa05022
CDK5,1020,hsa05022
SIGMAR1,10280,hsa05022
TUBA1B,10376,hsa05022
TUBB3,10381,hsa05022
TUBB4A,10382,hsa05022
TUBB4B,10383,hsa05022
TUBA3E,112714,hsa05022
LRRK2,120892,hsa05022
NDUFA11,126328,hsa05022
CSF1,1435,hsa05022
CTNNB1,1499,hsa05022
CYBB,1536,hsa05022
DNAH8,1769,hsa05022
AGER,177,hsa05022
DNAH10,196385,hsa05022
DNAH12,201625,hsa05022
TUBB,203068,hsa05022
C9orf72,203228,hsa05022
ERN1,2081,hsa05022
FRAT2,23401,hsa05022
MTOR,2475,hsa05022
CHMP2B,25978,hsa05022
GNAQ,2776,hsa05022
GRIA1,2890,hsa05022
GRIA2,2891,hsa05022
GRIA3,2892,hsa05022
GRIA4,2893,hsa05022
GRIN1,2902,hsa05022
GRIN2A,2903,hsa05022
GRIN2B,2904,hsa05022
GRIN2C,2905,hsa05022
GRIN2D,2906,hsa05022
GRM5,2915,hsa05022
GSK3B,2932,hsa05022
NRBF2,29982,hsa05022
HSD17B10,3028,hsa05022
HTT,3064,hsa05022
HIP1,3092,hsa05022
HSPA5,3309,hsa05022
TUBB8,347688,hsa05022
TUBB2B,347733,hsa05022
APP,351,hsa05022
FAS,355,hsa05022
IL1A,3552,hsa05022
IL1B,3553,hsa05022
IL6,3569,hsa05022
NDUFS7,374291,hsa05022
KIF5C,3800,hsa05022
LRP5,4041,hsa05022
MAPT,4137,hsa05022
MAP3K5,4217,hsa05022
MT-CYB,4519,hsa05022
MT-ND1,4535,hsa05022
MT-ND2,4536,hsa05022
MT-ND3,4537,hsa05022
MT-ND4,4538,hsa05022
MT-ND4L,4539,hsa05022
MT-ND5,4540,hsa05022
MT-ND6,4541,hsa05022
NDUFA1,4694,hsa05022
NDUFA2,4695,hsa05022
NDUFA3,4696,hsa05022
COXFA4,4697,hsa05022
NDUFA5,4698,hsa05022
NDUFA6,4700,hsa05022
NDUFA7,4701,hsa05022
NDUFA8,4702,hsa05022
NDUFA9,4704,hsa05022
NDUFA10,4705,hsa05022
NDUFAB1,4706,hsa05022
NDUFB1,4707,hsa05022
NDUFB2,4708,hsa05022
NDUFB3,4709,hsa05022
NDUFB4,4710,hsa05022
NDUFB5,4711,hsa05022
NDUFB6,4712,hsa05022
NDUFB7,4713,hsa05022
NDUFB8,4714,hsa05022
NDUFB9,4715,hsa05022
NDUFB10,4716,hsa05022
NDUFC1,4717,hsa05022
NDUFC2,4718,hsa05022
NDUFS1,4719,hsa05022
NDUFS2,4720,hsa05022
NDUFS3,4722,hsa05022
NDUFV1,4723,hsa05022
NDUFS4,4724,hsa05022
NDUFS5,4725,hsa05022
NDUFS6,4726,hsa05022
NDUFS8,4728,hsa05022
NDUFV2,4729,hsa05022
NDUFV3,4731,hsa05022
NFKB1,4790,hsa05022
NOS1,4842,hsa05022
NOS2,4843,hsa05022
ATP2A1,487,hsa05022
ATP2A2,488,hsa05022
ATP2A3,489,hsa05022
PRKN,5071,hsa05022
NDUFA13,51079,hsa05022
ATP5F1D,513,hsa05022
ATP5F1E,514,hsa05022
ATP5MC1,516,hsa05022
PIK3C3,5289,hsa05022
PLCB3,5331,hsa05022
PLCG1,5335,hsa05022
NDUFB11,54539,hsa05022
WIPI1,55062,hsa05022
PPP3CA,5530,hsa05022
PRKCB,5579,hsa05022
MAPK3,5595,hsa05022
NDUFA12,55967,hsa05022
MAPK8,5599,hsa05022
MAP2K1,5604,hsa05022
MAP2K7,5609,hsa05022
DNAH7,56171,hsa05022
PSMA1,5682,hsa05022
PSMA3,5684,hsa05022
COXFA4L2,56901,hsa05022
PTGS2,5743,hsa05022
BAK1,578,hsa05022
BAX,581,hsa05022
BCL2,596,hsa05022
RYR2,6262,hsa05022
BDNF,627,hsa05022
SLC6A3,6531,hsa05022
SOD1,6647,hsa05022
BRAF,673,hsa05022
TNF,7124,hsa05022
TUBA4A,7277,hsa05022
TUBA3C,7278,hsa05022
TUBB2A,7280,hsa05022
UBB,7314,hsa05022
WNT5A,7474,hsa05022
WNT6,7475,hsa05022
WNT7B,7477,hsa05022
WNT8A,7478,hsa05022
WNT9B,7484,hsa05022
CACNA1C,775,hsa05022
CACNA1D,776,hsa05022
CACNA1F,778,hsa05022
CACNA1S,779,hsa05022
TUBA1A,7846,hsa05022
FZD5,7855,hsa05022
SEM1,7979,hsa05022
TUBB1,81027,hsa05022
CAMK2B,816,hsa05022
CAMK2G,818,hsa05022
FZD4,8322,hsa05022
CASP3,836,hsa05022
CASP7,840,hsa05022
CASP8,841,hsa05022
CASP9,842,hsa05022
TUBB6,84617,hsa05022
CAT,847,hsa05022
TUBA1C,84790,hsa05022
DNAH17,8632,hsa05022
SQSTM1,8878,hsa05022
MCU,90550,hsa05022
VAPB,9217,hsa05022
PSMD6,9861,hsa05022
CDK5,1020,hsa05030
CREB3,10488,hsa05030
ADCY5,111,hsa05030
GRIN3A,116443,hsa05030
GRIN3B,116444,hsa05030
CREB1,1385,hsa05030
DDC,1644,hsa05030
DRD2,1813,hsa05030
FOSB,2354,hsa05030
GPSM1,26086,hsa05030
GNAI1,2770,hsa05030
GNAS,2778,hsa05030
GRIA2,2891,hsa05030
GRIN1,2902,hsa05030
GRIN2A,2903,hsa05030
GRIN2B,2904,hsa05030
GRIN2C,2905,hsa05030
GRIN2D,2906,hsa05030
JUN,3725,hsa05030
NFKB1,4790,hsa05030
BDNF,627,hsa05030
SLC6A3,6531,hsa05030
SLC18A2,6571,hsa05030
TH,7054,hsa05030
CREB3,10488,hsa05031
ADCY5,111,hsa05031
GRIN3A,116443,hsa05031
GRIN3B,116444,hsa05031
CREB1,1385,hsa05031
DDC,1644,hsa05031
ARC,23237,hsa05031
SIRT1,23411,hsa05031
FOS,2353,hsa05031
FOSB,2354,hsa05031
GNAS,2778,hsa05031
GRIA1,2890,hsa05031
GRIA2,2891,hsa05031
GRIA3,2892,hsa05031
GRIA4,2893,hsa05031
GRIN1,2902,hsa05031
GRIN2A,2903,hsa05031
GRIN2B,2904,hsa05031
GRIN2C,2905,hsa05031
GRIN2D,2906,hsa05031
HDAC1,3065,hsa05031
HDAC2,3066,hsa05031
JUN,3725,hsa05031
PPP1CB,5500,hsa05031
PPP3CA,5530,hsa05031
PRKCB,5579,hsa05031
SLC6A3,6531,hsa05031
SLC18A2,6571,hsa05031
TH,7054,hsa05031
CACNA1C,775,hsa05031
CACNA1D,776,hsa05031
CAMK4,814,hsa05031
CAMK2B,816,hsa05031
CAMK2G,818,hsa05031
ADCY1,107,hsa05032
PDE10A,10846,hsa05032
ADCY3,109,hsa05032
ADCY5,111,hsa05032
ADCY9,115,hsa05032
ADORA1,134,hsa05032
SLC32A1,140679,hsa05032
GABRA1,2554,hsa05032
GABRA2,2555,hsa05032
GABRA3,2556,hsa05032
GABRA4,2557,hsa05032
GABRA5,2558,hsa05032
GABRA6,2559,hsa05032
GABRB1,2560,hsa05032
GABRB2,2561,hsa05032
GABRB3,2562,hsa05032
GABRD,2563,hsa05032
GABRE,2564,hsa05032
GABRG1,2565,hsa05032
GABRG2,2566,hsa05032
GABRG3,2567,hsa05032
GABRP,2568,hsa05032
PDE7B,27115,hsa05032
GNAI1,2770,hsa05032
GNAS,2778,hsa05032
GNB1,2782,hsa05032
GNB3,2784,hsa05032
GRK5,2869,hsa05032
KCNJ3,3760,hsa05032
OPRM1,4988,hsa05032
PDE1A,5136,hsa05032
PDE1C,5137,hsa05032
PDE2A,5138,hsa05032
PDE3A,5139,hsa05032
PDE3B,5140,hsa05032
PDE4A,5141,hsa05032
PDE4B,5142,hsa05032
PDE4C,5143,hsa05032
PDE4D,5144,hsa05032
PDE7A,5150,hsa05032
PDE8A,5151,hsa05032
PDE1B,5153,hsa05032
PRKCB,5579,hsa05032
GABRQ,55879,hsa05032
PDE8B,8622,hsa05032
GRIN3A,116443,hsa05033
GRIN3B,116444,hsa05033
SLC32A1,140679,hsa05033
GABRA1,2554,hsa05033
GABRA2,2555,hsa05033
GABRA3,2556,hsa05033
GABRA4,2557,hsa05033
GABRA5,2558,hsa05033
GABRA6,2559,hsa05033
GABRB1,2560,hsa05033
GABRB2,2561,hsa05033
GABRB3,2562,hsa05033
GABRD,2563,hsa05033
GABRE,2564,hsa05033
GABRG1,2565,hsa05033
GABRG2,2566,hsa05033
GABRG3,2567,hsa05033
GABRP,2568,hsa05033
GRIA1,2890,hsa05033
GRIA2,2891,hsa05033
GRIA3,2892,hsa05033
GRIA4,2893,hsa05033
GRIN1,2902,hsa05033
GRIN2A,2903,hsa05033
GRIN2B,2904,hsa05033
GRIN2C,2905,hsa05033
GRIN2D,2906,hsa05033
GABRQ,55879,hsa05033
HDAC6,10013,hsa05034
HDAC5,10014,hsa05034
CREB3,10488,hsa05034
CAMKK2,10645,hsa05034
ADCY5,111,hsa05034
GRIN3A,116443,hsa05034
GRIN3B,116444,hsa05034
ADORA2A,135,hsa05034
ADORA2B,136,hsa05034
CREB1,1385,hsa05034
DDC,1644,hsa05034
DRD2,1813,hsa05034
FOSB,2354,hsa05034
GNAI1,2770,hsa05034
GNAS,2778,hsa05034
GNB1,2782,hsa05034
GNB3,2784,hsa05034
GRIN1,2902,hsa05034
GRIN2A,2903,hsa05034
GRIN2B,2904,hsa05034
GRIN2C,2905,hsa05034
GRIN2D,2906,hsa05034
HDAC1,3065,hsa05034
HDAC2,3066,hsa05034
NPY,4852,hsa05034
NTRK2,4915,hsa05034
HDAC7,51564,hsa05034
PPP1CB,5500,hsa05034
HDAC8,55869,hsa05034
MAPK3,5595,hsa05034
MAP2K1,5604,hsa05034
BDNF,627,hsa05034
SLC6A3,6531,hsa05034
SLC18A2,6571,hsa05034
SOS1,6654,hsa05034
SOS2,6655,hsa05034
BRAF,673,hsa05034
TH,7054,hsa05034
HDAC11,79885,hsa05034
CAMK4,814,hsa05034
HDAC10,83933,hsa05034
HDAC3,8841,hsa05034
HDAC9,9734,hsa05034
HDAC4,9759,hsa05034
ARPC1B,10095,hsa05100
SEPTIN9,10801,hsa05100
CTNNB1,1499,hsa05100
DNM1,1759,hsa05100
SEPTIN8,23176,hsa05100
DNM3,26052,hsa05100
CTNNA3,29119,hsa05100
PIK3CA,5290,hsa05100
PIK3R1,5295,hsa05100
VCL,7414,hsa05100
CDH1,999,hsa05100
CFTR,1080,hsa05110
ADCY3,109,hsa05110
ADCY9,115,hsa05110
ATP6V1G3,127124,hsa05110
GNAS,2778,hsa05110
KCNQ1,3784,hsa05110
PLCG1,5335,hsa05110
PLCG2,5336,hsa05110
SLC12A2,6558,hsa05110
CHUK,1147,hsa05120
ATP6V1G3,127124,hsa05120
HBEGF,1839,hsa05120
EGFR,1956,hsa05120
CXCL1,2919,hsa05120
IKBKB,3551,hsa05120
CXCL8,3576,hsa05120
JUN,3725,hsa05120
LYN,4067,hsa05120
NFKB1,4790,hsa05120
NFKBIA,4792,hsa05120
PLCG1,5335,hsa05120
PLCG2,5336,hsa05120
MAPK8,5599,hsa05120
JAM2,58494,hsa05120
CCL5,6352,hsa05120
CASP3,836,hsa05120
ARPC1B,10095,hsa05130
TUBA1B,10376,hsa05130
TUBB3,10381,hsa05130
TUBB4A,10382,hsa05130
TUBB4B,10383,hsa05130
BAIAP2,10458,hsa05130
TUBA3E,112714,hsa05130
NLRP3,114548,hsa05130
CHUK,1147,hsa05130
TUBB,203068,hsa05130
FOS,2353,hsa05130
ABL1,25,hsa05130
GNA12,2768,hsa05130
TUBB8,347688,hsa05130
TUBB2B,347733,hsa05130
FAS,355,hsa05130
IKBKB,3551,hsa05130
IL1B,3553,hsa05130
IL1R1,3554,hsa05130
IL6,3569,hsa05130
CXCL8,3576,hsa05130
IL18,3606,hsa05130
JUN,3725,hsa05130
MYO1F,4542,hsa05130
MYH9,4627,hsa05130
MYO1E,4643,hsa05130
NCK1,4690,hsa05130
NFKB1,4790,hsa05130
NFKBIA,4792,hsa05130
CLDN11,5010,hsa05130
CLDN18,51208,hsa05130
MYO5C,55930,hsa05130
MAPK3,5595,hsa05130
BAIAP2L1,55971,hsa05130
MAPK8,5599,hsa05130
BAK1,578,hsa05130
BAX,581,hsa05130
ROCK1,6093,hsa05130
TLR4,7099,hsa05130
TNF,7124,hsa05130
TUBA4A,7277,hsa05130
TUBA3C,7278,hsa05130
TUBB2A,7280,hsa05130
TUBA1A,7846,hsa05130
TUBB1,81027,hsa05130
CASP1,834,hsa05130
CASP3,836,hsa05130
CASP4,837,hsa05130
CASP7,840,hsa05130
CASP8,841,hsa05130
CASP9,842,hsa05130
NCK2,8440,hsa05130
TUBB6,84617,hsa05130
TUBA1C,84790,hsa05130
CYTH1,9267,hsa05130
AKT3,10000,hsa05131
ARPC1B,10095,hsa05131
TNIP1,10318,hsa05131
RRAGB,10325,hsa05131
RRAGA,10670,hsa05131
SEPTIN9,10801,hsa05131
NLRP3,114548,hsa05131
CHUK,1147,hsa05131
EGFR,1956,hsa05131
AKT1,207,hsa05131
AKT2,208,hsa05131
FOXO1,2308,hsa05131
FOXO3,2309,hsa05131
SEPTIN8,23176,hsa05131
MTOR,2475,hsa05131
TECPR1,25851,hsa05131
GSK3B,2932,hsa05131
HK1,3098,hsa05131
STING1,340061,hsa05131
IKBKB,3551,hsa05131
IL1B,3553,hsa05131
IL1R1,3554,hsa05131
CXCL8,3576,hsa05131
IL18,3606,hsa05131
IRF3,3661,hsa05131
JUN,3725,hsa05131
MYL2,4633,hsa05131
ATM,472,hsa05131
NFKB1,4790,hsa05131
NFKBIA,4792,hsa05131
PIK3C3,5289,hsa05131
PIK3CA,5290,hsa05131
PIK3R1,5295,hsa05131
PLCB3,5331,hsa05131
PLCG1,5335,hsa05131
PLCG2,5336,hsa05131
ATG16L1,55054,hsa05131
WIPI1,55062,hsa05131
PRKCE,5581,hsa05131
MAPK3,5595,hsa05131
MAPK8,5599,hsa05131
RPTOR,57521,hsa05131
BAX,581,hsa05131
MYL7,58498,hsa05131
BCL2,596,hsa05131
ROCK1,6093,hsa05131
RPS6KB1,6198,hsa05131
CCL5,6352,hsa05131
BNIP3,664,hsa05131
TLR4,7099,hsa05131
TNF,7124,hsa05131
TP53,7157,hsa05131
C3,718,hsa05131
UBB,7314,hsa05131
UBE2D3,7323,hsa05131
VCL,7414,hsa05131
CAST,831,hsa05131
CASP1,834,hsa05131
CASP4,837,hsa05131
ACTN1,87,hsa05131
SQSTM1,8878,hsa05131
BTRC,8945,hsa05131
RPS6KA5,9252,hsa05131
CYTH1,9267,hsa05131
CD14,929,hsa05131
AKT3,10000,hsa05132
ARPC1B,10095,hsa05132
TUBA1B,10376,hsa05132
TUBB3,10381,hsa05132
TUBB4A,10382,hsa05132
TUBB4B,10383,hsa05132
RIPK3,11035,hsa05132
TUBA3E,112714,hsa05132
NLRP3,114548,hsa05132
CHUK,1147,hsa05132
ARL8A,127829,hsa05132
CTNNB1,1499,hsa05132
DYNC1I2,1781,hsa05132
MLKL,197259,hsa05132
TUBB,203068,hsa05132
AKT1,207,hsa05132
AKT2,208,hsa05132
PLEKHM2,23207,hsa05132
FOS,2353,hsa05132
TUBB8,347688,hsa05132
TUBB2B,347733,hsa05132
IKBKB,3551,hsa05132
IL1B,3553,hsa05132
IL6,3569,hsa05132
CXCL8,3576,hsa05132
IL18,3606,hsa05132
JUN,3725,hsa05132
KIF5C,3800,hsa05132
MYC,4609,hsa05132
MYL2,4633,hsa05132
NFKB1,4790,hsa05132
NFKBIA,4792,hsa05132
PIK3C2A,5286,hsa05132
PIK3C2B,5287,hsa05132
PIK3C2G,5288,hsa05132
PIK3C3,5289,hsa05132
PIK3CA,5290,hsa05132
TLR9,54106,hsa05132
PODXL,5420,hsa05132
VPS11,55823,hsa05132
MAPK3,5595,hsa05132
MAPK8,5599,hsa05132
MAP2K1,5604,hsa05132
MAP2K7,5609,hsa05132
BAK1,578,hsa05132
BAX,581,hsa05132
MYL7,58498,hsa05132
RAB5B,5869,hsa05132
BCL2,596,hsa05132
EXOC4,60412,hsa05132
TCF7L2,6934,hsa05132
TLR2,7097,hsa05132
TLR4,7099,hsa05132
TNF,7124,hsa05132
TUBA4A,7277,hsa05132
TUBA3C,7278,hsa05132
TUBB2A,7280,hsa05132
TUBA1A,7846,hsa05132
DYNC2H1,79659,hsa05132
TUBB1,81027,hsa05132
CASP1,834,hsa05132
TCF7L1,83439,hsa05132
CASP3,836,hsa05132
DYNLRB2,83657,hsa05132
CASP4,837,hsa05132
CASP5,838,hsa05132
CASP7,840,hsa05132
CASP8,841,hsa05132
TUBB6,84617,hsa05132
TUBA1C,84790,hsa05132
CYTH1,9267,hsa05132
CD14,929,hsa05132
PLEKHM1,9842,hsa05132
NLRP3,114548,hsa05133
FOS,2353,hsa05133
GNAI1,2770,hsa05133
IL1A,3552,hsa05133
IL1B,3553,hsa05133
IL6,3569,hsa05133
CXCL8,3576,hsa05133
IL10,3586,hsa05133
IL12B,3593,hsa05133
IRF1,3659,hsa05133
IRF3,3661,hsa05133
JUN,3725,hsa05133
NFKB1,4790,hsa05133
NOS2,4843,hsa05133
IL23A,51561,hsa05133
MAPK3,5595,hsa05133
MAPK8,5599,hsa05133
TLR4,7099,hsa05133
SERPING1,710,hsa05133
TNF,7124,hsa05133
C3,718,hsa05133
CASP1,834,hsa05133
CASP3,836,hsa05133
CASP7,840,hsa05133
CD14,929,hsa05133
CXCL1,2919,hsa05134
HSF1,3297,hsa05134
IL1B,3553,hsa05134
IL6,3569,hsa05134
CXCL8,3576,hsa05134
IL12B,3593,hsa05134
IL18,3606,hsa05134
NFKB1,4790,hsa05134
NFKBIA,4792,hsa05134
BNIP3,664,hsa05134
TLR2,7097,hsa05134
TLR4,7099,hsa05134
TNF,7124,hsa05134
C3,718,hsa05134
CASP1,834,hsa05134
CASP3,836,hsa05134
CASP7,840,hsa05134
CASP8,841,hsa05134
CASP9,842,hsa05134
CD14,929,hsa05134
AKT3,10000,hsa05135
ARPC1B,10095,hsa05135
BAIAP2,10458,hsa05135
NLRP3,114548,hsa05135
CHUK,1147,hsa05135
AKT1,207,hsa05135
AKT2,208,hsa05135
FOS,2353,hsa05135
GNAQ,2776,hsa05135
GSK3B,2932,hsa05135
IKBKB,3551,hsa05135
IL1B,3553,hsa05135
IL6,3569,hsa05135
CXCL8,3576,hsa05135
IL10,3586,hsa05135
IL18,3606,hsa05135
IRF3,3661,hsa05135
JUN,3725,hsa05135
NFATC1,4772,hsa05135
NFATC2,4773,hsa05135
NFATC3,4775,hsa05135
NFKB1,4790,hsa05135
NFKBIA,4792,hsa05135
PIK3CA,5290,hsa05135
PIK3R1,5295,hsa05135
PLCG1,5335,hsa05135
MAPK3,5595,hsa05135
MAPK8,5599,hsa05135
MAP2K1,5604,hsa05135
MAP2K7,5609,hsa05135
ROCK1,6093,hsa05135
RPS6KA1,6195,hsa05135
CCL2,6347,hsa05135
TLR4,7099,hsa05135
TNF,7124,hsa05135
VAV2,7410,hsa05135
CASP1,834,hsa05135
CD4,920,hsa05135
CD8A,925,hsa05135
CYBB,1536,hsa05140
FOS,2353,hsa05140
IFNG,3458,hsa05140
IFNGR1,3459,hsa05140
IL1A,3552,hsa05140
IL1B,3553,hsa05140
IL10,3586,hsa05140
IL12B,3593,hsa05140
JUN,3725,hsa05140
NFKB1,4790,hsa05140
NFKBIA,4792,hsa05140
NOS2,4843,hsa05140
PRKCB,5579,hsa05140
MAPK3,5595,hsa05140
PTGS2,5743,hsa05140
NCF1,653361,hsa05140
TGFB1,7040,hsa05140
TLR2,7097,hsa05140
TLR4,7099,hsa05140
TNF,7124,hsa05140
C3,718,hsa05140
AKT3,10000,hsa05142
ADCY1,107,hsa05142
CHUK,1147,hsa05142
ACE,1636,hsa05142
AKT1,207,hsa05142
AKT2,208,hsa05142
FOS,2353,hsa05142
GNAI1,2770,hsa05142
GNAQ,2776,hsa05142
GNAS,2778,hsa05142
IFNG,3458,hsa05142
IFNGR1,3459,hsa05142
FAS,355,hsa05142
IKBKB,3551,hsa05142
IL1B,3553,hsa05142
IL6,3569,hsa05142
CXCL8,3576,hsa05142
IL10,3586,hsa05142
IL12B,3593,hsa05142
JUN,3725,hsa05142
NFKB1,4790,hsa05142
NFKBIA,4792,hsa05142
NOS2,4843,hsa05142
SERPINE1,5054,hsa05142
PIK3CA,5290,hsa05142
PIK3R1,5295,hsa05142
PLCB3,5331,hsa05142
TLR9,54106,hsa05142
PPP2R2A,5520,hsa05142
PPP2R2C,5522,hsa05142
PPP2R2D,55844,hsa05142
MAPK3,5595,hsa05142
MAPK8,5599,hsa05142
CCL2,6347,hsa05142
CCL5,6352,hsa05142
TGFB1,7040,hsa05142
TLR2,7097,hsa05142
TLR4,7099,hsa05142
TNF,7124,hsa05142
C3,718,hsa05142
CALR,811,hsa05142
CASP8,841,hsa05142
F2RL1,2150,hsa05143
GNAQ,2776,hsa05143
APOA1,335,hsa05143
ICAM1,3383,hsa05143
IFNG,3458,hsa05143
FAS,355,hsa05143
IL1B,3553,hsa05143
IL6,3569,hsa05143
IL10,3586,hsa05143
IL12B,3593,hsa05143
IL18,3606,hsa05143
IDO1,3620,hsa05143
LAMA4,3910,hsa05143
NPPA,4878,hsa05143
PLCB3,5331,hsa05143
TLR9,54106,hsa05143
PRKCB,5579,hsa05143
TNF,7124,hsa05143
GYPA,2993,hsa05144
HGF,3082,hsa05144
ICAM1,3383,hsa05144
IFNG,3458,hsa05144
IL1B,3553,hsa05144
IL6,3569,hsa05144
CXCL8,3576,hsa05144
IL10,3586,hsa05144
IL18,3606,hsa05144
TLR9,54106,hsa05144
CCL2,6347,hsa05144
TGFB1,7040,hsa05144
THBS1,7057,hsa05144
THBS2,7058,hsa05144
TLR2,7097,hsa05144
TLR4,7099,hsa05144
TNF,7124,hsa05144
CD36,948,hsa05144
CD40,958,hsa05144
CD40LG,959,hsa05144
AKT3,10000,hsa05145
PPIF,10105,hsa05145
CHUK,1147,hsa05145
CCR5,1234,hsa05145
AKT1,207,hsa05145
AKT2,208,hsa05145
GNAI1,2770,hsa05145
LAMA1,284217,hsa05145
IFNG,3458,hsa05145
IFNGR1,3459,hsa05145
IKBKB,3551,hsa05145
IL10,3586,hsa05145
IL10RB,3588,hsa05145
IL12B,3593,hsa05145
LAMA4,3910,hsa05145
LAMB1,3912,hsa05145
LAMC1,3915,hsa05145
LDLR,3949,hsa05145
NFKB1,4790,hsa05145
NFKBIA,4792,hsa05145
NOS2,4843,hsa05145
MAPK3,5595,hsa05145
MAPK8,5599,hsa05145
BCL2,596,hsa05145
STAT3,6774,hsa05145
TGFB1,7040,hsa05145
TLR2,7097,hsa05145
TLR4,7099,hsa05145
TNF,7124,hsa05145
TYK2,7297,hsa05145
CASP3,836,hsa05145
CASP8,841,hsa05145
CASP9,842,hsa05145
CD40,958,hsa05145
CD40LG,959,hsa05145
ADCY1,107,hsa05146
GNAQ,2776,hsa05146
GNAS,2778,hsa05146
LAMA1,284217,hsa05146
CXCL1,2919,hsa05146
IFNG,3458,hsa05146
IL1B,3553,hsa05146
IL1R1,3554,hsa05146
IL6,3569,hsa05146
CXCL8,3576,hsa05146
IL10,3586,hsa05146
IL12B,3593,hsa05146
ARG1,383,hsa05146
LAMA4,3910,hsa05146
LAMB1,3912,hsa05146
LAMC1,3915,hsa05146
NFKB1,4790,hsa05146
NOS2,4843,hsa05146
SERPINB10,5273,hsa05146
PIK3CA,5290,hsa05146
PIK3R1,5295,hsa05146
PLCB3,5331,hsa05146
PRKCB,5579,hsa05146
RAB5B,5869,hsa05146
TGFB1,7040,hsa05146
TLR2,7097,hsa05146
TLR4,7099,hsa05146
TNF,7124,hsa05146
VCL,7414,hsa05146
CASP3,836,hsa05146
ACTN1,87,hsa05146
CD14,929,hsa05146
MASP2,10747,hsa05150
CFD,1675,hsa05150
ICAM1,3383,hsa05150
IL10,3586,hsa05150
KRT18,3875,hsa05150
MBL2,4153,hsa05150
PLG,5340,hsa05150
C3,718,hsa05150
AKT3,10000,hsa05152
CEBPB,1051,hsa05152
CEBPG,1054,hsa05152
CREB1,1385,hsa05152
CREBBP,1387,hsa05152
CTSD,1509,hsa05152
EP300,2033,hsa05152
AKT1,207,hsa05152
AKT2,208,hsa05152
IFNG,3458,hsa05152
IFNGR1,3459,hsa05152
IL1A,3552,hsa05152
IL1B,3553,hsa05152
IL6,3569,hsa05152
IL10,3586,hsa05152
IL10RB,3588,hsa05152
IL12B,3593,hsa05152
IL18,3606,hsa05152
ITGAX,3687,hsa05152
LBP,3929,hsa05152
MRC1,4360,hsa05152
NFKB1,4790,hsa05152
NOS2,4843,hsa05152
IL23A,51561,hsa05152
PIK3C3,5289,hsa05152
TLR9,54106,hsa05152
PPP3CA,5530,hsa05152
MAPK3,5595,hsa05152
MAPK8,5599,hsa05152
BAX,581,hsa05152
RAB5B,5869,hsa05152
BCL2,596,hsa05152
NOD2,64127,hsa05152
TGFB1,7040,hsa05152
TLR2,7097,hsa05152
TLR4,7099,hsa05152
TNF,7124,hsa05152
C3,718,hsa05152
VDR,7421,hsa05152
CAMK2B,816,hsa05152
CAMK2G,818,hsa05152
CASP3,836,hsa05152
CASP8,841,hsa05152
CASP9,842,hsa05152
CASP10,843,hsa05152
CD14,929,hsa05152
MRC2,9902,hsa05152
AKT3,10000,hsa05160
NR1H3,10062,hsa05160
CDKN1A,1026,hsa05160
CHUK,1147,hsa05160
CTNNB1,1499,hsa05160
E2F1,1869,hsa05160
E2F3,1871,hsa05160
EGFR,1956,hsa05160
AKT1,207,hsa05160
AKT2,208,hsa05160
RIGI,23586,hsa05160
GSK3B,2932,hsa05160
IFNAR1,3454,hsa05160
IFNG,3458,hsa05160
FAS,355,hsa05160
IKBKB,3551,hsa05160
IRF3,3661,hsa05160
IRF7,3665,hsa05160
LDLR,3949,hsa05160
MYC,4609,hsa05160
NFKB1,4790,hsa05160
NFKBIA,4792,hsa05160
OAS3,4940,hsa05160
CLDN11,5010,hsa05160
CLDN18,51208,hsa05160
PIK3CA,5290,hsa05160
PIK3R1,5295,hsa05160
PPARA,5465,hsa05160
PPP2R2A,5520,hsa05160
PPP2R2C,5522,hsa05160
PPP2R2D,55844,hsa05160
MAPK3,5595,hsa05160
MAP2K1,5604,hsa05160
BAK1,578,hsa05160
BAX,581,hsa05160
RB1,5925,hsa05160
CCND1,595,hsa05160
RNASEL,6041,hsa05160
RXRA,6256,hsa05160
SOS1,6654,hsa05160
SOS2,6655,hsa05160
BRAF,673,hsa05160
STAT3,6774,hsa05160
TNF,7124,hsa05160
TP53,7157,hsa05160
TRAF3,7187,hsa05160
TYK2,7297,hsa05160
YWHAZ,7534,hsa05160
CASP3,836,hsa05160
CASP8,841,hsa05160
CASP9,842,hsa05160
PIAS1,8554,hsa05160
SOCS3,9021,hsa05160
SCARB1,949,hsa05160
IKBKE,9641,hsa05160
AKT3,10000,hsa05161
CASP12,100506742,hsa05161
CDKN1A,1026,hsa05161
CREB3,10488,hsa05161
CHUK,1147,hsa05161
CREB1,1385,hsa05161
CREBBP,1387,hsa05161
E2F1,1869,hsa05161
E2F3,1871,hsa05161
EGR2,1959,hsa05161
EP300,2033,hsa05161
AKT1,207,hsa05161
AKT2,208,hsa05161
FOS,2353,hsa05161
RIGI,23586,hsa05161
BIRC5,332,hsa05161
IFNAR1,3454,hsa05161
FAS,355,hsa05161
IKBKB,3551,hsa05161
IL6,3569,hsa05161
CXCL8,3576,hsa05161
IRF3,3661,hsa05161
IRF7,3665,hsa05161
JUN,3725,hsa05161
SMAD3,4088,hsa05161
MAP3K1,4214,hsa05161
MMP9,4318,hsa05161
MYC,4609,hsa05161
NFATC1,4772,hsa05161
NFATC2,4773,hsa05161
NFATC3,4775,hsa05161
NFKB1,4790,hsa05161
NFKBIA,4792,hsa05161
PIK3CA,5290,hsa05161
PIK3R1,5295,hsa05161
PRKCB,5579,hsa05161
MAPK3,5595,hsa05161
MAPK8,5599,hsa05161
MAP2K1,5604,hsa05161
MAP2K7,5609,hsa05161
BAX,581,hsa05161
RB1,5925,hsa05161
BCL2,596,hsa05161
IFIH1,64135,hsa05161
SOS1,6654,hsa05161
SOS2,6655,hsa05161
BRAF,673,hsa05161
STAT3,6774,hsa05161
TGFB1,7040,hsa05161
TLR2,7097,hsa05161
TLR4,7099,hsa05161
TNF,7124,hsa05161
TP53,7157,hsa05161
TRAF3,7187,hsa05161
TYK2,7297,hsa05161
YWHAZ,7534,hsa05161
CASP3,836,hsa05161
CASP8,841,hsa05161
CASP9,842,hsa05161
CASP10,843,hsa05161
CCNE1,898,hsa05161
CCNE2,9134,hsa05161
IKBKE,9641,hsa05161
AKT3,10000,hsa05162
CDKN1B,1027,hsa05162
CHUK,1147,hsa05162
AKT1,207,hsa05162
AKT2,208,hsa05162
FOS,2353,hsa05162
RIGI,23586,hsa05162
GSK3B,2932,hsa05162
IFNAR1,3454,hsa05162
FAS,355,hsa05162
IKBKB,3551,hsa05162
IL1A,3552,hsa05162
IL1B,3553,hsa05162
IL2RA,3559,hsa05162
IL6,3569,hsa05162
IL12B,3593,hsa05162
IRF3,3661,hsa05162
IRF7,3665,hsa05162
JUN,3725,hsa05162
NFKB1,4790,hsa05162
NFKBIA,4792,hsa05162
OAS3,4940,hsa05162
PIK3CA,5290,hsa05162
PIK3R1,5295,hsa05162
TLR9,54106,hsa05162
MAPK8,5599,hsa05162
BAK1,578,hsa05162
BAX,581,hsa05162
CCND1,595,hsa05162
BCL2,596,hsa05162
IFIH1,64135,hsa05162
STAT3,6774,hsa05162
TLR2,7097,hsa05162
TLR4,7099,hsa05162
TNFAIP3,7128,hsa05162
TP53,7157,hsa05162
TRAF3,7187,hsa05162
TYK2,7297,hsa05162
CASP3,836,hsa05162
CASP8,841,hsa05162
CASP9,842,hsa05162
EIF3H,8667,hsa05162
CCND2,894,hsa05162
CCNE1,898,hsa05162
CCNE2,9134,hsa05162
IKBKE,9641,hsa05162
AKT3,10000,hsa05163
CDKN1A,1026,hsa05163
CDKN2A,1029,hsa05163
CREB3,10488,hsa05163
ADCY1,107,hsa05163
ADCY3,109,hsa05163
ADCY5,111,hsa05163
CHUK,1147,hsa05163
ADCY9,115,hsa05163
CCR1,1230,hsa05163
CCR3,1232,hsa05163
CCR5,1234,hsa05163
CREB1,1385,hsa05163
CTNNB1,1499,hsa05163
E2F1,1869,hsa05163
E2F3,1871,hsa05163
EGFR,1956,hsa05163
AKT1,207,hsa05163
AKT2,208,hsa05163
MTOR,2475,hsa05163
GNA12,2768,hsa05163
GNAI1,2770,hsa05163
GNAQ,2776,hsa05163
GNAS,2778,hsa05163
GNB1,2782,hsa05163
GNB3,2784,hsa05163
PDIA3,2923,hsa05163
GSK3B,2932,hsa05163
STING1,340061,hsa05163
FAS,355,hsa05163
IKBKB,3551,hsa05163
IL1B,3553,hsa05163
IL1R1,3554,hsa05163
IL6,3569,hsa05163
IL6R,3570,hsa05163
CXCL8,3576,hsa05163
IL10RB,3588,hsa05163
IRF3,3661,hsa05163
MYC,4609,hsa05163
NFATC1,4772,hsa05163
NFATC2,4773,hsa05163
NFATC3,4775,hsa05163
NFKB1,4790,hsa05163
NFKBIA,4792,hsa05163
PIK3CA,5290,hsa05163
PIK3R1,5295,hsa05163
PLCB3,5331,hsa05163
PPP3CA,5530,hsa05163
PRKCB,5579,hsa05163
MAPK3,5595,hsa05163
MAP2K1,5604,hsa05163
PTGS2,5743,hsa05163
BAK1,578,hsa05163
BAX,581,hsa05163
RB1,5925,hsa05163
CCND1,595,hsa05163
ROCK1,6093,hsa05163
RPS6KB1,6198,hsa05163
CCL2,6347,hsa05163
CCL5,6352,hsa05163
SOS1,6654,hsa05163
SOS2,6655,hsa05163
STAT3,6774,hsa05163
TNF,7124,hsa05163
TP53,7157,hsa05163
VEGFA,7422,hsa05163
CXCR4,7852,hsa05163
CALR,811,hsa05163
CASP3,836,hsa05163
CASP8,841,hsa05163
CASP9,842,hsa05163
AKT3,10000,hsa05164
NLRP3,114548,hsa05164
CHUK,1147,hsa05164
CREBBP,1387,hsa05164
EP300,2033,hsa05164
AKT1,207,hsa05164
AKT2,208,hsa05164
TPSD1,23430,hsa05164
RIGI,23586,hsa05164
ICAM1,3383,hsa05164
IFNAR1,3454,hsa05164
IFNG,3458,hsa05164
IFNGR1,3459,hsa05164
FAS,355,hsa05164
IKBKB,3551,hsa05164
IL1A,3552,hsa05164
IL1B,3553,hsa05164
IL6,3569,hsa05164
CXCL8,3576,hsa05164
IL12B,3593,hsa05164
IL18,3606,hsa05164
IRF3,3661,hsa05164
IRF7,3665,hsa05164
KPNA2,3838,hsa05164
NFKB1,4790,hsa05164
NFKBIA,4792,hsa05164
OAS3,4940,hsa05164
PIK3CA,5290,hsa05164
PIK3R1,5295,hsa05164
PLG,5340,hsa05164
PML,5371,hsa05164
PRKCB,5579,hsa05164
MAPK3,5595,hsa05164
MAP2K1,5604,hsa05164
PRSS3,5646,hsa05164
BAK1,578,hsa05164
BAX,581,hsa05164
RNASEL,6041,hsa05164
CCL2,6347,hsa05164
CCL5,6352,hsa05164
IFIH1,64135,hsa05164
TLR4,7099,hsa05164
TNF,7124,hsa05164
TPSAB1,7177,hsa05164
TRAF3,7187,hsa05164
TYK2,7297,hsa05164
CASP1,834,hsa05164
CASP3,836,hsa05164
CASP8,841,hsa05164
CASP9,842,hsa05164
SOCS3,9021,hsa05164
IL33,90865,hsa05164
RAB11B,9230,hsa05164
IKBKE,9641,hsa05164
AKT3,10000,hsa05165
PATJ,10207,hsa05165
CDKN1A,1026,hsa05165
CDKN1B,1027,hsa05165
CREB3,10488,hsa05165
CHD4,1108,hsa05165
RBPJL,11317,hsa05165
CHUK,1147,hsa05165
ATP6V1G3,127124,hsa05165
CREB1,1385,hsa05165
CREBBP,1387,hsa05165
CTNNB1,1499,hsa05165
DLG2,1740,hsa05165
JAG1,182,hsa05165
E2F1,1869,hsa05165
EGFR,1956,hsa05165
EP300,2033,hsa05165
AKT1,207,hsa05165
AKT2,208,hsa05165
ITGA11,22801,hsa05165
FOXO1,2308,hsa05165
HEY2,23493,hsa05165
MTOR,2475,hsa05165
TUBG2,27175,hsa05165
GNAS,2778,hsa05165
LAMA1,284217,hsa05165
GSK3B,2932,hsa05165
HDAC1,3065,hsa05165
HDAC2,3066,hsa05165
IFNAR1,3454,hsa05165
RBPJ,3516,hsa05165
FAS,355,hsa05165
IKBKB,3551,hsa05165
IRF1,3659,hsa05165
IRF3,3661,hsa05165
ITGA1,3672,hsa05165
ITGA3,3675,hsa05165
ITGB6,3694,hsa05165
LAMA4,3910,hsa05165
LAMB1,3912,hsa05165
LAMC1,3915,hsa05165
ATM,472,hsa05165
NFKB1,4790,hsa05165
NOTCH2,4853,hsa05165
PIK3CA,5290,hsa05165
PIK3R1,5295,hsa05165
PPP2R2A,5520,hsa05165
PPP2R2C,5522,hsa05165
PPP2R3A,5523,hsa05165
PPP2R5A,5525,hsa05165
MAML3,55534,hsa05165
PPP2R2D,55844,hsa05165
PRKCZ,5590,hsa05165
MAPK3,5595,hsa05165
MAP2K1,5604,hsa05165
RELN,5649,hsa05165
PTEN,5728,hsa05165
PTGS2,5743,hsa05165
BAK1,578,hsa05165
BAX,581,hsa05165
RB1,5925,hsa05165
RBL2,5934,hsa05165
CCND1,595,hsa05165
RPS6KB1,6198,hsa05165
SOS1,6654,hsa05165
SOS2,6655,hsa05165
SPP1,6696,hsa05165
TCF7L2,6934,hsa05165
THBS1,7057,hsa05165
THBS2,7058,hsa05165
TNF,7124,hsa05165
TP53,7157,hsa05165
TRAF3,7187,hsa05165
TYK2,7297,hsa05165
VEGFA,7422,hsa05165
WNT5A,7474,hsa05165
WNT6,7475,hsa05165
WNT7B,7477,hsa05165
WNT8A,7478,hsa05165
WNT9B,7484,hsa05165
FZD5,7855,hsa05165
FZD4,8322,hsa05165
TCF7L1,83439,hsa05165
CASP3,836,hsa05165
CASP8,841,hsa05165
MAML2,84441,hsa05165
OASL,8638,hsa05165
CCND2,894,hsa05165
CCNE1,898,hsa05165
CCNE2,9134,hsa05165
MAGI1,9223,hsa05165
CRB3,92359,hsa05165
IKBKE,9641,hsa05165
AKT3,10000,hsa05166
CDKN1A,1026,hsa05166
CDKN2A,1029,hsa05166
CDKN2B,1030,hsa05166
CDKN2C,1031,hsa05166
CREB3,10488,hsa05166
ADCY1,107,hsa05166
ADCY3,109,hsa05166
ADCY5,111,hsa05166
CHEK2,11200,hsa05166
CHUK,1147,hsa05166
ADCY9,115,hsa05166
CREB1,1385,hsa05166
CREBBP,1387,hsa05166
E2F1,1869,hsa05166
E2F3,1871,hsa05166
EGR1,1958,hsa05166
EGR2,1959,hsa05166
EP300,2033,hsa05166
AKT1,207,hsa05166
AKT2,208,hsa05166
ETS1,2113,hsa05166
ETS2,2114,hsa05166
CRTC1,23373,hsa05166
FOS,2353,hsa05166
ANAPC4,29945,hsa05166
ICAM1,3383,hsa05166
IKBKB,3551,hsa05166
IL1R1,3554,hsa05166
IL2RA,3559,hsa05166
IL6,3569,hsa05166
JUN,3725,hsa05166
SMAD3,4088,hsa05166
MAP3K1,4214,hsa05166
MMP7,4316,hsa05166
MYC,4609,hsa05166
ATM,472,hsa05166
NFATC1,4772,hsa05166
NFATC2,4773,hsa05166
NFATC3,4775,hsa05166
NFKB1,4790,hsa05166
NFKBIA,4792,hsa05166
PIK3CA,5290,hsa05166
PIK3R1,5295,hsa05166
PPP3CA,5530,hsa05166
MAPK3,5595,hsa05166
MAPK8,5599,hsa05166
MAP2K1,5604,hsa05166
PTEN,5728,hsa05166
BAX,581,hsa05166
RB1,5925,hsa05166
CCND1,595,hsa05166
TCF3,6929,hsa05166
TGFB1,7040,hsa05166
TNF,7124,hsa05166
TP53,7157,hsa05166
CALR,811,hsa05166
MAD1L1,8379,hsa05166
NRP1,8829,hsa05166
KAT2B,8850,hsa05166
CCND2,894,hsa05166
CCNE1,898,hsa05166
CCNE2,9134,hsa05166
BUB3,9184,hsa05166
CD4,920,hsa05166
CD40,958,hsa05166
AKT3,10000,hsa05167
CDKN1A,1026,hsa05167
CHUK,1147,hsa05167
CCR1,1230,hsa05167
CCR3,1232,hsa05167
CCR5,1234,hsa05167
CREB1,1385,hsa05167
CREBBP,1387,hsa05167
CTNNB1,1499,hsa05167
E2F1,1869,hsa05167
E2F3,1871,hsa05167
EP300,2033,hsa05167
AKT1,207,hsa05167
AKT2,208,hsa05167
FGF2,2247,hsa05167
FOS,2353,hsa05167
MTOR,2475,hsa05167
GNB1,2782,hsa05167
GNB3,2784,hsa05167
CXCL1,2919,hsa05167
GSK3B,2932,hsa05167
HIF1A,3091,hsa05167
ICAM1,3383,hsa05167
IFNAR1,3454,hsa05167
IFNGR1,3459,hsa05167
FAS,355,hsa05167
IKBKB,3551,hsa05167
IL6,3569,hsa05167
CXCL8,3576,hsa05167
IRF3,3661,hsa05167
IRF7,3665,hsa05167
JUN,3725,hsa05167
LYN,4067,hsa05167
MYC,4609,hsa05167
NFATC1,4772,hsa05167
NFATC2,4773,hsa05167
NFATC3,4775,hsa05167
NFKB1,4790,hsa05167
NFKBIA,4792,hsa05167
PIK3C3,5289,hsa05167
PIK3CA,5290,hsa05167
PIK3R1,5295,hsa05167
PLCG1,5335,hsa05167
PLCG2,5336,hsa05167
PPP3CA,5530,hsa05167
MAPK3,5595,hsa05167
MAPK8,5599,hsa05167
MAP2K1,5604,hsa05167
MAP2K7,5609,hsa05167
PTGS2,5743,hsa05167
PREX1,57580,hsa05167
BAK1,578,hsa05167
BAX,581,hsa05167
RB1,5925,hsa05167
CCND1,595,hsa05167
STAT3,6774,hsa05167
TCF7L2,6934,hsa05167
TP53,7157,hsa05167
C3,718,hsa05167
TRAF3,7187,hsa05167
TYK2,7297,hsa05167
UBB,7314,hsa05167
VEGFA,7422,hsa05167
TCF7L1,83439,hsa05167
CASP3,836,hsa05167
CASP8,841,hsa05167
CASP9,842,hsa05167
IKBKE,9641,hsa05167
AKT3,10000,hsa05168
CHUK,1147,hsa05168
AKT1,207,hsa05168
AKT2,208,hsa05168
RIGI,23586,hsa05168
MTOR,2475,hsa05168
PDIA3,2923,hsa05168
STING1,340061,hsa05168
IFNAR1,3454,hsa05168
IFNG,3458,hsa05168
IFNGR1,3459,hsa05168
FAS,355,hsa05168
IKBKB,3551,hsa05168
IL1B,3553,hsa05168
IL6,3569,hsa05168
IL12B,3593,hsa05168
IRF3,3661,hsa05168
IRF7,3665,hsa05168
NFKB1,4790,hsa05168
NFKBIA,4792,hsa05168
OAS3,4940,hsa05168
PIK3CA,5290,hsa05168
PIK3R1,5295,hsa05168
PML,5371,hsa05168
TLR9,54106,hsa05168
PPP1CB,5500,hsa05168
BAK1,578,hsa05168
BAX,581,hsa05168
NECTIN1,5818,hsa05168
BCL2,596,hsa05168
RNASEL,6041,hsa05168
CCL2,6347,hsa05168
CCL5,6352,hsa05168
IFIH1,64135,hsa05168
SRSF6,6431,hsa05168
TLR2,7097,hsa05168
TNF,7124,hsa05168
TP53,7157,hsa05168
C3,718,hsa05168
TRAF3,7187,hsa05168
TYK2,7297,hsa05168
CALR,811,hsa05168
CASP3,836,hsa05168
CASP8,841,hsa05168
CASP9,842,hsa05168
EIF2B4,8890,hsa05168
SOCS3,9021,hsa05168
IKBKE,9641,hsa05168
AKT3,10000,hsa05169
BCL2L11,10018,hsa05169
CDKN1A,1026,hsa05169
CDKN1B,1027,hsa05169
GADD45G,10912,hsa05169
RBPJL,11317,hsa05169
CHUK,1147,hsa05169
E2F1,1869,hsa05169
E2F3,1871,hsa05169
AKT1,207,hsa05169
AKT2,208,hsa05169
RIGI,23586,hsa05169
SIN3A,25942,hsa05169
PDIA3,2923,hsa05169
HDAC1,3065,hsa05169
HDAC2,3066,hsa05169
ICAM1,3383,hsa05169
IFNAR1,3454,hsa05169
RBPJ,3516,hsa05169
FAS,355,hsa05169
IKBKB,3551,hsa05169
IL6,3569,hsa05169
IRF3,3661,hsa05169
IRF7,3665,hsa05169
JUN,3725,hsa05169
LYN,4067,hsa05169
MYC,4609,hsa05169
NFKB1,4790,hsa05169
NFKBIA,4792,hsa05169
OAS3,4940,hsa05169
POLK,51426,hsa05169
PIK3CA,5290,hsa05169
PIK3R1,5295,hsa05169
PLCG2,5336,hsa05169
MAPK8,5599,hsa05169
MAP2K7,5609,hsa05169
BAK1,578,hsa05169
BAX,581,hsa05169
RB1,5925,hsa05169
CCND1,595,hsa05169
BCL2,596,hsa05169
STAT3,6774,hsa05169
TLR2,7097,hsa05169
TNF,7124,hsa05169
TNFAIP3,7128,hsa05169
TP53,7157,hsa05169
TRAF3,7187,hsa05169
TYK2,7297,hsa05169
SEM1,7979,hsa05169
CALR,811,hsa05169
CASP3,836,hsa05169
CASP8,841,hsa05169
CASP9,842,hsa05169
RUNX3,864,hsa05169
CCND2,894,hsa05169
CCNE1,898,hsa05169
CCNE2,9134,hsa05169
CIRSR,9541,hsa05169
CD40,958,hsa05169
NCOR2,9612,hsa05169
IKBKE,9641,hsa05169
PSMD6,9861,hsa05169
AKT3,10000,hsa05170
CHUK,1147,hsa05170
AP1S1,1174,hsa05170
CCR5,1234,hsa05170
AKT1,207,hsa05170
AKT2,208,hsa05170
FOS,2353,hsa05170
MTOR,2475,hsa05170
GNAI1,2770,hsa05170
GNAQ,2776,hsa05170
GNB1,2782,hsa05170
GNB3,2784,hsa05170
PDIA3,2923,hsa05170
STING1,340061,hsa05170
FAS,355,hsa05170
IKBKB,3551,hsa05170
IRF3,3661,hsa05170
JUN,3725,hsa05170
ATM,472,hsa05170
NFATC1,4772,hsa05170
NFATC2,4773,hsa05170
NFATC3,4775,hsa05170
NFKB1,4790,hsa05170
NFKBIA,4792,hsa05170
PIK3CA,5290,hsa05170
PIK3R1,5295,hsa05170
PLCG1,5335,hsa05170
PLCG2,5336,hsa05170
PPP3CA,5530,hsa05170
PRKCB,5579,hsa05170
MAPK3,5595,hsa05170
MAPK8,5599,hsa05170
MAP2K1,5604,hsa05170
MAP2K7,5609,hsa05170
BAK1,578,hsa05170
BAX,581,hsa05170
BCL2,596,hsa05170
RPS6KB1,6198,hsa05170
TLR2,7097,hsa05170
TLR4,7099,hsa05170
TNF,7124,hsa05170
CXCR4,7852,hsa05170
CALR,811,hsa05170
CASP3,836,hsa05170
CASP8,841,hsa05170
CASP9,842,hsa05170
BTRC,8945,hsa05170
CD4,920,hsa05170
CDC25C,995,hsa05170
MASP2,10747,hsa05171
NLRP3,114548,hsa05171
CHUK,1147,hsa05171
RPL10L,140801,hsa05171
CYBB,1536,hsa05171
ACE,1636,hsa05171
CFD,1675,hsa05171
HBEGF,1839,hsa05171
AGTR1,185,hsa05171
EGFR,1956,hsa05171
RPL22L1,200916,hsa05171
FOS,2353,hsa05171
RIGI,23586,hsa05171
STING1,340061,hsa05171
IFNAR1,3454,hsa05171
IKBKB,3551,hsa05171
IL1B,3553,hsa05171
IL6,3569,hsa05171
IL6R,3570,hsa05171
CXCL8,3576,hsa05171
IL12B,3593,hsa05171
IRF3,3661,hsa05171
JUN,3725,hsa05171
MBL2,4153,hsa05171
MMP1,4312,hsa05171
NFKB1,4790,hsa05171
NFKBIA,4792,hsa05171
OAS3,4940,hsa05171
PIK3CA,5290,hsa05171
PIK3R1,5295,hsa05171
PLCG1,5335,hsa05171
PLCG2,5336,hsa05171
PRKCB,5579,hsa05171
MAPK3,5595,hsa05171
MAPK8,5599,hsa05171
ACE2,59272,hsa05171
RPL13,6137,hsa05171
RPL15,6138,hsa05171
RPL27A,6157,hsa05171
RPL37A,6168,hsa05171
RPLP1,6176,hsa05171
RPS11,6205,hsa05171
RPS26,6231,hsa05171
CCL2,6347,hsa05171
IFIH1,64135,hsa05171
STAT3,6774,hsa05171
TLR2,7097,hsa05171
TLR4,7099,hsa05171
TNF,7124,hsa05171
C3,718,hsa05171
TRAF3,7187,hsa05171
TYK2,7297,hsa05171
CASP1,834,hsa05171
NRP1,8829,hsa05171
IKBKE,9641,hsa05171
AKT3,10000,hsa05200
BCL2L11,10018,hsa05200
FRAT1,10023,hsa05200
RASGRP1,10125,hsa05200
CDKN1A,1026,hsa05200
CDKN1B,1027,hsa05200
CDKN2A,1029,hsa05200
CDKN2B,1030,hsa05200
CEBPA,1050,hsa05200
ADCY1,107,hsa05200
ADCY3,109,hsa05200
GADD45G,10912,hsa05200
ADCY5,111,hsa05200
CHUK,1147,hsa05200
ADCY9,115,hsa05200
CREBBP,1387,hsa05200
CSF3R,1441,hsa05200
CTBP1,1487,hsa05200
CTBP2,1488,hsa05200
IL23R,149233,hsa05200
CTNNB1,1499,hsa05200
DCC,1630,hsa05200
JAG1,182,hsa05200
AGT,183,hsa05200
AGTR1,185,hsa05200
E2F1,1869,hsa05200
E2F3,1871,hsa05200
EDNRA,1909,hsa05200
EGFR,1956,hsa05200
EP300,2033,hsa05200
EPAS1,2034,hsa05200
EPO,2056,hsa05200
AKT1,207,hsa05200
AKT2,208,hsa05200
ESR1,2099,hsa05200
ESR2,2100,hsa05200
ETS1,2113,hsa05200
FGF1,2246,hsa05200
FGF2,2247,hsa05200
FGF5,2250,hsa05200
FGF9,2254,hsa05200
FGFR1,2260,hsa05200
FGFR3,2261,hsa05200
FGFR2,2263,hsa05200
FGFR4,2264,hsa05200
FOXO1,2308,hsa05200
FLT3,2322,hsa05200
FRAT2,23401,hsa05200
HEY2,23493,hsa05200
FOS,2353,hsa05200
ALK,238,hsa05200
MTOR,2475,hsa05200
ABL1,25,hsa05200
APPL1,26060,hsa05200
FGF21,26291,hsa05200
GLI2,2736,hsa05200
GNA12,2768,hsa05200
GNAI1,2770,hsa05200
GNAQ,2776,hsa05200
GNAS,2778,hsa05200
GNB1,2782,hsa05200
GNB3,2784,hsa05200
LAMA1,284217,hsa05200
DLL1,28514,hsa05200
CTNNA3,29119,hsa05200
GSK3B,2932,hsa05200
GSTA2,2939,hsa05200
GSTM1,2944,hsa05200
GSTP1,2950,hsa05200
MSH6,2956,hsa05200
HDAC1,3065,hsa05200
HDAC2,3066,hsa05200
HGF,3082,hsa05200
HIF1A,3091,hsa05200
HMOX1,3162,hsa05200
BIRC5,332,hsa05200
IFNAR1,3454,hsa05200
IFNG,3458,hsa05200
IFNGR1,3459,hsa05200
IGF1,3479,hsa05200
IGF1R,3480,hsa05200
IGF2,3481,hsa05200
KLK3,354,hsa05200
FAS,355,hsa05200
IKBKB,3551,hsa05200
IL2RA,3559,hsa05200
IL6,3569,hsa05200
IL6R,3570,hsa05200
CXCL8,3576,hsa05200
IL12B,3593,hsa05200
IL13,3596,hsa05200
IL13RA1,3597,hsa05200
AR,367,hsa05200
ITGA3,3675,hsa05200
JUN,3725,hsa05200
KIT,3815,hsa05200
LAMA4,3910,hsa05200
LAMB1,3912,hsa05200
LAMC1,3915,hsa05200
LRP5,4041,hsa05200
SMAD3,4088,hsa05200
MITF,4286,hsa05200
MMP1,4312,hsa05200
MMP2,4313,hsa05200
MMP9,4318,hsa05200
MYC,4609,hsa05200
NFE2L2,4780,hsa05200
NFKB1,4790,hsa05200
NFKBIA,4792,hsa05200
NOS2,4843,hsa05200
NOTCH2,4853,hsa05200
POLK,51426,hsa05200
IL23A,51561,hsa05200
PIK3CA,5290,hsa05200
PIK3R1,5295,hsa05200
PLCB3,5331,hsa05200
PLCG1,5335,hsa05200
PLCG2,5336,hsa05200
PMAIP1,5366,hsa05200
PML,5371,hsa05200
PPARD,5467,hsa05200
PPARG,5468,hsa05200
PRKCB,5579,hsa05200
MAPK3,5595,hsa05200
MAPK8,5599,hsa05200
MAP2K1,5604,hsa05200
PTCH1,5727,hsa05200
PTEN,5728,hsa05200
PTGS2,5743,hsa05200
BAK1,578,hsa05200
BAX,581,hsa05200
RARB,5915,hsa05200
RB1,5925,hsa05200
CCND1,595,hsa05200
BCL2,596,hsa05200
RET,5979,hsa05200
ROCK1,6093,hsa05200
BCR,613,hsa05200
RPS6KB1,6198,hsa05200
RXRA,6256,hsa05200
HHIP,64399,hsa05200
SHH,6469,hsa05200
SOS1,6654,hsa05200
SOS2,6655,hsa05200
BRAF,673,hsa05200
STAT3,6774,hsa05200
TCF7L2,6934,hsa05200
TGFB1,7040,hsa05200
TP53,7157,hsa05200
TRAF3,7187,hsa05200
VEGFA,7422,hsa05200
VEGFB,7423,hsa05200
WNT5A,7474,hsa05200
WNT6,7475,hsa05200
WNT7B,7477,hsa05200
WNT8A,7478,hsa05200
WNT9B,7484,hsa05200
ZBTB16,7704,hsa05200
CXCR4,7852,hsa05200
FZD5,7855,hsa05200
FGF23,8074,hsa05200
CAMK2B,816,hsa05200
CAMK2G,818,hsa05200
FZD4,8322,hsa05200
TCF7L1,83439,hsa05200
CASP3,836,hsa05200
CASP7,840,hsa05200
CASP8,841,hsa05200
CASP9,842,hsa05200
CUL2,8453,hsa05200
RUNX1,861,hsa05200
RUNX1T1,862,hsa05200
CCND2,894,hsa05200
CCNE1,898,hsa05200
CCNE2,9134,hsa05200
RPS6KA5,9252,hsa05200
GSTO1,9446,hsa05200
KEAP1,9817,hsa05200
ARNT2,9915,hsa05200
FGF19,9965,hsa05200
CDH1,999,hsa05200
CDKN1A,1026,hsa05202
CDKN1B,1027,hsa05202
CDKN2C,1031,hsa05202
CEBPA,1050,hsa05202
CEBPB,1051,hsa05202
GADD45G,10912,hsa05202
DUSP6,1848,hsa05202
ERG,2078,hsa05202
ETV1,2115,hsa05202
ETV5,2119,hsa05202
ETV6,2120,hsa05202
EYA1,2138,hsa05202
JMJD1C,221037,hsa05202
FOXO1,2308,hsa05202
FLT3,2322,hsa05202
SIN3A,25942,hsa05202
GRIA3,2892,hsa05202
TLX3,30012,hsa05202
HDAC1,3065,hsa05202
HDAC2,3066,hsa05202
HHEX,3087,hsa05202
ID2,3398,hsa05202
IGF1,3479,hsa05202
IGF1R,3480,hsa05202
IGFBP3,3486,hsa05202
IL6,3569,hsa05202
CXCL8,3576,hsa05202
MAF,4094,hsa05202
MEF2C,4208,hsa05202
MEIS1,4211,hsa05202
MITF,4286,hsa05202
AFF1,4299,hsa05202
MLLT3,4300,hsa05202
MMP9,4318,hsa05202
MPO,4353,hsa05202
MYC,4609,hsa05202
MYCN,4613,hsa05202
ATM,472,hsa05202
NFKB1,4790,hsa05202
PAX5,5079,hsa05202
KLF3,51274,hsa05202
POLK,51426,hsa05202
SIX4,51804,hsa05202
PLAT,5327,hsa05202
PML,5371,hsa05202
PPARG,5468,hsa05202
BAK1,578,hsa05202
BAX,581,hsa05202
REL,5966,hsa05202
BCL6,604,hsa05202
RXRA,6256,hsa05202
BCL11B,64919,hsa05202
TCF3,6929,hsa05202
ZEB1,6935,hsa05202
TP53,7157,hsa05202
WT1,7490,hsa05202
ZBTB16,7704,hsa05202
HMGA2,8091,hsa05202
SUPT3H,8464,hsa05202
RUNX2,860,hsa05202
RUNX1,861,hsa05202
RUNX1T1,862,hsa05202
BAIAP3,8938,hsa05202
CCND2,894,hsa05202
CD14,929,hsa05202
CD40,958,hsa05202
ARNT2,9915,hsa05202
HDAC6,10013,hsa05203
HDAC5,10014,hsa05203
CDKN1A,1026,hsa05203
CDKN1B,1027,hsa05203
CDKN2A,1029,hsa05203
CDKN2B,1030,hsa05203
CREB3,10488,hsa05203
CHD4,1108,hsa05203
RBPJL,11317,hsa05203
CCR3,1232,hsa05203
CCR5,1234,hsa05203
CREB1,1385,hsa05203
CREBBP,1387,hsa05203
EGR2,1959,hsa05203
EP300,2033,hsa05203
SND1,27044,hsa05203
HDAC1,3065,hsa05203
HDAC2,3066,hsa05203
RBPJ,3516,hsa05203
IRF3,3661,hsa05203
IRF7,3665,hsa05203
JUN,3725,hsa05203
LYN,4067,hsa05203
NFKB1,4790,hsa05203
NFKBIA,4792,hsa05203
HDAC7,51564,hsa05203
PIK3CA,5290,hsa05203
PIK3R1,5295,hsa05203
PMAIP1,5366,hsa05203
HDAC8,55869,hsa05203
MAPK3,5595,hsa05203
BAK1,578,hsa05203
BAX,581,hsa05203
RASA2,5922,hsa05203
RB1,5925,hsa05203
RBL2,5934,hsa05203
CCND1,595,hsa05203
REL,5966,hsa05203
STAT3,6774,hsa05203
TP53,7157,hsa05203
C3,718,hsa05203
TRAF3,7187,hsa05203
YWHAZ,7534,hsa05203
HDAC11,79885,hsa05203
CASP3,836,hsa05203
MAD1L1,8379,hsa05203
HDAC10,83933,hsa05203
CASP8,841,hsa05203
ACTN1,87,hsa05203
HDAC3,8841,hsa05203
KAT2B,8850,hsa05203
CCND2,894,hsa05203
CCNE1,898,hsa05203
CCNE2,9134,hsa05203
HDAC9,9734,hsa05203
HDAC4,9759,hsa05203
NAT2,10,hsa05204
CYP1B1,1545,hsa05204
CYP2E1,1571,hsa05204
GSTA2,2939,hsa05204
GSTM1,2944,hsa05204
GSTP1,2950,hsa05204
HSD11B1,3290,hsa05204
UGT1A1,54658,hsa05204
PTGS2,5743,hsa05204
SULT1A1,6817,hsa05204
CBR1,873,hsa05204
GSTO1,9446,hsa05204
AKT3,10000,hsa05205
CDKN1A,1026,hsa05205
TWIST2,117581,hsa05205
CTNNB1,1499,hsa05205
DCN,1634,hsa05205
HBEGF,1839,hsa05205
EGFR,1956,hsa05205
ERBB3,2065,hsa05205
ERBB4,2066,hsa05205
AKT1,207,hsa05205
AKT2,208,hsa05205
ESR1,2099,hsa05205
FGF2,2247,hsa05205
FGFR1,2260,hsa05205
RRAS2,22800,hsa05205
MRAS,22808,hsa05205
MTOR,2475,hsa05205
PDCD4,27250,hsa05205
ANK1,286,hsa05205
HGF,3082,hsa05205
HIF1A,3091,hsa05205
IGF1,3479,hsa05205
IGF1R,3480,hsa05205
IGF2,3481,hsa05205
FAS,355,hsa05205
IL12B,3593,hsa05205
MMP2,4313,hsa05205
MMP9,4318,hsa05205
MYC,4609,hsa05205
PIK3CA,5290,hsa05205
PIK3R1,5295,hsa05205
PLCG1,5335,hsa05205
PLCG2,5336,hsa05205
PPP1CB,5500,hsa05205
PRKCB,5579,hsa05205
MAPK3,5595,hsa05205
MAP2K1,5604,hsa05205
PTCH1,5727,hsa05205
CCND1,595,hsa05205
HPSE2,60495,hsa05205
ROCK1,6093,hsa05205
RPS6KB1,6198,hsa05205
SHH,6469,hsa05205
SOS1,6654,hsa05205
SOS2,6655,hsa05205
BRAF,673,hsa05205
STAT3,6774,hsa05205
TGFB1,7040,hsa05205
THBS1,7057,hsa05205
TIMP3,7078,hsa05205
TLR2,7097,hsa05205
TLR4,7099,hsa05205
TNF,7124,hsa05205
TP53,7157,hsa05205
VAV2,7410,hsa05205
VEGFA,7422,hsa05205
WNT5A,7474,hsa05205
WNT6,7475,hsa05205
WNT7B,7477,hsa05205
WNT8A,7478,hsa05205
WNT9B,7484,hsa05205
FZD5,7855,hsa05205
CAMK2B,816,hsa05205
CAMK2G,818,hsa05205
FZD4,8322,hsa05205
CASP3,836,hsa05205
HDAC5,10014,hsa05206
BCL2L11,10018,hsa05206
SPRY2,10253,hsa05206
CDKN1A,1026,hsa05206
CDKN1B,1027,hsa05206
CDKN2A,1029,hsa05206
IGF2BP1,10642,hsa05206
CREBBP,1387,hsa05206
CYP1B1,1545,hsa05206
DNMT3A,1788,hsa05206
E2F1,1869,hsa05206
E2F3,1871,hsa05206
EFNA3,1944,hsa05206
EFNA5,1946,hsa05206
EGFR,1956,hsa05206
EP300,2033,hsa05206
ERBB3,2065,hsa05206
FGFR3,2261,hsa05206
SIRT1,23411,hsa05206
ZFPM2,23414,hsa05206
MTOR,2475,hsa05206
ABL1,25,hsa05206
FOXP1,27086,hsa05206
PDCD4,27250,hsa05206
HDAC1,3065,hsa05206
HDAC2,3066,hsa05206
HMOX1,3162,hsa05206
IKBKB,3551,hsa05206
IRS1,3667,hsa05206
MARCKS,4082,hsa05206
MDM4,4194,hsa05206
MMP9,4318,hsa05206
MMP16,4325,hsa05206
MYC,4609,hsa05206
ATM,472,hsa05206
NFKB1,4790,hsa05206
NOTCH2,4853,hsa05206
PIK3CA,5290,hsa05206
PIK3R1,5295,hsa05206
PLCG1,5335,hsa05206
PLCG2,5336,hsa05206
DDIT4,54541,hsa05206
PRKCB,5579,hsa05206
PRKCE,5581,hsa05206
MAPK3,5595,hsa05206
MAP2K1,5604,hsa05206
PTEN,5728,hsa05206
PTGS2,5743,hsa05206
RPTOR,57521,hsa05206
BAK1,578,hsa05206
CCND1,595,hsa05206
BCL2,596,hsa05206
ROCK1,6093,hsa05206
BMPR2,659,hsa05206
SOS1,6654,hsa05206
SOS2,6655,hsa05206
SOX4,6659,hsa05206
STAT3,6774,hsa05206
ZEB1,6935,hsa05206
THBS1,7057,hsa05206
TIMP3,7078,hsa05206
TP53,7157,hsa05206
VEGFA,7422,hsa05206
HMGA2,8091,hsa05206
CASP3,836,hsa05206
TP63,8626,hsa05206
IRS2,8660,hsa05206
CCND2,894,hsa05206
CCNE1,898,hsa05206
BMF,90427,hsa05206
CCNE2,9134,hsa05206
RPS6KA5,9252,hsa05206
HDAC4,9759,hsa05206
ZEB2,9839,hsa05206
CDC25A,993,hsa05206
CDC25C,995,hsa05206
AKT3,10000,hsa05207
CREB3,10488,hsa05207
ADCY1,107,hsa05207
ADCY3,109,hsa05207
ADCY5,111,hsa05207
CHRNA3,1136,hsa05207
ADCY9,115,hsa05207
CREB1,1385,hsa05207
ADRB1,153,hsa05207
ADRB2,154,hsa05207
CYP1B1,1545,hsa05207
ADRB3,155,hsa05207
JAG1,182,hsa05207
E2F1,1869,hsa05207
EGFR,1956,hsa05207
AHR,196,hsa05207
AKT1,207,hsa05207
AKT2,208,hsa05207
ESR1,2099,hsa05207
ESR2,2100,hsa05207
FGF2,2247,hsa05207
FGF5,2250,hsa05207
FGF9,2254,hsa05207
FOS,2353,hsa05207
MTOR,2475,hsa05207
GNAI1,2770,hsa05207
GNAS,2778,hsa05207
DLL1,28514,hsa05207
GSTA2,2939,hsa05207
GSTM1,2944,hsa05207
BIRC5,332,hsa05207
AR,367,hsa05207
JUN,3725,hsa05207
KPNA2,3838,hsa05207
MYC,4609,hsa05207
NFKB1,4790,hsa05207
NOTCH2,4853,hsa05207
PGR,5241,hsa05207
PIK3CA,5290,hsa05207
PIK3R1,5295,hsa05207
PPARA,5465,hsa05207
UGT1A1,54658,hsa05207
PRKCB,5579,hsa05207
MAPK3,5595,hsa05207
MAP2K1,5604,hsa05207
RB1,5925,hsa05207
CCND1,595,hsa05207
BCL2,596,hsa05207
BCL6,604,hsa05207
RPS6KA1,6195,hsa05207
RPS6KB1,6198,hsa05207
RXRA,6256,hsa05207
SOS1,6654,hsa05207
SOS2,6655,hsa05207
STAT3,6774,hsa05207
VDR,7421,hsa05207
VEGFA,7422,hsa05207
CACNA1C,775,hsa05207
CACNA1D,776,hsa05207
CACNA1F,778,hsa05207
CACNA1S,779,hsa05207
TNFSF11,8600,hsa05207
GSTO1,9446,hsa05207
IKBKE,9641,hsa05207
CDC25A,993,hsa05207
AKT3,10000,hsa05208
PPIF,10105,hsa05208
CHUK,1147,hsa05208
SLC26A9,115019,hsa05208
NDUFA11,126328,hsa05208
CYP1B1,1545,hsa05208
CYP2E1,1571,hsa05208
EGFR,1956,hsa05208
AHR,196,hsa05208
AKT1,207,hsa05208
AKT2,208,hsa05208
FOXO3,2309,hsa05208
FOS,2353,hsa05208
ABL1,25,hsa05208
GSTA2,2939,hsa05208
GSTM1,2944,hsa05208
HGF,3082,hsa05208
HIF1A,3091,hsa05208
HMOX1,3162,hsa05208
IKBKB,3551,hsa05208
JUN,3725,hsa05208
NDUFS7,374291,hsa05208
MAP3K5,4217,hsa05208
MT-CYB,4519,hsa05208
MT-ND1,4535,hsa05208
MT-ND2,4536,hsa05208
MT-ND3,4537,hsa05208
MT-ND4,4538,hsa05208
MT-ND4L,4539,hsa05208
MT-ND5,4540,hsa05208
MT-ND6,4541,hsa05208
NDUFA1,4694,hsa05208
NDUFA2,4695,hsa05208
NDUFA3,4696,hsa05208
COXFA4,4697,hsa05208
NDUFA5,4698,hsa05208
NDUFA6,4700,hsa05208
NDUFA7,4701,hsa05208
NDUFA8,4702,hsa05208
NDUFA9,4704,hsa05208
NDUFA10,4705,hsa05208
NDUFAB1,4706,hsa05208
NDUFB1,4707,hsa05208
NDUFB2,4708,hsa05208
NDUFB3,4709,hsa05208
NDUFB4,4710,hsa05208
NDUFB5,4711,hsa05208
NDUFB6,4712,hsa05208
NDUFB7,4713,hsa05208
NDUFB8,4714,hsa05208
NDUFB9,4715,hsa05208
NDUFB10,4716,hsa05208
NDUFC1,4717,hsa05208
NDUFC2,4718,hsa05208
NDUFS1,4719,hsa05208
NDUFS2,4720,hsa05208
NDUFS3,4722,hsa05208
NDUFV1,4723,hsa05208
NDUFS4,4724,hsa05208
NDUFS5,4725,hsa05208
NDUFS6,4726,hsa05208
NDUFS8,4728,hsa05208
NDUFV2,4729,hsa05208
NDUFV3,4731,hsa05208
NFE2L2,4780,hsa05208
NFKB1,4790,hsa05208
NFKBIA,4792,hsa05208
NDUFA13,51079,hsa05208
ATP5F1D,513,hsa05208
ATP5F1E,514,hsa05208
ATP5MC1,516,hsa05208
PIK3CA,5290,hsa05208
PIK3R1,5295,hsa05208
NDUFB11,54539,hsa05208
PRKD1,5587,hsa05208
MAPK3,5595,hsa05208
NDUFA12,55967,hsa05208
MAPK8,5599,hsa05208
MAP2K1,5604,hsa05208
MAP2K7,5609,hsa05208
COXFA4L2,56901,hsa05208
PTEN,5728,hsa05208
AS3MT,57412,hsa05208
PTPN1,5770,hsa05208
PTPRJ,5795,hsa05208
NCF1,653361,hsa05208
SOD1,6647,hsa05208
SOS1,6654,hsa05208
SOS2,6655,hsa05208
BRAF,673,hsa05208
VEGFA,7422,hsa05208
CAT,847,hsa05208
CBR1,873,hsa05208
GSTO1,9446,hsa05208
KEAP1,9817,hsa05208
AKT3,10000,hsa05210
BCL2L11,10018,hsa05210
CDKN1A,1026,hsa05210
GADD45G,10912,hsa05210
CTNNB1,1499,hsa05210
DCC,1630,hsa05210
EGFR,1956,hsa05210
AKT1,207,hsa05210
AKT2,208,hsa05210
FOS,2353,hsa05210
MTOR,2475,hsa05210
APPL1,26060,hsa05210
GSK3B,2932,hsa05210
MSH6,2956,hsa05210
BIRC5,332,hsa05210
JUN,3725,hsa05210
SMAD3,4088,hsa05210
MYC,4609,hsa05210
POLK,51426,hsa05210
PIK3CA,5290,hsa05210
PIK3R1,5295,hsa05210
PMAIP1,5366,hsa05210
MAPK3,5595,hsa05210
MAPK8,5599,hsa05210
MAP2K1,5604,hsa05210
BAK1,578,hsa05210
BAX,581,hsa05210
CCND1,595,hsa05210
BCL2,596,hsa05210
RPS6KB1,6198,hsa05210
SOS1,6654,hsa05210
SOS2,6655,hsa05210
BRAF,673,hsa05210
TCF7L2,6934,hsa05210
TGFB1,7040,hsa05210
TP53,7157,hsa05210
TCF7L1,83439,hsa05210
CASP3,836,hsa05210
CASP9,842,hsa05210
AKT3,10000,hsa05211
CDKN1A,1026,hsa05211
CREBBP,1387,hsa05211
EP300,2033,hsa05211
EPAS1,2034,hsa05211
AKT1,207,hsa05211
AKT2,208,hsa05211
ETS1,2113,hsa05211
HGF,3082,hsa05211
HIF1A,3091,hsa05211
JUN,3725,hsa05211
PIK3CA,5290,hsa05211
PIK3R1,5295,hsa05211
MAPK3,5595,hsa05211
MAP2K1,5604,hsa05211
SOS1,6654,hsa05211
SOS2,6655,hsa05211
BRAF,673,hsa05211
TGFB1,7040,hsa05211
VEGFA,7422,hsa05211
CUL2,8453,hsa05211
ARNT2,9915,hsa05211
AKT3,10000,hsa05212
CDKN1A,1026,hsa05212
CDKN2A,1029,hsa05212
GADD45G,10912,hsa05212
CHUK,1147,hsa05212
E2F1,1869,hsa05212
E2F3,1871,hsa05212
EGFR,1956,hsa05212
AKT1,207,hsa05212
AKT2,208,hsa05212
MTOR,2475,hsa05212
IKBKB,3551,hsa05212
SMAD3,4088,hsa05212
NFKB1,4790,hsa05212
POLK,51426,hsa05212
PIK3CA,5290,hsa05212
PIK3R1,5295,hsa05212
MAPK3,5595,hsa05212
MAPK8,5599,hsa05212
MAP2K1,5604,hsa05212
BAK1,578,hsa05212
BAX,581,hsa05212
RB1,5925,hsa05212
CCND1,595,hsa05212
RPS6KB1,6198,hsa05212
BRAF,673,hsa05212
STAT3,6774,hsa05212
TGFB1,7040,hsa05212
TP53,7157,hsa05212
VEGFA,7422,hsa05212
CASP9,842,hsa05212
AKT3,10000,hsa05213
CDKN1A,1026,hsa05213
GADD45G,10912,hsa05213
CTNNB1,1499,hsa05213
EGFR,1956,hsa05213
AKT1,207,hsa05213
AKT2,208,hsa05213
FOXO3,2309,hsa05213
CTNNA3,29119,hsa05213
GSK3B,2932,hsa05213
MYC,4609,hsa05213
POLK,51426,hsa05213
PIK3CA,5290,hsa05213
PIK3R1,5295,hsa05213
MAPK3,5595,hsa05213
MAP2K1,5604,hsa05213
PTEN,5728,hsa05213
BAK1,578,hsa05213
BAX,581,hsa05213
CCND1,595,hsa05213
SOS1,6654,hsa05213
SOS2,6655,hsa05213
BRAF,673,hsa05213
TCF7L2,6934,hsa05213
TP53,7157,hsa05213
TCF7L1,83439,hsa05213
CASP9,842,hsa05213
CDH1,999,hsa05213
AKT3,10000,hsa05214
CDKN1A,1026,hsa05214
CDKN2A,1029,hsa05214
GADD45G,10912,hsa05214
E2F1,1869,hsa05214
E2F3,1871,hsa05214
EGFR,1956,hsa05214
AKT1,207,hsa05214
AKT2,208,hsa05214
MTOR,2475,hsa05214
IGF1,3479,hsa05214
IGF1R,3480,hsa05214
POLK,51426,hsa05214
PIK3CA,5290,hsa05214
PIK3R1,5295,hsa05214
PLCG1,5335,hsa05214
PLCG2,5336,hsa05214
PRKCB,5579,hsa05214
MAPK3,5595,hsa05214
MAP2K1,5604,hsa05214
CAMK1D,57118,hsa05214
PTEN,5728,hsa05214
BAK1,578,hsa05214
BAX,581,hsa05214
RB1,5925,hsa05214
CCND1,595,hsa05214
SOS1,6654,hsa05214
SOS2,6655,hsa05214
BRAF,673,hsa05214
TP53,7157,hsa05214
CAMK4,814,hsa05214
CAMK2B,816,hsa05214
CAMK2G,818,hsa05214
AKT3,10000,hsa05215
CDKN1A,1026,hsa05215
CDKN1B,1027,hsa05215
CREB3,10488,hsa05215
CHUK,1147,hsa05215
CREB1,1385,hsa05215
CREBBP,1387,hsa05215
CTNNB1,1499,hsa05215
E2F1,1869,hsa05215
E2F3,1871,hsa05215
EGFR,1956,hsa05215
EP300,2033,hsa05215
AKT1,207,hsa05215
ERG,2078,hsa05215
AKT2,208,hsa05215
ETV5,2119,hsa05215
FGFR1,2260,hsa05215
FGFR2,2263,hsa05215
FOXO1,2308,hsa05215
FOLH1,2346,hsa05215
MTOR,2475,hsa05215
GRM5,2915,hsa05215
GSK3B,2932,hsa05215
GSTP1,2950,hsa05215
IGF1,3479,hsa05215
IGF1R,3480,hsa05215
KLK3,354,hsa05215
IKBKB,3551,hsa05215
INS,3630,hsa05215
AR,367,hsa05215
MMP9,4318,hsa05215
NFKB1,4790,hsa05215
NFKBIA,4792,hsa05215
PIK3CA,5290,hsa05215
PIK3R1,5295,hsa05215
PLAT,5327,hsa05215
MAPK3,5595,hsa05215
PDGFC,56034,hsa05215
MAP2K1,5604,hsa05215
PTEN,5728,hsa05215
RB1,5925,hsa05215
CCND1,595,hsa05215
BCL2,596,hsa05215
SOS1,6654,hsa05215
SOS2,6655,hsa05215
BRAF,673,hsa05215
TCF7L2,6934,hsa05215
ZEB1,6935,hsa05215
TP53,7157,hsa05215
TCF7L1,83439,hsa05215
CASP9,842,hsa05215
CCNE1,898,hsa05215
CCNE2,9134,hsa05215
CDKN1A,1026,hsa05216
GADD45G,10912,hsa05216
CTNNB1,1499,hsa05216
MYC,4609,hsa05216
POLK,51426,hsa05216
PPARG,5468,hsa05216
MAPK3,5595,hsa05216
MAP2K1,5604,hsa05216
BAK1,578,hsa05216
BAX,581,hsa05216
CCND1,595,hsa05216
RET,5979,hsa05216
RXRA,6256,hsa05216
BRAF,673,hsa05216
TCF7L2,6934,hsa05216
TP53,7157,hsa05216
TCF7L1,83439,hsa05216
CDH1,999,hsa05216
CDKN1A,1026,hsa05217
GADD45G,10912,hsa05217
CTNNB1,1499,hsa05217
GLI2,2736,hsa05217
GSK3B,2932,hsa05217
POLK,51426,hsa05217
PTCH1,5727,hsa05217
BAK1,578,hsa05217
BAX,581,hsa05217
HHIP,64399,hsa05217
SHH,6469,hsa05217
TCF7L2,6934,hsa05217
TP53,7157,hsa05217
WNT5A,7474,hsa05217
WNT6,7475,hsa05217
WNT7B,7477,hsa05217
WNT8A,7478,hsa05217
WNT9B,7484,hsa05217
FZD5,7855,hsa05217
FZD4,8322,hsa05217
TCF7L1,83439,hsa05217
AKT3,10000,hsa05218
CDKN1A,1026,hsa05218
CDKN2A,1029,hsa05218
GADD45G,10912,hsa05218
E2F1,1869,hsa05218
E2F3,1871,hsa05218
EGFR,1956,hsa05218
AKT1,207,hsa05218
AKT2,208,hsa05218
FGF1,2246,hsa05218
FGF2,2247,hsa05218
FGF5,2250,hsa05218
FGF9,2254,hsa05218
FGFR1,2260,hsa05218
FGF21,26291,hsa05218
HGF,3082,hsa05218
IGF1,3479,hsa05218
IGF1R,3480,hsa05218
MITF,4286,hsa05218
POLK,51426,hsa05218
PIK3CA,5290,hsa05218
PIK3R1,5295,hsa05218
MAPK3,5595,hsa05218
PDGFC,56034,hsa05218
MAP2K1,5604,hsa05218
PTEN,5728,hsa05218
BAK1,578,hsa05218
BAX,581,hsa05218
RB1,5925,hsa05218
CCND1,595,hsa05218
BRAF,673,hsa05218
TP53,7157,hsa05218
FGF23,8074,hsa05218
FGF19,9965,hsa05218
CDH1,999,hsa05218
CDKN1A,1026,hsa05219
CDKN2A,1029,hsa05219
HBEGF,1839,hsa05219
E2F1,1869,hsa05219
E2F3,1871,hsa05219
EGFR,1956,hsa05219
FGFR3,2261,hsa05219
CXCL8,3576,hsa05219
MMP1,4312,hsa05219
MMP2,4313,hsa05219
MMP9,4318,hsa05219
MYC,4609,hsa05219
MAPK3,5595,hsa05219
MAP2K1,5604,hsa05219
RB1,5925,hsa05219
CCND1,595,hsa05219
BRAF,673,hsa05219
THBS1,7057,hsa05219
TP53,7157,hsa05219
VEGFA,7422,hsa05219
RPS6KA5,9252,hsa05219
CDH1,999,hsa05219
AKT3,10000,hsa05220
CDKN1A,1026,hsa05220
CDKN1B,1027,hsa05220
CDKN2A,1029,hsa05220
GADD45G,10912,hsa05220
CHUK,1147,hsa05220
CTBP1,1487,hsa05220
CTBP2,1488,hsa05220
E2F1,1869,hsa05220
E2F3,1871,hsa05220
AKT1,207,hsa05220
AKT2,208,hsa05220
ABL1,25,hsa05220
HDAC1,3065,hsa05220
HDAC2,3066,hsa05220
IKBKB,3551,hsa05220
SMAD3,4088,hsa05220
MYC,4609,hsa05220
NFKB1,4790,hsa05220
NFKBIA,4792,hsa05220
POLK,51426,hsa05220
PIK3CA,5290,hsa05220
PIK3R1,5295,hsa05220
MAPK3,5595,hsa05220
MAP2K1,5604,hsa05220
BAK1,578,hsa05220
BAX,581,hsa05220
RB1,5925,hsa05220
CCND1,595,hsa05220
BCR,613,hsa05220
SOS1,6654,hsa05220
SOS2,6655,hsa05220
BRAF,673,hsa05220
TGFB1,7040,hsa05220
TP53,7157,hsa05220
RUNX1,861,hsa05220
AKT3,10000,hsa05221
CEBPA,1050,hsa05221
CHUK,1147,hsa05221
DUSP6,1848,hsa05221
AKT1,207,hsa05221
AKT2,208,hsa05221
FLT3,2322,hsa05221
MTOR,2475,hsa05221
IKBKB,3551,hsa05221
KIT,3815,hsa05221
MPO,4353,hsa05221
MYC,4609,hsa05221
NFKB1,4790,hsa05221
PIK3CA,5290,hsa05221
PIK3R1,5295,hsa05221
PML,5371,hsa05221
PPARD,5467,hsa05221
MAPK3,5595,hsa05221
MAP2K1,5604,hsa05221
CCND1,595,hsa05221
RPS6KB1,6198,hsa05221
SOS1,6654,hsa05221
SOS2,6655,hsa05221
BRAF,673,hsa05221
STAT3,6774,hsa05221
TCF7L2,6934,hsa05221
ZBTB16,7704,hsa05221
TCF7L1,83439,hsa05221
RUNX1,861,hsa05221
RUNX1T1,862,hsa05221
CD14,929,hsa05221
AKT3,10000,hsa05222
CDKN1A,1026,hsa05222
CDKN1B,1027,hsa05222
CDKN2B,1030,hsa05222
GADD45G,10912,hsa05222
CHUK,1147,hsa05222
E2F1,1869,hsa05222
E2F3,1871,hsa05222
AKT1,207,hsa05222
AKT2,208,hsa05222
FHIT,2272,hsa05222
LAMA1,284217,hsa05222
IKBKB,3551,hsa05222
ITGA3,3675,hsa05222
LAMA4,3910,hsa05222
LAMB1,3912,hsa05222
LAMC1,3915,hsa05222
MYC,4609,hsa05222
NFKB1,4790,hsa05222
NFKBIA,4792,hsa05222
NOS2,4843,hsa05222
POLK,51426,hsa05222
PIK3CA,5290,hsa05222
PIK3R1,5295,hsa05222
PTEN,5728,hsa05222
PTGS2,5743,hsa05222
BAK1,578,hsa05222
BAX,581,hsa05222
RARB,5915,hsa05222
RB1,5925,hsa05222
CCND1,595,hsa05222
BCL2,596,hsa05222
RXRA,6256,hsa05222
TP53,7157,hsa05222
TRAF3,7187,hsa05222
CASP3,836,hsa05222
CASP9,842,hsa05222
CCNE1,898,hsa05222
CCNE2,9134,hsa05222
AKT3,10000,hsa05223
CDKN1A,1026,hsa05223
CDKN2A,1029,hsa05223
GADD45G,10912,hsa05223
E2F1,1869,hsa05223
E2F3,1871,hsa05223
EGFR,1956,hsa05223
AKT1,207,hsa05223
AKT2,208,hsa05223
FHIT,2272,hsa05223
FOXO3,2309,hsa05223
ALK,238,hsa05223
HGF,3082,hsa05223
KIF5C,3800,hsa05223
POLK,51426,hsa05223
PIK3CA,5290,hsa05223
PIK3R1,5295,hsa05223
PLCG1,5335,hsa05223
PLCG2,5336,hsa05223
PRKCB,5579,hsa05223
MAPK3,5595,hsa05223
MAP2K1,5604,hsa05223
BAK1,578,hsa05223
BAX,581,hsa05223
RARB,5915,hsa05223
RB1,5925,hsa05223
CCND1,595,hsa05223
RET,5979,hsa05223
RXRA,6256,hsa05223
SOS1,6654,hsa05223
SOS2,6655,hsa05223
BRAF,673,hsa05223
STAT3,6774,hsa05223
TP53,7157,hsa05223
CASP9,842,hsa05223
AKT3,10000,hsa05224
FRAT1,10023,hsa05224
CDKN1A,1026,hsa05224
GADD45G,10912,hsa05224
CTNNB1,1499,hsa05224
JAG1,182,hsa05224
E2F1,1869,hsa05224
E2F3,1871,hsa05224
EGFR,1956,hsa05224
AKT1,207,hsa05224
AKT2,208,hsa05224
ESR1,2099,hsa05224
ESR2,2100,hsa05224
FGF1,2246,hsa05224
FGF2,2247,hsa05224
FGF5,2250,hsa05224
FGF9,2254,hsa05224
FGFR1,2260,hsa05224
FRAT2,23401,hsa05224
HEY2,23493,hsa05224
FOS,2353,hsa05224
MTOR,2475,hsa05224
FGF21,26291,hsa05224
DLL1,28514,hsa05224
GSK3B,2932,hsa05224
IGF1,3479,hsa05224
IGF1R,3480,hsa05224
JUN,3725,hsa05224
KIT,3815,hsa05224
LRP5,4041,hsa05224
MYC,4609,hsa05224
NOTCH2,4853,hsa05224
POLK,51426,hsa05224
PGR,5241,hsa05224
PIK3CA,5290,hsa05224
PIK3R1,5295,hsa05224
MAPK3,5595,hsa05224
MAP2K1,5604,hsa05224
PTEN,5728,hsa05224
BAK1,578,hsa05224
BAX,581,hsa05224
RB1,5925,hsa05224
CCND1,595,hsa05224
RPS6KB1,6198,hsa05224
SOS1,6654,hsa05224
SOS2,6655,hsa05224
BRAF,673,hsa05224
TCF7L2,6934,hsa05224
TP53,7157,hsa05224
WNT5A,7474,hsa05224
WNT6,7475,hsa05224
WNT7B,7477,hsa05224
WNT8A,7478,hsa05224
WNT9B,7484,hsa05224
FZD5,7855,hsa05224
FGF23,8074,hsa05224
FZD4,8322,hsa05224
TCF7L1,83439,hsa05224
TNFSF11,8600,hsa05224
FGF19,9965,hsa05224
AKT3,10000,hsa05225
FRAT1,10023,hsa05225
CDKN1A,1026,hsa05225
CDKN2A,1029,hsa05225
GADD45G,10912,hsa05225
CTNNB1,1499,hsa05225
E2F1,1869,hsa05225
E2F3,1871,hsa05225
EGFR,1956,hsa05225
ARID2,196528,hsa05225
AKT1,207,hsa05225
AKT2,208,hsa05225
FRAT2,23401,hsa05225
MTOR,2475,hsa05225
GSK3B,2932,hsa05225
GSTA2,2939,hsa05225
GSTM1,2944,hsa05225
GSTP1,2950,hsa05225
HGF,3082,hsa05225
HMOX1,3162,hsa05225
IGF1R,3480,hsa05225
IGF2,3481,hsa05225
LRP5,4041,hsa05225
SMAD3,4088,hsa05225
MYC,4609,hsa05225
NFE2L2,4780,hsa05225
POLK,51426,hsa05225
PIK3CA,5290,hsa05225
PIK3R1,5295,hsa05225
PLCG1,5335,hsa05225
PLCG2,5336,hsa05225
PRKCB,5579,hsa05225
MAPK3,5595,hsa05225
MAP2K1,5604,hsa05225
PTEN,5728,hsa05225
ARID1B,57492,hsa05225
BAK1,578,hsa05225
BAX,581,hsa05225
RB1,5925,hsa05225
CCND1,595,hsa05225
RPS6KB1,6198,hsa05225
SMARCA2,6595,hsa05225
SMARCA4,6597,hsa05225
SMARCC1,6599,hsa05225
SOS1,6654,hsa05225
SOS2,6655,hsa05225
BRAF,673,hsa05225
TCF7L2,6934,hsa05225
TGFB1,7040,hsa05225
TP53,7157,hsa05225
WNT5A,7474,hsa05225
WNT6,7475,hsa05225
WNT7B,7477,hsa05225
WNT8A,7478,hsa05225
WNT9B,7484,hsa05225
FZD5,7855,hsa05225
DPF3,8110,hsa05225
ARID1A,8289,hsa05225
FZD4,8322,hsa05225
TCF7L1,83439,hsa05225
GSTO1,9446,hsa05225
KEAP1,9817,hsa05225
AKT3,10000,hsa05226
FRAT1,10023,hsa05226
CDKN1A,1026,hsa05226
CDKN1B,1027,hsa05226
CDKN2B,1030,hsa05226
GADD45G,10912,hsa05226
CTNNB1,1499,hsa05226
E2F1,1869,hsa05226
E2F3,1871,hsa05226
EGFR,1956,hsa05226
AKT1,207,hsa05226
AKT2,208,hsa05226
FGF1,2246,hsa05226
FGF2,2247,hsa05226
FGF5,2250,hsa05226
FGF9,2254,hsa05226
FGFR2,2263,hsa05226
FRAT2,23401,hsa05226
MTOR,2475,hsa05226
FGF21,26291,hsa05226
CTNNA3,29119,hsa05226
GSK3B,2932,hsa05226
HGF,3082,hsa05226
LRP5,4041,hsa05226
SMAD3,4088,hsa05226
MYC,4609,hsa05226
POLK,51426,hsa05226
PIK3CA,5290,hsa05226
PIK3R1,5295,hsa05226
MAPK3,5595,hsa05226
MAP2K1,5604,hsa05226
BAK1,578,hsa05226
BAX,581,hsa05226
RARB,5915,hsa05226
RB1,5925,hsa05226
CCND1,595,hsa05226
BCL2,596,hsa05226
RPS6KB1,6198,hsa05226
RXRA,6256,hsa05226
SHH,6469,hsa05226
SOS1,6654,hsa05226
SOS2,6655,hsa05226
BRAF,673,hsa05226
TCF7L2,6934,hsa05226
TGFB1,7040,hsa05226
TP53,7157,hsa05226
WNT5A,7474,hsa05226
WNT6,7475,hsa05226
WNT7B,7477,hsa05226
WNT8A,7478,hsa05226
WNT9B,7484,hsa05226
FZD5,7855,hsa05226
FGF23,8074,hsa05226
FZD4,8322,hsa05226
TCF7L1,83439,hsa05226
CCNE1,898,hsa05226
CCNE2,9134,hsa05226
FGF19,9965,hsa05226
CDH1,999,hsa05226
AKT3,10000,hsa05230
EGFR,1956,hsa05230
AKT1,207,hsa05230
AKT2,208,hsa05230
FGFR1,2260,hsa05230
FGFR3,2261,hsa05230
FGFR2,2263,hsa05230
FLT3,2322,hsa05230
SIRT3,23410,hsa05230
MTOR,2475,hsa05230
GCK,2645,hsa05230
HIF1A,3091,hsa05230
HK1,3098,hsa05230
KIT,3815,hsa05230
LDHB,3945,hsa05230
MYC,4609,hsa05230
SIRT6,51548,hsa05230
PDHA1,5160,hsa05230
PDHB,5162,hsa05230
PIK3CA,5290,hsa05230
PIK3R1,5295,hsa05230
MAPK3,5595,hsa05230
MAP2K1,5604,hsa05230
TIGAR,57103,hsa05230
PTEN,5728,hsa05230
RET,5979,hsa05230
SLC2A2,6514,hsa05230
TP53,7157,hsa05230
SLC7A5,8140,hsa05230
AKT3,10000,hsa05231
PLA2G4B,100137049,hsa05231
LYPLA1,10434,hsa05231
DGKB,1607,hsa05231
EGFR,1956,hsa05231
AKT1,207,hsa05231
AKT2,208,hsa05231
FOS,2353,hsa05231
MTOR,2475,hsa05231
HIF1A,3091,hsa05231
JUN,3725,hsa05231
PIK3CA,5290,hsa05231
PIK3R1,5295,hsa05231
PLCG1,5335,hsa05231
PRKCB,5579,hsa05231
MAPK3,5595,hsa05231
MAPK8,5599,hsa05231
PDGFC,56034,hsa05231
MAP2K1,5604,hsa05231
RPS6KB1,6198,hsa05231
SLC22A3,6581,hsa05231
SLC22A2,6582,hsa05231
SOS1,6654,hsa05231
SOS2,6655,hsa05231
DGKE,8526,hsa05231
DGKD,8527,hsa05231
DGKI,9162,hsa05231
AKT3,10000,hsa05235
RASGRP1,10125,hsa05235
CHUK,1147,hsa05235
EGFR,1956,hsa05235
AKT1,207,hsa05235
AKT2,208,hsa05235
FOS,2353,hsa05235
ALK,238,hsa05235
MTOR,2475,hsa05235
HIF1A,3091,hsa05235
IFNG,3458,hsa05235
IFNGR1,3459,hsa05235
IKBKB,3551,hsa05235
JUN,3725,hsa05235
NFATC1,4772,hsa05235
NFATC2,4773,hsa05235
NFATC3,4775,hsa05235
NFKB1,4790,hsa05235
NFKBIA,4792,hsa05235
PDCD1,5133,hsa05235
PIK3CA,5290,hsa05235
PIK3R1,5295,hsa05235
PLCG1,5335,hsa05235
TLR9,54106,hsa05235
PPP3CA,5530,hsa05235
MAPK3,5595,hsa05235
MAP2K1,5604,hsa05235
PTEN,5728,hsa05235
RPS6KB1,6198,hsa05235
STAT3,6774,hsa05235
TLR2,7097,hsa05235
TLR4,7099,hsa05235
CD4,920,hsa05235
IL9,3578,hsa05310
IL10,3586,hsa05310
IL13,3596,hsa05310
TNF,7124,hsa05310
CD40,958,hsa05310
CD40LG,959,hsa05310
CTLA4,1493,hsa05320
FAS,355,hsa05320
IL10,3586,hsa05320
TPO,7173,hsa05320
CD40,958,hsa05320
CD40LG,959,hsa05320
IL23R,149233,hsa05321
TBX21,30009,hsa05321
IFNG,3458,hsa05321
IFNGR1,3459,hsa05321
IL1A,3552,hsa05321
IL1B,3553,hsa05321
IL6,3569,hsa05321
IL10,3586,hsa05321
IL12B,3593,hsa05321
IL13,3596,hsa05321
IL17A,3605,hsa05321
IL18,3606,hsa05321
JUN,3725,hsa05321
SMAD3,4088,hsa05321
MAF,4094,hsa05321
NFATC1,4772,hsa05321
NFKB1,4790,hsa05321
IL22,50616,hsa05321
IL23A,51561,hsa05321
RORA,6095,hsa05321
NOD2,64127,hsa05321
STAT3,6774,hsa05321
TGFB1,7040,hsa05321
TLR2,7097,hsa05321
TLR4,7099,hsa05321
TNF,7124,hsa05321
IL18R1,8809,hsa05321
GRIN2A,2903,hsa05322
GRIN2B,2904,hsa05322
IFNG,3458,hsa05322
IL10,3586,hsa05322
TNF,7124,hsa05322
C3,718,hsa05322
ACTN1,87,hsa05322
CD40,958,hsa05322
CD40LG,959,hsa05322
ATP6V1G3,127124,hsa05323
CSF1,1435,hsa05323
CTLA4,1493,hsa05323
FOS,2353,hsa05323
CXCL1,2919,hsa05323
ICAM1,3383,hsa05323
IFNG,3458,hsa05323
IL1A,3552,hsa05323
IL1B,3553,hsa05323
IL6,3569,hsa05323
CXCL8,3576,hsa05323
IL17A,3605,hsa05323
IL18,3606,hsa05323
JUN,3725,hsa05323
MMP1,4312,hsa05323
IL23A,51561,hsa05323
PTH,5741,hsa05323
CCL2,6347,hsa05323
CCL5,6352,hsa05323
TGFB1,7040,hsa05323
TLR2,7097,hsa05323
TLR4,7099,hsa05323
TNF,7124,hsa05323
VEGFA,7422,hsa05323
TNFSF11,8600,hsa05323
TNFRSF11A,8792,hsa05323
IFNG,3458,hsa05330
FAS,355,hsa05330
IL10,3586,hsa05330
IL12B,3593,hsa05330
TNF,7124,hsa05330
CD40,958,hsa05330
CD40LG,959,hsa05330
IFNG,3458,hsa05332
FAS,355,hsa05332
IL1A,3552,hsa05332
IL1B,3553,hsa05332
IL6,3569,hsa05332
TNF,7124,hsa05332
ADA,100,hsa05340
ICOS,29851,hsa05340
CD4,920,hsa05340
CD8A,925,hsa05340
CD40,958,hsa05340
CD40LG,959,hsa05340
CD79A,973,hsa05340
SGCZ,137868,hsa05410
DAG1,1605,hsa05410
ACE,1636,hsa05410
DMD,1756,hsa05410
AGT,183,hsa05410
DTNA,1837,hsa05410
ITGA11,22801,hsa05410
CACNG5,27091,hsa05410
LAMA1,284217,hsa05410
IGF1,3479,hsa05410
IL6,3569,hsa05410
ITGA1,3672,hsa05410
ITGA3,3675,hsa05410
ITGB6,3694,hsa05410
LMNA,4000,hsa05410
MYL2,4633,hsa05410
NOS1,4842,hsa05410
ATP2A1,487,hsa05410
ATP2A2,488,hsa05410
ATP2A3,489,hsa05410
PRKAG3,53632,hsa05410
PRKAA1,5562,hsa05410
PRKAA2,5563,hsa05410
PRKAB1,5564,hsa05410
CACNA2D3,55799,hsa05410
RYR2,6262,hsa05410
SGCB,6443,hsa05410
SGCG,6445,hsa05410
SLC8A1,6546,hsa05410
SNTB1,6641,hsa05410
TGFB1,7040,hsa05410
TNF,7124,hsa05410
TTN,7273,hsa05410
CACNA1C,775,hsa05410
CACNA1D,776,hsa05410
CACNA1F,778,hsa05410
CACNA1S,779,hsa05410
CACNA2D1,781,hsa05410
SSPN,8082,hsa05410
SGCZ,137868,hsa05412
CTNNB1,1499,hsa05412
DAG1,1605,hsa05412
DMD,1756,hsa05412
DTNA,1837,hsa05412
ITGA11,22801,hsa05412
CACNG5,27091,hsa05412
LAMA1,284217,hsa05412
CTNNA3,29119,hsa05412
ITGA1,3672,hsa05412
ITGA3,3675,hsa05412
ITGB6,3694,hsa05412
LMNA,4000,hsa05412
NOS1,4842,hsa05412
ATP2A1,487,hsa05412
ATP2A2,488,hsa05412
ATP2A3,489,hsa05412
CACNA2D3,55799,hsa05412
RYR2,6262,hsa05412
SGCB,6443,hsa05412
SGCG,6445,hsa05412
SLC8A1,6546,hsa05412
SNTB1,6641,hsa05412
TCF7L2,6934,hsa05412
CACNA1C,775,hsa05412
CACNA1D,776,hsa05412
CACNA1F,778,hsa05412
CACNA1S,779,hsa05412
CACNA2D1,781,hsa05412
SSPN,8082,hsa05412
TCF7L1,83439,hsa05412
ADCY1,107,hsa05414
ADCY3,109,hsa05414
ADCY5,111,hsa05414
ADCY9,115,hsa05414
SGCZ,137868,hsa05414
ADRB1,153,hsa05414
DAG1,1605,hsa05414
DMD,1756,hsa05414
AGT,183,hsa05414
DTNA,1837,hsa05414
ITGA11,22801,hsa05414
CACNG5,27091,hsa05414
GNAS,2778,hsa05414
LAMA1,284217,hsa05414
IGF1,3479,hsa05414
ITGA1,3672,hsa05414
ITGA3,3675,hsa05414
ITGB6,3694,hsa05414
LMNA,4000,hsa05414
MYL2,4633,hsa05414
NOS1,4842,hsa05414
ATP2A1,487,hsa05414
ATP2A2,488,hsa05414
ATP2A3,489,hsa05414
CACNA2D3,55799,hsa05414
RYR2,6262,hsa05414
SGCB,6443,hsa05414
SGCG,6445,hsa05414
SLC8A1,6546,hsa05414
SNTB1,6641,hsa05414
TGFB1,7040,hsa05414
TNF,7124,hsa05414
TTN,7273,hsa05414
CACNA1C,775,hsa05414
CACNA1D,776,hsa05414
CACNA1F,778,hsa05414
CACNA1S,779,hsa05414
CACNA2D1,781,hsa05414
SSPN,8082,hsa05414
AKT3,10000,hsa05415
PPIF,10105,hsa05415
NDUFA11,126328,hsa05415
CTSD,1509,hsa05415
CYBB,1536,hsa05415
ACE,1636,hsa05415
AGER,177,hsa05415
AGT,183,hsa05415
AGTR1,185,hsa05415
AKT1,207,hsa05415
AKT2,208,hsa05415
MTOR,2475,hsa05415
GSK3B,2932,hsa05415
GYS2,2998,hsa05415
INS,3630,hsa05415
INSR,3643,hsa05415
IRS1,3667,hsa05415
NDUFS7,374291,hsa05415
SMAD3,4088,hsa05415
MMP2,4313,hsa05415
MMP9,4318,hsa05415
MT-CYB,4519,hsa05415
MT-ND1,4535,hsa05415
MT-ND2,4536,hsa05415
MT-ND3,4537,hsa05415
MT-ND4,4538,hsa05415
MT-ND4L,4539,hsa05415
MT-ND5,4540,hsa05415
MT-ND6,4541,hsa05415
NDUFA1,4694,hsa05415
NDUFA2,4695,hsa05415
NDUFA3,4696,hsa05415
COXFA4,4697,hsa05415
NDUFA5,4698,hsa05415
NDUFA6,4700,hsa05415
NDUFA7,4701,hsa05415
NDUFA8,4702,hsa05415
NDUFA9,4704,hsa05415
NDUFA10,4705,hsa05415
NDUFAB1,4706,hsa05415
NDUFB1,4707,hsa05415
NDUFB2,4708,hsa05415
NDUFB3,4709,hsa05415
NDUFB4,4710,hsa05415
NDUFB5,4711,hsa05415
NDUFB6,4712,hsa05415
NDUFB7,4713,hsa05415
NDUFB8,4714,hsa05415
NDUFB9,4715,hsa05415
NDUFB10,4716,hsa05415
NDUFC1,4717,hsa05415
NDUFC2,4718,hsa05415
NDUFS1,4719,hsa05415
NDUFS2,4720,hsa05415
NDUFS3,4722,hsa05415
NDUFV1,4723,hsa05415
NDUFS4,4724,hsa05415
NDUFS5,4725,hsa05415
NDUFS6,4726,hsa05415
NDUFS8,4728,hsa05415
NDUFV2,4729,hsa05415
NDUFV3,4731,hsa05415
NFKB1,4790,hsa05415
NOS3,4846,hsa05415
ATP2A1,487,hsa05415
ATP2A2,488,hsa05415
ATP2A3,489,hsa05415
NDUFA13,51079,hsa05415
ATP5F1D,513,hsa05415
ATP5F1E,514,hsa05415
ATP5MC1,516,hsa05415
PDHA1,5160,hsa05415
PDHB,5162,hsa05415
PDK2,5164,hsa05415
PIK3CA,5290,hsa05415
PIK3R1,5295,hsa05415
PLCB3,5331,hsa05415
NDUFB11,54539,hsa05415
PPARA,5465,hsa05415
PPP1CB,5500,hsa05415
PRKCB,5579,hsa05415
PRKCZ,5590,hsa05415
NDUFA12,55967,hsa05415
MAPK8,5599,hsa05415
COXFA4L2,56901,hsa05415
PTEN,5728,hsa05415
REN,5972,hsa05415
RYR2,6262,hsa05415
SLC2A4,6517,hsa05415
NCF1,653361,hsa05415
TGFB1,7040,hsa05415
CAMK2B,816,hsa05415
CAMK2G,818,hsa05415
CD36,948,hsa05415
TBC1D4,9882,hsa05415
SGCZ,137868,hsa05416
DAG1,1605,hsa05416
DMD,1756,hsa05416
DTNA,1837,hsa05416
ABL1,25,hsa05416
LAMA1,284217,hsa05416
ICAM1,3383,hsa05416
NOS1,4842,hsa05416
CCND1,595,hsa05416
SGCB,6443,hsa05416
SGCG,6445,hsa05416
SNTB1,6641,hsa05416
SSPN,8082,hsa05416
CASP3,836,hsa05416
CASP8,841,hsa05416
CASP9,842,hsa05416
CD40,958,hsa05416
CD40LG,959,hsa05416
AKT3,10000,hsa05417
TANK,10010,hsa05417
NLRP3,114548,hsa05417
CHUK,1147,hsa05417
CYBB,1536,hsa05417
AGER,177,hsa05417
ABCA1,19,hsa05417
AKT1,207,hsa05417
AKT2,208,hsa05417
ERN1,2081,hsa05417
FOS,2353,hsa05417
CXCL1,2919,hsa05417
GSK3B,2932,hsa05417
HSPA4,3308,hsa05417
HSPA5,3309,hsa05417
APOA1,335,hsa05417
APOA4,337,hsa05417
APOB,338,hsa05417
ICAM1,3383,hsa05417
FAS,355,hsa05417
IKBKB,3551,hsa05417
IL1B,3553,hsa05417
IL6,3569,hsa05417
CXCL8,3576,hsa05417
IL12B,3593,hsa05417
IL18,3606,hsa05417
IRF3,3661,hsa05417
IRF7,3665,hsa05417
JUN,3725,hsa05417
LBP,3929,hsa05417
LDLR,3949,hsa05417
LYN,4067,hsa05417
MAP3K5,4217,hsa05417
MMP1,4312,hsa05417
MMP9,4318,hsa05417
NFATC1,4772,hsa05417
NFATC2,4773,hsa05417
NFATC3,4775,hsa05417
NFE2L2,4780,hsa05417
NFKB1,4790,hsa05417
NFKBIA,4792,hsa05417
NOS3,4846,hsa05417
PIK3CA,5290,hsa05417
PIK3R1,5295,hsa05417
PLCB3,5331,hsa05417
PLCG1,5335,hsa05417
PPARG,5468,hsa05417
PPP3CA,5530,hsa05417
MAPK3,5595,hsa05417
MAPK8,5599,hsa05417
MAP2K7,5609,hsa05417
MIB1,57534,hsa05417
BAX,581,hsa05417
BCL2,596,hsa05417
RXRA,6256,hsa05417
CCL2,6347,hsa05417
CCL5,6352,hsa05417
NCF1,653361,hsa05417
STAT3,6774,hsa05417
TLR2,7097,hsa05417
TLR4,7099,hsa05417
TNF,7124,hsa05417
TP53,7157,hsa05417
TRAF3,7187,hsa05417
VAV2,7410,hsa05417
CAMK2B,816,hsa05417
CAMK2G,818,hsa05417
CASP1,834,hsa05417
CASP3,836,hsa05417
CASP6,839,hsa05417
CASP7,840,hsa05417
CASP8,841,hsa05417
CASP9,842,hsa05417
CD14,929,hsa05417
CD36,948,hsa05417
CD40,958,hsa05417
CD40LG,959,hsa05417
ABCG1,9619,hsa05417
IKBKE,9641,hsa05417
AKT3,10000,hsa05418
CDH5,1003,hsa05418
CHUK,1147,hsa05418
CTNNB1,1499,hsa05418
DUSP1,1843,hsa05418
AKT1,207,hsa05418
AKT2,208,hsa05418
FOS,2353,hsa05418
GSTA2,2939,hsa05418
GSTM1,2944,hsa05418
GSTP1,2950,hsa05418
HMOX1,3162,hsa05418
ICAM1,3383,hsa05418
IFNG,3458,hsa05418
IKBKB,3551,hsa05418
IL1A,3552,hsa05418
IL1B,3553,hsa05418
IL1R1,3554,hsa05418
JUN,3725,hsa05418
MEF2C,4208,hsa05418
MAP3K5,4217,hsa05418
MMP2,4313,hsa05418
MMP9,4318,hsa05418
NFE2L2,4780,hsa05418
NFKB1,4790,hsa05418
NOS3,4846,hsa05418
PIAS4,51588,hsa05418
PIK3CA,5290,hsa05418
PIK3R1,5295,hsa05418
PLAT,5327,hsa05418
PRKAA1,5562,hsa05418
PRKAA2,5563,hsa05418
PRKCZ,5590,hsa05418
MAPK8,5599,hsa05418
MAP2K5,5607,hsa05418
MAP2K7,5609,hsa05418
BCL2,596,hsa05418
CCL2,6347,hsa05418
NCF1,653361,hsa05418
BMPR1B,658,hsa05418
BMPR2,659,hsa05418
TNF,7124,hsa05418
TP53,7157,hsa05418
VEGFA,7422,hsa05418
SQSTM1,8878,hsa05418
ACVR2A,92,hsa05418
ACVR2B,93,hsa05418
GSTO1,9446,hsa05418
KEAP1,9817,hsa05418
