symbol,entrez_id,n_diseases,diseases,mean_score,max_score,log2FC_NAFLD,p_NAFLD,sig_NAFLD,log2FC_Obesity,p_Obesity,sig_Obesity,log2FC_PCOS,p_PCOS,sig_PCOS,log2FC_T2D,p_T2D,sig_T2D,n_drug_only_edges,hub_without_drug_only,expression_class
GLP1R,2740,4,"NAFLD,Obesity,PCOS,T2D",0.6246,0.7687,-0.1400828966874994,0.0831299505934141,False,-0.0035182389285712,0.8552133248119618,False,0.2182659667962614,0.7011733955807383,False,,,,0,True,insufficient
PPARG,5468,4,"NAFLD,Obesity,PCOS,T2D",0.6103,0.861,0.1154967735803564,0.2716716496952484,False,-0.2756173249107139,4.1061666672252544e-05,True,-0.0419620638204154,0.9069450539047332,False,-1.2290979002988558,0.0203520799716181,True,0,True,consistent
FTO,79068,4,"NAFLD,Obesity,PCOS,T2D",0.5603,0.702,0.0293049728258942,0.5431676914130862,False,0.080191476785715,0.0453629902674038,True,-0.110816186778015,0.7636176798568665,False,,,,0,True,insufficient
GPD2,2820,4,"NAFLD,Obesity,PCOS,T2D",0.483,0.7094,0.1619480538437505,0.2776267422516392,False,-0.1376604354464277,0.1411627652149894,False,-0.1047792228608841,0.8051893652122286,False,-0.2851967803024657,0.6045865482804068,False,2,True,insufficient
NDUFS4,4724,4,"NAFLD,Obesity,PCOS,T2D",0.4819,0.6891,-0.1401312192633925,0.1136079845399835,False,-0.0878383079464297,0.1956101850808908,False,-0.331605071974792,0.3093449683584592,False,-0.4036828225755848,0.3998734406691942,False,1,True,insufficient
LEPR,3953,4,"NAFLD,Obesity,PCOS,T2D",0.4796,0.7641,-0.527257161464286,0.0013751071093309,True,0.061532155089286,0.3757022972232545,False,0.4053876631821893,0.4095468102378439,False,-0.5511436909456822,0.1590228547628696,False,0,True,insufficient
NDUFS3,4722,4,"NAFLD,Obesity,PCOS,T2D",0.4779,0.6244,-0.125470323508928,0.0819978522040235,False,-0.1051112600892878,0.0633176634885436,False,0.4223432441205634,0.4492566820923641,False,-0.2204679025058387,0.4259868154069738,False,1,True,insufficient
NDUFB8,4714,4,"NAFLD,Obesity,PCOS,T2D",0.4736,0.6549,-0.0703853437098214,0.2955160087108887,False,-0.1675676626785707,0.0015417852217404,True,-0.2668600110565986,0.4154226743773181,False,-0.3141676958486732,0.3809070656280641,False,0,True,insufficient
NDUFA13,51079,4,"NAFLD,Obesity,PCOS,T2D",0.4664,0.6164,0.0767850368258926,0.4676346891402125,False,-0.0582972927678575,0.2942568364305298,False,0.5204207860845145,0.6319883976037938,False,,,,2,True,insufficient
MT-ND1,4535,4,"NAFLD,Obesity,PCOS,T2D",0.4647,0.6555,,,,,,,,,,,,,3,False,insufficient
NDUFB2,4708,4,"NAFLD,Obesity,PCOS,T2D",0.4613,0.639,-0.0413729137008926,0.7012718200646433,False,-0.024165560982142,0.4753321689550748,False,0.3182582004218517,0.360161661447122,False,0.0960939129086972,0.8418633613768135,False,3,False,insufficient
NDUFB6,4712,4,"NAFLD,Obesity,PCOS,T2D",0.459,0.6282,-0.1690308291607154,0.0424891026337865,True,-0.1018938325892868,0.1116585890430271,False,-0.2978393646444832,0.4620519668048841,False,0.1222270099395335,0.7684907124236567,False,2,True,insufficient
NDUFAB1,4706,4,"NAFLD,Obesity,PCOS,T2D",0.458,0.6139,-0.219826262160713,0.0069985452148492,True,-0.2807704387499985,0.0081301745630752,True,-0.2584484740778681,0.377417077251976,False,-0.3881108334607526,0.335525296832653,False,2,True,consistent
NDUFB9,4715,4,"NAFLD,Obesity,PCOS,T2D",0.4577,0.617,-0.1071644423749997,0.1424225942896722,False,-0.0157819463392865,0.752167329393343,False,-0.3246454312013007,0.2790125754551527,False,-0.3308645194481463,0.255528094035948,False,2,True,insufficient
MT-ND6,4541,4,"NAFLD,Obesity,PCOS,T2D",0.4575,0.6178,,,,,,,,,,,,,1,True,insufficient
NDUFA10,4705,4,"NAFLD,Obesity,PCOS,T2D",0.4571,0.6198,-0.0240546760133932,0.7270212730800997,False,-0.1563807899107132,0.0105970290543446,True,0.1692096414169839,0.6981433227265965,False,-0.498885128564791,0.1170243499798431,False,3,False,insufficient
NDUFA9,4704,4,"NAFLD,Obesity,PCOS,T2D",0.4559,0.6071,-0.0487763012187478,0.534587553685752,False,-0.2092459564285711,0.0009925880134115,True,0.2064179270211603,0.6523642079139267,False,-0.5701747601958276,0.0668171874993693,False,3,False,insufficient
MT-ND4L,4539,4,"NAFLD,Obesity,PCOS,T2D",0.4553,0.6115,,,,,,,,,,,,,2,True,insufficient
NDUFAF1,51103,4,"NAFLD,Obesity,PCOS,T2D",0.4553,0.608,-0.1648942481874993,0.1319059047065019,False,-0.1261335122321432,0.0025226305047163,True,-0.3028892837360022,0.3760942178842018,False,0.2845717448134125,0.5996897533983454,False,4,False,insufficient
MT-ND2,4536,4,"NAFLD,Obesity,PCOS,T2D",0.4549,0.612,,,,,,,,,,,,,2,True,insufficient
NDUFS1,4719,4,"NAFLD,Obesity,PCOS,T2D",0.4546,0.6082,-0.0365619222455357,0.5918296882370349,False,-0.3021501796428563,0.0010854854453002,True,-0.6185656555144359,0.0605671416967233,False,-0.918103225935925,0.005538758627892,True,4,False,consistent
NDUFS2,4720,4,"NAFLD,Obesity,PCOS,T2D",0.4546,0.6084,-0.0529784940580366,0.4769306137296769,False,-0.2103271493750007,0.0019170027305136,True,0.161915302590101,0.621868472450552,False,-0.4953366622832962,0.1363466510445451,False,3,False,insufficient
MT-ND5,4540,4,"NAFLD,Obesity,PCOS,T2D",0.4545,0.6094,,,,,,,,,,,,,3,False,insufficient
NDUFC2,4718,4,"NAFLD,Obesity,PCOS,T2D",0.4545,0.6143,-0.2455992988080346,0.0013286550710787,True,,,,,,,-0.2925948339012181,0.4161720295391331,False,3,False,insufficient
COXFA4,4697,4,"NAFLD,Obesity,PCOS,T2D",0.4544,0.6082,,,,,,,,,,,,,2,True,insufficient
NDUFA8,4702,4,"NAFLD,Obesity,PCOS,T2D",0.4544,0.6075,-0.1562817201919646,0.0802561760897904,False,-0.1761997753571433,0.0367844075040299,True,-0.2769995937124996,0.4843200479541031,False,-0.0554237064638569,0.8749916945386332,False,4,False,insufficient
MT-ND4,4538,4,"NAFLD,Obesity,PCOS,T2D",0.4543,0.6104,,,,,,,,,,,,,3,False,insufficient
NDUFA5,4698,4,"NAFLD,Obesity,PCOS,T2D",0.4543,0.614,-0.1843173193794633,0.0663384625412739,False,-0.1499372208035714,0.0013466685388088,True,-1.1369513114761514,0.1777401679035602,False,-0.3855813904845426,0.146985232993049,False,3,False,insufficient
NDUFA6,4700,4,"NAFLD,Obesity,PCOS,T2D",0.4542,0.6091,-0.0899289559732157,0.3017202226756172,False,-0.1391601566071436,0.0368716461654143,True,-0.3701852089044379,0.2423791988501719,False,-0.3699421231862403,0.4189061079987591,False,3,False,insufficient
NDUFV1,4723,4,"NAFLD,Obesity,PCOS,T2D",0.454,0.6092,0.0846655328526768,0.3992237827995655,False,-0.1161237444642857,0.1451196139610387,False,0.6614249744554144,0.1733735321762009,False,-0.2943070182376615,0.355957867032286,False,4,False,insufficient
MT-ND3,4537,4,"NAFLD,Obesity,PCOS,T2D",0.4538,0.6091,,,,,,,,,,,,,4,False,insufficient
NDUFAF3,25915,4,"NAFLD,Obesity,PCOS,T2D",0.4537,0.6126,-0.0262284275625006,0.7431189841098824,False,-0.044956751160714,0.5294639775866994,False,0.6433093685496036,0.3134394686396505,False,,,,3,False,insufficient
NDUFA1,4694,4,"NAFLD,Obesity,PCOS,T2D",0.4535,0.6093,-0.1177249528392838,0.2646638973140144,False,-0.2335553841964284,0.0160556567953455,True,0.1238072924850808,0.8760603346203826,False,-0.0518147769037247,0.913296834563267,False,4,False,insufficient
NDUFS5,4725,4,"NAFLD,Obesity,PCOS,T2D",0.4534,0.608,-0.3458457862187494,0.0005349611675067,True,-0.1590401767857141,0.0008567980236245,True,,,,-0.4559075244486221,0.3346592899176037,False,4,False,consistent
NDUFB10,4716,4,"NAFLD,Obesity,PCOS,T2D",0.4532,0.6089,-0.0739132329241076,0.3613156659882744,False,-0.0359889438392855,0.675366900185773,False,0.5106336065459125,0.4344914630154718,False,-0.2368450489295859,0.5542424420594783,False,4,False,insufficient
NDUFA11,126328,4,"NAFLD,Obesity,PCOS,T2D",0.4531,0.6089,0.0279858758214288,0.7714891232009727,False,-0.0377110098214297,0.5382589210375492,False,-0.3052283742493102,0.3570899241745079,False,0.3284671759346209,0.4639829496098679,False,4,False,insufficient
NDUFA2,4695,4,"NAFLD,Obesity,PCOS,T2D",0.4531,0.609,-0.1510024627812498,0.1325155302100262,False,-0.1720145087500011,0.0708066209716146,False,0.2297638204834768,0.742397850585412,False,-0.4536529253979129,0.3460707886414897,False,4,False,insufficient
NDUFB7,4713,4,"NAFLD,Obesity,PCOS,T2D",0.4531,0.6083,-0.0551372619508896,0.5578790579908272,False,-0.1176321856250011,0.2773721803110858,False,1.1924163519209738,0.098669039425722,False,-0.1885800698230308,0.7396152978003182,False,4,False,insufficient
NDUFS6,4726,4,"NAFLD,Obesity,PCOS,T2D",0.4531,0.6081,0.1124346631830359,0.3369033164270169,False,0.0167149143750009,0.7130308341956634,False,-0.1711747877771152,0.6603485015785402,False,0.2826165582618513,0.6802945570151562,False,4,False,insufficient
NDUFA3,4696,4,"NAFLD,Obesity,PCOS,T2D",0.4529,0.6071,-0.1758086572008945,0.1517889305771047,False,-0.0752389091071439,0.1860706454312601,False,0.0203321947244958,0.9646799289009776,False,-0.0215072027999077,0.9703148012730082,False,4,False,insufficient
NDUFA7,4701,4,"NAFLD,Obesity,PCOS,T2D",0.4529,0.6071,0.0061393782098209,0.9327638987137205,False,-0.2442888525000004,0.0023274488365607,True,0.4446452277938757,0.3727438944052871,False,-0.1134263963941859,0.813547053383128,False,4,False,insufficient
NDUFB4,4710,4,"NAFLD,Obesity,PCOS,T2D",0.4529,0.6094,-0.1944194566339288,0.0081875827038272,True,-0.0545654281250005,0.1416492210689151,False,0.2653534542322706,0.6579670738116283,False,-0.0633926427945974,0.8782317435801559,False,4,False,insufficient
NDUFV3,4731,4,"NAFLD,Obesity,PCOS,T2D",0.4529,0.6089,-0.0118970370401809,0.87392467954494,False,-0.236319407410714,4.747283400304643e-05,True,-0.0122363012155961,0.9698643283112156,False,-0.0208593645920155,0.9651629196230884,False,4,False,insufficient
NDUFA12,55967,4,"NAFLD,Obesity,PCOS,T2D",0.4528,0.6075,-0.218924363754466,0.0028933274191541,True,-0.0344674236607138,0.1309842023030306,False,-0.1067735620621359,0.8020315497478666,False,,,,4,False,insufficient
NDUFV2,4729,4,"NAFLD,Obesity,PCOS,T2D",0.4528,0.6076,-0.031768779758929,0.5985508064642143,False,-0.0509076791964284,0.1821521223399178,False,0.0554557672367721,0.9152196847359771,False,-0.0945389204347417,0.7520824621832801,False,4,False,insufficient
COXFA4L2,56901,4,"NAFLD,Obesity,PCOS,T2D",0.4527,0.6071,,,,,,,,,,,,,4,False,insufficient
NDUFAF2,91942,4,"NAFLD,Obesity,PCOS,T2D",0.4527,0.6079,0.0215840212544646,0.7722476957004539,False,-0.1481584829464282,0.0001251950101601,True,-0.5982395073540783,0.1527997240919559,False,,,,4,False,insufficient
NDUFB3,4709,4,"NAFLD,Obesity,PCOS,T2D",0.4527,0.6075,-0.0666695451116066,0.5858407381641669,False,-0.1026829311607149,0.2342215663043641,False,0.0958018963719293,0.8058706859834828,False,0.3325708522829764,0.443630320795277,False,4,False,insufficient
NDUFB5,4711,4,"NAFLD,Obesity,PCOS,T2D",0.4527,0.6077,-0.1651539647544648,0.1349807571399386,False,-0.1449584958035696,0.0619405518262844,False,-0.4108897551762851,0.2274265097511024,False,-0.8347751057852828,0.0099220794997913,True,4,False,insufficient
NDUFS8,4728,4,"NAFLD,Obesity,PCOS,T2D",0.4527,0.6085,0.031737162468751,0.7832265865820004,False,0.0036446700892858,0.9322951440498384,False,,,,0.0665143863396426,0.8869781209390097,False,4,False,insufficient
NDUFAF4,29078,4,"NAFLD,Obesity,PCOS,T2D",0.4526,0.6071,-0.379176120607144,0.001141013142077,True,-0.074986048660715,0.1161109571687183,False,-0.5548156043151735,0.1471475308528098,False,,,,4,False,insufficient
NDUFB11,54539,4,"NAFLD,Obesity,PCOS,T2D",0.4525,0.6071,-0.1041228592142857,0.2923366488365062,False,-0.1369105735714288,0.0133929644039655,True,0.1597511480895264,0.7186687451209828,False,0.02584636949963,0.9552045213279784,False,4,False,insufficient
NDUFS7,374291,4,"NAFLD,Obesity,PCOS,T2D",0.4525,0.6075,0.0231894598883934,0.7991793329970845,False,-0.0625959132142863,0.1368865980636391,False,0.4057353454008705,0.456336915037917,False,-0.0563689164516926,0.9094908034463056,False,4,False,insufficient
NDUFB1,4707,4,"NAFLD,Obesity,PCOS,T2D",0.4524,0.6071,-0.1913995343437511,0.051605970698225,False,-0.130990166607142,0.0049824959381434,True,0.1020486013113757,0.8328388472389456,False,-0.146308532907792,0.8145297741566642,False,4,False,insufficient
NDUFC1,4717,4,"NAFLD,Obesity,PCOS,T2D",0.4523,0.6071,-0.0366215458660716,0.7009077951390346,False,-0.0962001240178573,0.0137212586611041,True,-0.4376759191720154,0.2587729645252136,False,-0.0726831390294506,0.8721191045776686,False,4,False,insufficient
SLC5A2,6524,4,"NAFLD,Obesity,PCOS,T2D",0.4464,0.6428,-0.0413729353214282,0.6961806438456256,False,0.0240304141964284,0.4537505428525786,False,-1.102001298475197,0.1238883891751891,False,,,,0,True,insufficient
INSR,3643,4,"NAFLD,Obesity,PCOS,T2D",0.4207,0.7702,-0.1741419330758944,0.0236346304015394,True,-0.5804966506250011,1.3042110028231342e-08,True,-1.249284268527985,0.0707505452104168,False,-0.4616093285942417,0.5269599514306108,False,0,True,consistent
GIPR,2696,4,"NAFLD,Obesity,PCOS,T2D",0.419,0.7425,0.014997232053572,0.8687997153773636,False,-0.3682512549107142,1.9964409428752705e-05,True,0.0370199288413291,0.9570296206362118,False,0.90921318551574,0.0203596846434866,True,0,True,discordant
MC4R,4160,4,"NAFLD,Obesity,PCOS,T2D",0.4133,0.8362,,,,-0.0214277008035712,0.2291217214641433,False,0.0902929066001823,0.9004793561300585,False,-0.7834799995050084,0.3344120481903276,False,0,True,insufficient
IRS1,3667,4,"NAFLD,Obesity,PCOS,T2D",0.4058,0.6585,0.0470447315133926,0.7498192767157315,False,-0.3052106569642863,0.0296479464508609,True,-0.3425984088797218,0.6565863036946894,False,-1.004195703331468,0.0767298214483398,False,0,True,insufficient
GNPDA2,132789,4,"NAFLD,Obesity,PCOS,T2D",0.4025,0.5127,-0.030118252611607,0.8193726531353891,False,-0.1411220000892852,0.1482344447883521,False,-0.3513896283999429,0.3631553316954294,False,-0.4438160099030832,0.2022207475867886,False,0,True,insufficient
ESR1,2099,4,"NAFLD,Obesity,PCOS,T2D",0.3936,0.6004,0.140507696611607,0.3364516435666929,False,-0.3938511433928564,0.0006036954143765,True,-1.111006600795962,0.0876094018275882,False,-0.5463640318457532,0.1470209653776309,False,0,True,insufficient
NR3C2,4306,4,"NAFLD,Obesity,PCOS,T2D",0.3699,0.5944,0.1678230193169643,0.1740125524438864,False,-0.1757638123214286,0.0017543417598932,True,-0.9042482049418624,0.3034936256631296,False,-1.3411962279780294,0.0716855972431381,False,0,True,insufficient
DPP4,1803,4,"NAFLD,Obesity,PCOS,T2D",0.3525,0.641,0.1333232845357166,0.2937976400237969,False,-0.006609237678572,0.9708608803360036,False,-0.4169792174137203,0.409681945075072,False,-1.2881117649712357,0.0336849055640422,True,0,True,insufficient
PPARA,5465,4,"NAFLD,Obesity,PCOS,T2D",0.3496,0.6216,-0.095666366049107,0.3229591513785075,False,-0.5158168264285727,1.0949461327005625e-06,True,-0.8074483197955367,0.1336463723010284,False,-0.8207466825864195,0.0552555625164048,False,0,True,insufficient
LEP,3952,4,"NAFLD,Obesity,PCOS,T2D",0.3451,0.7227,-0.0664134788214285,0.4440547850921952,False,0.8061349066071415,7.102908923939016e-06,True,0.5251920848792526,0.7245235494412741,False,1.0243601338850128,0.495513623959596,False,0,True,insufficient
DENND1A,57706,4,"NAFLD,Obesity,PCOS,T2D",0.3406,0.4812,0.0672273227499999,0.2779698123020056,False,0.1177368157142852,0.0030687844911008,True,0.8864055973445968,0.2449422621845159,False,,,,0,True,insufficient
VDR,7421,4,"NAFLD,Obesity,PCOS,T2D",0.3404,0.4252,0.0886894745133934,0.4765068916558235,False,0.0801609573214277,0.0219250822640329,True,1.3305089102641643,0.0777831712572802,False,1.194250692578852,0.1071023331950771,False,0,True,insufficient
HMGCR,3156,4,"NAFLD,Obesity,PCOS,T2D",0.338,0.6446,0.1951883767321431,0.2801674444663435,False,-0.0537458161607142,0.2086820138697808,False,-0.4088225134177463,0.4360411399364869,False,0.1113246315774332,0.811916162402653,False,0,True,insufficient
LINGO2,158038,4,"NAFLD,Obesity,PCOS,T2D",0.3083,0.4458,,,,,,,-1.0283391629095815,0.0485585498255098,True,,,,0,True,insufficient
TRIB1,10221,4,"NAFLD,Obesity,PCOS,T2D",0.2964,0.4543,-0.5103993505133921,0.0492275925090447,True,0.0770874024107159,0.4061949582562423,False,0.4246935810557364,0.312866883154727,False,0.1262639979382703,0.788094218451725,False,0,True,insufficient
AR,367,4,"NAFLD,Obesity,PCOS,T2D",0.289,0.4176,0.193996303803571,0.1374022792893837,False,0.3462262840178569,0.0070135684189742,True,-0.5325486131650692,0.2291244438924719,False,-0.9420871071208716,0.0583911843957034,False,0,True,insufficient
PPARD,5467,4,"NAFLD,Obesity,PCOS,T2D",0.2706,0.4026,0.0152821838794636,0.9030799627651506,False,-0.0287475586607133,0.518187436536665,False,0.4080160491542237,0.2908739708826859,False,-0.4605567765665039,0.3212160846791733,False,1,True,insufficient
INS,3630,4,"NAFLD,Obesity,PCOS,T2D",0.2413,0.5914,,,,,,,,,,-0.244934742849908,0.6535382093814436,False,0,True,insufficient
TLR4,7099,4,"NAFLD,Obesity,PCOS,T2D",0.2147,0.3797,0.1324027750714265,0.333443431528839,False,0.0410505005357144,0.7192159640923889,False,0.8594292491876079,0.074955636786643,False,-0.5627681126301879,0.2987914667572898,False,0,True,insufficient
HMGB1,3146,4,"NAFLD,Obesity,PCOS,T2D",0.2122,0.3309,0.0054513072633923,0.9422214644004376,False,-0.2141462041964281,0.0023036711884081,True,0.4331860526527222,0.1855202391773007,False,-0.1825153361911518,0.6579214735892664,False,0,True,insufficient
GUF1,60558,4,"NAFLD,Obesity,PCOS,T2D",0.2033,0.2683,-0.1283186043035709,0.20669834750045,False,-0.1020159020535711,0.3280838363141013,False,-0.3635799315684629,0.3924880015048834,False,,,,0,True,insufficient
TP53,7157,4,"NAFLD,Obesity,PCOS,T2D",0.2028,0.3394,-0.114782561174108,0.1937589370430193,False,0.2503923683928573,0.0006147163231535,True,0.4999810330851648,0.2567281459646066,False,0.5565948855259366,0.1097125929915293,False,0,True,insufficient
IL1B,3553,4,"NAFLD,Obesity,PCOS,T2D",0.1747,0.3758,-0.0223539713392861,0.9301616184130772,False,0.0132664263392854,0.5823371271649215,False,1.3509422445717494,0.1005290196568171,False,2.166903256282442,0.1237933061787723,False,0,True,insufficient
PRL,5617,4,"NAFLD,Obesity,PCOS,T2D",0.1618,0.2176,,,,,,,0.6570561181012531,0.5031929049818776,False,,,,0,True,insufficient
ANGPTL8,55908,4,"NAFLD,Obesity,PCOS,T2D",0.1412,0.2143,,,,,,,,,,,,,0,True,insufficient
ADIPOQ,9370,4,"NAFLD,Obesity,PCOS,T2D",0.1259,0.1368,0.0560039111607144,0.4461967155769981,False,-0.2148437491071408,2.3828416110846737e-05,True,,,,-2.322671458039024,0.0248540301780944,True,0,True,consistent
GCG,2641,4,"NAFLD,Obesity,PCOS,T2D",0.1253,0.1354,,,,,,,-2.3275803902397048,0.0216146054272791,True,-0.2795901805072782,0.6005092385240133,False,0,True,insufficient
FGF21,26291,4,"NAFLD,Obesity,PCOS,T2D",0.1227,0.1325,-0.0030516803214277,0.9904277341580896,False,-0.0033612911607145,0.8712240110539141,False,,,,,,,0,True,insufficient
TNF,7124,4,"NAFLD,Obesity,PCOS,T2D",0.1227,0.1315,0.0208155985267861,0.8303458481186605,False,0.102347238303571,0.0095389363062652,True,1.1079504666120243,0.1201009866347525,False,0.7574952794881717,0.1936954061633393,False,0,True,insufficient
IGF1,3479,4,"NAFLD,Obesity,PCOS,T2D",0.1195,0.1291,-0.7039465593303564,0.0043146909977131,True,-0.3118024611607151,0.0754837510914668,False,-0.3576456063613928,0.4509904611210367,False,-0.2364676098170424,0.5379605305749142,False,0,True,insufficient
FNDC5,252995,4,"NAFLD,Obesity,PCOS,T2D",0.1193,0.124,0.8816668995714299,0.0022870576000259,True,-0.0373317183928572,0.5543013897244229,False,-0.2198286199937129,0.7848117618537459,False,-0.2757131509197412,0.7271501883732865,False,0,True,insufficient
GDF15,9518,4,"NAFLD,Obesity,PCOS,T2D",0.1186,0.1365,-0.5134972344107149,0.1490846317266702,False,0.280473981428571,0.0020040516418582,True,0.1929554339273416,0.7839999229445287,False,2.4623918213682816,0.0028794077005718,True,0,True,consistent
LCN2,3934,4,"NAFLD,Obesity,PCOS,T2D",0.1173,0.1281,-0.3096145882767862,0.1406067196570399,False,-0.0465916235714285,0.1174732847254154,False,1.2044448369275225,0.2079855473807862,False,0.3131809181296763,0.5420800249250488,False,0,True,insufficient
CRP,1401,4,"NAFLD,Obesity,PCOS,T2D",0.117,0.1192,0.5550781792767836,0.1818547477490019,False,0.0227181570535708,0.2821551961509472,False,,,,0.5625175228235877,0.2082199378762973,False,0,True,insufficient
NLRP3,114548,4,"NAFLD,Obesity,PCOS,T2D",0.1148,0.1178,0.1090164157589272,0.4022068656787798,False,0.3496704108928572,0.0001030057284998,True,2.3203351399498287,0.0507181263002598,False,,,,0,True,insufficient
SERPINE1,5054,4,"NAFLD,Obesity,PCOS,T2D",0.1147,0.1244,0.056748136098216,0.8961290561869932,False,0.5355398990178566,0.0021684097599282,True,0.6769496555587526,0.5142528798013134,False,2.1650142051018006,0.0920481280778128,False,0,True,insufficient
GPT,2875,4,"NAFLD,Obesity,PCOS,T2D",0.1145,0.1208,0.0325224406205348,0.8453332676653246,False,-0.3897530683035715,0.0004843200487598,True,-1.1946117233197828,0.2730621411820134,False,-1.315432281335693,0.055816218656531,False,0,True,insufficient
MTHFR,4524,4,"NAFLD,Obesity,PCOS,T2D",0.1141,0.1194,0.054791279575892,0.5848403822725623,False,0.082214356339286,0.0188875694984509,True,-0.0595905055099255,0.8420155575738251,False,-0.0963260554232832,0.8000494331910512,False,0,True,insufficient
RBP4,5950,4,"NAFLD,Obesity,PCOS,T2D",0.1138,0.118,-0.033597650178569,0.436485150834038,False,-0.1310860669642846,0.0377030477427191,True,0.1372461099359441,0.8674623279244544,False,-2.4845222005090073,0.0230996583035767,True,0,True,consistent
STAT3,6774,4,"NAFLD,Obesity,PCOS,T2D",0.1133,0.1346,-0.0261538675446413,0.8143243155784122,False,0.2799421082142856,3.4661505606959016e-05,True,0.3261557663162477,0.551179076134726,False,0.553616655280754,0.0693152913785095,False,0,True,insufficient
CD4,920,4,"NAFLD,Obesity,PCOS,T2D",0.1131,0.1177,0.17740471907143,0.3433891981705461,False,0.5293143154464284,4.473371957820131e-07,True,2.5437643275487956,0.0159037949835626,True,1.6815591509783805,0.0475647542457222,True,0,True,consistent
CCL2,6347,4,"NAFLD,Obesity,PCOS,T2D",0.1127,0.1251,-0.2722887032991083,0.422147620131945,False,1.7919049950892845,1.4086166156419849e-06,True,4.433484195001549,0.0020193742491778,True,1.1369932730934176,0.1008555504053406,False,0,True,consistent
TXNIP,10628,4,"NAFLD,Obesity,PCOS,T2D",0.1108,0.1202,0.2306091755089312,0.1314239723844195,False,-0.2056536071428567,0.0085266263021255,True,0.660150963648201,0.079173016747151,False,-0.8674484072872302,0.0327295036684213,True,0,True,consistent
APOE,348,3,"NAFLD,Obesity,T2D",0.5584,0.6042,0.1657015383928559,0.0561380124915546,False,-0.3276803180357146,0.0006487394472901,True,,,,0.7682236938099334,0.6665505974913899,False,0,True,insufficient
HNF1A,6927,3,"NAFLD,Obesity,T2D",0.5248,0.8498,0.0863644143794664,0.4356048868903748,False,-0.0076599136607145,0.7582357399173746,False,,,,,,,0,True,insufficient
BDNF,627,3,"NAFLD,Obesity,T2D",0.4945,0.6026,,,,0.0525643480357143,0.0061129032658004,True,,,,0.6659377799010078,0.1757543467359696,False,0,True,insufficient
NEGR1,257194,3,"NAFLD,Obesity,T2D",0.4761,0.5538,,,,0.1147460933035713,0.2044616379174504,False,,,,-1.493661495419062,0.0359404252342354,True,0,True,insufficient
CNR1,1268,3,"NAFLD,Obesity,T2D",0.4691,0.641,,,,-0.0612749361607143,0.3284698186868721,False,,,,,,,0,True,insufficient
ERBB4,2066,3,"Obesity,PCOS,T2D",0.461,0.5545,,,,0.104753766339285,0.7167785405227839,False,-1.0577588775570064,0.0323646709004681,True,,,,0,True,insufficient
THRB,7068,3,"NAFLD,Obesity,T2D",0.448,0.5522,0.2421334047901782,0.0229960121791753,True,-0.1694946300000008,0.0864613907135965,False,,,,-0.3756717734232335,0.3761947989718615,False,0,True,insufficient
TCF7L2,6934,3,"Obesity,PCOS,T2D",0.4413,0.6842,,,,-0.0304739808035714,0.7815865028989533,False,-0.5558951606694915,0.4502900181031932,False,-0.4821324056391078,0.3402597563488446,False,0,True,insufficient
RSPO3,84870,3,"NAFLD,Obesity,T2D",0.4136,0.5039,-0.2564081112723206,0.0314562496249303,True,0.0404139923214286,0.9136881201030284,False,,,,,,,0,True,insufficient
GCGR,2642,3,"NAFLD,Obesity,T2D",0.411,0.4278,0.1036867072232148,0.4600227590551006,False,-0.0482003348214283,0.1421576233762032,False,,,,,,,0,True,insufficient
SCN2A,6326,3,"Obesity,PCOS,T2D",0.4084,0.512,,,,-0.0081220349999999,0.7758577179672205,False,0.3054631287490812,0.7374524593834773,False,,,,1,True,insufficient
SLC6A2,6530,3,"Obesity,PCOS,T2D",0.4051,0.6044,,,,-0.0304521839285718,0.2635256623453005,False,-0.4693259844212702,0.542946460356207,False,-0.3497229387857503,0.4963600832495554,False,1,True,insufficient
PDE4B,5142,3,"NAFLD,Obesity,T2D",0.4034,0.492,-0.0327938391383924,0.8357435660809609,False,0.040501187232143,0.1874007722224045,False,,,,0.7116606115433757,0.1567702045634721,False,1,True,insufficient
AGTR1,185,3,"NAFLD,Obesity,T2D",0.4011,0.5684,-0.4581780358169638,0.0024296414475286,True,-0.3286568801785714,0.000394243780579,True,,,,-1.3035316531432923,0.0505391735538572,False,0,True,consistent
GRIA1,2890,3,"Obesity,PCOS,T2D",0.3974,0.511,,,,-0.0413513182142852,0.3278241391688352,False,,,,0.0663393458737875,0.9126199778801944,False,1,True,insufficient
FANCL,55120,3,"NAFLD,Obesity,T2D",0.3972,0.4962,-0.032867430379464,0.800565504663754,False,-0.0117710674107138,0.8666902511404773,False,,,,-0.4102537828192135,0.1383634038513876,False,0,True,insufficient
SLC39A8,64116,3,"NAFLD,Obesity,T2D",0.3916,0.5463,-0.1304304553750004,0.1506462112262192,False,0.0479649149107146,0.5108536265134508,False,,,,0.3250924362300256,0.6928382803889078,False,0,True,insufficient
FHIT,2272,3,"NAFLD,Obesity,T2D",0.3856,0.5074,0.0885868458303562,0.2789616560008828,False,-0.0457153308928575,0.2409719889427242,False,,,,0.2480485211388892,0.484446446397216,False,0,True,insufficient
SCN1A,6323,3,"Obesity,PCOS,T2D",0.3823,0.5114,,,,-0.0039934433928578,0.8122503576033229,False,0.5093551996292378,0.4361079767387632,False,,,,2,False,insufficient
TMEM18,129787,3,"NAFLD,Obesity,T2D",0.378,0.4526,-0.0766290622053587,0.263701196541881,False,-0.070373537589286,0.1817480048769402,False,,,,-0.5878592605999735,0.1156662616422606,False,0,True,insufficient
TRPS1,7227,3,"NAFLD,Obesity,T2D",0.3721,0.511,0.3424095710758941,0.0195548751360728,True,0.0309099456249999,0.6284708007333811,False,,,,-0.3649151197669931,0.6157964555051616,False,0,True,insufficient
ZC3H11B,643136,3,"NAFLD,Obesity,T2D",0.3691,0.4569,,,,,,,,,,,,,0,True,insufficient
DRD2,1813,3,"Obesity,PCOS,T2D",0.3681,0.5085,,,,-0.0087541868749996,0.7237608719034709,False,0.2187486477567182,0.6559358628131846,False,-0.8985537140803588,0.0661665753982388,False,0,True,insufficient
GRIA4,2893,3,"Obesity,PCOS,T2D",0.3655,0.4762,,,,0.0046473923214285,0.8228203396266571,False,0.5623747503463044,0.517585334285148,False,,,,2,False,insufficient
SCN3A,6328,3,"Obesity,PCOS,T2D",0.3655,0.4307,,,,0.0027858203571433,0.8957912054461674,False,-1.928977245895755,0.03944028814569,True,-0.699807486004687,0.3328244042616362,False,1,True,insufficient
SEC16B,89866,3,"NAFLD,Obesity,T2D",0.3648,0.5412,0.2793233253839284,0.0096486850955811,True,-0.1361519971428588,0.059711625197158,False,,,,,,,0,True,insufficient
POC5,134359,3,"NAFLD,Obesity,T2D",0.362,0.4714,-0.2303551774999999,0.0085855176257713,True,-0.015877858303571,0.5692111381538626,False,,,,,,,0,True,insufficient
GABRG3,2567,3,"Obesity,PCOS,T2D",0.3614,0.4531,,,,0.0066702693749993,0.7087682792541155,False,1.5462536889199132,0.0647770440451069,False,0.4959251506718489,0.2216113769314603,False,2,False,insufficient
SCN5A,6331,3,"Obesity,PCOS,T2D",0.3608,0.4266,,,,-0.0135977609821429,0.5422373588728979,False,-1.0680640365805276,0.2157118930405246,False,,,,2,False,insufficient
GPR26,2849,3,"NAFLD,Obesity,T2D",0.3598,0.4674,-0.0884112887991066,0.2300365207910374,False,-0.017979214821429,0.4168904612752974,False,,,,,,,0,True,insufficient
PGR,5241,3,"Obesity,PCOS,T2D",0.3598,0.4214,,,,0.0237993514285714,0.5991762026114621,False,-0.7783319381219371,0.0257044325319593,True,,,,0,True,insufficient
SCN11A,11280,3,"Obesity,PCOS,T2D",0.3598,0.4454,,,,-0.0260140566964284,0.6433701040715591,False,0.3720568453265267,0.5866150592392225,False,,,,2,False,insufficient
NRXN3,9369,3,"NAFLD,Obesity,T2D",0.3588,0.4771,-0.0303901543928568,0.8467794425293996,False,0.029200961696429,0.2806871352436547,False,,,,,,,0,True,insufficient
CADPS,8618,3,"Obesity,PCOS,T2D",0.3578,0.4205,,,,0.0130789634821431,0.5639096059740288,False,0.2928835809666186,0.4800883439148803,False,0.0893403593160906,0.7043526642272052,False,0,True,insufficient
CMIP,80790,3,"NAFLD,Obesity,T2D",0.3562,0.4931,0.2102632562053568,0.0083822007429454,True,0.1185389933928569,0.1771756443637248,False,,,,1.4384736181353768,0.0244113625577959,True,0,True,consistent
GABRA5,2558,3,"Obesity,PCOS,T2D",0.3561,0.4382,,,,-0.023511611875,0.3419989685016451,False,0.1389381233120632,0.906125868647288,False,,,,2,False,insufficient
SCN4A,6329,3,"Obesity,PCOS,T2D",0.3556,0.4133,,,,-0.2763410299107143,0.0024768658853267,True,,,,0.2263446949674246,0.7698389015689596,False,3,False,insufficient
SCN10A,6336,3,"Obesity,PCOS,T2D",0.3554,0.4319,,,,-0.0566406266964283,0.060259253205616,False,-0.0213724854085475,0.977458902375288,False,,,,2,False,insufficient
SCN8A,6334,3,"Obesity,PCOS,T2D",0.3539,0.4269,,,,0.124720982321429,0.0131910983026955,True,-0.1969082445674432,0.8201340441121904,False,,,,2,False,insufficient
SCN9A,6335,3,"Obesity,PCOS,T2D",0.3535,0.4146,,,,0.4709429065178576,0.0089085054769463,True,-1.348231074696824,0.05088059944323,False,-1.2564350898189955,0.0643785881063818,False,3,False,insufficient
GRIA2,2891,3,"Obesity,PCOS,T2D",0.3532,0.4357,,,,-0.0069362088392854,0.6800809250911836,False,,,,,,,1,True,insufficient
GABRB3,2562,3,"Obesity,PCOS,T2D",0.3525,0.4275,,,,-0.0010114385714286,0.9728307568947746,False,0.1386307486866611,0.8135073438665981,False,,,,2,False,insufficient
GABRB2,2561,3,"Obesity,PCOS,T2D",0.3521,0.4259,,,,0.0979178289285713,0.0416089725345353,True,-0.6040199062712306,0.3138311399160758,False,0.5305928330137188,0.1577686370305983,False,2,False,insufficient
SCN7A,6332,3,"Obesity,PCOS,T2D",0.3491,0.4137,,,,-0.219818115357143,7.758949258942129e-07,True,-0.919104989018912,0.3425159734111046,False,0.2172774357125204,0.5213960751208522,False,3,False,insufficient
CA2,760,3,"Obesity,PCOS,T2D",0.349,0.4122,,,,-0.1920819960714284,0.0056744742072934,True,-0.5120227192993436,0.3447876814890138,False,-1.9676463798835488,0.0384957980290965,True,2,False,consistent
GRB14,2888,3,"NAFLD,Obesity,T2D",0.3489,0.5648,0.1862782533392861,0.1531107679137037,False,0.1907610219642852,0.1306159025125203,False,,,,0.2856281771487354,0.6423938257119496,False,0,True,insufficient
GABRA2,2555,3,"Obesity,PCOS,T2D",0.3488,0.4132,,,,0.0594569621428577,0.0413826173181777,True,1.1787601832850907,0.2550874348701865,False,,,,3,False,insufficient
GABRB1,2560,3,"Obesity,PCOS,T2D",0.3486,0.4116,,,,-0.036468505267857,0.0340072542302785,True,-1.7696772548382418,0.2227384956141221,False,0.5039115121981288,0.158419766745183,False,2,False,insufficient
GABRA6,2559,3,"Obesity,PCOS,T2D",0.3482,0.4146,,,,,,,,,,0.1643945798669035,0.688342037623509,False,3,False,insufficient
GABRD,2563,3,"Obesity,PCOS,T2D",0.3477,0.413,,,,-0.0544389985714284,0.1839847505863957,False,,,,-0.3893013997825898,0.4398283451961879,False,3,False,insufficient
GRIK5,2901,3,"Obesity,PCOS,T2D",0.3477,0.4225,,,,-0.001534599553572,0.9513937990250776,False,0.0339238873458302,0.9374004156215124,False,-0.6049124353244018,0.3560879873017002,False,2,False,insufficient
BPTF,2186,3,"NAFLD,Obesity,T2D",0.3476,0.3951,0.0538266127857145,0.4096103026391026,False,0.0759974899107138,0.1826720894727713,False,,,,,,,0,True,insufficient
GABRA4,2557,3,"Obesity,PCOS,T2D",0.3476,0.4116,,,,-0.0200936469642858,0.4532329603533983,False,0.5089825649604967,0.6414087487768534,False,0.1047125670014752,0.8634341214843345,False,3,False,insufficient
GABRG1,2565,3,"Obesity,PCOS,T2D",0.3476,0.4116,,,,0.0024632036607137,0.9130388097117158,False,0.1281615331577654,0.8546842983709332,False,0.2353238193571769,0.535861685976977,False,3,False,insufficient
GABRA1,2554,3,"Obesity,PCOS,T2D",0.3475,0.4116,,,,,,,,,,-0.6797196725997772,0.0641951564522269,False,3,False,insufficient
GABRG2,2566,3,"Obesity,PCOS,T2D",0.3475,0.4126,,,,,,,0.5330358942332447,0.6412407877723081,False,,,,3,False,insufficient
GABRQ,55879,3,"Obesity,PCOS,T2D",0.3473,0.4116,,,,-0.0022757391071426,0.9057257700701308,False,0.7349719730328577,0.2931180315164913,False,-0.3382771224239791,0.6521262719425013,False,3,False,insufficient
GRIK3,2899,3,"Obesity,PCOS,T2D",0.3473,0.4184,,,,-0.0074768078571434,0.6980436612051851,False,,,,,,,2,False,insufficient
GABRA3,2556,3,"Obesity,PCOS,T2D",0.3472,0.4116,,,,-0.0107421862499998,0.652005936279203,False,,,,0.0835242285427151,0.8288582361355449,False,3,False,insufficient
GABRE,2564,3,"Obesity,PCOS,T2D",0.3472,0.4116,,,,-0.4402378627678569,9.132492517508402e-06,True,,,,-1.784414712944677,0.0162794724217167,True,3,False,consistent
GABRP,2568,3,"Obesity,PCOS,T2D",0.3472,0.4116,,,,-0.0279061469642853,0.4301799496972065,False,,,,0.6330860870816193,0.24631163444845,False,3,False,insufficient
CA4,762,3,"Obesity,PCOS,T2D",0.346,0.4136,,,,-0.6880754730357141,0.000199784445095,True,1.3934327737878878,0.0068949046141255,True,-0.3220753267626376,0.6597633931018172,False,3,False,discordant
GRIK1,2897,3,"Obesity,PCOS,T2D",0.3455,0.4155,,,,,,,-0.8229611227796196,0.2871277513092211,False,-0.3469796115906396,0.604110900649546,False,2,False,insufficient
GRIA3,2892,3,"Obesity,PCOS,T2D",0.3453,0.4118,,,,0.1742553711607146,0.0337185389548191,True,-0.0777800582132339,0.9418901659284372,False,,,,2,False,insufficient
GRIK2,2898,3,"Obesity,PCOS,T2D",0.3442,0.4121,,,,-0.0617588599107139,0.0375076552747222,True,-1.8096871418697609,0.0818299384750895,False,-0.1017593371339056,0.8210546840249706,False,3,False,insufficient
GRIK4,2900,3,"Obesity,PCOS,T2D",0.3441,0.4108,,,,0.0046691878571425,0.815907837524654,False,,,,,,,3,False,insufficient
EBF1,1879,3,"NAFLD,Obesity,T2D",0.3401,0.4038,0.1602913211383922,0.1598643416121919,False,-0.2064732132142861,0.0006024467481214,True,,,,,,,0,True,insufficient
BMPR1B,658,3,"Obesity,PCOS,T2D",0.3326,0.3648,,,,,,,-1.8844301858830157,0.0391949397897808,True,0.3656820538534688,0.4633290570062973,False,0,True,insufficient
HHIP,64399,3,"NAFLD,Obesity,T2D",0.3293,0.5116,-0.0936672005000014,0.5628703847393797,False,-0.127423967410714,0.0008779664708642,True,,,,,,,0,True,insufficient
ARL14EP,120534,3,"Obesity,PCOS,T2D",0.3268,0.4667,,,,-0.0271955227678581,0.6037038006844194,False,-0.8405232446618793,0.0896899376608188,False,,,,0,True,insufficient
RBFOX1,54715,3,"Obesity,PCOS,T2D",0.3254,0.4402,,,,-0.0002877369642861,0.9878728620041682,False,-1.134645924741914,0.0302684104389646,True,,,,0,True,insufficient
NPC1,4864,3,"NAFLD,Obesity,T2D",0.3244,0.353,0.0006790108705372,0.994312209610832,False,-0.1052856433035716,0.2946759674818746,False,,,,0.1994097615073531,0.5686388291545755,False,0,True,insufficient
NFAT5,10725,3,"NAFLD,Obesity,T2D",0.3243,0.4296,0.1599750169241067,0.1888379686068765,False,0.0095214833928576,0.9021262591057932,False,,,,-0.0887991660577833,0.8792731104058789,False,0,True,insufficient
PDE4A,5141,3,"NAFLD,Obesity,T2D",0.3214,0.3315,0.0823492412321433,0.3383566631336888,False,0.1787806911607159,0.014618579376339,True,,,,0.5572174459756318,0.1145045876285106,False,0,True,insufficient
CUX2,23316,3,"Obesity,PCOS,T2D",0.3147,0.3534,,,,-0.0099094933035712,0.6531052078240906,False,0.1942244323459299,0.8933826847542439,False,,,,0,True,insufficient
PDE5A,8654,3,"NAFLD,Obesity,T2D",0.3139,0.3274,0.0734271264419632,0.5711544520027478,False,0.0713588147321431,0.4533716520825301,False,,,,,,,1,True,insufficient
PDE4D,5144,3,"NAFLD,Obesity,T2D",0.3134,0.3361,-0.0564378573258927,0.5839121684295366,False,0.0626133515178577,0.1892376205939999,False,,,,,,,0,True,insufficient
ZC3H4,23211,3,"NAFLD,Obesity,T2D",0.3099,0.415,0.107612277941965,0.1746595423061052,False,-0.1968994142857143,0.0169496219022327,True,,,,,,,0,True,insufficient
PDE4C,5143,3,"NAFLD,Obesity,T2D",0.3082,0.3255,-0.0416058368125007,0.5447368429511911,False,0.0114746111607142,0.604290116957491,False,,,,-0.553101566165443,0.0613910173643465,False,3,False,insufficient
FSHB,2488,3,"Obesity,PCOS,T2D",0.3067,0.4959,,,,0.0153503424999992,0.3968736781298412,False,-0.392662933252426,0.5646381930887059,False,0.1081608165360057,0.8479079300985456,False,0,True,insufficient
PDE3A,5139,3,"NAFLD,Obesity,T2D",0.3042,0.4894,0.0942429201785728,0.5089596575907682,False,-0.8700561520535706,5.5095840083099554e-05,True,,,,,,,2,False,insufficient
SEC22A,26984,3,"Obesity,PCOS,T2D",0.3002,0.3153,,,,-0.0250941687499999,0.6152957667587243,False,-0.9150557760716485,0.0360038024648063,True,,,,0,True,insufficient
CYP19A1,1588,3,"Obesity,PCOS,T2D",0.2989,0.4396,,,,0.0572248179464285,0.0146453047659874,True,-0.6126499478275687,0.2661387753572533,False,1.3387987510587482,0.0504161610234635,False,0,True,insufficient
RALY,22913,3,"NAFLD,Obesity,T2D",0.2903,0.3343,0.0872786944107151,0.1111058851583438,False,0.0348161966964282,0.3707814470707181,False,,,,0.2458732400732067,0.348755134285088,False,0,True,insufficient
ABCA1,19,3,"NAFLD,Obesity,T2D",0.2894,0.3896,-0.1237673768348219,0.1976309684615473,False,-0.2277919222321447,0.0818481456297704,False,,,,-0.4186904976689152,0.421609668205272,False,0,True,insufficient
MON1B,22879,3,"NAFLD,Obesity,T2D",0.2849,0.4246,0.0032040044330345,0.967551626306974,False,0.117265974464285,0.1584420673294371,False,,,,,,,0,True,insufficient
DCC,1630,3,"Obesity,PCOS,T2D",0.2825,0.3587,,,,0.0152587895535711,0.4362461898554237,False,-1.4027028398259818,0.0465631202541701,True,-0.3335878766626958,0.2938074714994114,False,0,True,insufficient
C9orf72,203228,3,"Obesity,PCOS,T2D",0.2811,0.3444,,,,-0.3508387980357152,0.003018109373639,True,1.0068641799096394,0.003887546284841,True,0.0302795131481099,0.9733521261823642,False,0,True,discordant
MAP2K5,5607,3,"NAFLD,Obesity,T2D",0.28,0.3221,0.1128638953482141,0.2192194818102599,False,-0.2078334238392853,0.0089041767179296,True,,,,-0.6170685402960598,0.0896261990074743,False,0,True,insufficient
NR1H4,9971,3,"NAFLD,Obesity,T2D",0.2792,0.3645,-0.1358122026116053,0.1871540100051823,False,0.0068577358928565,0.6354738067752919,False,,,,,,,0,True,insufficient
FGFR4,2264,3,"NAFLD,Obesity,T2D",0.2746,0.5749,0.0498625199107154,0.6593819981234185,False,-0.0006844649107136,0.9839982585810088,False,,,,-0.4765683786807,0.4239048317394675,False,0,True,insufficient
PRKD1,5587,3,"NAFLD,Obesity,T2D",0.2723,0.3848,0.1445810096562505,0.2975829618082277,False,0.0473109658035708,0.7452437547648996,False,,,,-0.2260749879028038,0.4268284963327126,False,0,True,insufficient
GHR,2690,3,"NAFLD,Obesity,T2D",0.2708,0.4238,0.2083547786607145,0.0397733484684016,True,-0.5667201461607156,1.131082733296145e-05,True,,,,-2.5444495976638075,0.0033208902768014,True,0,True,discordant
PDE3B,5140,3,"NAFLD,Obesity,T2D",0.2641,0.3519,0.0335986464285715,0.7962565461029563,False,-0.5709228464285712,9.38992876181304e-06,True,,,,-1.959650564997797,0.0017867382496125,True,0,True,consistent
SKOR1,390598,3,"NAFLD,Obesity,T2D",0.2601,0.419,-0.0577978549464281,0.4470453534085046,False,0.005157467053571,0.8800723184125795,False,,,,,,,0,True,insufficient
ISL1,3670,3,"NAFLD,Obesity,T2D",0.256,0.3012,,,,-0.0033351348214276,0.8546359413893849,False,,,,-1.4490537348407626,0.0718717634988714,False,0,True,insufficient
SLC5A1,6523,3,"NAFLD,Obesity,T2D",0.2528,0.5435,0.1530153985357136,0.3979429984918062,False,0.0054539275892859,0.8362113216617878,False,,,,,,,0,True,insufficient
PCDH9,5101,3,"NAFLD,Obesity,T2D",0.2486,0.3173,-0.0907462070937485,0.5867521581540247,False,0.3834228537499999,0.0024064913133645,True,,,,-1.166133878458877,0.1712495738772352,False,0,True,insufficient
GRID2,2895,3,"Obesity,PCOS,T2D",0.2484,0.3607,,,,-0.0196707595535707,0.2423634037796331,False,-0.8652212778194173,0.355760009334692,False,,,,0,True,insufficient
SULT1A1,6817,3,"NAFLD,Obesity,T2D",0.248,0.2624,-0.0615921079598207,0.7036979533362278,False,0.0260009769642852,0.4454729792313998,False,,,,,,,0,True,insufficient
ATOH1,474,3,"Obesity,PCOS,T2D",0.2469,0.3562,,,,-0.0475638262500002,0.3435793069191792,False,,,,,,,0,True,insufficient
CALCRL,10203,3,"NAFLD,Obesity,T2D",0.243,0.3092,0.0099318319687498,0.9541905008448364,False,-0.8221348364285728,1.813634333556313e-05,True,,,,-1.6506459114538892,0.0146872230183285,True,0,True,consistent
SH2B3,10019,3,"Obesity,PCOS,T2D",0.2425,0.4922,,,,0.4105311787499994,3.3527853742574827e-09,True,0.3756451570695329,0.2951102658167746,False,,,,0,True,insufficient
NR3C1,2908,3,"Obesity,PCOS,T2D",0.2399,0.3655,,,,-0.3638741648214303,5.310937037448773e-06,True,0.3322585629285779,0.436462889450593,False,-0.777422770369061,0.0097474619383072,True,0,True,consistent
SYCE1L,100130958,3,"NAFLD,Obesity,T2D",0.2371,0.3261,,,,0.0125906828571431,0.6822952714548552,False,,,,,,,0,True,insufficient
COBLL1,22837,3,"NAFLD,Obesity,T2D",0.2327,0.3353,-0.0053105127187507,0.9651103237390168,False,0.2382289318750006,0.0004655235501624,True,,,,-1.0195468720322545,0.0890755596897106,False,0,True,insufficient
ERBB3,2065,3,"Obesity,PCOS,T2D",0.2263,0.2548,,,,-0.0556727824107143,0.0065948418404539,True,-0.6583678052261632,0.2275605258908818,False,-0.1414570541536894,0.7840383108529196,False,0,True,insufficient
PTGS2,5743,3,"NAFLD,Obesity,T2D",0.2185,0.42,0.0024710777857137,0.9938008088581328,False,0.0847865508928573,0.0001485450716338,True,,,,0.8749459648927219,0.4739237855760542,False,0,True,insufficient
BCDIN3D,144233,3,"NAFLD,Obesity,T2D",0.2128,0.2685,-0.082184874276785,0.2442741132952406,False,-0.0365687768749998,0.4303277900830883,False,,,,,,,0,True,insufficient
BMP8A,353500,3,"NAFLD,Obesity,T2D",0.2099,0.3022,-0.0027973973883925,0.9803176241430668,False,-0.1819283634821431,0.0348176519311673,True,,,,-0.4945135196607593,0.2630499905947735,False,0,True,insufficient
VEGFA,7422,3,"NAFLD,PCOS,T2D",0.2081,0.3922,0.218973193651788,0.0428043846421099,True,,,,0.4835613890845955,0.3447451682136728,False,,,,0,True,insufficient
SHBG,6462,3,"NAFLD,PCOS,T2D",0.2045,0.3791,-0.9034697967723222,0.0017048308440398,True,,,,,,,-0.0188799494781841,0.9680103010075464,False,0,True,insufficient
VRK2,7444,3,"NAFLD,Obesity,T2D",0.203,0.378,-0.0479327665758937,0.6344981083376201,False,-0.0134015761607129,0.7838224429531292,False,,,,-0.2307667724164768,0.3601879209460692,False,0,True,insufficient
THBS1,7057,3,"NAFLD,Obesity,T2D",0.2025,0.3849,-0.1316849921205349,0.6676511235379482,False,0.9871826228571424,0.001263749996003,True,,,,0.4991694939087876,0.3824723196062301,False,0,True,insufficient
SOX4,6659,3,"Obesity,PCOS,T2D",0.1987,0.2251,,,,0.1069597525892849,0.360682318856687,False,-1.0534164373699184,0.3324186115203211,False,0.6128348337522314,0.1759984480734144,False,0,True,insufficient
IL10,3586,3,"Obesity,PCOS,T2D",0.1953,0.369,,,,0.1859828424107141,0.0003596138680365,True,2.172950242275113,0.0097928047904709,True,0.9222813272237804,0.0857929328150492,False,0,True,consistent
FOXO1,2308,3,"NAFLD,Obesity,T2D",0.1936,0.3466,-0.1064515936830376,0.3928226990709995,False,-0.2156459266964292,0.0097605916137183,True,,,,,,,0,True,insufficient
LEPROT,54741,3,"NAFLD,Obesity,T2D",0.1901,0.2733,,,,,,,,,,0.0170908276645311,0.9513670401704624,False,0,True,insufficient
MACF1,23499,3,"NAFLD,Obesity,T2D",0.1854,0.2305,0.0553433322678582,0.5410535693880227,False,0.1912318639285706,0.0288243234733434,True,,,,-0.0428846324002061,0.868582028009593,False,0,True,insufficient
XDH,7498,3,"NAFLD,Obesity,T2D",0.1828,0.3154,0.0968138821696431,0.2425996305045726,False,-0.0326494485714285,0.0805720901994795,False,,,,,,,0,True,insufficient
FSIP2,401024,3,"NAFLD,Obesity,T2D",0.1747,0.1943,0.1609198913883935,0.1594855572675078,False,-0.0150277269642855,0.7165299855175605,False,,,,-0.5657295099484765,0.2344197147471928,False,0,True,insufficient
GHRL,51738,3,"Obesity,PCOS,T2D",0.172,0.2791,,,,0.0394679484821431,0.0504703903202134,False,-0.0456252666761063,0.9478519906154506,False,0.0987347958517652,0.85018879680905,False,0,True,insufficient
APOC1,341,3,"NAFLD,Obesity,T2D",0.1661,0.1942,0.0046685184821431,0.9441687953836452,False,0.4831891755357143,0.0055443241623418,True,,,,1.6131422881995154,0.063460599115893,False,0,True,insufficient
NUCB2,4925,3,"Obesity,PCOS,T2D",0.1596,0.2454,,,,0.0912998734821433,0.0018720410173918,True,-0.7078217300439356,0.0960181188959196,False,0.0071276691464063,0.9813861670839078,False,0,True,insufficient
ATP2A1,487,3,"NAFLD,Obesity,T2D",0.1591,0.2047,0.1023775555714281,0.2428520756486505,False,0.0131443572321425,0.7461119987547604,False,,,,0.3230192788305319,0.4326971412618267,False,0,True,insufficient
RPGRIP1L,23322,3,"Obesity,PCOS,T2D",0.1539,0.1895,,,,0.1336451943750001,0.0044483413628676,True,-0.7822624928433752,0.1334874035475192,False,,,,0,True,insufficient
BRD2,6046,3,"NAFLD,PCOS,T2D",0.1441,0.2115,0.0089258683883937,0.9145825320083514,False,,,,1.4305222118181415,0.0257129205646024,True,0.0477305836640469,0.9062624589637128,False,0,True,insufficient
PPARGC1A,10891,3,"NAFLD,Obesity,T2D",0.1423,0.2166,-0.3262170842589267,0.1922848557301091,False,0.0595267166071424,0.1376515601528632,False,,,,-1.3561536919877626,0.0337001778544136,True,0,True,insufficient
GIP,2695,3,"Obesity,PCOS,T2D",0.1409,0.2106,,,,0.0142604279464286,0.6270698750109088,False,,,,,,,0,True,insufficient
MTOR,2475,3,"NAFLD,PCOS,T2D",0.1388,0.2001,0.1730029837857127,0.0781311459705696,False,,,,-0.3058549365745353,0.3805380012276064,False,,,,0,True,insufficient
APOA1,335,3,"NAFLD,Obesity,T2D",0.1278,0.1335,0.1099132107589273,0.0859685237963437,False,0.0451093408035716,0.2703427907284182,False,,,,,,,0,True,insufficient
SIRT1,23411,3,"NAFLD,Obesity,T2D",0.1274,0.1395,-0.3348774384642849,0.0001618252504885,True,-0.8175310424107138,2.991476126672119e-07,True,,,,-0.7447127845599133,0.058944594998797,False,0,True,consistent
GNRH1,2796,3,"Obesity,PCOS,T2D",0.1269,0.1352,,,,-0.1053815590178572,0.0406839211153051,True,0.4108401194527413,0.366494816727937,False,-0.9782367762120884,0.0881251080551206,False,0,True,insufficient
TGFB1,7040,3,"Obesity,PCOS,T2D",0.1229,0.1437,,,,0.8520420632142862,9.600531321527234e-09,True,3.181905406042195,0.005981752452466,True,1.089943946198752,0.0060026522707893,True,0,True,consistent
IL6,3569,3,"Obesity,PCOS,T2D",0.1213,0.1266,,,,0.0345328184821434,0.3209668848051603,False,1.513519283825688,0.2128248440239017,False,0.9205545243732098,0.3924673609864021,False,0,True,insufficient
CD36,948,3,"NAFLD,Obesity,T2D",0.121,0.1309,0.3123003413125014,0.0401488581951741,True,-0.181187221339286,0.0014495037363177,True,,,,-0.7886114558770272,0.1805794250686324,False,0,True,discordant
FABP4,2167,3,"NAFLD,Obesity,T2D",0.1199,0.1272,0.7852001663437509,0.0154066012349775,True,-0.3154819928571459,0.0001258579001686,True,,,,0.0721806556423647,0.86586837776095,False,0,True,discordant
RETN,56729,3,"NAFLD,PCOS,T2D",0.1178,0.1284,-0.1622685684687503,0.1099079755846641,False,,,,0.983695784293566,0.3089351791069584,False,1.055759849898374,0.1638922874590064,False,0,True,insufficient
TREM2,54209,3,"NAFLD,Obesity,T2D",0.1174,0.1397,0.2890969292812495,0.116781951284707,False,1.429905483571429,9.478123629762116e-06,True,,,,2.0630159250616287,0.0381174245718575,True,0,True,consistent
CD8A,925,3,"NAFLD,Obesity,T2D",0.1168,0.1172,-0.1251116239508931,0.4024407040773369,False,0.1022164467857136,0.0341508034856331,True,,,,1.3124555100090909,0.1128036358004694,False,0,True,insufficient
IL18,3606,3,"NAFLD,PCOS,T2D",0.1157,0.133,0.1280591471026788,0.4369075531161516,False,,,,0.7311270178325362,0.0667869509866879,False,0.0682531672117501,0.9040454026682276,False,0,True,insufficient
PRKAB1,5564,3,"NAFLD,Obesity,T2D",0.1156,0.1219,0.0724154109330355,0.3439190658624987,False,0.0077514662500002,0.8695362949198588,False,,,,0.370611871576644,0.484474088624346,False,0,True,insufficient
TLR2,7097,3,"NAFLD,Obesity,T2D",0.1139,0.1243,0.0230351530937493,0.9027182163908396,False,0.451215473839285,0.0006159808092996,True,,,,1.2213272558983106,0.105718906449628,False,0,True,insufficient
PRKAA2,5563,3,"NAFLD,Obesity,T2D",0.1138,0.1265,0.4351197444285724,0.0817529245232911,False,-0.1039690299107141,0.3159243744011742,False,,,,,,,0,True,insufficient
GH1,2688,3,"NAFLD,Obesity,PCOS",0.1134,0.1246,,,,,,,,,,,,,0,True,insufficient
SPP1,6696,3,"NAFLD,Obesity,T2D",0.1133,0.1258,0.5612418923214291,0.1231961860797249,False,2.9646955224107145,1.713669163146502e-08,True,,,,3.746346174362942,0.0025661268221155,True,0,True,consistent
RARRES2,5919,3,"Obesity,PCOS,T2D",0.1115,0.115,,,,-0.5078212176785719,0.0030916689083284,True,-0.2720952839802866,0.502738317109358,False,-0.345412316970608,0.4316466607816885,False,0,True,insufficient
NAMPT,10135,3,"NAFLD,PCOS,T2D",0.1095,0.1121,-0.6752895596473198,0.0009300690301477,True,,,,1.1794711709251011,0.0534843451430956,False,,,,0,True,insufficient
NRG4,145957,3,"NAFLD,Obesity,T2D",0.1095,0.1114,0.2430752653571435,0.1989797967976685,False,0.0114964061607141,0.5216718526346604,False,,,,-0.6111611791673885,0.1906192316407181,False,0,True,insufficient
STING1,340061,3,"NAFLD,Obesity,T2D",0.1088,0.111,,,,,,,,,,,,,0,True,insufficient
MMP9,4318,3,"NAFLD,PCOS,T2D",0.108,0.1089,0.6486153568705371,0.0188417009677461,True,,,,1.8959416805489615,0.0004114531903836,True,3.331274288319874,0.0060580643319343,True,0,True,consistent
PTX3,5806,3,"NAFLD,Obesity,PCOS",0.108,0.1138,,,,0.014099123482143,0.6514277199151017,False,-1.5521444055394849,0.125056797325236,False,,,,0,True,insufficient
IL22,50616,3,"Obesity,PCOS,T2D",0.1079,0.1119,,,,,,,-0.350563563155279,0.5676851831422506,False,,,,0,True,insufficient
FGF19,9965,3,"NAFLD,PCOS,T2D",0.1076,0.1123,-0.2566332988392856,0.0597926256436842,False,,,,,,,0.3212906445746023,0.5865294781043541,False,0,True,insufficient
C3,718,3,"NAFLD,Obesity,PCOS",0.1074,0.109,-0.0273795014732147,0.4180410561521256,False,0.3622523634821419,0.0006647732436297,True,3.1554777346986587,0.000878703596738,True,,,,0,True,consistent
AGER,177,3,"NAFLD,Obesity,T2D",0.1023,0.1033,-0.0048236274553561,0.9615889399880164,False,0.1021248943750001,0.0849488828045454,False,,,,,,,0,True,insufficient
PNPLA3,80339,2,"NAFLD,T2D",0.6515,0.7455,0.5008013231339294,0.0016467486327894,True,,,,,,,,,,0,True,insufficient
KCNJ11,3767,2,"Obesity,T2D",0.6212,0.8772,,,,-0.0009939993749998,0.978302093416578,False,,,,0.1672650632953289,0.7064889901790821,False,0,True,insufficient
ENPP1,5167,2,"Obesity,T2D",0.6094,0.6549,,,,-0.3758719283928595,0.0251097819478835,True,,,,-1.5826836476888095,0.0053570050347992,True,0,True,consistent
HNF4A,3172,2,"NAFLD,T2D",0.5892,0.7992,0.0940742859464283,0.3322347631009082,False,,,,,,,,,,0,True,insufficient
GNAS,2778,2,"Obesity,T2D",0.5787,0.8236,,,,-0.025974818303573,0.3214647334709024,False,,,,-0.0457540782270582,0.8962306448602143,False,0,True,insufficient
SLC2A2,6514,2,"Obesity,T2D",0.5659,0.7454,,,,,,,,,,-0.4453805438934153,0.2711521181708988,False,0,True,insufficient
TFAP2B,7021,2,"Obesity,T2D",0.5622,0.5749,,,,-0.0008501327678565,0.9614280788139388,False,,,,-0.5503934013702323,0.1650120991445278,False,0,True,insufficient
GRP,2922,2,"Obesity,T2D",0.543,0.5518,,,,-0.0124424493749994,0.6733144505985195,False,,,,,,,0,True,insufficient
PCSK1,5122,2,"Obesity,T2D",0.5364,0.7874,,,,0.0166669574999995,0.3511041244191399,False,,,,,,,0,True,insufficient
CDKAL1,54901,2,"Obesity,T2D",0.5286,0.688,,,,-0.0823189874107148,0.3013992440408347,False,,,,-0.6690998513598956,0.2669857016449483,False,0,True,insufficient
LPL,4023,2,"NAFLD,T2D",0.5276,0.5886,0.4618925292142863,0.0097767080987129,True,,,,,,,-1.629414902985066,0.0098695360467092,True,0,True,discordant
LIPF,8513,2,"Obesity,T2D",0.5256,0.5841,,,,-0.0094648081249997,0.5743698371881647,False,,,,-1.2001546775859355,0.0166332143825317,True,1,False,insufficient
ONECUT1,3175,2,"Obesity,T2D",0.5207,0.533,,,,0.0124991270535717,0.6040474778839913,False,,,,,,,0,True,insufficient
AUTS2,26053,2,"Obesity,T2D",0.5094,0.5106,,,,-0.0542079342857126,0.2456659362172112,False,,,,0.1131889379417436,0.8031924253757239,False,0,True,insufficient
PNLIP,5406,2,"Obesity,T2D",0.509,0.601,,,,0.0060076036607141,0.7774391582884564,False,,,,,,,0,True,insufficient
ZFHX3,463,2,"Obesity,T2D",0.5088,0.5347,,,,0.4638148741071433,0.0002121480871943,True,,,,,,,0,True,insufficient
GCKR,2646,2,"NAFLD,T2D",0.5086,0.5758,0.3131329170133927,0.0187857460836278,True,,,,,,,,,,0,True,insufficient
PROX1,5629,2,"PCOS,T2D",0.508,0.5647,,,,,,,0.4588921733016526,0.6339887709613051,False,-0.0872622464304284,0.9030680337232352,False,0,True,insufficient
CPNE4,131034,2,"Obesity,T2D",0.5076,0.5215,,,,-0.5098484584821428,1.3590989367703752e-05,True,,,,,,,0,True,insufficient
NLGN1,22871,2,"Obesity,T2D",0.5033,0.5175,,,,-0.0979091091964292,0.205530757625106,False,,,,-1.1574662163889275,0.1102409145981893,False,0,True,insufficient
LIPC,3990,2,"NAFLD,T2D",0.4996,0.5564,-0.0046627670848202,0.9702730007197734,False,,,,,,,-0.0361337714380454,0.937909554795178,False,0,True,insufficient
CALCR,799,2,"Obesity,T2D",0.4912,0.5102,,,,0.0216108043749998,0.2799099793490877,False,,,,0.1055703430203425,0.8745318033101951,False,0,True,insufficient
PCDH17,27253,2,"Obesity,T2D",0.487,0.4939,,,,0.152500695803571,0.022738341342705,True,,,,1.5649738168077432,0.0025864410364024,True,0,True,consistent
FAIM2,23017,2,"Obesity,T2D",0.4851,0.5073,,,,0.0792323535714287,0.1771348328571069,False,,,,0.9680237062684198,0.1724039850090165,False,0,True,insufficient
KCNQ1,3784,2,"Obesity,T2D",0.484,0.6412,,,,0.2157679974999995,4.165455701040991e-06,True,,,,0.543776692546575,0.0848572021554335,False,0,True,insufficient
CDH7,1005,2,"Obesity,T2D",0.4814,0.4985,,,,0.0151410770535713,0.4735175670986757,False,,,,,,,0,True,insufficient
ADAMTS9,56999,2,"Obesity,T2D",0.4797,0.5512,,,,-0.2492152631249986,0.0930641784915207,False,,,,-0.5833315604641207,0.1954721066270362,False,0,True,insufficient
ADRB1,153,2,"Obesity,T2D",0.4773,0.4894,,,,-0.6399536128571421,0.0128792400824643,True,,,,0.0122242264830187,0.9674523710819816,False,0,True,insufficient
LRFN2,57497,2,"Obesity,T2D",0.4747,0.497,,,,0.0380946580357139,0.105566160267224,False,,,,-0.4423411039704268,0.4236412507514189,False,0,True,insufficient
ADH1B,125,2,"Obesity,T2D",0.4715,0.4958,,,,-1.005266463749999,2.816654029350063e-06,True,,,,-2.253735869127949,0.0011237403869502,True,0,True,consistent
OLFM4,10562,2,"Obesity,T2D",0.4688,0.4808,,,,0.0040196013392859,0.9010695966877832,False,,,,0.5136587626710165,0.1915121613964456,False,0,True,insufficient
RBMS1,5937,2,"Obesity,T2D",0.4646,0.4658,,,,0.1655273443749987,0.0041602334732776,True,,,,0.0603027586865394,0.8342926407599364,False,0,True,insufficient
MTNR1B,4544,2,"Obesity,T2D",0.4639,0.636,,,,0.0342407232142858,0.1732808526857908,False,,,,,,,0,True,insufficient
ARPP21,10777,2,"Obesity,T2D",0.4607,0.4652,,,,0.0749642502678566,0.0584108185644835,False,,,,,,,0,True,insufficient
JAZF1,221895,2,"NAFLD,T2D",0.4604,0.5949,0.2054100852767861,0.1273578849264806,False,,,,,,,0.5507352314749623,0.2454613076890492,False,0,True,insufficient
IGF1R,3480,2,"Obesity,T2D",0.4597,0.5067,,,,7.847383928538676e-05,0.9989634596007624,False,,,,-0.4158850539329894,0.4686482753448243,False,0,True,insufficient
ADCY9,115,2,"Obesity,T2D",0.4576,0.5184,,,,-0.0260620122321428,0.6363140126380009,False,,,,0.4221328920101399,0.2940641511128141,False,0,True,insufficient
ADRA2A,150,2,"Obesity,T2D",0.4568,0.4995,,,,0.466334749732141,0.0072458435115713,True,,,,-0.1212179261793879,0.7626673295994315,False,0,True,insufficient
ZNF536,9745,2,"Obesity,T2D",0.4523,0.4857,,,,-0.0006757465178575,0.97820365988548,False,,,,,,,0,True,insufficient
HMGA2,8091,2,"PCOS,T2D",0.4511,0.5541,,,,,,,-0.62845027738335,0.1660795702718825,False,,,,0,True,insufficient
SLC6A3,6531,2,"Obesity,T2D",0.4503,0.6206,,,,0.0376368910714282,0.2058730689918797,False,,,,-1.455529216978375,0.0283711005971968,True,1,False,insufficient
ATP5F1E,514,2,"Obesity,T2D",0.4486,0.5029,,,,,,,,,,,,,0,True,insufficient
DNMT3A,1788,2,"Obesity,T2D",0.4465,0.4794,,,,0.0790230864285712,0.1511118615470148,False,,,,1.0927059543453077,0.1762753123397103,False,0,True,insufficient
PPP1R3A,5506,2,"Obesity,T2D",0.4455,0.5285,,,,,,,,,,,,,0,True,insufficient
STXBP6,29091,2,"Obesity,T2D",0.4446,0.4585,,,,-0.1062011733928574,0.0473669324802176,True,,,,-0.76094621604943,0.0393015227488182,True,0,True,consistent
SLC6A4,6532,2,"Obesity,T2D",0.4429,0.5979,,,,-0.0483572845535711,0.1171962366117439,False,,,,-0.6097475680483422,0.1755179550383461,False,0,True,insufficient
PPP3CA,5530,2,"Obesity,T2D",0.4417,0.4827,,,,0.0921630866071439,0.1014221300662207,False,,,,0.276980963536841,0.5105609092621676,False,0,True,insufficient
ACE,1636,2,"Obesity,T2D",0.4412,0.5312,,,,0.1480712884821429,0.0213614658161682,True,,,,-0.0603450148276235,0.8275790147236187,False,0,True,insufficient
ETV5,2119,2,"Obesity,T2D",0.4409,0.5104,,,,0.2801688063392862,0.0019836017518641,True,,,,0.9158691312543186,0.0331246313654968,True,0,True,consistent
LHCGR,3973,2,"Obesity,PCOS",0.4399,0.4475,,,,1.1883806520535716,0.0011726005942366,True,0.1617787935424797,0.6903983398543986,False,,,,0,True,insufficient
WFS1,7466,2,"Obesity,T2D",0.4385,0.7639,,,,-0.0887712763392869,0.3511658061115446,False,,,,-0.1799959500216539,0.7756399934025339,False,0,True,insufficient
HTR2C,3358,2,"Obesity,T2D",0.438,0.5928,,,,-0.0177786688392864,0.3738738435197546,False,,,,-0.1780526820809642,0.6644805088737215,False,0,True,insufficient
OPRM1,4988,2,"Obesity,T2D",0.4363,0.6017,,,,0.0017918188392855,0.8980747431337122,False,,,,,,,0,True,insufficient
LRRC1,55227,2,"Obesity,T2D",0.4361,0.4441,,,,0.3528180826785712,0.001072426333617,True,,,,-0.9760929542508674,0.0506822031530331,False,0,True,insufficient
HEY2,23493,2,"Obesity,T2D",0.4359,0.4479,,,,-0.4061846037499999,6.0448479482170413e-05,True,,,,-1.795758380815529,0.0634829181405283,False,0,True,insufficient
PDZRN4,29951,2,"Obesity,T2D",0.4354,0.4504,,,,-0.0955330952678572,0.2368258656870758,False,,,,-0.6991479992036336,0.3167562596327906,False,0,True,insufficient
EYA1,2138,2,"NAFLD,T2D",0.4351,0.4518,-0.1212074033660717,0.1321970540946777,False,,,,,,,-0.4483373503676775,0.138804445145265,False,0,True,insufficient
ZEB2,9839,2,"Obesity,T2D",0.434,0.4572,,,,0.1538609127678576,0.001003860546276,True,,,,,,,0,True,insufficient
POMC,5443,2,"Obesity,T2D",0.4335,0.7471,,,,-0.0249241391071426,0.5048568811412258,False,,,,-0.5263444591900739,0.4913288425304555,False,0,True,insufficient
PATJ,10207,2,"Obesity,T2D",0.431,0.4569,,,,,,,,,,,,,0,True,insufficient
ANAPC4,29945,2,"Obesity,T2D",0.4299,0.5177,,,,-0.0472063316071427,0.2898751177725475,False,,,,-0.3773333909506791,0.150449051882318,False,0,True,insufficient
RGS17,26575,2,"Obesity,T2D",0.4297,0.4958,,,,-0.3773106159821422,8.449683069008666e-05,True,,,,-0.6106547465117957,0.3121227971014194,False,0,True,insufficient
OPRD1,4985,2,"Obesity,T2D",0.4291,0.5856,,,,-0.1265999916964282,0.0099896833724776,True,,,,-0.4870955967474364,0.2133810555337905,False,0,True,insufficient
IGF2BP2,10644,2,"Obesity,T2D",0.4261,0.561,,,,-0.0741838716071425,0.465116993522818,False,,,,,,,0,True,insufficient
TRIM66,9866,2,"Obesity,T2D",0.4249,0.5211,,,,0.0115312851785716,0.790036707815422,False,,,,,,,0,True,insufficient
KLF14,136259,2,"NAFLD,T2D",0.4247,0.5338,-0.0252803219017856,0.6977178348564047,False,,,,,,,-0.942365759186346,0.0458704851036894,True,0,True,insufficient
TCF4,6925,2,"Obesity,T2D",0.4242,0.4563,,,,-0.003801616607145,0.936798517848404,False,,,,-0.304322149532684,0.328464674994263,False,0,True,insufficient
GALNT10,55568,2,"Obesity,T2D",0.4238,0.5115,,,,0.1906781906250012,0.0051448694125155,True,,,,0.2200504913615337,0.5557851331029353,False,0,True,insufficient
CENPW,387103,2,"Obesity,T2D",0.4226,0.466,,,,0.0039280502678575,0.8675217788926405,False,,,,,,,0,True,insufficient
INHBB,3625,2,"PCOS,T2D",0.4225,0.5481,,,,,,,-0.9732388504575143,0.0171316823548835,True,0.3159605810952234,0.6876999567872278,False,0,True,insufficient
OPRK1,4986,2,"Obesity,T2D",0.4225,0.5842,,,,0.0517926893749995,0.4116963818092808,False,,,,0.5999391792737336,0.2983199916090231,False,1,False,insufficient
CACNA1D,776,2,"Obesity,T2D",0.4202,0.4354,,,,0.0104152135714286,0.5452263412076336,False,,,,-1.3275029534546166,0.0613627385326178,False,0,True,insufficient
C12orf42,374470,2,"Obesity,T2D",0.4196,0.4514,,,,-0.0239170607142855,0.1907221658196852,False,,,,,,,0,True,insufficient
JADE2,23338,2,"Obesity,T2D",0.419,0.5029,,,,,,,,,,,,,0,True,insufficient
PIK3C3,5289,2,"Obesity,T2D",0.4179,0.4519,,,,0.0096784303571428,0.8501294217497845,False,,,,-0.0924843939652138,0.7170813946184902,False,0,True,insufficient
GRID1,2894,2,"Obesity,T2D",0.4175,0.4939,,,,-0.0283944287500004,0.2914655372508108,False,,,,,,,0,True,insufficient
KSR2,283455,2,"Obesity,T2D",0.4167,0.5472,,,,-0.026035852053571,0.3710094920967636,False,,,,0.1599665831291106,0.69008562807718,False,0,True,insufficient
RARB,5915,2,"Obesity,T2D",0.4145,0.4501,,,,-0.0157906673214283,0.9240769009696628,False,,,,0.0245674234209185,0.9667041056220572,False,0,True,insufficient
HDAC9,9734,2,"Obesity,T2D",0.4131,0.5685,,,,-0.0345851365178573,0.5406566133456114,False,,,,,,,0,True,insufficient
BCL11B,64919,2,"Obesity,T2D",0.4128,0.449,,,,0.1035679425892861,0.0023110871834006,True,,,,-0.315072471539112,0.6504037131278357,False,0,True,insufficient
EYA2,2139,2,"NAFLD,T2D",0.4127,0.5376,0.068377057428572,0.6817048772661441,False,,,,,,,-0.5379356934073805,0.6280887529771944,False,0,True,insufficient
PML,5371,2,"Obesity,T2D",0.4113,0.4987,,,,0.0088064999107144,0.9006161342756428,False,,,,0.6759041019960669,0.101106387326295,False,0,True,insufficient
TAFA5,25817,2,"Obesity,T2D",0.411,0.4203,,,,,,,,,,,,,0,True,insufficient
LRMDA,83938,2,"Obesity,T2D",0.4107,0.5105,,,,,,,,,,,,,0,True,insufficient
ADCY5,111,2,"PCOS,T2D",0.4065,0.5629,,,,,,,-0.116084989030381,0.8049874222211998,False,,,,0,True,insufficient
BCL2,596,2,"Obesity,T2D",0.4061,0.4899,,,,-0.2881208156249979,0.0008608904523652,True,,,,0.1764451811603824,0.705417986348083,False,0,True,insufficient
TM6SF2,53345,2,"NAFLD,T2D",0.4059,0.4264,0.5343915763705347,0.001350178396784,True,,,,,,,-0.4562758397708055,0.4565851833001077,False,0,True,insufficient
DHFR2,200895,2,"Obesity,T2D",0.4058,0.4486,,,,,,,,,,,,,0,True,insufficient
NTNG1,22854,2,"Obesity,T2D",0.4006,0.4703,,,,0.0359409882142855,0.2508631892144508,False,,,,,,,0,True,insufficient
ADRA1B,147,2,"Obesity,T2D",0.4002,0.4623,,,,0.0626046318750006,0.3942436918710687,False,,,,,,,0,True,insufficient
NLRC3,197358,2,"Obesity,T2D",0.4,0.4137,,,,0.0696541923214288,0.0515967970456385,False,,,,,,,0,True,insufficient
MAGI2,9863,2,"Obesity,T2D",0.3993,0.4569,,,,-0.0220947270535711,0.5914137678208623,False,,,,,,,0,True,insufficient
ZMIZ1,57178,2,"NAFLD,T2D",0.396,0.5292,0.2710886177321416,0.0006224576327712,True,,,,,,,,,,0,True,insufficient
PEPD,5184,2,"Obesity,T2D",0.3927,0.4251,,,,0.3249162950000013,0.1105759112659526,False,,,,0.0549332919030158,0.8558492798522124,False,0,True,insufficient
IRF1,3659,2,"Obesity,PCOS",0.3925,0.4372,,,,0.1376822341071428,0.0109810200314269,True,1.1837744512616766,0.0069377991573392,True,,,,0,True,consistent
ARG1,383,2,"Obesity,T2D",0.3903,0.4296,,,,0.0025286003571434,0.879571035486996,False,,,,,,,0,True,insufficient
EBF2,64641,2,"Obesity,T2D",0.3892,0.5045,,,,-0.1634695875892848,0.0973257843093241,False,,,,-0.3273203728894422,0.6151839351410447,False,0,True,insufficient
CEP68,23177,2,"NAFLD,T2D",0.3889,0.4999,0.0315061938258933,0.6735964141965746,False,,,,,,,,,,0,True,insufficient
NR0B2,8431,2,"Obesity,T2D",0.3881,0.576,,,,-0.0434483118749997,0.0234870123645743,True,,,,-0.1156721456496883,0.777274408096153,False,0,True,insufficient
ROBO2,6092,2,"Obesity,T2D",0.3876,0.4139,,,,-0.0241219685714288,0.4681516337620347,False,,,,,,,0,True,insufficient
MSRA,4482,2,"Obesity,T2D",0.3862,0.4674,,,,0.0541904966964281,0.2796148243969828,False,,,,-0.2254706804701932,0.4264372371797726,False,0,True,insufficient
ADRA2B,151,2,"Obesity,T2D",0.3857,0.5045,,,,0.0440673840178571,0.3780412721732704,False,,,,-0.7569957882769334,0.0581987387694899,False,0,True,insufficient
LMX1B,4010,2,"Obesity,T2D",0.3851,0.5065,,,,0.0752389091964289,0.0466645407761197,True,,,,-0.1560747324544378,0.7372108982488307,False,0,True,insufficient
THADA,63892,2,"PCOS,T2D",0.3849,0.386,,,,,,,0.2728072510075687,0.5287770606311487,False,-0.0804726343798479,0.814603773789034,False,0,True,insufficient
RELN,5649,2,"Obesity,T2D",0.3848,0.4394,,,,0.2776663631249998,0.0113879322360889,True,,,,-0.5799315547627808,0.496645239988542,False,0,True,insufficient
MYC,4609,2,"Obesity,T2D",0.3843,0.4483,,,,0.0209960946428569,0.6179150173112608,False,,,,0.2315880946093504,0.6514288764464765,False,0,True,insufficient
ADARB1,104,2,"Obesity,T2D",0.3837,0.3981,,,,0.0957467225892862,0.0812003401651659,False,,,,0.1950698776301013,0.5746346793408568,False,0,True,insufficient
TLE1,7088,2,"Obesity,T2D",0.3837,0.5588,,,,-0.3632899691071447,0.0064694392025586,True,,,,-0.4671641442009715,0.2874840801351812,False,0,True,insufficient
BRINP3,339479,2,"Obesity,T2D",0.3818,0.4648,,,,,,,,,,,,,0,True,insufficient
FOXG1,2290,2,"Obesity,T2D",0.3818,0.501,,,,,,,,,,,,,0,True,insufficient
CDIN1,84529,2,"Obesity,T2D",0.3816,0.4527,,,,,,,,,,,,,0,True,insufficient
GTF2I,2969,2,"Obesity,T2D",0.3806,0.5201,,,,-0.0130266457142864,0.8344437077214274,False,,,,0.0491570125714186,0.9287243738544162,False,0,True,insufficient
ADRA1D,146,2,"Obesity,T2D",0.3803,0.445,,,,-0.0537240191071433,0.274467023822214,False,,,,,,,1,False,insufficient
AKAP6,9472,2,"Obesity,T2D",0.3803,0.4409,,,,-0.0517621755357144,0.1949999871699548,False,,,,,,,0,True,insufficient
SLC12A2,6558,2,"Obesity,T2D",0.3784,0.4136,,,,-0.3804234077678572,0.0068359462713879,True,,,,-0.4345122463879143,0.3920156280643715,False,0,True,insufficient
BMAL1,406,2,"Obesity,T2D",0.3783,0.3965,,,,,,,,,,,,,0,True,insufficient
IGF2BP1,10642,2,"Obesity,T2D",0.3768,0.403,,,,-0.0054408467857141,0.8229510574058452,False,,,,,,,0,True,insufficient
PRMT6,55170,2,"Obesity,T2D",0.3763,0.4034,,,,0.0324925004464278,0.6144027053029222,False,,,,,,,0,True,insufficient
ECE2,9718,2,"Obesity,T2D",0.3754,0.4362,,,,-0.0294494623214287,0.1392901583039174,False,,,,-0.6525719669547554,0.1584306362249149,False,0,True,insufficient
ADRA2C,152,2,"Obesity,T2D",0.3734,0.4865,,,,0.1011483359821432,0.1206540326540935,False,,,,-0.0216247389002433,0.955587731116365,False,2,False,insufficient
ZFPM2,23414,2,"Obesity,T2D",0.3712,0.4025,,,,-0.0133623392857145,0.621169747399383,False,,,,-0.6645128240556641,0.1967457161644551,False,0,True,insufficient
PSAT1,29968,2,"Obesity,T2D",0.3702,0.4186,,,,0.3854980483928569,0.0401692334412424,True,,,,0.1110665410319791,0.8065181753850353,False,0,True,insufficient
GSAP,54103,2,"Obesity,T2D",0.37,0.4114,,,,,,,,,,,,,0,True,insufficient
DRD4,1815,2,"PCOS,T2D",0.3693,0.4799,,,,,,,,,,0.7960646562260929,0.165328470066678,False,1,False,insufficient
AOPEP,84909,2,"PCOS,T2D",0.3686,0.4917,,,,,,,,,,,,,0,True,insufficient
DRD3,1814,2,"PCOS,T2D",0.3673,0.4695,,,,,,,,,,,,,0,True,insufficient
IL12B,3593,2,"Obesity,T2D",0.3662,0.4724,,,,-0.0092686228571432,0.5794412877083873,False,,,,,,,1,False,insufficient
LDB2,9079,2,"Obesity,T2D",0.366,0.3929,,,,-0.1940046043750003,0.0472899053182789,True,,,,-0.5037467110992653,0.3091466627199303,False,0,True,insufficient
MEF2C,4208,2,"Obesity,T2D",0.3655,0.4692,,,,0.0766601570535714,0.2551509863796632,False,,,,0.7874405373619053,0.1997862384940365,False,0,True,insufficient
MAD1L1,8379,2,"Obesity,T2D",0.365,0.3718,,,,0.0565011168750002,0.1608746363274916,False,,,,0.2537140208390644,0.4124454139165324,False,0,True,insufficient
MYO19,80179,2,"Obesity,T2D",0.365,0.3994,,,,0.0819527785714289,0.2837724303898201,False,,,,,,,0,True,insufficient
IL13RA1,3597,2,"Obesity,T2D",0.3637,0.3744,,,,-0.2036830340178586,0.0152608958966742,True,,,,0.1697107075174037,0.6804143023064207,False,0,True,insufficient
VWC2,375567,2,"Obesity,T2D",0.3631,0.405,,,,-0.0046473898214287,0.8332465763046025,False,,,,,,,0,True,insufficient
AP3B1,8546,2,"Obesity,T2D",0.3624,0.4017,,,,0.0923810683035704,0.1288097012358931,False,,,,-0.0618146822972746,0.8594988611087634,False,0,True,insufficient
HTR3B,9177,2,"Obesity,T2D",0.3624,0.462,,,,0.001582554464286,0.942495337049731,False,,,,-1.035327619994659,0.015600306421301,True,1,False,insufficient
SNX19,399979,2,"Obesity,T2D",0.362,0.4584,,,,0.1484374991071444,0.1405007122802794,False,,,,,,,0,True,insufficient
CADM2,253559,2,"Obesity,T2D",0.3619,0.4497,,,,-1.1102120533035702,7.51954469610829e-05,True,,,,,,,0,True,insufficient
DMRTA2,63950,2,"Obesity,T2D",0.3619,0.4483,,,,-0.003827773303572,0.8914552645408275,False,,,,,,,0,True,insufficient
ADRB2,154,2,"Obesity,T2D",0.3616,0.4773,,,,-0.6780831464285715,0.0001006923128518,True,,,,-0.138620707010777,0.7299222237377209,False,0,True,insufficient
CBLN4,140689,2,"Obesity,T2D",0.3616,0.4225,,,,-0.0242701956249993,0.3164463951968168,False,,,,0.6457165632062125,0.2075658343210441,False,0,True,insufficient
WSCD2,9671,2,"Obesity,T2D",0.3586,0.5307,,,,-0.0369567877678567,0.1828491551657155,False,,,,,,,0,True,insufficient
PARD3B,117583,2,"Obesity,T2D",0.3583,0.3616,,,,0.1316877069642839,0.0610833863265469,False,,,,,,,0,True,insufficient
KIF18A,81930,2,"Obesity,T2D",0.3574,0.3986,,,,0.0084620907142856,0.6557012524196907,False,,,,-0.1185570369665129,0.702828658856298,False,0,True,insufficient
ZBTB10,65986,2,"Obesity,T2D",0.3566,0.4291,,,,-0.0974557076785718,0.0247400610201778,True,,,,,,,0,True,insufficient
STK24,8428,2,"Obesity,T2D",0.3562,0.407,,,,-0.3351178867857136,2.3820271250280138e-06,True,,,,-0.7849292864568018,0.021321105630731,True,0,True,consistent
TTC8,123016,2,"Obesity,T2D",0.3562,0.5369,,,,-0.0885009770535716,0.0517610489252456,False,,,,-0.4497955918962584,0.1547211614422095,False,0,True,insufficient
ZFP64,55734,2,"Obesity,T2D",0.3561,0.4065,,,,0.0309622646428566,0.2965508828516178,False,,,,0.1213648579453963,0.757431129788446,False,0,True,insufficient
RIT2,6014,2,"Obesity,T2D",0.3554,0.3822,,,,-0.0007934552678565,0.9595117535251608,False,,,,,,,0,True,insufficient
GGNBP2,79893,2,"Obesity,T2D",0.3553,0.383,,,,-0.3022199376785712,1.22633446327405e-05,True,,,,,,,0,True,insufficient
LCT,3938,2,"Obesity,PCOS",0.3543,0.4718,,,,-0.0002877369642857,0.990404988354654,False,-1.833473204910412,0.137305325096361,False,,,,0,True,insufficient
PRICKLE1,144165,2,"Obesity,T2D",0.3541,0.4143,,,,-0.0589338009821434,0.4606331553924173,False,,,,,,,0,True,insufficient
CACNA1C,775,2,"Obesity,T2D",0.3529,0.4119,,,,0.0970851387499998,0.0557406144815118,False,,,,-0.8356456195647534,0.0880212727395197,False,0,True,insufficient
INPP4B,8821,2,"Obesity,T2D",0.3529,0.3545,,,,0.0487016969642852,0.282518929630671,False,,,,0.0058905578065044,0.992710866219672,False,0,True,insufficient
MGAM,8972,2,"Obesity,T2D",0.3527,0.6054,,,,-0.0084795258928576,0.6841236471548399,False,,,,1.2348458604441248,0.2129553919735977,False,1,False,insufficient
REEP3,221035,2,"NAFLD,T2D",0.3526,0.3605,-0.0227469757321436,0.803101105205826,False,,,,,,,,,,0,True,insufficient
MRAS,22808,2,"Obesity,T2D",0.3517,0.4175,,,,-0.0618024549107145,0.4635992378141735,False,,,,,,,0,True,insufficient
ATRAID,51374,2,"NAFLD,T2D",0.3512,0.3906,,,,,,,,,,,,,0,True,insufficient
SLC12A8,84561,2,"Obesity,T2D",0.3494,0.5392,,,,0.0308794310714284,0.249609104958373,False,,,,-0.2247944349256903,0.6338742050418837,False,0,True,insufficient
HK1,3098,2,"NAFLD,T2D",0.3477,0.4024,0.0574304785089285,0.5466305003148378,False,,,,,,,0.8394061504284398,0.0065797042849612,True,0,True,insufficient
IFT38,23059,2,"Obesity,T2D",0.3475,0.3558,,,,,,,,,,,,,0,True,insufficient
PDE8B,8622,2,"NAFLD,T2D",0.3474,0.3769,-0.0528174562767853,0.755377968478745,False,,,,,,,-1.7144273695784782,0.0195103932725418,True,1,False,insufficient
SNTB1,6641,2,"Obesity,T2D",0.3465,0.4539,,,,-0.0083269416071427,0.9329370937714716,False,,,,-0.4526313211891146,0.2957764128093788,False,0,True,insufficient
RORA,6095,2,"Obesity,T2D",0.3456,0.4335,,,,-0.0784650524107144,0.2484196908643806,False,,,,-0.4151016993086323,0.3198596835005391,False,0,True,insufficient
MPPED2,744,2,"Obesity,T2D",0.3453,0.4505,,,,-0.0001089946428565,0.9985936186550056,False,,,,,,,0,True,insufficient
PKHD1,5314,2,"Obesity,T2D",0.3447,0.4833,,,,-0.0055062425892855,0.727010712201134,False,,,,0.210807461123462,0.6454473542022161,False,0,True,insufficient
NUDT12,83594,2,"PCOS,T2D",0.3419,0.4028,,,,,,,-1.5567087739381984,0.0340390566784153,True,-0.592092724409103,0.1039485319144404,False,0,True,insufficient
PDE1C,5137,2,"NAFLD,Obesity",0.3417,0.3654,0.0795482499107138,0.4483617145393925,False,0.0891549256249999,0.0095434275892477,True,,,,,,,1,False,insufficient
BACE2,25825,2,"Obesity,T2D",0.3414,0.4279,,,,0.2487880151785724,4.4403994430330184e-05,True,,,,0.6375571236922905,0.0676065572847846,False,0,True,insufficient
KCNB2,9312,2,"Obesity,T2D",0.3402,0.3405,,,,-0.0489501953571434,0.0482226446647773,True,,,,0.6597854761931479,0.2659554159336868,False,0,True,insufficient
CBLN1,869,2,"Obesity,T2D",0.3396,0.3707,,,,-0.1023385194642858,0.1123783248973746,False,,,,0.0912705605971333,0.8274609201187262,False,0,True,insufficient
TMEM132B,114795,2,"NAFLD,T2D",0.338,0.3682,0.0033337827857136,0.9571589057127188,False,,,,,,,,,,0,True,insufficient
METTL15,196074,2,"Obesity,T2D",0.3357,0.3678,,,,-0.0800737650892857,0.0575281630604123,False,,,,,,,0,True,insufficient
BAIAP2,10458,2,"Obesity,T2D",0.3341,0.3712,,,,0.0832257968750003,0.0774165299471544,False,,,,0.4583823899000221,0.2939231342638976,False,0,True,insufficient
APOBR,55911,2,"Obesity,T2D",0.334,0.3734,,,,0.0682329440178572,0.0887520622893347,False,,,,,,,0,True,insufficient
CRTC1,23373,2,"Obesity,T2D",0.3332,0.3987,,,,0.1401279993749993,0.0352382692700957,True,,,,,,,0,True,insufficient
CDKN2B,1030,2,"Obesity,T2D",0.3327,0.5223,,,,0.8636997770535704,0.001065089360904,True,,,,-1.9514799696514256,0.0033992826736875,True,0,True,discordant
ARL15,54622,2,"NAFLD,T2D",0.331,0.413,-0.1185972908169636,0.4712260563177367,False,,,,,,,,,,0,True,insufficient
ZBTB20,26137,2,"Obesity,T2D",0.331,0.3874,,,,-0.019470212142858,0.8135677803672171,False,,,,-0.7184713599353132,0.2352032808505709,False,0,True,insufficient
GPSM1,26086,2,"Obesity,T2D",0.3308,0.5493,,,,0.0978131956249992,0.0455856336288318,True,,,,,,,0,True,insufficient
ASTN2,23245,2,"Obesity,T2D",0.3305,0.3579,,,,0.0288652675892859,0.3271010340977386,False,,,,0.3614207368887303,0.5471296403961634,False,0,True,insufficient
TMEM60,85025,2,"Obesity,T2D",0.3303,0.3323,,,,0.0279279428571435,0.5008414188987326,False,,,,,,,0,True,insufficient
FOCAD,54914,2,"Obesity,T2D",0.3301,0.3792,,,,0.1202131002678568,0.0725617548016822,False,,,,,,,0,True,insufficient
NCAM1,4684,2,"Obesity,T2D",0.3298,0.3751,,,,-0.1717572893750003,0.0017173378223067,True,,,,,,,0,True,insufficient
ADORA2A,135,2,"NAFLD,Obesity",0.3296,0.3393,0.1149578222276783,0.1209601917373975,False,0.0060381195535712,0.8239978741771469,False,,,,,,,0,True,insufficient
VPS53,55275,2,"NAFLD,T2D",0.3293,0.4455,0.1091201029017856,0.1077904943161391,False,,,,,,,,,,0,True,insufficient
HMBS,3145,2,"Obesity,T2D",0.3287,0.3509,,,,0.1740286681249996,0.0049446412637395,True,,,,0.6657762945965991,0.0905853668371552,False,0,True,insufficient
SLC22A12,116085,2,"Obesity,T2D",0.3283,0.4391,,,,0.0964747839285715,0.1462693981353418,False,,,,0.2163626740982929,0.4290264997193648,False,0,True,insufficient
ANGPTL4,51129,2,"Obesity,T2D",0.3276,0.5429,,,,-0.226213726607142,0.0098043403983493,True,,,,1.0910110692639885,0.3155631411289806,False,0,True,insufficient
ROBO1,6091,2,"NAFLD,T2D",0.3274,0.3275,0.3100346489464289,0.0226473916852322,True,,,,,,,-0.3576040497562862,0.6267880483077949,False,0,True,insufficient
GFI1,2672,2,"Obesity,T2D",0.3266,0.3486,,,,4.795598214268893e-05,0.9980795639640604,False,,,,0.4755372298943263,0.3037312833647915,False,0,True,insufficient
UNC5C,8633,2,"PCOS,T2D",0.3261,0.4568,,,,,,,-1.076922063980014,0.0068800021565013,True,0.5073235130788252,0.2755085590690908,False,0,True,insufficient
AOC1,26,2,"NAFLD,T2D",0.3259,0.367,,,,,,,,,,,,,0,True,insufficient
FBXO11,80204,2,"Obesity,T2D",0.3253,0.3764,,,,-0.3151506691964272,7.770781800728187e-08,True,,,,-0.6488843654647576,0.1404475933840126,False,0,True,insufficient
SMARCAD1,56916,2,"Obesity,T2D",0.3253,0.3961,,,,-0.0671561121428574,0.1333435145003037,False,,,,-0.0829096270024266,0.7519143182751306,False,0,True,insufficient
SUOX,6821,2,"PCOS,T2D",0.3247,0.4344,,,,,,,-0.1821700923246965,0.5691815184428145,False,-0.3019032659950891,0.5978280644948483,False,0,True,insufficient
MDGA2,161357,2,"Obesity,T2D",0.3242,0.3403,,,,0.0108555383928576,0.6015770399108141,False,,,,,,,0,True,insufficient
AFF3,3899,2,"Obesity,T2D",0.3239,0.3268,,,,0.5523420050892858,0.000171090140409,True,,,,,,,0,True,insufficient
SETBP1,26040,2,"Obesity,T2D",0.3236,0.3365,,,,0.2174944191071421,0.0384794745404681,True,,,,-0.2847561070950699,0.641204900087862,False,0,True,insufficient
TET2,54790,2,"Obesity,T2D",0.3236,0.5364,,,,-0.0462123314285722,0.4118445334596869,False,,,,,,,0,True,insufficient
LPA,4018,2,"NAFLD,T2D",0.3219,0.36,-0.2476143788169658,0.3318360066202311,False,,,,,,,0.4842935499605216,0.1554342767771248,False,0,True,insufficient
CHORDC1,26973,2,"Obesity,T2D",0.3215,0.3323,,,,-0.1094621916071427,0.0047953164599105,True,,,,0.0866935901801153,0.7813431048633191,False,0,True,insufficient
NOL4,8715,2,"Obesity,T2D",0.3211,0.3485,,,,-0.0275050574107145,0.1851761923678442,False,,,,-1.237410544842257,0.2685222965098831,False,0,True,insufficient
KCNJ12,3768,2,"Obesity,T2D",0.3207,0.4165,,,,0.0301557283035709,0.3486663456050562,False,,,,0.2367437005679766,0.4502257555028869,False,0,True,insufficient
RGS6,9628,2,"NAFLD,T2D",0.3204,0.3278,-0.0155540519330359,0.8553895448643108,False,,,,,,,,,,0,True,insufficient
HMGA1,3159,2,"NAFLD,T2D",0.3203,0.4089,0.0216214003258929,0.8341324115784401,False,,,,,,,-0.2275050624666938,0.5723605426405332,False,0,True,insufficient
PACRG,135138,2,"Obesity,T2D",0.3201,0.3424,,,,-0.0027422235714289,0.8879252233617964,False,,,,-0.4627506225287714,0.3568801668042038,False,0,True,insufficient
HSD17B12,51144,2,"Obesity,T2D",0.3196,0.3303,,,,-0.0644226078571432,0.0069459610767952,True,,,,-0.8057404521117348,0.0185753038254968,True,0,True,consistent
FGFR2,2263,2,"Obesity,T2D",0.3193,0.3922,,,,0.120439804017856,0.5073472108668078,False,,,,0.9451623344996328,0.019533899367064,True,0,True,insufficient
LRRK1,79705,2,"Obesity,T2D",0.3185,0.3551,,,,0.5801653196428562,2.1212927845086892e-08,True,,,,1.4668309987951995,0.0080993428377606,True,0,True,consistent
PDE1A,5136,2,"NAFLD,T2D",0.3176,0.318,-0.0604021894955355,0.686459027631252,False,,,,,,,0.7066186166936843,0.2424514529949679,False,1,False,insufficient
TOX3,27324,2,"PCOS,T2D",0.3163,0.4194,,,,,,,0.9637756958974792,0.2445124833255901,False,,,,0,True,insufficient
CACNA1F,778,2,"Obesity,T2D",0.3155,0.3525,,,,0.0255650114285712,0.2960270939093748,False,,,,,,,1,False,insufficient
CACNA1S,779,2,"Obesity,T2D",0.3151,0.3526,,,,0.0112086699999998,0.6489278431395069,False,,,,,,,1,False,insufficient
TSHZ2,128553,2,"Obesity,T2D",0.315,0.4728,,,,0.522783553928571,0.0002700518274179,True,,,,,,,0,True,insufficient
RMC1,29919,2,"Obesity,T2D",0.3141,0.3234,,,,,,,,,,,,,0,True,insufficient
TTN,7273,2,"Obesity,T2D",0.3125,0.5099,,,,0.1768362876785723,0.1450363542492319,False,,,,-0.3979515955130497,0.3769946518924751,False,0,True,insufficient
CTBP1,1487,2,"PCOS,T2D",0.3121,0.5178,,,,,,,0.0302750422718922,0.9402074053703856,False,-0.1892890129803537,0.5205697959472756,False,0,True,insufficient
ZFHX4,79776,2,"Obesity,T2D",0.3115,0.3532,,,,-0.1097063351785703,0.2729027721003839,False,,,,-0.34266287156595,0.5327893504899159,False,0,True,insufficient
ADORA2B,136,2,"NAFLD,Obesity",0.3103,0.3184,0.0182339987499995,0.8539615809552821,False,0.0486014244642865,0.4554594226567596,False,,,,,,,1,False,insufficient
SGIP1,84251,2,"Obesity,T2D",0.3103,0.4303,,,,0.1999947699999995,0.0250293817489491,True,,,,,,,0,True,insufficient
PLA2G2F,64600,2,"NAFLD,T2D",0.3072,0.3072,-0.0417046466428558,0.6302927421138873,False,,,,,,,0.683403552389988,0.0937188397521259,False,0,True,insufficient
SAMM50,25813,2,"NAFLD,T2D",0.3067,0.3275,-0.0785212427500017,0.3099285930785283,False,,,,,,,,,,0,True,insufficient
PIK3R1,5295,2,"Obesity,T2D",0.3059,0.3513,,,,0.03541783,0.5772771728096042,False,,,,0.0583961192903368,0.9097485719871012,False,0,True,insufficient
TSKU,25987,2,"Obesity,T2D",0.3059,0.3303,,,,0.2952619255357147,0.1647321012885208,False,,,,,,,0,True,insufficient
ZFP36L2,678,2,"PCOS,T2D",0.3023,0.3399,,,,,,,0.6514033873308218,0.0677983995944451,False,-0.2048066098396141,0.6900405801270807,False,0,True,insufficient
SPDYE18,100505767,2,"Obesity,T2D",0.302,0.3997,,,,,,,,,,,,,0,True,insufficient
TNRC6A,27327,2,"Obesity,T2D",0.3012,0.3735,,,,0.0342320041964292,0.5279519752983285,False,,,,-0.0920595191608053,0.8360903755169129,False,0,True,insufficient
MMP8,4317,2,"PCOS,T2D",0.2997,0.3308,,,,,,,0.9907551175809868,0.3069333730511208,False,1.1428857193337425,0.2541492895677619,False,0,True,insufficient
PRKN,5071,2,"Obesity,T2D",0.2993,0.3248,,,,,,,,,,,,,0,True,insufficient
LDLRAD4,753,2,"Obesity,T2D",0.2986,0.3371,,,,,,,,,,,,,0,True,insufficient
NPAS3,64067,2,"Obesity,T2D",0.2981,0.427,,,,-0.0489676338392852,0.0576288771687562,False,,,,-0.5115457933305896,0.398850067950037,False,0,True,insufficient
FIGN,55137,2,"Obesity,PCOS",0.2969,0.3488,,,,-0.2106759225892869,0.0427124212469997,True,-0.5026733226404856,0.3428867588376433,False,,,,0,True,insufficient
HNF4G,3174,2,"Obesity,T2D",0.2967,0.3078,,,,0.0069405666964286,0.7510772469024372,False,,,,,,,0,True,insufficient
ZZEF1,23140,2,"Obesity,T2D",0.2963,0.4569,,,,0.1280517553571432,0.0363309301821048,True,,,,-0.046550308517506,0.908410918772082,False,0,True,insufficient
ITIH4,3700,2,"Obesity,T2D",0.296,0.3971,,,,-0.0249023455357142,0.6430977843375186,False,,,,,,,0,True,insufficient
PHACTR1,221692,2,"Obesity,T2D",0.2953,0.3036,,,,0.0327279223214285,0.3281823935140221,False,,,,1.6411265803851538,0.0400031894022907,True,0,True,insufficient
APOA5,116519,2,"NAFLD,T2D",0.2943,0.4802,0.1109195989419635,0.5671177129215884,False,,,,,,,,,,0,True,insufficient
MMP7,4316,2,"PCOS,T2D",0.2928,0.3248,,,,,,,1.6734699769423536,0.1157050705914473,False,2.4065651559415233,0.1186013983546814,False,1,False,insufficient
RPL10L,140801,2,"Obesity,T2D",0.2928,0.2984,,,,,,,,,,,,,0,True,insufficient
ALDH2,217,2,"Obesity,T2D",0.292,0.4609,,,,-0.2049909071428555,0.0033499367231343,True,,,,-1.3814184134521437,0.0193609849953933,True,0,True,consistent
MMP1,4312,2,"PCOS,T2D",0.2911,0.318,,,,,,,,,,2.180507678232756,0.1508555375349884,False,0,True,insufficient
C2CD4A,145741,2,"Obesity,T2D",0.291,0.4088,,,,0.0115356424999997,0.7570155188496603,False,,,,,,,0,True,insufficient
STK35,140901,2,"Obesity,T2D",0.2903,0.3055,,,,-0.1466500393749994,0.0099231243894765,True,,,,0.219042887767551,0.548530422963619,False,0,True,insufficient
IL17A,3605,2,"NAFLD,Obesity",0.2895,0.2911,0.0044941038571435,0.9500714282695728,False,-0.0071934296428572,0.7044424962535641,False,,,,,,,0,True,insufficient
NT5C2,22978,2,"Obesity,T2D",0.2892,0.3473,,,,-0.1024605865178553,0.1044117344522488,False,,,,-0.1748327729412238,0.5205041598100996,False,0,True,insufficient
VPS13C,54832,2,"Obesity,T2D",0.2886,0.4601,,,,-0.0106985914285733,0.809567133081723,False,,,,-0.6428436949272033,0.0454173102654646,True,0,True,insufficient
MMP13,4322,2,"PCOS,T2D",0.288,0.3153,,,,,,,,,,0.8024757482166769,0.3178332037273976,False,1,False,insufficient
RAMP2,10266,2,"Obesity,T2D",0.2878,0.3512,,,,-0.1647687671428572,0.0888083646761477,False,,,,-0.4855775767006377,0.3771051159953514,False,1,False,insufficient
MTNR1A,4543,2,"Obesity,T2D",0.2875,0.293,,,,0.0242309570535712,0.3843111343383363,False,,,,0.3856807900798902,0.4209481814601831,False,0,True,insufficient
KPNA2,3838,2,"NAFLD,T2D",0.2874,0.3256,-0.1537523811294647,0.3968821593865208,False,,,,,,,0.793541563681426,0.0566221922047295,False,0,True,insufficient
IRX3,79191,2,"Obesity,T2D",0.2871,0.2998,,,,-0.0848563063392857,0.1657275688381136,False,,,,0.178331187590417,0.691293023451062,False,0,True,insufficient
RAMP3,10268,2,"Obesity,T2D",0.286,0.345,,,,0.1880667556249999,0.1148160579938784,False,,,,0.8352239412557524,0.0587069383977902,False,1,False,insufficient
CETP,1071,2,"NAFLD,T2D",0.2858,0.2863,0.300092277531248,0.3520808085757503,False,,,,,,,0.1267500682528219,0.7618039944617071,False,0,True,insufficient
ADGRL2,23266,2,"Obesity,T2D",0.2852,0.3256,,,,,,,,,,,,,0,True,insufficient
NFIB,4781,2,"Obesity,T2D",0.2851,0.4051,,,,-0.0558035710714257,0.2650138282676969,False,,,,-0.7580780969269121,0.188766620326381,False,0,True,insufficient
RPTOR,57521,2,"Obesity,T2D",0.2848,0.3058,,,,-0.0004098090178583,0.9924008384455276,False,,,,,,,0,True,insufficient
SQOR,58472,2,"Obesity,T2D",0.2844,0.2854,,,,,,,,,,,,,0,True,insufficient
IMMP2L,83943,2,"Obesity,T2D",0.2843,0.3237,,,,-0.3299255360714284,6.407209465707809e-07,True,,,,-0.9433035514702142,0.03059434791897,True,0,True,consistent
ETV6,2120,2,"NAFLD,T2D",0.2841,0.2864,0.0915366281607159,0.3958269337204397,False,,,,,,,1.5061612778805298,0.0027950256971696,True,0,True,insufficient
BANP,54971,2,"Obesity,T2D",0.2824,0.3406,,,,0.0368347183035715,0.262296340709074,False,,,,0.4626891026175441,0.1719144578035382,False,0,True,insufficient
LIN7A,8825,2,"Obesity,T2D",0.2823,0.3603,,,,-0.3443908712499999,3.474918722516063e-05,True,,,,-0.5685669521911452,0.4693421734004708,False,0,True,insufficient
PTEN,5728,2,"PCOS,T2D",0.2822,0.4534,,,,,,,0.1376688778340433,0.6231322803837935,False,-1.040121630236548,0.005106272583826,True,0,True,insufficient
RAMP1,10267,2,"Obesity,T2D",0.281,0.332,,,,0.0285513753571429,0.5616925271660709,False,,,,0.5845113583657332,0.3248960121700172,False,1,False,insufficient
TPCN2,219931,2,"Obesity,T2D",0.2808,0.2947,,,,0.0699375710714278,0.5958629604069104,False,,,,1.0502989823781903,0.1735531653121489,False,0,True,insufficient
ANGPTL7,10218,2,"Obesity,T2D",0.2801,0.2995,,,,-0.0512738925892861,0.0611467433922731,False,,,,-0.7294419353861716,0.326767589689698,False,0,True,insufficient
ELAVL4,1996,2,"Obesity,T2D",0.2793,0.4039,,,,-0.0031345902678574,0.8442017270941042,False,,,,,,,0,True,insufficient
FAF1,11124,2,"Obesity,T2D",0.2791,0.3398,,,,-0.0058942507142845,0.9116686875752018,False,,,,-0.4623947788072819,0.1715218863332235,False,0,True,insufficient
BCKDHB,594,2,"NAFLD,T2D",0.277,0.2775,-0.0922627898303591,0.4243129429435753,False,,,,,,,-1.2694490547147517,0.0138051789351174,True,0,True,insufficient
NFATC1,4772,2,"Obesity,T2D",0.277,0.3651,,,,0.0368216364285727,0.5813372351253915,False,,,,0.304624380727386,0.6054978455315134,False,0,True,insufficient
PCM1,5108,2,"Obesity,T2D",0.2767,0.4172,,,,-0.355337960803574,3.9279864762114296e-06,True,,,,-0.6428691190412448,0.094321500077821,False,0,True,insufficient
ETAA1,54465,2,"Obesity,T2D",0.2765,0.3932,,,,-0.0599626807142859,0.3464255429194464,False,,,,,,,0,True,insufficient
PAX2,5076,2,"Obesity,T2D",0.2762,0.3825,,,,-0.0133579795535712,0.6968018503175041,False,,,,0.01298658314834,0.9713107027506194,False,0,True,insufficient
TTLL7,79739,2,"Obesity,T2D",0.276,0.2853,,,,-0.9523402626785716,2.2583521008095304e-08,True,,,,,,,0,True,insufficient
ZNRF3,84133,2,"PCOS,T2D",0.2759,0.3625,,,,,,,-1.475055162626636,0.0931291227005484,False,,,,0,True,insufficient
MAP3K1,4214,2,"NAFLD,T2D",0.2745,0.3096,0.1114311127142846,0.2230930526388072,False,,,,,,,,,,0,True,insufficient
RAI1,10743,2,"Obesity,T2D",0.2742,0.4179,,,,0.0733206606250007,0.0618152335951729,False,,,,1.1157172124471175,0.0379412482926705,True,0,True,insufficient
DNAH8,1769,2,"Obesity,T2D",0.2739,0.3904,,,,0.0085797997321428,0.5106398536439622,False,,,,0.1124574598696304,0.8489061469570176,False,0,True,insufficient
TMEM161B,153396,2,"Obesity,T2D",0.2738,0.3072,,,,-0.1311035166964282,0.0043890430475235,True,,,,,,,0,True,insufficient
CACNA2D3,55799,2,"Obesity,T2D",0.273,0.3893,,,,0.0453796384821423,0.1128031319042999,False,,,,0.8359970753956514,0.0923644634422435,False,0,True,insufficient
ETS2,2114,2,"Obesity,T2D",0.2729,0.4155,,,,0.4140363433035716,0.0003932249414074,True,,,,0.670245705516394,0.2205518155675354,False,0,True,insufficient
YAP1,10413,2,"Obesity,PCOS",0.2727,0.4186,,,,0.1528494709821437,0.0101878501545201,True,-1.1783135834903842,0.1119933624471069,False,,,,0,True,insufficient
C12orf43,64897,2,"Obesity,T2D",0.2724,0.4414,,,,-0.0023018957142859,0.9474058731594248,False,,,,,,,0,True,insufficient
KCNMB2,10242,2,"Obesity,T2D",0.2716,0.4228,,,,0.0359322674999997,0.3511881176146662,False,,,,,,,0,True,insufficient
DDC,1644,2,"Obesity,T2D",0.2713,0.291,,,,-0.0009242458035711,0.963397140788458,False,,,,,,,0,True,insufficient
GALNT17,64409,2,"Obesity,T2D",0.271,0.2848,,,,,,,,,,,,,0,True,insufficient
SHTN1,57698,2,"Obesity,T2D",0.271,0.3278,,,,,,,,,,,,,0,True,insufficient
NPY,4852,2,"Obesity,T2D",0.2708,0.3191,,,,-0.0252293182142859,0.1756755996332428,False,,,,0.2302911417745656,0.6492279007728005,False,0,True,insufficient
TAL1,6886,2,"Obesity,T2D",0.2703,0.3267,,,,-0.1556745256250002,0.0035493897165331,True,,,,-0.6412571162299954,0.1572336900513026,False,0,True,insufficient
PINX1,54984,2,"Obesity,T2D",0.2702,0.3213,,,,-0.0517142161607142,0.0954546779557834,False,,,,0.2336605868801398,0.4165249788932353,False,0,True,insufficient
PRDX6,9588,2,"NAFLD,T2D",0.2699,0.27,-0.2019607591785721,0.058815798905786,False,,,,,,,-0.8447813910254327,0.0335841409371767,True,0,True,insufficient
FBXL17,64839,2,"Obesity,T2D",0.2695,0.3562,,,,-0.1607404449999991,0.0013538203546779,True,,,,-0.826540131086992,0.120846109291706,False,0,True,insufficient
MMS22L,253714,2,"Obesity,T2D",0.2694,0.3449,,,,-0.0714067729464282,0.1569185746813261,False,,,,,,,0,True,insufficient
SYT14,255928,2,"Obesity,T2D",0.2692,0.3571,,,,,,,,,,,,,0,True,insufficient
KLHL21,9903,2,"Obesity,T2D",0.269,0.295,,,,-0.1517944331249987,0.1077765746862527,False,,,,-0.4359044796685948,0.1422335193985129,False,0,True,insufficient
PDE10A,10846,2,"NAFLD,T2D",0.2683,0.318,0.181793188361607,0.0926342559856449,False,,,,,,,0.3186433757555598,0.6343266289116567,False,1,False,insufficient
KLB,152831,2,"NAFLD,T2D",0.2681,0.3965,0.3049357639464292,0.0565284797682838,False,,,,,,,,,,0,True,insufficient
HACD2,201562,2,"Obesity,T2D",0.2677,0.2811,,,,,,,,,,,,,0,True,insufficient
RTN4,57142,2,"Obesity,T2D",0.2659,0.3865,,,,-0.0954502629464286,0.0671080909365769,False,,,,-0.745723345751431,0.1053252271749864,False,0,True,insufficient
APOB,338,2,"NAFLD,T2D",0.2658,0.3971,-0.0352539234821449,0.3642554848016147,False,,,,,,,-1.6413938075385237,0.0164392890275589,True,0,True,insufficient
GTF2IRD2,84163,2,"Obesity,T2D",0.2658,0.2945,,,,-0.1788504486607136,0.0498341560409515,True,,,,,,,0,True,insufficient
CEP120,153241,2,"Obesity,T2D",0.265,0.389,,,,-0.159319197946429,0.0131327107596778,True,,,,,,,0,True,insufficient
BBIP1,92482,2,"Obesity,T2D",0.2641,0.3459,,,,-0.0231236058035708,0.5215374085544484,False,,,,,,,0,True,insufficient
LINGO1,84894,2,"Obesity,T2D",0.2637,0.3216,,,,-0.0085798005357142,0.7735954576081644,False,,,,,,,0,True,insufficient
DMD,1756,2,"Obesity,T2D",0.2636,0.2772,,,,-0.7290562240178575,1.2643813538208888e-07,True,,,,0.0142358058855354,0.9798740952601496,False,0,True,insufficient
RAB29,8934,2,"Obesity,T2D",0.262,0.3299,,,,,,,,,,,,,0,True,insufficient
HECW1,23072,2,"Obesity,T2D",0.2601,0.2949,,,,0.0023847295535714,0.9057323768843596,False,,,,,,,0,True,insufficient
NPC1L1,29881,2,"NAFLD,T2D",0.2601,0.3986,0.3739004131785712,0.006078183506095,True,,,,,,,-1.0862666486268475,0.0849278302600889,False,0,True,insufficient
ADAMTS18,170692,2,"Obesity,T2D",0.26,0.3631,,,,-0.7815290198214289,0.0001840181474946,True,,,,-0.2989493912821865,0.5334293744774692,False,0,True,insufficient
ALKAL2,285016,2,"Obesity,T2D",0.2593,0.2601,,,,,,,,,,,,,0,True,insufficient
NSUN3,63899,2,"Obesity,T2D",0.2593,0.3221,,,,0.0403703966071424,0.2840224270359622,False,,,,0.5534868786464642,0.0592231101067034,False,0,True,insufficient
SOX11,6664,2,"Obesity,T2D",0.259,0.3016,,,,0.0054539290178579,0.7717391072147878,False,,,,-0.4686079241612075,0.3901700388892156,False,0,True,insufficient
SFMBT1,51460,2,"NAFLD,T2D",0.2587,0.3023,0.0440990423973204,0.5992009294264744,False,,,,,,,-0.3445242447823626,0.4694292055648826,False,0,True,insufficient
ADPGK,83440,2,"NAFLD,Obesity",0.2581,0.2785,0.0802138056919643,0.3710391299850047,False,0.0468662803571406,0.5041951422727916,False,,,,,,,0,True,insufficient
SWAP70,23075,2,"Obesity,T2D",0.2568,0.3116,,,,0.1954520082142847,0.0243596201595989,True,,,,0.2714243579306425,0.516763168970825,False,0,True,insufficient
ZCCHC7,84186,2,"Obesity,T2D",0.2565,0.2741,,,,-0.1645595029464281,0.0012688032508988,True,,,,-0.5237549843899962,0.0583215030194105,False,0,True,insufficient
CCDC92,80212,2,"NAFLD,T2D",0.2561,0.3367,0.0786159618125017,0.2994787865308351,False,,,,,,,,,,0,True,insufficient
NOS2,4843,2,"Obesity,T2D",0.2556,0.387,,,,-0.0619245244642856,0.0383723520889052,True,,,,,,,0,True,insufficient
AGBL4,84871,2,"Obesity,T2D",0.2554,0.3342,,,,-0.1511012461607142,0.00097208166783,True,,,,,,,0,True,insufficient
TIMP4,7079,2,"Obesity,T2D",0.2548,0.3747,,,,-0.1218087424107103,0.4111621887458033,False,,,,-1.8997893286467689,0.0188369196249232,True,0,True,insufficient
ANKRD55,79722,2,"NAFLD,T2D",0.2544,0.3088,0.1132273464151785,0.2508924115437704,False,,,,,,,,,,0,True,insufficient
UMOD,7369,2,"Obesity,T2D",0.2539,0.3897,,,,-0.0110909589285714,0.7266350072185115,False,,,,-0.0669849655472654,0.8873611837508758,False,0,True,insufficient
FIBCD1,84929,2,"Obesity,T2D",0.2537,0.3134,,,,0.0084446516071428,0.7965121802084724,False,,,,0.0488594336311769,0.8839825208955463,False,0,True,insufficient
EN1,2019,2,"Obesity,T2D",0.2534,0.2776,,,,0.0970197420535727,0.1024977400179251,False,,,,0.1859370619593292,0.7642991136966198,False,0,True,insufficient
ERN1,2081,2,"Obesity,T2D",0.2534,0.3962,,,,-0.0446254183035721,0.5294544847334226,False,,,,0.0500668483774804,0.9218801224965296,False,0,True,insufficient
RASA2,5922,2,"Obesity,T2D",0.2533,0.3908,,,,0.0358973924107131,0.5971045686371035,False,,,,0.0793326536696579,0.910288450602126,False,0,True,insufficient
PHTF2,57157,2,"Obesity,T2D",0.2532,0.2553,,,,0.2465122774107149,0.0003787894342892,True,,,,0.8418126420873744,0.0554577051412145,False,0,True,insufficient
NKAIN2,154215,2,"Obesity,T2D",0.2531,0.2537,,,,0.0958949507142858,0.0221200341398342,True,,,,,,,0,True,insufficient
PLCL2,23228,2,"Obesity,T2D",0.2531,0.2833,,,,0.0418788380357151,0.2205967435615538,False,,,,-0.3165079385476972,0.5163970957202593,False,0,True,insufficient
PTGS1,5742,2,"NAFLD,T2D",0.2528,0.3956,0.3393170765446429,0.0023550345392377,True,,,,,,,-0.6328467139987262,0.1334305394288714,False,0,True,insufficient
SCGN,10590,2,"NAFLD,T2D",0.2521,0.2585,0.3180615642901792,0.1039084569676373,False,,,,,,,0.0346791755104716,0.9608040767719082,False,0,True,insufficient
SYT10,341359,2,"Obesity,T2D",0.2515,0.326,,,,0.004983082232143,0.7662427484514532,False,,,,,,,0,True,insufficient
GDNF,2668,2,"Obesity,T2D",0.2514,0.3563,,,,-0.0113481803571424,0.6750477687447667,False,,,,,,,0,True,insufficient
CYP7B1,9420,2,"Obesity,T2D",0.2507,0.3529,,,,0.7213396334821418,0.0167610334529348,True,,,,0.3289978394282857,0.4543924238105671,False,0,True,insufficient
CPNE8,144402,2,"Obesity,T2D",0.2506,0.3064,,,,0.0533447267857143,0.3364826114280013,False,,,,0.1861506478587764,0.5950927844620237,False,0,True,insufficient
SHISA4,149345,2,"Obesity,T2D",0.2502,0.2722,,,,0.0081787106249997,0.8304655838347093,False,,,,,,,0,True,insufficient
BNC2,54796,2,"Obesity,T2D",0.2501,0.3259,,,,-0.2913905550000013,4.186245790286784e-05,True,,,,-0.155544460364934,0.682328330699838,False,0,True,insufficient
TRAF3,7187,2,"Obesity,T2D",0.2497,0.3976,,,,0.1226632228571436,0.0365605790275245,True,,,,0.2673747584455422,0.3900995114270021,False,0,True,insufficient
DLK1,8788,2,"Obesity,T2D",0.2489,0.3853,,,,-0.0102669865178568,0.6996589258008833,False,,,,,,,0,True,insufficient
FST,10468,2,"PCOS,T2D",0.2484,0.396,,,,,,,-0.6701399960762355,0.0494263628152162,True,-0.7211730400145706,0.1097959470859245,False,0,True,insufficient
CCDC171,203238,2,"Obesity,T2D",0.2483,0.2495,,,,0.0053798123214279,0.844531228079029,False,,,,,,,0,True,insufficient
TNRC6B,23112,2,"Obesity,T2D",0.2476,0.2857,,,,0.1350184851785698,0.0303303587858476,True,,,,,,,0,True,insufficient
ANKDD1B,728780,2,"NAFLD,T2D",0.2468,0.3705,,,,,,,,,,,,,0,True,insufficient
DCLK2,166614,2,"NAFLD,T2D",0.2467,0.2467,-0.009310833156249,0.925730267255172,False,,,,,,,,,,0,True,insufficient
LHFPL3,375612,2,"Obesity,T2D",0.2467,0.3326,,,,,,,,,,0.0205477458822045,0.9562038676135408,False,0,True,insufficient
TWIST2,117581,2,"PCOS,T2D",0.2466,0.2578,,,,,,,-0.6083091416530895,0.5268004597015484,False,-0.3327694227984351,0.4189325366350299,False,0,True,insufficient
KLF16,83855,2,"Obesity,T2D",0.2459,0.2865,,,,0.2055576878571425,0.0076387116490117,True,,,,-0.620773067281696,0.1934977408449898,False,0,True,insufficient
NTAN1,123803,2,"Obesity,T2D",0.2459,0.286,,,,0.3191964295535721,0.0424564402645278,True,,,,0.1657062159253755,0.5477475099615642,False,0,True,insufficient
ST8SIA4,7903,2,"Obesity,T2D",0.2458,0.3346,,,,0.0377894801785707,0.7054973116576982,False,,,,0.7757089840440332,0.3534234576312258,False,0,True,insufficient
FRRS1L,23732,2,"Obesity,T2D",0.2455,0.3002,,,,0.0064479270535713,0.8162614021790712,False,,,,,,,0,True,insufficient
SETD5,55209,2,"Obesity,T2D",0.2453,0.3898,,,,-0.1925310387500003,0.001700121308422,True,,,,,,,0,True,insufficient
WRN,7486,2,"Obesity,T2D",0.245,0.3353,,,,0.0298985083035701,0.6727578803631671,False,,,,0.0311232753944872,0.90418474810717,False,0,True,insufficient
ARHGAP42,143872,2,"Obesity,T2D",0.2444,0.245,,,,0.0709838879464292,0.2576247839487648,False,,,,,,,0,True,insufficient
ENO4,387712,2,"Obesity,T2D",0.2444,0.3279,,,,0.0820138119642859,0.0079606692093068,True,,,,,,,0,True,insufficient
EVI5,7813,2,"Obesity,T2D",0.244,0.2889,,,,-0.0237688323214282,0.6623656065269661,False,,,,-0.0909459517787523,0.7893634453606958,False,0,True,insufficient
MOV10,4343,2,"Obesity,T2D",0.244,0.2934,,,,0.1005249021428573,0.0928664502015601,False,,,,0.317392412909977,0.4034721458000613,False,0,True,insufficient
RBM6,10180,2,"NAFLD,T2D",0.2421,0.2669,0.1273130477098227,0.2923925450027903,False,,,,,,,-0.3514067628673012,0.4867001248870829,False,0,True,insufficient
KCNMA1,3778,2,"Obesity,T2D",0.2397,0.3452,,,,0.1337629072321431,0.0583734862584676,False,,,,-0.2803394315643537,0.4829188617338713,False,0,True,insufficient
GRM5,2915,2,"Obesity,T2D",0.2388,0.2501,,,,-0.0126124777678566,0.6523663691690296,False,,,,-0.3088014096010063,0.6566695563313859,False,0,True,insufficient
SREBF1,6720,2,"Obesity,T2D",0.2385,0.2806,,,,-0.0353742309821436,0.859400156785365,False,,,,-0.4456257516801584,0.3241106218337968,False,0,True,insufficient
VPS11,55823,2,"Obesity,T2D",0.238,0.2513,,,,-0.1087908060714299,0.0135431698815633,True,,,,-0.4107376364659083,0.1674572584422554,False,0,True,insufficient
BOD1L2,284257,2,"Obesity,T2D",0.2378,0.2688,,,,0.0256827219642854,0.1561458157858599,False,,,,,,,0,True,insufficient
PREX1,57580,2,"Obesity,T2D",0.2375,0.2606,,,,0.4784807490178577,6.91154168837993e-07,True,,,,1.130678684130679,0.0283234823643819,True,0,True,consistent
BACH2,60468,2,"Obesity,T2D",0.2356,0.3512,,,,0.0010811939285706,0.9767565758955984,False,,,,0.9947314795100984,0.0209500808212264,True,0,True,insufficient
FADS2,9415,2,"NAFLD,T2D",0.2346,0.3637,1.0003434244687508,0.000701607305251,True,,,,,,,-0.8201965786096581,0.0599079915432532,False,0,True,insufficient
TULP1,7287,2,"NAFLD,T2D",0.2338,0.234,-0.0033233905312499,0.9626462890551852,False,,,,,,,-0.3438143262544306,0.4313662995619501,False,0,True,insufficient
FEZF1,389549,2,"Obesity,T2D",0.2325,0.3181,,,,0.0131094787499992,0.6747384770403171,False,,,,,,,0,True,insufficient
DPH6,89978,2,"Obesity,T2D",0.232,0.2692,,,,,,,,,,,,,0,True,insufficient
CD180,4064,2,"Obesity,T2D",0.2315,0.3412,,,,0.7695792069642855,0.0001650794705731,True,,,,,,,0,True,insufficient
ITIH2,3698,2,"NAFLD,T2D",0.2313,0.2314,-0.1180556140624968,0.0201661993171629,True,,,,,,,0.0722706961749732,0.8844431571697169,False,0,True,insufficient
DPY19L4,286148,2,"Obesity,T2D",0.2303,0.257,,,,-0.2819737032142839,0.0001106478623749,True,,,,,,,0,True,insufficient
ATP4A,495,2,"NAFLD,T2D",0.2299,0.3505,0.0187312910535712,0.7887911939924319,False,,,,,,,0.1015891476240291,0.8518120577605683,False,2,False,insufficient
P2RX4,5025,2,"Obesity,T2D",0.2298,0.2395,,,,0.1245553146428575,0.0734547817062761,False,,,,0.7699977836260958,0.430296615467181,False,0,True,insufficient
MAU2,23383,2,"NAFLD,T2D",0.2297,0.3577,0.1491271071383932,0.0345888877697393,True,,,,,,,,,,0,True,insufficient
DPYD,1806,2,"Obesity,T2D",0.2293,0.2475,,,,-0.0310058605357159,0.540897487647219,False,,,,0.1087690416719386,0.7711100357356755,False,0,True,insufficient
BLID,414899,2,"Obesity,T2D",0.2291,0.3298,,,,0.0936802437500001,0.0054600559837053,True,,,,,,,0,True,insufficient
ATP4B,496,2,"NAFLD,T2D",0.2288,0.3501,0.0497345579151784,0.4800641949902528,False,,,,,,,,,,2,False,insufficient
CSRNP3,80034,2,"Obesity,T2D",0.2283,0.2766,,,,0.0910731733928571,0.0120021164056947,True,,,,,,,0,True,insufficient
PCNT,5116,2,"Obesity,T2D",0.2283,0.2633,,,,0.0347987593749996,0.5668077671471131,False,,,,,,,0,True,insufficient
CDKN2C,1031,2,"Obesity,T2D",0.2278,0.331,,,,-0.6597115642857148,0.0009395600346884,True,,,,-2.0028062028541056,0.0082111524152709,True,0,True,consistent
PCSK9,255738,2,"NAFLD,T2D",0.2268,0.3532,0.1523939429955358,0.2023573253932882,False,,,,,,,0.7138263848631792,0.1545856840185077,False,0,True,insufficient
LGSN,51557,2,"Obesity,T2D",0.2264,0.2441,,,,,,,,,,,,,0,True,insufficient
HAS2,3037,2,"Obesity,T2D",0.2256,0.2986,,,,0.0672607415178578,0.730619858793045,False,,,,0.0665559840758756,0.918092659482096,False,0,True,insufficient
GSE1,23199,2,"Obesity,T2D",0.2254,0.3222,,,,,,,,,,,,,0,True,insufficient
SMIM29,221491,2,"NAFLD,T2D",0.2247,0.232,,,,,,,,,,,,,0,True,insufficient
SLC35G2,80723,2,"Obesity,T2D",0.2234,0.3153,,,,-0.1461922797321433,0.0002346027890307,True,,,,,,,0,True,insufficient
CCDC146,57639,2,"Obesity,T2D",0.2231,0.3309,,,,0.0596836618749998,0.5008818931860058,False,,,,,,,0,True,insufficient
JMJD1C,221037,2,"NAFLD,T2D",0.2231,0.3435,-0.1225513213794631,0.283001369822806,False,,,,,,,-0.2980323344452,0.2431785223225263,False,0,True,insufficient
NUCKS1,64710,2,"Obesity,T2D",0.2227,0.2636,,,,-0.0885184175000013,0.0955969152072469,False,,,,,,,0,True,insufficient
GTF3A,2971,2,"Obesity,T2D",0.2218,0.2737,,,,0.0122419062499998,0.8336311197235028,False,,,,0.1530840552704262,0.6066177904215485,False,0,True,insufficient
SATB1,6304,2,"Obesity,T2D",0.221,0.2417,,,,-0.2930646610714289,1.5345851818624463e-05,True,,,,-0.411501180833816,0.3305455340613797,False,0,True,insufficient
STK33,65975,2,"Obesity,T2D",0.2195,0.3029,,,,-0.0251421251785712,0.2402481738567826,False,,,,-0.2476788918991284,0.551919617788956,False,0,True,insufficient
CAMKK2,10645,2,"Obesity,T2D",0.2187,0.2572,,,,,,,,,,0.1499880348473994,0.6076901535562376,False,0,True,insufficient
ELFN1,392617,2,"Obesity,T2D",0.218,0.2614,,,,0.0559387200892853,0.2998334917683343,False,,,,,,,0,True,insufficient
PON1,5444,2,"Obesity,T2D",0.2177,0.3086,,,,-0.0079563683928576,0.6624759356821751,False,,,,,,,0,True,insufficient
BTBD9,114781,2,"Obesity,T2D",0.2167,0.2759,,,,-0.2140502923214295,0.0007498822540352,True,,,,,,,0,True,insufficient
METAP2,10988,2,"Obesity,T2D",0.2159,0.3057,,,,-0.1981811516071427,3.886728986511734e-05,True,,,,-0.2730086748568716,0.2798719078729332,False,0,True,insufficient
HYOU1,10525,2,"Obesity,T2D",0.2157,0.2327,,,,0.293535502678572,1.2781776855776004e-05,True,,,,0.7310745244416782,0.0583675135728929,False,0,True,insufficient
TRAPPC12,51112,2,"Obesity,PCOS",0.2155,0.2482,,,,-0.0428292412499988,0.3068131035319672,False,0.1525104950884195,0.7346204973692105,False,,,,0,True,insufficient
PDILT,204474,2,"Obesity,T2D",0.2152,0.3109,,,,-0.003339496339286,0.8685981237775976,False,,,,,,,0,True,insufficient
CGNL1,84952,2,"Obesity,T2D",0.2146,0.2909,,,,-0.0104239316071428,0.7837702588017732,False,,,,-0.6582590206329525,0.2784872471810892,False,0,True,insufficient
RNF217,154214,2,"Obesity,T2D",0.2141,0.221,,,,-0.4458661761607141,0.0001826113485728,True,,,,,,,0,True,insufficient
KLF13,51621,2,"PCOS,T2D",0.2138,0.2534,,,,,,,0.7009203120648326,0.0949182178166007,False,-0.3700934624127839,0.203818874102818,False,0,True,insufficient
HDAC3,8841,2,"Obesity,T2D",0.2134,0.2824,,,,-0.0865216923214289,0.0553371148288491,False,,,,0.6004242929260515,0.1007806525044787,False,0,True,insufficient
CNNM2,54805,2,"Obesity,T2D",0.212,0.2641,,,,-0.1094185985714277,0.0134052526143,True,,,,-0.6582098995489809,0.1235007974804155,False,0,True,insufficient
TNKS,8658,2,"NAFLD,T2D",0.2119,0.2461,0.1232894435133937,0.20957168349098,False,,,,,,,,,,0,True,insufficient
GPNMB,10457,2,"Obesity,T2D",0.2118,0.3091,,,,0.7092372365178568,3.0353069186102435e-06,True,,,,1.0119436531455317,0.0504394739056096,False,0,True,insufficient
GAD2,2572,2,"Obesity,T2D",0.2115,0.317,,,,0.0054321280357139,0.7223776991530578,False,,,,,,,0,True,insufficient
ILRUN,64771,2,"NAFLD,Obesity",0.2114,0.2718,,,,,,,,,,,,,0,True,insufficient
SOCS2,8835,2,"Obesity,T2D",0.2111,0.3038,,,,-0.152657643124999,0.0034806004723319,True,,,,-0.4356438564341341,0.3444274324211305,False,0,True,insufficient
ATP11B,23200,2,"Obesity,T2D",0.211,0.251,,,,-0.2021745969642872,0.0029995186720543,True,,,,,,,0,True,insufficient
RND3,390,2,"Obesity,T2D",0.2108,0.2331,,,,0.4390563991964282,0.000380479269132,True,,,,0.1455816245013004,0.7996006179960532,False,0,True,insufficient
DIAPH3,81624,2,"Obesity,T2D",0.2106,0.2806,,,,0.0440150698214285,0.0703136070982918,False,,,,-0.2907401924625965,0.4497088519133577,False,0,True,insufficient
CCDC68,80323,2,"Obesity,T2D",0.2099,0.2554,,,,-0.0806012834821432,0.223038112506278,False,,,,,,,0,True,insufficient
SRPK2,6733,2,"Obesity,T2D",0.209,0.2108,,,,0.0202549512499992,0.8191838906265232,False,,,,-0.0930195494813447,0.7397381494032395,False,0,True,insufficient
UBR3,130507,2,"Obesity,T2D",0.209,0.299,,,,-0.2555367592857145,0.0005197143448338,True,,,,,,,0,True,insufficient
FXR1,8087,2,"Obesity,T2D",0.2089,0.2751,,,,-0.3652866927678575,8.334240516777728e-06,True,,,,-0.5924104948111234,0.0398147046982205,True,0,True,consistent
PPP1R3B,79660,2,"NAFLD,T2D",0.2081,0.2447,0.0989438701428557,0.5631474061367502,False,,,,,,,0.978852802943428,0.0980002739098245,False,0,True,insufficient
RPL37A,6168,2,"NAFLD,T2D",0.208,0.2085,-0.216112939522322,0.0011694079578188,True,,,,,,,-0.1241438530928222,0.7380885758393152,False,0,True,insufficient
APOA4,337,2,"NAFLD,T2D",0.2072,0.3133,0.3834621263883919,0.1778827104107274,False,,,,,,,-1.4711213750347245,0.013328572390964,True,0,True,insufficient
MAML2,84441,2,"Obesity,T2D",0.206,0.2758,,,,0.2517961786607143,0.0106907445467768,True,,,,-0.7172537359801798,0.1655769626399626,False,0,True,insufficient
ADORA3,140,2,"NAFLD,Obesity",0.2037,0.2977,-0.0218940320044644,0.9019929625269212,False,0.0661795490178573,0.0396812507399668,True,,,,,,,1,False,insufficient
TMEM258,746,2,"NAFLD,T2D",0.2037,0.2063,,,,,,,,,,,,,0,True,insufficient
TNFRSF11A,8792,2,"Obesity,T2D",0.2031,0.3002,,,,0.4735194606250008,0.0017183759846155,True,,,,0.3766092473816353,0.4942887634375748,False,0,True,insufficient
CERS6,253782,2,"Obesity,T2D",0.203,0.3056,,,,-0.6406773183035739,5.059742191607275e-06,True,,,,,,,0,True,insufficient
APOC3,345,2,"NAFLD,T2D",0.2029,0.2643,0.0528308081696451,0.5760244728956034,False,,,,,,,,,,0,True,insufficient
ESR2,2100,2,"Obesity,PCOS",0.2028,0.2777,,,,-0.1430751262500007,0.0016042127727062,True,-1.202034254578452,0.2212588752490462,False,,,,0,True,insufficient
CEP78,84131,2,"Obesity,T2D",0.2024,0.2037,,,,0.2181483678571432,0.0113340825406554,True,,,,,,,0,True,insufficient
RYR2,6262,2,"Obesity,T2D",0.202,0.249,,,,0.0038495734821428,0.8062379537055967,False,,,,-0.011466810392366,0.9701996021708564,False,0,True,insufficient
DNM3,26052,2,"Obesity,T2D",0.2014,0.253,,,,0.0714547278571418,0.325820614387886,False,,,,-0.1721510377887187,0.7873757480086584,False,0,True,insufficient
GIGYF2,26058,2,"Obesity,T2D",0.2014,0.28,,,,-0.0226789178571431,0.4819986408703463,False,,,,,,,0,True,insufficient
KCNJ8,3764,2,"Obesity,T2D",0.2013,0.2912,,,,-0.1898890901785721,0.0046587268986788,True,,,,0.1779651929311738,0.590463853300723,False,1,False,insufficient
ANGPTL3,27329,2,"NAFLD,T2D",0.1998,0.2698,-0.3480123958571433,0.0028174700871586,True,,,,,,,,,,0,True,insufficient
SAE1,10055,2,"Obesity,T2D",0.1988,0.2426,,,,-0.0864868144642856,0.0882428914414914,False,,,,0.1789133946621219,0.4935774812939216,False,0,True,insufficient
DNAH10,196385,2,"NAFLD,T2D",0.1984,0.2463,-0.0167445375267853,0.7867532432832575,False,,,,,,,,,,0,True,insufficient
IRX1,79192,2,"Obesity,T2D",0.1969,0.199,,,,-0.1878095345535717,0.2716227308456048,False,,,,-0.4298033288630085,0.2158700336234071,False,0,True,insufficient
IL1R1,3554,2,"Obesity,T2D",0.1963,0.2761,,,,0.0814644947321427,0.2120646508871272,False,,,,0.4384229058264184,0.2429405813265472,False,0,True,insufficient
SH3GL2,6456,2,"NAFLD,T2D",0.1959,0.1961,-0.1327745395223205,0.1274120215730887,False,,,,,,,,,,0,True,insufficient
DOK5,55816,2,"Obesity,T2D",0.1958,0.2455,,,,0.4120526995535716,0.00024387758419,True,,,,0.1490208446851533,0.6309080023942145,False,0,True,insufficient
ALMS1,7840,2,"Obesity,T2D",0.1949,0.2528,,,,-0.0902273987499997,0.0837491933478115,False,,,,,,,0,True,insufficient
ZCCHC12,170261,2,"Obesity,T2D",0.1947,0.2484,,,,-0.0049525672321433,0.8628870165508676,False,,,,0.0931343822918324,0.873942042471107,False,0,True,insufficient
C10orf67,256815,2,"Obesity,T2D",0.1945,0.2614,,,,,,,,,,-0.2980843216907516,0.4529329454843861,False,0,True,insufficient
SOX9,6662,2,"Obesity,T2D",0.1945,0.2056,,,,-0.0552455358928574,0.6208143904305731,False,,,,0.7001181440162743,0.2056837652171344,False,0,True,insufficient
SPIN4,139886,2,"Obesity,T2D",0.1944,0.2713,,,,0.2235020212499998,0.0050968637828985,True,,,,,,,0,True,insufficient
CNTN1,1272,2,"Obesity,T2D",0.1942,0.1982,,,,0.0573730450892853,0.194330490541015,False,,,,-0.6384488612350525,0.2063462680000574,False,0,True,insufficient
CDH15,1013,2,"Obesity,T2D",0.1941,0.2085,,,,0.0068838924999998,0.7674854144806623,False,,,,-0.4139052747606241,0.2224486135398115,False,0,True,insufficient
GPRC5B,51704,2,"NAFLD,Obesity",0.1939,0.2086,-0.0242988713928573,0.8994549408777933,False,0.0032958974999992,0.9708896398474436,False,,,,,,,0,True,insufficient
TEAD3,7005,2,"NAFLD,T2D",0.1935,0.1954,-0.0005977968392869,0.9937609921881716,False,,,,,,,0.3741664250991777,0.2091451129744735,False,0,True,insufficient
APOC2,344,2,"Obesity,T2D",0.192,0.2199,,,,,,,,,,2.959050420515998,0.0087511527804034,True,0,True,insufficient
RFT1,91869,2,"NAFLD,T2D",0.1916,0.1941,-0.0710486926205353,0.2148350011671821,False,,,,,,,0.0416055450174432,0.8928630866969078,False,0,True,insufficient
POU3F3,5455,2,"Obesity,T2D",0.1906,0.2344,,,,0.0080697195535708,0.7879665072986175,False,,,,,,,0,True,insufficient
PTPRT,11122,2,"Obesity,T2D",0.1906,0.2261,,,,0.1001020177678571,0.0097896358902317,True,,,,-0.4490172031829624,0.3875785173295877,False,0,True,insufficient
NPTX1,4884,2,"Obesity,T2D",0.1904,0.2539,,,,-0.0323224738392857,0.3725845894671044,False,,,,,,,0,True,insufficient
RSBN1L,222194,2,"Obesity,T2D",0.1903,0.243,,,,-0.0491333007142862,0.3014575082802825,False,,,,-0.345479474741414,0.4804584041414143,False,0,True,insufficient
NCOA7,135112,2,"Obesity,T2D",0.1893,0.2029,,,,0.0127301884821431,0.8581679320465095,False,,,,0.5151072858224404,0.1913466172536567,False,0,True,insufficient
HRH1,3269,2,"Obesity,T2D",0.189,0.2741,,,,0.1724373938392855,0.010161645127047,True,,,,-0.1717776324938897,0.6176930008539679,False,0,True,insufficient
SOX2,6657,2,"Obesity,T2D",0.1887,0.2039,,,,-0.0158822212500004,0.2868848800967911,False,,,,-0.1058929281600939,0.7723150522912702,False,0,True,insufficient
FAM177A1,283635,2,"Obesity,T2D",0.1883,0.2587,,,,0.0276620034821437,0.5235153910054968,False,,,,,,,0,True,insufficient
IL23A,51561,2,"NAFLD,Obesity",0.1876,0.2739,-0.1110953861026793,0.1496506670135368,False,0.040483747589286,0.075561252262821,False,,,,,,,0,True,insufficient
TFPI,7035,2,"Obesity,T2D",0.1872,0.236,,,,0.3161359507142851,0.0023124053309798,True,,,,-0.0075953998242717,0.9810807621789664,False,0,True,insufficient
SETD9,133383,2,"NAFLD,T2D",0.1868,0.2601,,,,,,,,,,,,,0,True,insufficient
PIEZO1,9780,2,"Obesity,T2D",0.1863,0.2694,,,,-0.4237147746428569,9.646100902210674e-07,True,,,,,,,0,True,insufficient
HDAC6,10013,2,"Obesity,T2D",0.1862,0.2601,,,,-0.0753958562500018,0.2873241311666973,False,,,,-0.4109563323351159,0.282097587974089,False,1,False,insufficient
PCCB,5096,2,"NAFLD,T2D",0.1862,0.2622,0.0867316879553552,0.2907546695778235,False,,,,,,,-0.650936082169647,0.1474759301713364,False,0,True,insufficient
ARID1A,8289,2,"NAFLD,Obesity",0.1857,0.2446,0.0915429986741083,0.1475241402681444,False,0.158813477410713,0.0106864325505363,True,,,,,,,0,True,insufficient
LRTM1,57408,2,"Obesity,T2D",0.1854,0.2451,,,,0.0304347443750003,0.2612043315636935,False,,,,,,,0,True,insufficient
SAXO1,158297,2,"PCOS,T2D",0.1852,0.203,,,,,,,,,,,,,0,True,insufficient
C1QTNF4,114900,2,"Obesity,T2D",0.1849,0.269,,,,0.0564880384821431,0.127566872887344,False,,,,1.1465433359359074,0.0057525271882494,True,0,True,insufficient
UCP2,7351,2,"Obesity,T2D",0.1847,0.2563,,,,-0.1882672961607134,0.1899672816778899,False,,,,-0.0446938556030929,0.922985475735625,False,0,True,insufficient
MINDY3,80013,2,"Obesity,T2D",0.1846,0.2262,,,,,,,,,,,,,0,True,insufficient
NEDD1,121441,2,"Obesity,T2D",0.1846,0.1936,,,,-0.1141444622321428,0.0186754803579581,True,,,,-0.1451731405127374,0.6636794040475701,False,0,True,insufficient
PPFIA2,8499,2,"Obesity,T2D",0.1844,0.1879,,,,-0.0665065224107142,0.049703183128437,True,,,,-0.5900580872574519,0.1080382392983185,False,0,True,insufficient
RGS16,6004,2,"Obesity,T2D",0.1844,0.1975,,,,0.0361894858928568,0.3575524757177944,False,,,,0.9883335733915414,0.117054703550393,False,0,True,insufficient
MFAP3,4238,2,"Obesity,T2D",0.1843,0.239,,,,-0.0589686805357123,0.2514440703596119,False,,,,,,,0,True,insufficient
GRIN2A,2903,2,"Obesity,T2D",0.1839,0.2661,,,,0.0149710523214281,0.5994854247688125,False,,,,-0.7546803861910583,0.180978666936411,False,1,False,insufficient
ICE2,79664,2,"Obesity,T2D",0.1833,0.2227,,,,,,,,,,,,,0,True,insufficient
MINAR2,100127206,2,"Obesity,PCOS",0.1824,0.2593,,,,,,,,,,,,,0,True,insufficient
RAB11B,9230,2,"NAFLD,T2D",0.1814,0.2124,-0.0588826969285722,0.3636632508400438,False,,,,,,,0.6594354837017868,0.4589433573451398,False,0,True,insufficient
KAZN,23254,2,"PCOS,T2D",0.18,0.197,,,,,,,-0.8849872414086057,0.182047812221832,False,,,,0,True,insufficient
SLC2A4,6517,2,"PCOS,T2D",0.1798,0.2518,,,,,,,,,,-1.877589728869121,0.002114548386465,True,0,True,insufficient
ZDHHC18,84243,2,"NAFLD,T2D",0.1795,0.1841,-0.0159009987723219,0.8723408171578714,False,,,,,,,-0.1631918008843955,0.7477313991655968,False,0,True,insufficient
PRSS53,339105,2,"Obesity,T2D",0.1789,0.2511,,,,0.0331682459821425,0.2200261544165213,False,,,,,,,0,True,insufficient
CITED2,10370,2,"NAFLD,T2D",0.1785,0.1961,-0.0023129668973211,0.9869857886314374,False,,,,,,,-1.051266277641726,0.032304080490856,True,0,True,insufficient
RUNX1T1,862,2,"Obesity,T2D",0.178,0.1895,,,,0.1272321420535709,0.0791239816161453,False,,,,-0.1888265512599513,0.6685442421502495,False,0,True,insufficient
DOC2A,8448,2,"Obesity,T2D",0.176,0.2147,,,,0.0078386569642856,0.7383231418225312,False,,,,-0.243085699174371,0.471931574333908,False,0,True,insufficient
MAP3K19,80122,2,"Obesity,T2D",0.1757,0.2229,,,,,,,,,,,,,0,True,insufficient
DCAF12,25853,2,"Obesity,T2D",0.1753,0.2473,,,,0.1056344166964287,0.1509225330435953,False,,,,,,,0,True,insufficient
SCG3,29106,2,"Obesity,T2D",0.1737,0.1843,,,,,,,,,,0.4115510334146837,0.3043556963926838,False,0,True,insufficient
LMTK1,9625,2,"Obesity,T2D",0.1736,0.221,,,,,,,,,,,,,0,True,insufficient
HP,3240,2,"PCOS,T2D",0.1718,0.2413,,,,,,,0.2465995312324924,0.811007568865876,False,-0.2397597568987122,0.8316872794001737,False,0,True,insufficient
AVL9,23080,2,"Obesity,T2D",0.1704,0.1838,,,,-0.2015293653571435,0.0001198643724778,True,,,,,,,0,True,insufficient
FAM114A2,10827,2,"Obesity,T2D",0.1695,0.1722,,,,0.0354439867857152,0.5221785859470781,False,,,,,,,0,True,insufficient
APOC4,346,2,"Obesity,T2D",0.1692,0.189,,,,,,,,,,0.0629195419436547,0.8413977753295243,False,0,True,insufficient
MSL2,55167,2,"NAFLD,T2D",0.1681,0.2353,-0.0245471637321408,0.764400881492134,False,,,,,,,,,,0,True,insufficient
C16orf78,123970,2,"Obesity,T2D",0.1679,0.215,,,,0.0145176480357145,0.5306330839088055,False,,,,,,,0,True,insufficient
TSEN2,80746,2,"NAFLD,T2D",0.1668,0.2284,-0.0131891447366081,0.8526311454439968,False,,,,,,,,,,0,True,insufficient
PKDCC,91461,2,"Obesity,T2D",0.166,0.1733,,,,-0.243111746696429,0.018665501091124,True,,,,,,,0,True,insufficient
CYP17A1,1586,2,"PCOS,T2D",0.1648,0.2248,,,,,,,1.6780478712222688,0.0680462245849029,False,0.3703718885878171,0.5892969857370407,False,0,True,insufficient
INHBA,3624,2,"Obesity,T2D",0.1642,0.2282,,,,0.0200064531249997,0.3795866255174613,False,,,,1.8988239307360577,0.0276772111483196,True,0,True,insufficient
NDUFAF6,137682,2,"Obesity,T2D",0.1635,0.2207,,,,-0.0748421810714283,0.0179808417464197,True,,,,,,,0,True,insufficient
THAP3,90326,2,"Obesity,T2D",0.1633,0.176,,,,-0.1079493912500004,0.0002830989219465,True,,,,,,,0,True,insufficient
MANBA,4126,2,"Obesity,T2D",0.1631,0.2046,,,,0.2071794771428567,0.0139938740349833,True,,,,0.327141424891781,0.4627599119558404,False,0,True,insufficient
SNX8,29886,2,"Obesity,T2D",0.1625,0.2212,,,,-0.0576171869642863,0.2250428530312441,False,,,,0.6004026062591792,0.1524935583063359,False,0,True,insufficient
OTOL1,131149,2,"Obesity,T2D",0.1618,0.1665,,,,-0.0059814439285719,0.8137605209644367,False,,,,,,,0,True,insufficient
NEDD9,4739,2,"NAFLD,T2D",0.1613,0.1622,-0.0696355990892865,0.7129844717254008,False,,,,,,,,,,0,True,insufficient
STX19,415117,2,"Obesity,T2D",0.1611,0.2138,,,,-0.0114658893750005,0.6103424319886516,False,,,,,,,0,True,insufficient
MTCH2,23788,2,"NAFLD,Obesity",0.1608,0.206,0.0825795554285715,0.2586266470067412,False,0.2891322541071428,0.0013591830124955,True,,,,,,,0,True,insufficient
MNS1,55329,2,"Obesity,T2D",0.1604,0.2194,,,,0.1704363117857141,0.2424413651300514,False,,,,-0.5289765169407152,0.283398170976901,False,0,True,insufficient
CNTLN,54875,2,"NAFLD,T2D",0.1601,0.1601,-0.0653484057991082,0.6275026020624045,False,,,,,,,,,,0,True,insufficient
KCND3,3752,2,"Obesity,T2D",0.1601,0.1768,,,,0.0635899111607143,0.5612782555448993,False,,,,0.1253244213207502,0.8168805588963046,False,0,True,insufficient
SLC9C2,284525,2,"NAFLD,T2D",0.1562,0.1566,,,,,,,,,,,,,0,True,insufficient
CYP11A1,1583,2,"PCOS,T2D",0.1551,0.2056,,,,,,,0.3836575844161309,0.5150316969208534,False,0.7497402203358066,0.2702347403746973,False,1,False,insufficient
CNTF,1270,2,"Obesity,T2D",0.1545,0.2082,,,,,,,,,,,,,0,True,insufficient
BRD4,23476,2,"Obesity,T2D",0.1542,0.1937,,,,0.1876918243749994,0.0109664825949682,True,,,,0.345275970829709,0.3634302119361812,False,0,True,insufficient
IFNGR1,3459,2,"Obesity,T2D",0.1518,0.2018,,,,0.0458809966964253,0.3421742976220349,False,,,,-0.0084436748961203,0.9873317144384396,False,0,True,insufficient
CCR2,729230,2,"NAFLD,T2D",0.1503,0.1825,0.1379338223973212,0.261232519704224,False,,,,,,,0.4939166281871823,0.3907886059625843,False,0,True,insufficient
SYT13,57586,2,"Obesity,T2D",0.1502,0.1628,,,,-0.006522041428572,0.8279830082132043,False,,,,0.5297805297917186,0.3547333486903187,False,0,True,insufficient
SETD2,29072,2,"Obesity,T2D",0.1489,0.1769,,,,-0.2108067110714273,0.0006366691484675,True,,,,,,,0,True,insufficient
PLA2G6,8398,2,"Obesity,T2D",0.1482,0.1871,,,,-0.3790631974999998,5.8125837326817295e-05,True,,,,-1.0538290162969517,0.0647418732426503,False,0,True,insufficient
PDZRN3,23024,2,"Obesity,T2D",0.148,0.1545,,,,0.0367867589285708,0.6976024320889412,False,,,,-0.8219255586176171,0.0501549440571784,False,0,True,insufficient
CCR5,1234,2,"NAFLD,Obesity",0.1473,0.1856,0.0885019507857141,0.3570382491855798,False,,,,,,,,,,0,True,insufficient
ANKRD28,23243,2,"Obesity,T2D",0.1457,0.148,,,,0.3721923827678575,0.0002093657264113,True,,,,,,,0,True,insufficient
MSR1,4481,2,"Obesity,T2D",0.1457,0.185,,,,0.588187082142857,0.0007349459000126,True,,,,0.1081015910992067,0.866602966963552,False,0,True,insufficient
UBE2D3,7323,2,"Obesity,T2D",0.1453,0.1745,,,,-0.1184430827678566,0.0181580661826013,True,,,,-0.0632202610119043,0.85585368338091,False,0,True,insufficient
ARL13B,200894,2,"Obesity,T2D",0.1407,0.1804,,,,-0.0477382100892853,0.4157459536488154,False,,,,,,,0,True,insufficient
TINAG,27283,2,"NAFLD,T2D",0.138,0.138,,,,,,,,,,,,,0,True,insufficient
PTER,9317,2,"Obesity,T2D",0.1369,0.1683,,,,-0.0966884097321427,0.1799061112245052,False,,,,-0.4333544486728242,0.3290054526260603,False,0,True,insufficient
FOXF1,2294,2,"Obesity,T2D",0.1361,0.1571,,,,0.0253819068750003,0.5533089367363055,False,,,,0.6236458123795807,0.245449071652753,False,0,True,insufficient
TIMP3,7078,2,"Obesity,T2D",0.1361,0.1395,,,,-0.1067068839285703,0.0236090714914919,True,,,,-1.391315175221596,0.0321575028023331,True,0,True,consistent
PRSS3,5646,2,"Obesity,T2D",0.1348,0.1611,,,,0.0900922504464287,0.0194477313301029,True,,,,0.0640156201482777,0.8637579318000081,False,0,True,insufficient
PDXDC1,23042,2,"Obesity,T2D",0.1334,0.1355,,,,0.0890677343750017,0.2548410981363357,False,,,,,,,0,True,insufficient
FGF1,2246,2,"NAFLD,T2D",0.1329,0.1365,-0.1209235097633936,0.1399902338822304,False,,,,,,,-0.2709288579058821,0.385757231727953,False,0,True,insufficient
EP300,2033,2,"Obesity,T2D",0.1323,0.1442,,,,0.0505458293749994,0.2223438755966448,False,,,,0.068246965172525,0.8423956136285431,False,0,True,insufficient
KCTD13,253980,2,"Obesity,T2D",0.1314,0.1478,,,,-0.0585239987500001,0.2718231475431462,False,,,,0.9129829129562848,0.014322228782299,True,0,True,insufficient
HSD11B1,3290,2,"Obesity,T2D",0.1311,0.1358,,,,1.4735979336607148,9.835752877176531e-07,True,,,,1.0282695684766248,0.1275913113718503,False,0,True,insufficient
SLC35E2B,728661,2,"Obesity,T2D",0.1298,0.132,,,,-0.130161829464285,0.1020279198732276,False,,,,,,,0,True,insufficient
CLOCK,9575,2,"Obesity,T2D",0.1293,0.1394,,,,0.2086704790178579,0.0066206213284123,True,,,,-0.2267084698932485,0.4729593126005633,False,0,True,insufficient
EGR1,1958,2,"Obesity,T2D",0.1285,0.1454,,,,0.2682931091071427,0.2893091352428713,False,,,,-0.268148477450278,0.6031432391714291,False,0,True,insufficient
AMH,268,2,"Obesity,PCOS",0.1283,0.1327,,,,0.0181448788392852,0.5537844012741491,False,,,,,,,0,True,insufficient
GNAT2,2780,2,"NAFLD,Obesity",0.1279,0.1382,-0.0182172935312503,0.7719012211744483,False,-0.0278145915178575,0.3011514271772068,False,,,,,,,0,True,insufficient
CD34,947,2,"Obesity,T2D",0.1275,0.1542,,,,0.2126813688392843,0.008399416618304,True,,,,-0.8272162441717409,0.132275571128583,False,0,True,insufficient
C1orf105,92346,2,"Obesity,T2D",0.1269,0.1316,,,,-0.0181274418750003,0.4866270955667722,False,,,,,,,0,True,insufficient
S100PBP,64766,2,"Obesity,T2D",0.1269,0.1381,,,,-0.1064801894642863,0.0211136049703531,True,,,,,,,0,True,insufficient
ADK,132,2,"Obesity,T2D",0.1259,0.1361,,,,-0.1304059719642847,0.0937737125886509,False,,,,-0.1783352880735684,0.5925665925073622,False,0,True,insufficient
GSTM1,2944,2,"NAFLD,T2D",0.1243,0.1339,-0.0816079879776765,0.9202825669604772,False,,,,,,,,,,0,True,insufficient
NOS3,4846,2,"Obesity,T2D",0.124,0.1243,,,,0.009695870357143,0.818911923656511,False,,,,-0.1046796095200637,0.8103805618871825,False,0,True,insufficient
NFE2L2,4780,2,"NAFLD,T2D",0.1236,0.1361,-0.2262237465000023,0.0502876996401798,False,,,,,,,0.0064716743967894,0.9847561095578712,False,0,True,insufficient
TMEM170B,100113407,2,"NAFLD,T2D",0.1236,0.1236,,,,,,,,,,,,,0,True,insufficient
EPO,2056,2,"Obesity,T2D",0.1216,0.1327,,,,0.0174429768749999,0.5461417706318633,False,,,,,,,0,True,insufficient
AHSG,197,2,"NAFLD,T2D",0.1206,0.1268,-0.0160362412053558,0.8026341647861516,False,,,,,,,,,,0,True,insufficient
CELSR3,1951,2,"Obesity,T2D",0.1196,0.1236,,,,0.0155203688392857,0.5426735013160152,False,,,,,,,0,True,insufficient
MSTN,2660,2,"Obesity,PCOS",0.1178,0.1322,,,,-0.1561104916071429,7.313225023448922e-05,True,,,,,,,0,True,insufficient
MAPK8,5599,2,"Obesity,T2D",0.1177,0.1289,,,,-0.0648106180357146,0.2123969030428599,False,,,,,,,0,True,insufficient
MIF,4282,2,"NAFLD,Obesity",0.1166,0.1268,0.05011154032589,0.7989085773734342,False,0.4820731021428557,0.0023091458236084,True,,,,,,,0,True,insufficient
CASP1,834,2,"NAFLD,T2D",0.1161,0.1254,0.1320171526116071,0.3397005286452554,False,,,,,,,0.4606878590943279,0.2396415250190533,False,0,True,insufficient
EPAS1,2034,2,"NAFLD,Obesity",0.1161,0.1211,-0.1111504300089283,0.2077275947384984,False,-0.0544259178571433,0.1410514344835113,False,,,,,,,0,True,insufficient
UCP1,7350,2,"Obesity,T2D",0.1154,0.1264,,,,-0.0179007368750006,0.3264566570749684,False,,,,0.3031629887061315,0.6395080162766706,False,0,True,insufficient
PLOD1,5351,2,"Obesity,PCOS",0.1148,0.1202,,,,-0.0185023725892836,0.8296128217881975,False,0.0541636082025451,0.8799125675066815,False,,,,0,True,insufficient
PRKAA1,5562,2,"NAFLD,Obesity",0.1145,0.1153,-0.1762563717187504,0.1043605348345578,False,-0.0088326610714277,0.818998682562228,False,,,,,,,0,True,insufficient
TNFRSF11B,4982,2,"NAFLD,Obesity",0.1144,0.1259,-0.3433377657455363,0.0288442630424653,True,0.3695155567857147,0.0038758317140665,True,,,,,,,0,True,discordant
EIPR1,7260,2,"Obesity,PCOS",0.114,0.1218,,,,,,,,,,,,,0,True,insufficient
NPPB,4879,2,"Obesity,T2D",0.114,0.1154,,,,0.0072413837499998,0.8172994907762787,False,,,,,,,0,True,insufficient
PTPN2,5771,2,"PCOS,T2D",0.114,0.123,,,,,,,0.3775465392974748,0.2267144979742494,False,0.346074839256323,0.3102405370068267,False,0,True,insufficient
BCL2L14,79370,2,"NAFLD,T2D",0.1137,0.1137,-0.1171965101651784,0.115722843924468,False,,,,,,,-0.0934376749066139,0.8316879432192477,False,0,True,insufficient
ACOX1,51,2,"NAFLD,Obesity",0.1135,0.1177,0.087103579714288,0.2704178285506445,False,0.1098458425892836,0.3683215639267992,False,,,,,,,0,True,insufficient
APLN,8862,2,"Obesity,T2D",0.113,0.1136,,,,-0.0282069635714292,0.3038916703369909,False,,,,0.2802372317374795,0.4896253638649085,False,0,True,insufficient
HAMP,57817,2,"NAFLD,T2D",0.1124,0.1192,-0.1468738392321427,0.6676658313426316,False,,,,,,,0.3715954636409742,0.2981186834890819,False,0,True,insufficient
PLA2G7,7941,2,"NAFLD,T2D",0.1122,0.1209,0.3437214781651789,0.1799598827249063,False,,,,,,,2.874330358055934,0.0051328352264512,True,0,True,insufficient
NFKB1,4790,2,"PCOS,T2D",0.1118,0.1181,,,,,,,0.5141805357700058,0.3878428114722707,False,0.728661104110122,0.0937189360821165,False,0,True,insufficient
FGF23,8074,2,"Obesity,T2D",0.1116,0.1231,,,,0.0383780341071426,0.2100629206727532,False,,,,-0.2763185947402462,0.701651577482669,False,0,True,insufficient
GSK3B,2932,2,"Obesity,T2D",0.1116,0.1201,,,,0.0220424083035712,0.5303144830544905,False,,,,-0.2196819454604139,0.526845506529146,False,0,True,insufficient
ALB,213,2,"NAFLD,T2D",0.111,0.112,-0.0124896647321417,0.7433026995969116,False,,,,,,,,,,0,True,insufficient
ACE2,59272,2,"Obesity,T2D",0.1108,0.1137,,,,-0.0082920621428574,0.9013711093377322,False,,,,-0.4825025321237763,0.3909735427998962,False,0,True,insufficient
IKBKB,3551,2,"Obesity,T2D",0.1107,0.1128,,,,0.1664690304464287,0.0067080251978706,True,,,,0.9435220107484232,0.1016622920144978,False,0,True,insufficient
NUDT1,4521,2,"Obesity,T2D",0.1107,0.1142,,,,0.0684596474107142,0.1493919033900329,False,,,,0.3053754342552903,0.413282296087772,False,0,True,insufficient
ACVR2B,93,2,"Obesity,T2D",0.1104,0.1136,,,,-0.0612269816071431,0.1250089042025145,False,,,,-0.0487394950494788,0.8638596469973507,False,0,True,insufficient
SIRT2,22933,2,"NAFLD,T2D",0.1104,0.1182,-0.0083740844955348,0.9260538392729656,False,,,,,,,0.177074067394793,0.8644542752507034,False,0,True,insufficient
PDCD1,5133,2,"NAFLD,Obesity",0.1102,0.1109,-0.2258150407633925,0.038685320019142,True,0.013545448035714,0.7391712958788649,False,,,,,,,0,True,insufficient
SUGP1,57794,2,"NAFLD,T2D",0.1101,0.1201,-0.001687499665179,0.9822931298475084,False,,,,,,,,,,0,True,insufficient
TRPV1,7442,2,"Obesity,T2D",0.1098,0.1178,,,,-0.1994018542857141,0.0019262202085063,True,,,,0.1844675753509066,0.684824338615739,False,0,True,insufficient
RHBDF2,79651,2,"NAFLD,Obesity",0.1096,0.1186,0.113694630870536,0.1490621105326442,False,0.3233380981249998,9.609722933354556e-05,True,,,,,,,0,True,insufficient
VEGFB,7423,2,"NAFLD,T2D",0.1094,0.1107,-0.0086795989910708,0.9455866801576382,False,,,,,,,-0.804912322201309,0.1782747396275317,False,0,True,insufficient
HMOX1,3162,2,"NAFLD,T2D",0.1081,0.1094,0.1874636761964279,0.4190712274495166,False,,,,,,,1.1997623619665077,0.04371254788955,True,0,True,insufficient
AKT1,207,2,"NAFLD,PCOS",0.1077,0.114,-0.0321665610892853,0.6031383965312308,False,,,,1.8158975212479855,0.0743037520778921,False,,,,0,True,insufficient
CD40LG,959,2,"NAFLD,Obesity",0.1077,0.1081,,,,,,,,,,,,,0,True,insufficient
MALAT1,378938,2,"PCOS,T2D",0.1077,0.1094,,,,,,,0.9967474542247512,0.0768658310678817,False,,,,0,True,insufficient
PLAT,5327,2,"Obesity,T2D",0.1074,0.1083,,,,0.0434221524999998,0.7445794354303524,False,,,,0.0552202762941846,0.91184246221858,False,0,True,insufficient
RPS26,6231,2,"PCOS,T2D",0.1074,0.1102,,,,,,,,,,,,,0,True,insufficient
IL33,90865,2,"Obesity,T2D",0.1069,0.1107,,,,0.3701520639285709,0.0040487753701714,True,,,,,,,0,True,insufficient
MPO,4353,2,"NAFLD,Obesity",0.1065,0.1104,0.1426931024866067,0.1927744753917009,False,-0.0947788795535715,0.0030972069533284,True,,,,,,,0,True,insufficient
JUN,3725,2,"NAFLD,Obesity",0.1064,0.11,-0.0680786836919651,0.8587528990806143,False,0.4435947955357138,0.0011839070231941,True,,,,,,,0,True,insufficient
TLR9,54106,2,"Obesity,T2D",0.1057,0.1096,,,,-0.0590297156250003,0.1886687358762181,False,,,,0.0087565942696188,0.9868008714367228,False,0,True,insufficient
CD14,929,2,"Obesity,T2D",0.1056,0.1092,,,,1.1851021916071425,2.9420661404706593e-09,True,,,,1.214354247831074,0.011375985637797,True,0,True,consistent
AGT,183,2,"NAFLD,T2D",0.1041,0.1069,-0.0138418375892843,0.8592669273474589,False,,,,,,,-1.011953776286137,0.0926742552248691,False,0,True,insufficient
CTSD,1509,2,"NAFLD,T2D",0.104,0.1058,0.1487810035267873,0.0979940971891508,False,,,,,,,0.9951031733365778,0.2713853991630435,False,0,True,insufficient
SPARC,6678,2,"NAFLD,Obesity",0.1035,0.1045,0.1461064878794662,0.1217683254388935,False,0.3316824841964294,0.0014338520754423,True,,,,,,,0,True,insufficient
CA5A,763,2,"Obesity,T2D",0.1028,0.1053,,,,0.0088152179464287,0.7730295773193083,False,,,,-0.112261818266802,0.8564062959022039,False,0,True,insufficient
CXCL8,3576,2,"NAFLD,T2D",0.1027,0.1041,,,,,,,,,,,,,0,True,insufficient
STUB1,10273,2,"Obesity,T2D",0.1023,0.1028,,,,0.0065743574107139,0.9130371242971136,False,,,,-0.2392325243620119,0.4649626036885624,False,0,True,insufficient
LGALS1,3956,2,"Obesity,T2D",0.1019,0.1029,,,,0.1139090384821432,0.0292255091957824,True,,,,0.0516665664502085,0.8940541741382144,False,0,True,insufficient
S100A9,6280,2,"NAFLD,Obesity",0.1013,0.102,0.2218356631964297,0.3688660763184985,False,0.486929756964285,0.0017697982868359,True,,,,,,,0,True,insufficient
