kegg_id,pathway,category,pathway_size,disease,k,n_disease_genes,p_value,expected,fold_enrichment,fdr,enriched
hsa00010,Glycolysis / Gluconeogenesis,pathway,67,NAFLD,2,319,0.6663017900739636,2.2614538144111735,0.8843868432134,1.0,False
hsa00010,Glycolysis / Gluconeogenesis,pathway,67,Obesity,4,859,0.8698177815896487,6.089620146016294,0.6568554202213612,1.0,False
hsa00010,Glycolysis / Gluconeogenesis,pathway,67,T2D,11,1195,0.2209946550216364,8.471590307903925,1.2984575032785861,0.36627817823030473,False
hsa00020,Citrate cycle (TCA cycle),pathway,30,T2D,6,1195,0.17051926041550014,3.793249391598773,1.5817573221757322,0.29069473918451927,False
hsa00030,Pentose phosphate pathway,pathway,31,Obesity,1,859,0.94812351502888,2.8175854406941063,0.35491381576476777,1.0,False
hsa00030,Pentose phosphate pathway,pathway,31,T2D,3,1195,0.7699375345146965,3.919691037985398,0.765366446214064,0.9127074084644414,False
hsa00040,Pentose and glucuronate interconversions,pathway,37,NAFLD,1,319,0.7199798462611291,1.248862554227066,0.8007286283148352,1.0,False
hsa00040,Pentose and glucuronate interconversions,pathway,37,T2D,1,1195,0.993341765836604,4.678340916305153,0.21375098948320706,1.0,False
hsa00051,Fructose and mannose metabolism,pathway,36,NAFLD,1,319,0.7101594384947811,1.215109512220929,0.8229710902124695,1.0,False
hsa00051,Fructose and mannose metabolism,pathway,36,T2D,5,1195,0.48488624560719285,4.551899269918527,1.0984425848442585,0.6702288645844596,False
hsa00052,Galactose metabolism,pathway,32,NAFLD,1,319,0.6673232262680706,1.0800973441963813,0.9258424764890283,1.0,False
hsa00052,Galactose metabolism,pathway,32,Obesity,2,859,0.8014760714730464,2.908475293619723,0.6876455180442375,0.9905107242650923,False
hsa00052,Galactose metabolism,pathway,32,PCOS,1,221,0.5315976664127962,0.7482806052269602,1.3363970588235292,0.9468256944068708,False
hsa00052,Galactose metabolism,pathway,32,T2D,8,1195,0.041624553516930604,4.046132684372024,1.9771966527196654,0.08765641270035975,False
hsa00053,Ascorbate and aldarate metabolism,pathway,31,NAFLD,1,319,0.6556625416377571,1.0463443021902443,0.955708362827384,1.0,False
hsa00053,Ascorbate and aldarate metabolism,pathway,31,Obesity,1,859,0.94812351502888,2.8175854406941063,0.35491381576476777,1.0,False
hsa00053,Ascorbate and aldarate metabolism,pathway,31,T2D,2,1195,0.9172856347885026,3.919691037985398,0.5102442974760427,1.0,False
hsa00061,Fatty acid biosynthesis,pathway,18,NAFLD,2,319,0.12195846894039554,0.6075547561104645,3.291884360849878,0.3141088624508029,False
hsa00061,Fatty acid biosynthesis,pathway,18,Obesity,1,859,0.8203640414991948,1.6360173526610942,0.6112404604837666,0.9958533574321762,False
hsa00061,Fatty acid biosynthesis,pathway,18,T2D,2,1195,0.683893479007087,2.2759496349592636,0.8787540678754068,0.8530796706778297,False
hsa00062,Fatty acid elongation,pathway,28,Obesity,2,859,0.7368286207110701,2.5449158819172575,0.7858805920505572,0.96624412532807,False
hsa00062,Fatty acid elongation,pathway,28,T2D,2,1195,0.8856256120023884,3.5403660988255212,0.5649133293484758,0.9938995896453137,False
hsa00071,Fatty acid degradation,pathway,43,NAFLD,1,319,0.7723141373000727,1.4513808062638873,0.6889990522709047,1.0,False
hsa00071,Fatty acid degradation,pathway,43,Obesity,3,859,0.7626399493222439,3.9082636758015026,0.7676042992121721,0.9892213835411715,False
hsa00071,Fatty acid degradation,pathway,43,T2D,6,1195,0.4653971876050011,5.436990794624907,1.1035516201226039,0.6595135570005816,False
hsa00100,Steroid biosynthesis,pathway,20,T2D,3,1195,0.4727471221643583,2.5288329277325152,1.1863179916317992,0.6657042523653767,False
hsa00120,Primary bile acid biosynthesis,pathway,17,Obesity,1,859,0.8023690224493765,1.5451274997354778,0.6471957816886941,0.9905107242650923,False
hsa00120,Primary bile acid biosynthesis,pathway,17,T2D,2,1195,0.6526143230751041,2.149507988572638,0.9304454836327837,0.8284961973790329,False
hsa00130,Ubiquinone and other terpenoid-quinone biosynthesis,pathway,12,Obesity,1,859,0.6815108882060164,1.090678235107396,0.91686069072565,0.9172214209689994,False
hsa00140,Steroid hormone biosynthesis,pathway,66,NAFLD,1,319,0.897113646960943,2.2277007724050364,0.44889332193407433,1.0,False
hsa00140,Steroid hormone biosynthesis,pathway,66,Obesity,7,859,0.3933066848240073,5.998730293090678,1.1669136063781,0.6458889594816267,False
hsa00140,Steroid hormone biosynthesis,pathway,66,PCOS,3,221,0.20027455883706638,1.5433287482806053,1.9438502673796791,0.47402401841263697,False
hsa00140,Steroid hormone biosynthesis,pathway,66,T2D,9,1195,0.45876718777722403,8.3451486615173,1.0784709014834537,0.6555645307885897,False
hsa00190,Oxidative phosphorylation,pathway,138,NAFLD,48,319,1.749367552792897e-36,4.657919796846895,10.305029303530052,1.5656839597496427e-34,True
hsa00190,Oxidative phosphorylation,pathway,138,Obesity,48,859,3.923107346184529e-17,12.542799703735055,3.826896796072278,1.0803634076415856e-15,True
hsa00190,Oxidative phosphorylation,pathway,138,PCOS,46,221,1.2440538353302237e-41,3.2269601100412655,14.254901960784313,1.1134281826205502e-39,True
hsa00190,Oxidative phosphorylation,pathway,138,T2D,52,1195,4.609977877484037e-14,17.448947201354354,2.9801224910557274,1.269516984722527e-12,True
hsa00220,Arginine biosynthesis,pathway,23,NAFLD,1,319,0.5464549437896998,0.7763199661411491,1.2881286629412567,0.9179385324030906,False
hsa00220,Arginine biosynthesis,pathway,23,Obesity,5,859,0.05198471169281169,2.090466617289176,2.3918104975451735,0.11704733827689677,False
hsa00220,Arginine biosynthesis,pathway,23,PCOS,1,221,0.42007510043896085,0.5378266850068776,1.8593350383631713,0.8129020862548539,False
hsa00220,Arginine biosynthesis,pathway,23,T2D,6,1195,0.061254170213978436,2.908157866892392,2.063161724577042,0.12115465710831093,False
hsa00230,Purine metabolism,pathway,128,NAFLD,25,319,6.859484354489008e-13,4.320389376785525,5.786515478056427,1.7540681420764748e-11,True
hsa00230,Purine metabolism,pathway,128,Obesity,17,859,0.07142144627997342,11.633901174478892,1.4612467258440045,0.1568642807866901,False
hsa00230,Purine metabolism,pathway,128,PCOS,1,221,0.9526152209873849,2.9931224209078406,0.3340992647058823,1.0,False
hsa00230,Purine metabolism,pathway,128,T2D,33,1195,3.782469289966956e-05,16.184530737488096,2.038984048117155,0.00023756561505406496,True
hsa00232,Caffeine metabolism,pathway,6,NAFLD,1,319,0.18622423824430967,0.2025182520368215,4.937826541274817,0.4246387088628208,False
hsa00232,Caffeine metabolism,pathway,6,Obesity,1,859,0.43554400398000154,0.545339117553698,1.8337213814513,0.6989936949981818,False
hsa00232,Caffeine metabolism,pathway,6,T2D,2,1195,0.1696567374399628,0.7586498783197545,2.6362622036262207,0.2906081914043382,False
hsa00240,Pyrimidine metabolism,pathway,59,Obesity,3,859,0.9138564314023998,5.362501322611364,0.5594404214597186,1.0,False
hsa00240,Pyrimidine metabolism,pathway,59,T2D,12,1195,0.0627440938536769,7.46005713681092,1.608566768314304,0.12207818260661048,False
hsa00250,"Alanine, aspartate and glutamate metabolism",pathway,37,NAFLD,1,319,0.7199798462611291,1.248862554227066,0.8007286283148352,1.0,False
hsa00250,"Alanine, aspartate and glutamate metabolism",pathway,37,Obesity,3,859,0.6662846938541281,3.3629245582478045,0.8920806720573892,0.9069578722425015,False
hsa00250,"Alanine, aspartate and glutamate metabolism",pathway,37,PCOS,1,221,0.5840405361384439,0.8651994497936726,1.1558028616852147,1.0,False
hsa00250,"Alanine, aspartate and glutamate metabolism",pathway,37,T2D,5,1195,0.5101108630042634,4.678340916305153,1.0687549474160352,0.6934935403002179,False
hsa00260,"Glycine, serine and threonine metabolism",pathway,41,NAFLD,1,319,0.7560540476391873,1.3838747222516137,0.722608762137778,1.0,False
hsa00260,"Glycine, serine and threonine metabolism",pathway,41,Obesity,3,859,0.733329160785821,3.72648396995027,0.8050484113688634,0.96624412532807,False
hsa00260,"Glycine, serine and threonine metabolism",pathway,41,T2D,5,1195,0.6052131350816358,5.184107501851656,0.9644861720583733,0.7907529283183415,False
hsa00270,Cysteine and methionine metabolism,pathway,54,NAFLD,3,319,0.27443624216188994,1.8226642683313936,1.645942180424939,0.5389079637935129,False
hsa00270,Cysteine and methionine metabolism,pathway,54,Obesity,6,859,0.3668913178052587,4.908052057983282,1.2224809209675334,0.6243014696337057,False
hsa00270,Cysteine and methionine metabolism,pathway,54,PCOS,1,221,0.722340762335564,1.2627235213204953,0.7919389978213507,1.0,False
hsa00270,Cysteine and methionine metabolism,pathway,54,T2D,7,1195,0.53324274287541,6.827848904877791,1.0252130791879746,0.7170967067597577,False
hsa00280,"Valine, leucine and isoleucine degradation",pathway,48,NAFLD,3,319,0.2198434992560665,1.620146016294572,1.8516849529780564,0.4684760281766179,False
hsa00280,"Valine, leucine and isoleucine degradation",pathway,48,Obesity,3,859,0.824544322138817,4.362712940429584,0.6876455180442375,0.9958533574321762,False
hsa00280,"Valine, leucine and isoleucine degradation",pathway,48,T2D,5,1195,0.7430315044255225,6.069199026558036,0.8238319386331939,0.8914120591442937,False
hsa00310,Lysine degradation,pathway,64,Obesity,6,859,0.5313704355743503,5.816950587239446,1.0314682770663561,0.7860558771354073,False
hsa00310,Lysine degradation,pathway,64,PCOS,1,221,0.781171550269053,1.4965612104539203,0.6681985294117646,1.0,False
hsa00310,Lysine degradation,pathway,64,T2D,10,1195,0.28626526014847775,8.092265368744048,1.2357479079497908,0.44752385647665954,False
hsa00330,Arginine and proline metabolism,pathway,50,NAFLD,1,319,0.8211727949789372,1.6876521003068459,0.5925391849529781,1.0,False
hsa00330,Arginine and proline metabolism,pathway,50,Obesity,6,859,0.3004714693387962,4.544492646280817,1.3202793946449358,0.5351680896681047,False
hsa00330,Arginine and proline metabolism,pathway,50,T2D,7,1195,0.44872866991191596,6.322082319331288,1.1072301255230126,0.6530279017417313,False
hsa00340,Histidine metabolism,pathway,22,NAFLD,1,319,0.5305733990113154,0.7425669241350121,1.3466799658022228,0.9045013183145282,False
hsa00340,Histidine metabolism,pathway,22,Obesity,2,859,0.6070733132854581,1.9995767643635594,1.0002116626098,0.8522833182595844,False
hsa00340,Histidine metabolism,pathway,22,T2D,2,1195,0.7865218645807488,2.7817162205057664,0.7189806009889692,0.9292898598016769,False
hsa00350,Tyrosine metabolism,pathway,37,NAFLD,1,319,0.7199798462611291,1.248862554227066,0.8007286283148352,1.0,False
hsa00350,Tyrosine metabolism,pathway,37,Obesity,4,859,0.43737699911731126,3.3629245582478045,1.1894408960765188,0.6989936949981818,False
hsa00350,Tyrosine metabolism,pathway,37,PCOS,1,221,0.5840405361384439,0.8651994497936726,1.1558028616852147,1.0,False
hsa00350,Tyrosine metabolism,pathway,37,T2D,6,1195,0.32344869426594286,4.678340916305153,1.2825059368992422,0.49697267187642724,False
hsa00360,Phenylalanine metabolism,pathway,16,NAFLD,1,319,0.4229447521771774,0.5400486720981906,1.8516849529780566,0.7764831860483565,False
hsa00360,Phenylalanine metabolism,pathway,16,Obesity,3,859,0.1727962539225024,1.4542376468098615,2.0629365541327123,0.33579913174961323,False
hsa00360,Phenylalanine metabolism,pathway,16,T2D,2,1195,0.6189133807780011,2.023066342186012,0.9885983263598327,0.7970179507860589,False
hsa00380,Tryptophan metabolism,pathway,42,NAFLD,1,319,0.7643238413483371,1.4176277642577506,0.7054037916106881,1.0,False
hsa00380,Tryptophan metabolism,pathway,42,Obesity,5,859,0.33352186018059177,3.817373822875886,1.3098009867509286,0.5768155842736804,False
hsa00380,Tryptophan metabolism,pathway,42,T2D,7,1195,0.27652131238205724,5.310549148238282,1.31813110181311,0.4341869729507741,False
hsa00400,"Phenylalanine, tyrosine and tryptophan biosynthesis",pathway,6,Obesity,1,859,0.43554400398000154,0.545339117553698,1.8337213814513,0.6989936949981818,False
hsa00410,beta-Alanine metabolism,pathway,31,NAFLD,1,319,0.6556625416377571,1.0463443021902443,0.955708362827384,1.0,False
hsa00410,beta-Alanine metabolism,pathway,31,Obesity,4,859,0.3097094438774733,2.8175854406941063,1.419655263059071,0.5461870980696326,False
hsa00410,beta-Alanine metabolism,pathway,31,T2D,8,1195,0.03495493766582945,3.919691037985398,2.040977189904171,0.077725886238304,False
hsa00430,Taurine and hypotaurine metabolism,pathway,17,NAFLD,1,319,0.44245515218305775,0.5738017141043276,1.7427623086852297,0.7959745953845963,False
hsa00430,Taurine and hypotaurine metabolism,pathway,17,Obesity,2,859,0.4658478977791626,1.5451274997354778,1.2943915633773881,0.7282687659604375,False
hsa00430,Taurine and hypotaurine metabolism,pathway,17,T2D,4,1195,0.15883745564887256,2.149507988572638,1.8608909672655674,0.27400965611169975,False
hsa00440,Phosphonate and phosphinate metabolism,pathway,6,T2D,1,1195,0.5557251631293127,0.7586498783197545,1.3181311018131103,0.7368504014825702,False
hsa00450,Selenocompound metabolism,pathway,17,Obesity,2,859,0.4658478977791626,1.5451274997354778,1.2943915633773881,0.7282687659604375,False
hsa00470,D-Amino acid metabolism,pathway,6,Obesity,1,859,0.43554400398000154,0.545339117553698,1.8337213814513,0.6989936949981818,False
hsa00480,Glutathione metabolism,pathway,59,NAFLD,3,319,0.3208995484383455,1.991429478362078,1.5064555549651986,0.6143424510210037,False
hsa00480,Glutathione metabolism,pathway,59,Obesity,2,859,0.9753533396566809,5.362501322611364,0.3729602809731457,1.0,False
hsa00480,Glutathione metabolism,pathway,59,T2D,8,1195,0.4741748166289694,7.46005713681092,1.0723778455428692,0.6657042523653767,False
hsa00500,Starch and sucrose metabolism,pathway,36,NAFLD,1,319,0.7101594384947811,1.215109512220929,0.8229710902124695,1.0,False
hsa00500,Starch and sucrose metabolism,pathway,36,Obesity,3,859,0.6477246104970891,3.2720347053221883,0.9168606907256499,0.8953104654747409,False
hsa00500,Starch and sucrose metabolism,pathway,36,T2D,12,1195,0.0010714110897183193,4.551899269918527,2.63626220362622,0.0037239336904772652,True
hsa00510,N-Glycan biosynthesis,pathway,57,NAFLD,1,319,0.859572678652089,1.9239233943498042,0.5197712148710334,1.0,False
hsa00510,N-Glycan biosynthesis,pathway,57,Obesity,4,859,0.7737352616861297,5.180721616760131,0.7720932132426527,0.9905107242650923,False
hsa00510,N-Glycan biosynthesis,pathway,57,T2D,6,1195,0.7436693643069485,7.207173844037668,0.8325038537767011,0.8914120591442937,False
hsa00511,Other glycan degradation,pathway,18,Obesity,2,859,0.49645369860246596,1.6360173526610942,1.2224809209675331,0.7515928348901434,False
hsa00511,Other glycan degradation,pathway,18,T2D,5,1195,0.06715478921232661,2.2759496349592636,2.196885169688517,0.12890006044726376,False
hsa00512,Mucin type O-glycan biosynthesis,pathway,36,NAFLD,1,319,0.7101594384947811,1.215109512220929,0.8229710902124695,1.0,False
hsa00512,Mucin type O-glycan biosynthesis,pathway,36,Obesity,3,859,0.6477246104970891,3.2720347053221883,0.9168606907256499,0.8953104654747409,False
hsa00512,Mucin type O-glycan biosynthesis,pathway,36,T2D,5,1195,0.48488624560719285,4.551899269918527,1.0984425848442585,0.6702288645844596,False
hsa00513,Various types of N-glycan biosynthesis,pathway,45,NAFLD,1,319,0.7874935899787256,1.5188868902761612,0.6583768721699756,1.0,False
hsa00513,Various types of N-glycan biosynthesis,pathway,45,Obesity,5,859,0.38946103897809387,4.090043381652735,1.2224809209675334,0.6454956108988777,False
hsa00513,Various types of N-glycan biosynthesis,pathway,45,T2D,4,1195,0.8380355833780153,5.689874087398159,0.7030032543003255,0.9646840477470401,False
hsa00514,Other types of O-glycan biosynthesis,pathway,49,NAFLD,1,319,0.8148922843104667,1.653899058300709,0.6046318213805898,1.0,False
hsa00514,Other types of O-glycan biosynthesis,pathway,49,Obesity,5,859,0.46334174292104413,4.4536027933552,1.1226865600722244,0.7282687659604375,False
hsa00514,Other types of O-glycan biosynthesis,pathway,49,T2D,9,1195,0.1592011409810993,6.195640672944662,1.4526342754675092,0.27400965611169975,False
hsa00515,Mannose type O-glycan biosynthesis,pathway,23,Obesity,1,859,0.8885666060629184,2.090466617289176,0.47836209950903474,1.0,False
hsa00515,Mannose type O-glycan biosynthesis,pathway,23,T2D,1,1195,0.955533950811183,2.908157866892392,0.343860287429507,1.0,False
hsa00520,Amino sugar and nucleotide sugar metabolism,pathway,38,NAFLD,2,319,0.3688987038583355,1.2826155962332029,1.5593136446131002,0.6914436438810687,False
hsa00520,Amino sugar and nucleotide sugar metabolism,pathway,38,Obesity,1,859,0.9734424193340615,3.4538144111734206,0.28953495496599474,1.0,False
hsa00520,Amino sugar and nucleotide sugar metabolism,pathway,38,PCOS,1,221,0.5938054651286075,0.8885832187070152,1.1253869969040247,1.0,False
hsa00520,Amino sugar and nucleotide sugar metabolism,pathway,38,T2D,4,1195,0.7254713056229222,4.804782562691779,0.8325038537767011,0.889447696619884,False
hsa00524,"Neomycin, kanamycin and gentamicin biosynthesis",pathway,5,NAFLD,1,319,0.15778176338947622,0.1687652100306846,5.92539184952978,0.3765724752895499,False
hsa00524,"Neomycin, kanamycin and gentamicin biosynthesis",pathway,5,T2D,2,1195,0.12310583056152084,0.6322082319331288,3.1635146443514643,0.2192631210996242,False
hsa00531,Glycosaminoglycan degradation,pathway,19,T2D,2,1195,0.7128239821084127,2.4023912813458894,0.8325038537767011,0.8769449676797655,False
hsa00532,Glycosaminoglycan biosynthesis - chondroitin sulfate / dermatan sulfate,pathway,21,T2D,3,1195,0.5064906504709189,2.655274574119141,1.1298266586969514,0.6920750109488129,False
hsa00533,Glycosaminoglycan biosynthesis - keratan sulfate,pathway,14,Obesity,2,859,0.36795421813606677,1.2724579409586287,1.5717611841011143,0.6243014696337057,False
hsa00533,Glycosaminoglycan biosynthesis - keratan sulfate,pathway,14,T2D,1,1195,0.8495192278538628,1.7701830494127606,0.5649133293484758,0.970302763663833,False
hsa00534,Glycosaminoglycan biosynthesis - heparan sulfate / heparin,pathway,24,Obesity,2,859,0.6550505301173392,2.181356470214792,0.91686069072565,0.8984984282835533,False
hsa00534,Glycosaminoglycan biosynthesis - heparan sulfate / heparin,pathway,24,T2D,4,1195,0.36069608408017845,3.034599513279018,1.3181311018131103,0.5471576190707792,False
hsa00541,Biosynthesis of various nucleotide sugars,pathway,20,T2D,2,1195,0.7394991887688632,2.5288329277325152,0.7908786610878661,0.8914120591442937,False
hsa00561,Glycerolipid metabolism,pathway,66,NAFLD,5,319,0.07146119520329762,2.2277007724050364,2.2444666096703716,0.20466486306224438,False
hsa00561,Glycerolipid metabolism,pathway,66,Obesity,7,859,0.3933066848240073,5.998730293090678,1.1669136063781,0.6458889594816267,False
hsa00561,Glycerolipid metabolism,pathway,66,T2D,13,1195,0.06733047850178303,8.3451486615173,1.5577913021427665,0.12890006044726376,False
hsa00562,Inositol phosphate metabolism,pathway,78,Obesity,5,859,0.8488246971979067,7.089408528198074,0.7052774544043461,1.0,False
hsa00562,Inositol phosphate metabolism,pathway,78,PCOS,1,221,0.8432726952509672,1.8239339752407153,0.5482654600301659,1.0,False
hsa00562,Inositol phosphate metabolism,pathway,78,T2D,13,1195,0.18096409199462105,9.86244841815681,1.31813110181311,0.30698464267914194,False
hsa00563,Glycosylphosphatidylinositol (GPI)-anchor biosynthesis,pathway,30,NAFLD,1,319,0.6435944632794228,1.0125912601841076,0.9875653082549634,1.0,False
hsa00563,Glycosylphosphatidylinositol (GPI)-anchor biosynthesis,pathway,30,Obesity,1,859,0.9429189015518663,2.72669558776849,0.36674427629025996,1.0,False
hsa00563,Glycosylphosphatidylinositol (GPI)-anchor biosynthesis,pathway,30,T2D,1,1195,0.9827869489373436,3.793249391598773,0.263626220362622,1.0,False
hsa00564,Glycerophospholipid metabolism,pathway,105,NAFLD,6,319,0.14374327775525353,3.544069410644376,1.6929690998656517,0.350105620827165,False
hsa00564,Glycerophospholipid metabolism,pathway,105,Obesity,6,859,0.924566665139318,9.543434557189716,0.6287044736404457,1.0,False
hsa00564,Glycerophospholipid metabolism,pathway,105,PCOS,1,221,0.9177831491057499,2.455295735900963,0.4072829131652661,1.0,False
hsa00564,Glycerophospholipid metabolism,pathway,105,T2D,13,1195,0.5770510718246076,13.276372870595704,0.9791831042040247,0.7595010430632703,False
hsa00565,Ether lipid metabolism,pathway,52,NAFLD,3,319,0.25603583301263516,1.7551581843191197,1.7092476489028212,0.5153855498196275,False
hsa00565,Ether lipid metabolism,pathway,52,Obesity,2,859,0.9567068225565254,4.7262723521320495,0.4231664726426077,1.0,False
hsa00565,Ether lipid metabolism,pathway,52,T2D,6,1195,0.6576842506084339,6.574965612104539,0.9125523012552301,0.8319821968827539,False
hsa00590,Arachidonic acid metabolism,pathway,64,NAFLD,4,319,0.16946001460987636,2.1601946883927625,1.8516849529780566,0.39651428255121396,False
hsa00590,Arachidonic acid metabolism,pathway,64,Obesity,6,859,0.5313704355743503,5.816950587239446,1.0314682770663561,0.7860558771354073,False
hsa00590,Arachidonic acid metabolism,pathway,64,T2D,6,1195,0.8361624076163476,8.092265368744048,0.7414487447698745,0.9646840477470401,False
hsa00591,Linoleic acid metabolism,pathway,31,NAFLD,1,319,0.6556625416377571,1.0463443021902443,0.955708362827384,1.0,False
hsa00591,Linoleic acid metabolism,pathway,31,Obesity,2,859,0.7867804972414527,2.8175854406941063,0.7098276315295355,0.9905107242650923,False
hsa00591,Linoleic acid metabolism,pathway,31,T2D,4,1195,0.5634150006801129,3.919691037985398,1.0204885949520854,0.7442899270977137,False
hsa00592,alpha-Linolenic acid metabolism,pathway,27,NAFLD,3,319,0.06131657132499003,0.9113321341656968,3.291884360849878,0.1860282418164952,False
hsa00592,alpha-Linolenic acid metabolism,pathway,27,Obesity,2,859,0.7180846848809932,2.454026028991641,0.8149872806450222,0.9592325268186401,False
hsa00592,alpha-Linolenic acid metabolism,pathway,27,T2D,5,1195,0.250252717409008,3.4139244524388954,1.464590113125678,0.40538675489785003,False
hsa00600,Sphingolipid metabolism,pathway,55,Obesity,2,859,0.9659432249882747,4.998941910908899,0.40008466504392,1.0,False
hsa00600,Sphingolipid metabolism,pathway,55,T2D,5,1195,0.8417956661248396,6.954290551264417,0.7189806009889692,0.9659065656176045,False
hsa00601,Glycosphingolipid biosynthesis - lacto and neolacto series,pathway,28,Obesity,1,859,0.9308930047640898,2.5449158819172575,0.3929402960252786,1.0,False
hsa00601,Glycosphingolipid biosynthesis - lacto and neolacto series,pathway,28,T2D,2,1195,0.8856256120023884,3.5403660988255212,0.5649133293484758,0.9938995896453137,False
hsa00603,Glycosphingolipid biosynthesis - globo and isoglobo series,pathway,16,T2D,2,1195,0.6189133807780011,2.023066342186012,0.9885983263598327,0.7970179507860589,False
hsa00620,Pyruvate metabolism,pathway,50,NAFLD,2,319,0.5071472615554041,1.6876521003068459,1.1850783699059562,0.8728784597924744,False
hsa00620,Pyruvate metabolism,pathway,50,Obesity,3,859,0.8451472139153244,4.544492646280817,0.6601396973224679,1.0,False
hsa00620,Pyruvate metabolism,pathway,50,T2D,6,1195,0.6187126933504776,6.322082319331288,0.9490543933054394,0.7970179507860589,False
hsa00630,Glyoxylate and dicarboxylate metabolism,pathway,31,NAFLD,1,319,0.6556625416377571,1.0463443021902443,0.955708362827384,1.0,False
hsa00630,Glyoxylate and dicarboxylate metabolism,pathway,31,Obesity,1,859,0.94812351502888,2.8175854406941063,0.35491381576476777,1.0,False
hsa00630,Glyoxylate and dicarboxylate metabolism,pathway,31,T2D,3,1195,0.7699375345146965,3.919691037985398,0.765366446214064,0.9127074084644414,False
hsa00640,Propanoate metabolism,pathway,32,NAFLD,5,319,0.004038995907594078,1.0800973441963813,4.629212382445141,0.02126412551351,True
hsa00640,Propanoate metabolism,pathway,32,Obesity,1,859,0.9528540777242295,2.908475293619723,0.34382275902211873,1.0,False
hsa00640,Propanoate metabolism,pathway,32,T2D,5,1195,0.38048251423470214,4.046132684372024,1.2357479079497908,0.5699277828285496,False
hsa00650,Butanoate metabolism,pathway,27,NAFLD,1,319,0.6048015171469815,0.9113321341656968,1.0972947869499592,0.9932061611863274,False
hsa00650,Butanoate metabolism,pathway,27,Obesity,1,859,0.9239621339050533,2.454026028991641,0.4074936403225111,1.0,False
hsa00650,Butanoate metabolism,pathway,27,T2D,5,1195,0.250252717409008,3.4139244524388954,1.464590113125678,0.40538675489785003,False
hsa00660,C5-Branched dibasic acid metabolism,pathway,2,Obesity,1,859,0.173527484284018,0.18177970585123268,5.5011641443539,0.33579913174961323,False
hsa00670,One carbon pool by folate,pathway,39,NAFLD,4,319,0.041450506875405684,1.3163686382393398,3.0386624869383487,0.13868487347098352,False
hsa00670,One carbon pool by folate,pathway,39,Obesity,4,859,0.4787368536070194,3.544704264099037,1.1284439270469537,0.7387404896177282,False
hsa00670,One carbon pool by folate,pathway,39,PCOS,1,221,0.6033421688581917,0.9119669876203577,1.0965309200603317,1.0,False
hsa00670,One carbon pool by folate,pathway,39,T2D,4,1195,0.7445033678328039,4.931224209078405,0.8111576011157601,0.8914120591442937,False
hsa00730,Thiamine metabolism,pathway,15,Obesity,1,859,0.76079807348491,1.363347793884245,0.7334885525805199,0.9892213835411715,False
hsa00730,Thiamine metabolism,pathway,15,T2D,1,1195,0.8685744914667307,1.8966246957993864,0.527252440725244,0.9871418030002844,False
hsa00740,Riboflavin metabolism,pathway,8,NAFLD,1,319,0.2402684760647012,0.2700243360490953,3.703369905956113,0.4972029735905377,False
hsa00740,Riboflavin metabolism,pathway,8,Obesity,1,859,0.533551894256715,0.7271188234049307,1.375291036088475,0.7860558771354073,False
hsa00740,Riboflavin metabolism,pathway,8,T2D,2,1195,0.2682086732647755,1.011533171093006,1.9771966527196654,0.4248615266760603,False
hsa00750,Vitamin B6 metabolism,pathway,6,Obesity,1,859,0.43554400398000154,0.545339117553698,1.8337213814513,0.6989936949981818,False
hsa00750,Vitamin B6 metabolism,pathway,6,T2D,1,1195,0.5557251631293127,0.7586498783197545,1.3181311018131103,0.7368504014825702,False
hsa00760,Nicotinate and nicotinamide metabolism,pathway,38,NAFLD,3,319,0.1356937497688811,1.2826155962332029,2.3389704669196503,0.33734973900874604,False
hsa00760,Nicotinate and nicotinamide metabolism,pathway,38,Obesity,5,859,0.26045620169803413,3.4538144111734206,1.4476747748299736,0.47331634623297575,False
hsa00760,Nicotinate and nicotinamide metabolism,pathway,38,PCOS,3,221,0.05847408718969753,0.8885832187070152,3.376160990712074,0.18146586159670658,False
hsa00760,Nicotinate and nicotinamide metabolism,pathway,38,T2D,11,1195,0.005894886266899449,4.804782562691779,2.289385597885928,0.01563236506333335,True
hsa00770,Pantothenate and CoA biosynthesis,pathway,21,Obesity,3,859,0.29714957482961146,1.908686911437943,1.5717611841011143,0.5351680896681047,False
hsa00770,Pantothenate and CoA biosynthesis,pathway,21,T2D,6,1195,0.040931980078028396,2.655274574119141,2.259653317393903,0.08722410040437004,False
hsa00785,Lipoic acid metabolism,pathway,19,NAFLD,1,319,0.47952509113819564,0.6413077981166014,1.5593136446131002,0.8374145494023124,False
hsa00785,Lipoic acid metabolism,pathway,19,Obesity,1,859,0.8367222826051199,1.7269072055867103,0.5790699099319895,1.0,False
hsa00785,Lipoic acid metabolism,pathway,19,T2D,5,1195,0.08203789716970027,2.4023912813458894,2.0812596344417527,0.1537673674699094,False
hsa00790,Folate biosynthesis,pathway,28,Obesity,3,859,0.4744135190899952,2.5449158819172575,1.1788208880758357,0.7352382676805986,False
hsa00790,Folate biosynthesis,pathway,28,T2D,3,1195,0.7058331406191022,3.5403660988255212,0.8473699940227136,0.8713388425573745,False
hsa00830,Retinol metabolism,pathway,69,NAFLD,2,319,0.6820283200853303,2.3289598984234474,0.8587524419608377,1.0,False
hsa00830,Retinol metabolism,pathway,69,Obesity,1,859,0.9986394767125625,6.271399851867527,0.15945403316967827,1.0,False
hsa00830,Retinol metabolism,pathway,69,T2D,2,1195,0.9990502402096448,8.724473600677177,0.22924019161967132,1.0,False
hsa00860,Porphyrin metabolism,pathway,46,NAFLD,3,319,0.20216633595947803,1.5526399322822981,1.932192994411885,0.4514211666426242,False
hsa00860,Porphyrin metabolism,pathway,46,Obesity,3,859,0.8016436655772645,4.180933234578352,0.7175431492635521,0.9905107242650923,False
hsa00860,Porphyrin metabolism,pathway,46,T2D,2,1195,0.9849092452458396,5.816315733784784,0.343860287429507,1.0,False
hsa00900,Terpenoid backbone biosynthesis,pathway,24,NAFLD,2,319,0.19349990800109462,0.810073008147286,2.4689132706374086,0.4356790381408294,False
hsa00900,Terpenoid backbone biosynthesis,pathway,24,Obesity,2,859,0.6550505301173392,2.181356470214792,0.91686069072565,0.8984984282835533,False
hsa00900,Terpenoid backbone biosynthesis,pathway,24,PCOS,1,221,0.43366901248849293,0.5612104539202201,1.7818627450980393,0.8346962713488199,False
hsa00900,Terpenoid backbone biosynthesis,pathway,24,T2D,2,1195,0.825904192436699,3.034599513279018,0.6590655509065552,0.9646840477470401,False
hsa00910,Nitrogen metabolism,pathway,17,Obesity,3,859,0.19653683333514388,1.5451274997354778,1.941587345066082,0.3722761181692143,False
hsa00910,Nitrogen metabolism,pathway,17,PCOS,2,221,0.05879899426038537,0.39752407152682256,5.031141868512111,0.18146586159670658,False
hsa00910,Nitrogen metabolism,pathway,17,T2D,3,1195,0.3661563135497293,2.149507988572638,1.3956682254491755,0.5507729422302651,False
hsa00920,Sulfur metabolism,pathway,10,Obesity,2,859,0.22880318580482256,0.9088985292561633,2.20046565774156,0.4200591821442384,False
hsa00920,Sulfur metabolism,pathway,10,PCOS,1,221,0.21079499084720266,0.23383768913342504,4.276470588235294,0.48686843047289385,False
hsa00920,Sulfur metabolism,pathway,10,T2D,4,1195,0.028464345642514342,1.2644164638662576,3.1635146443514643,0.06449516291151984,False
hsa00970,Aminoacyl-tRNA biosynthesis,pathway,506,Obesity,3,859,1.0,45.990265580361864,0.06523119538759566,1.0,False
hsa00970,Aminoacyl-tRNA biosynthesis,pathway,506,T2D,1,1195,1.0,63.97947307163263,0.01563001306497759,1.0,False
hsa00980,Metabolism of xenobiotics by cytochrome P450,pathway,79,NAFLD,2,319,0.7517593919223088,2.6664903184848163,0.7500496012063014,1.0,False
hsa00980,Metabolism of xenobiotics by cytochrome P450,pathway,79,Obesity,5,859,0.856488394569494,7.1802983811236905,0.6963498916903671,1.0,False
hsa00980,Metabolism of xenobiotics by cytochrome P450,pathway,79,T2D,6,1195,0.9452888341254861,9.988890064543435,0.6006673375350882,1.0,False
hsa00982,Drug metabolism - cytochrome P450,pathway,73,NAFLD,2,319,0.7116636218755679,2.4639720664479947,0.8116975136342166,1.0,False
hsa00982,Drug metabolism - cytochrome P450,pathway,73,Obesity,2,859,0.9922541108544474,6.634959263569993,0.30143365174541914,1.0,False
hsa00982,Drug metabolism - cytochrome P450,pathway,73,T2D,6,1195,0.9134412885905192,9.23024018622368,0.6500372556886571,1.0,False
hsa00983,Drug metabolism - other enzymes,pathway,82,NAFLD,4,319,0.2997166415305358,2.7677494445032274,1.445217524275556,0.5768739659566227,False
hsa00983,Drug metabolism - other enzymes,pathway,82,Obesity,5,859,0.8775552684691271,7.45296793990054,0.6708736761407195,1.0,False
hsa00983,Drug metabolism - other enzymes,pathway,82,T2D,11,1195,0.46608080983560646,10.368215003703313,1.0609347892642105,0.6595135570005816,False
hsa01040,Biosynthesis of unsaturated fatty acids,pathway,27,NAFLD,2,319,0.2309991304993812,0.9113321341656968,2.1945895738999184,0.48645699246340274,False
hsa01040,Biosynthesis of unsaturated fatty acids,pathway,27,Obesity,4,859,0.22661338248294827,2.454026028991641,1.6299745612900445,0.41818345839636845,False
hsa01040,Biosynthesis of unsaturated fatty acids,pathway,27,T2D,6,1195,0.11682334254603707,3.4139244524388954,1.7575081357508135,0.2101646061883481,False
hsa01320,Sulfur cycle,pathway,2,Obesity,1,859,0.173527484284018,0.18177970585123268,5.5011641443539,0.33579913174961323,False
hsa01521,EGFR tyrosine kinase inhibitor resistance,pathway,80,NAFLD,7,319,0.01809577117240446,2.7002433604909535,2.5923589341692788,0.06819248504969258,False
hsa01521,EGFR tyrosine kinase inhibitor resistance,pathway,80,Obesity,18,859,0.00023590260541820935,7.271188234049307,2.4755238649592552,0.0011568922293112183,True
hsa01521,EGFR tyrosine kinase inhibitor resistance,pathway,80,PCOS,8,221,0.0005370602300537604,1.8707015130674003,4.276470588235294,0.0036871159030492534,True
hsa01521,EGFR tyrosine kinase inhibitor resistance,pathway,80,T2D,25,1195,9.730779787040154e-06,10.115331710930061,2.4714958158995812,7.411955667575267e-05,True
hsa01522,Endocrine resistance,pathway,99,NAFLD,9,319,0.0061214170466443755,3.3415511586075546,2.6933599316044456,0.030020100036968308,True
hsa01522,Endocrine resistance,pathway,99,Obesity,22,859,6.078943226259681e-05,8.998095439636018,2.4449618419350667,0.00034543836111126437,True
hsa01522,Endocrine resistance,pathway,99,PCOS,9,221,0.0004959651107034979,2.314993122420908,3.8877005347593583,0.003481480581016711,True
hsa01522,Endocrine resistance,pathway,99,T2D,26,1195,0.0001770306633652105,12.51772299227595,2.0770550695236887,0.0008177732858875747,True
hsa01523,Antifolate resistance,pathway,30,NAFLD,3,319,0.0791315666651819,1.0125912601841076,2.96269592476489,0.22306378634752064,False
hsa01523,Antifolate resistance,pathway,30,Obesity,7,859,0.015873324620496877,2.72669558776849,2.56720993403182,0.04178419275101384,True
hsa01523,Antifolate resistance,pathway,30,PCOS,5,221,0.0005907603849939084,0.7015130674002751,7.127450980392157,0.0038453130514148944,True
hsa01523,Antifolate resistance,pathway,30,T2D,9,1195,0.009612679952503773,3.793249391598773,2.3726359832635984,0.02406531065032413,True
hsa01524,Platinum drug resistance,pathway,75,NAFLD,8,319,0.0036432059665912238,2.5314781504602686,3.160208986415883,0.019738430565600602,True
hsa01524,Platinum drug resistance,pathway,75,Obesity,8,859,0.37238585883791636,6.816738969421225,1.173581684128832,0.6258879693144322,False
hsa01524,Platinum drug resistance,pathway,75,PCOS,3,221,0.25595190327341116,1.7537826685006876,1.7105882352941177,0.5553380689204921,False
hsa01524,Platinum drug resistance,pathway,75,T2D,14,1195,0.08540798160805955,9.483123478996932,1.4763068340306833,0.15925029904002772,False
hsa02010,ABC transporters,pathway,45,NAFLD,1,319,0.7874935899787256,1.5188868902761612,0.6583768721699756,1.0,False
hsa02010,ABC transporters,pathway,45,Obesity,3,859,0.7892815972678715,4.090043381652735,0.73348855258052,0.9905107242650923,False
hsa02010,ABC transporters,pathway,45,T2D,6,1195,0.5114030576515574,5.689874087398159,1.0545048814504883,0.6934935403002179,False
hsa03008,Ribosome biogenesis in eukaryotes,pathway,184,Obesity,1,859,0.9999999797221354,16.723732938313407,0.05979526243862934,1.0,False
hsa03008,Ribosome biogenesis in eukaryotes,pathway,184,T2D,3,1195,0.999999995183827,23.265262935139138,0.12894760778606512,1.0,False
hsa03010,Ribosome,pathway,229,NAFLD,1,319,0.9996511985809379,7.729446619405354,0.12937536789366333,1.0,False
hsa03010,Ribosome,pathway,229,Obesity,4,859,0.9999993876708748,20.81377631996614,0.1921804067896559,1.0,False
hsa03010,Ribosome,pathway,229,PCOS,2,221,0.9725483547257208,5.3548830811554335,0.37349088106858463,1.0,False
hsa03010,Ribosome,pathway,229,T2D,12,1195,0.9999522620014138,28.955137022537297,0.41443423288447134,1.0,False
hsa03013,Nucleocytoplasmic transport,pathway,108,NAFLD,1,319,0.9760021682738843,3.6453285366627872,0.2743236967374898,1.0,False
hsa03013,Nucleocytoplasmic transport,pathway,108,Obesity,5,859,0.9731793908558096,9.816104115966564,0.5093670504031389,1.0,False
hsa03013,Nucleocytoplasmic transport,pathway,108,T2D,7,1195,0.9876840530260714,13.655697809755582,0.5126065395939873,1.0,False
hsa03015,mRNA surveillance pathway,pathway,103,Obesity,4,859,0.9872082970171376,9.361654851338482,0.4272748849983612,1.0,False
hsa03015,mRNA surveillance pathway,pathway,103,T2D,8,1195,0.9580100648144466,13.023489577822453,0.6142746882235853,1.0,False
hsa03018,RNA degradation,pathway,78,Obesity,4,859,0.9328385398457283,7.089408528198074,0.5642219635234769,1.0,False
hsa03018,RNA degradation,pathway,78,T2D,2,1195,0.9996881334240136,9.86244841815681,0.20278940027894002,1.0,False
hsa03022,Basal transcription factors,pathway,44,Obesity,1,859,0.9850456993960908,3.9991535287271187,0.25005291565245,1.0,False
hsa03022,Basal transcription factors,pathway,44,T2D,3,1195,0.9294586586738964,5.563432441011533,0.539235450741727,1.0,False
hsa03030,DNA replication,pathway,36,Obesity,2,859,0.8516256429434413,3.2720347053221883,0.6112404604837666,1.0,False
hsa03030,DNA replication,pathway,36,T2D,3,1195,0.8510476753923004,4.551899269918527,0.659065550906555,0.970302763663833,False
hsa03040,Spliceosome,pathway,243,NAFLD,1,319,0.999786998767935,8.201989207491271,0.12192164299443992,1.0,False
hsa03040,Spliceosome,pathway,243,Obesity,6,859,0.9999938737054777,22.08623426092477,0.2716624268816741,1.0,False
hsa03040,Spliceosome,pathway,243,T2D,10,1195,0.9999988741944028,30.72532007195006,0.325464469583484,1.0,False
hsa03050,Proteasome,pathway,46,Obesity,2,859,0.9305667803259134,4.180933234578352,0.47836209950903474,1.0,False
hsa03050,Proteasome,pathway,46,T2D,3,1195,0.9419567788229846,5.816315733784784,0.5157904311442605,1.0,False
hsa03060,Protein export,pathway,31,NAFLD,1,319,0.6556625416377571,1.0463443021902443,0.955708362827384,1.0,False
hsa03060,Protein export,pathway,31,Obesity,1,859,0.94812351502888,2.8175854406941063,0.35491381576476777,1.0,False
hsa03060,Protein export,pathway,31,T2D,3,1195,0.7699375345146965,3.919691037985398,0.765366446214064,0.9127074084644414,False
hsa03082,ATP-dependent chromatin remodeling,pathway,117,NAFLD,3,319,0.7611668400964526,3.9491059147180194,0.7596656217345872,1.0,False
hsa03082,ATP-dependent chromatin remodeling,pathway,117,Obesity,6,859,0.9612225313431512,10.634112792297111,0.5642219635234769,1.0,False
hsa03082,ATP-dependent chromatin remodeling,pathway,117,PCOS,1,221,0.938316123993963,2.735900962861073,0.36551030668677725,1.0,False
hsa03082,ATP-dependent chromatin remodeling,pathway,117,T2D,11,1195,0.8890364918970767,14.793672627235214,0.7435611343561134,0.9946095753098546,False
hsa03083,Polycomb repressive complex,pathway,80,NAFLD,1,319,0.9366203866905538,2.7002433604909535,0.37033699059561126,1.0,False
hsa03083,Polycomb repressive complex,pathway,80,Obesity,7,859,0.5993197221914178,7.271188234049307,0.9627037252619325,0.8480492511641406,False
hsa03083,Polycomb repressive complex,pathway,80,T2D,16,1195,0.040509637060904845,10.115331710930061,1.5817573221757322,0.08684101837008344,False
hsa03250,Viral life cycle - HIV-1,pathway,73,NAFLD,3,319,0.44940337611272096,2.4639720664479947,1.217546270451325,0.8044320432417705,False
hsa03250,Viral life cycle - HIV-1,pathway,73,Obesity,7,859,0.4996622757090897,6.634959263569993,1.0550177811089672,0.7515928348901434,False
hsa03250,Viral life cycle - HIV-1,pathway,73,PCOS,1,221,0.8234202423405159,1.7070151306740027,0.5858178887993554,1.0,False
hsa03250,Viral life cycle - HIV-1,pathway,73,T2D,6,1195,0.9134412885905192,9.23024018622368,0.6500372556886571,1.0,False
hsa03260,Virion - Human immunodeficiency virus,pathway,5,NAFLD,2,319,0.010615014113207,0.1687652100306846,11.85078369905956,0.04470794179444831,True
hsa03260,Virion - Human immunodeficiency virus,pathway,5,Obesity,2,859,0.0685457253264145,0.45444926462808166,4.40093131548312,0.15147759053615054,False
hsa03260,Virion - Human immunodeficiency virus,pathway,5,PCOS,1,221,0.11159972743661524,0.11691884456671252,8.552941176470588,0.2981544956888676,False
hsa03260,Virion - Human immunodeficiency virus,pathway,5,T2D,2,1195,0.12310583056152084,0.6322082319331288,3.1635146443514643,0.2192631210996242,False
hsa03264,Virion - Flavivirus and Alphavirus,pathway,6,T2D,1,1195,0.5557251631293127,0.7586498783197545,1.3181311018131103,0.7368504014825702,False
hsa03265,"Virion - Ebolavirus, Lyssavirus and Morbillivirus",pathway,12,NAFLD,2,319,0.0599619786045391,0.405036504073643,4.937826541274817,0.18347340461901707,False
hsa03265,"Virion - Ebolavirus, Lyssavirus and Morbillivirus",pathway,12,Obesity,2,859,0.29892310538671985,1.090678235107396,1.8337213814513,0.5351680896681047,False
hsa03265,"Virion - Ebolavirus, Lyssavirus and Morbillivirus",pathway,12,T2D,2,1195,0.4596276458880894,1.517299756639509,1.3181311018131103,0.6555645307885897,False
hsa03266,Virion - Herpesvirus,pathway,9,NAFLD,1,319,0.2659334507692823,0.30377737805523225,3.291884360849878,0.5289120854189059,False
hsa03266,Virion - Herpesvirus,pathway,9,Obesity,1,859,0.5759832108757429,0.8180086763305471,1.2224809209675331,0.8248079579740638,False
hsa03266,Virion - Herpesvirus,pathway,9,T2D,1,1195,0.7039345767565954,1.1379748174796318,0.8787540678754068,0.8713388425573745,False
hsa03272,Virion - Hepatitis viruses,pathway,48,NAFLD,3,319,0.2198434992560665,1.620146016294572,1.8516849529780564,0.4684760281766179,False
hsa03272,Virion - Hepatitis viruses,pathway,48,Obesity,3,859,0.824544322138817,4.362712940429584,0.6876455180442375,0.9958533574321762,False
hsa03272,Virion - Hepatitis viruses,pathway,48,PCOS,1,221,0.6797392661051209,1.1224209078404401,0.8909313725490197,1.0,False
hsa03272,Virion - Hepatitis viruses,pathway,48,T2D,3,1195,0.9523744449477344,6.069199026558036,0.49429916317991635,1.0,False
hsa03273,Virion - Lassa virus and SFTS virus,pathway,17,NAFLD,1,319,0.44245515218305775,0.5738017141043276,1.7427623086852297,0.7959745953845963,False
hsa03273,Virion - Lassa virus and SFTS virus,pathway,17,Obesity,3,859,0.19653683333514388,1.5451274997354778,1.941587345066082,0.3722761181692143,False
hsa03273,Virion - Lassa virus and SFTS virus,pathway,17,T2D,3,1195,0.3661563135497293,2.149507988572638,1.3956682254491755,0.5507729422302651,False
hsa03320,PPAR signaling pathway,pathway,77,NAFLD,17,319,4.896831200354173e-10,2.5989842344725425,6.541016976753654,9.739253165148856e-09,True
hsa03320,PPAR signaling pathway,pathway,77,Obesity,12,859,0.044184441418467,6.998518675272458,1.7146485644739426,0.10271448070007265,False
hsa03320,PPAR signaling pathway,pathway,77,PCOS,5,221,0.03393713061445625,1.8005502063273728,2.7769289533995414,0.11682204576899363,False
hsa03320,PPAR signaling pathway,pathway,77,T2D,21,1195,0.0004166689402441742,9.736006771770183,2.1569418029669074,0.0016574164511934928,True
hsa03410,Base excision repair,pathway,44,NAFLD,1,319,0.7800343530952762,1.4851338482700243,0.6733399829011114,1.0,False
hsa03410,Base excision repair,pathway,44,Obesity,3,859,0.7762863083158755,3.9991535287271187,0.75015874695735,0.9905107242650923,False
hsa03410,Base excision repair,pathway,44,PCOS,2,221,0.2749800609087542,1.0288858321870702,1.9438502673796791,0.5825021408599645,False
hsa03410,Base excision repair,pathway,44,T2D,2,1195,0.9809505081115898,5.563432441011533,0.3594903004944846,1.0,False
hsa03420,Nucleotide excision repair,pathway,63,Obesity,3,859,0.9343567790636429,5.726060734313829,0.5239203947003714,1.0,False
hsa03420,Nucleotide excision repair,pathway,63,T2D,3,1195,0.9899604860891678,7.965823722357422,0.3766088862323172,1.0,False
hsa03430,Mismatch repair,pathway,23,Obesity,1,859,0.8885666060629184,2.090466617289176,0.47836209950903474,1.0,False
hsa03430,Mismatch repair,pathway,23,PCOS,1,221,0.42007510043896085,0.5378266850068776,1.8593350383631713,0.8129020862548539,False
hsa03430,Mismatch repair,pathway,23,T2D,1,1195,0.955533950811183,2.908157866892392,0.343860287429507,1.0,False
hsa03440,Homologous recombination,pathway,138,NAFLD,1,319,0.9915503676671905,4.657919796846895,0.21468811049020942,1.0,False
hsa03440,Homologous recombination,pathway,138,Obesity,13,859,0.4891691194629241,12.542799703735055,1.0364512156029086,0.7452023181605397,False
hsa03440,Homologous recombination,pathway,138,PCOS,3,221,0.6305435364324721,3.2269601100412655,0.9296675191815856,1.0,False
hsa03440,Homologous recombination,pathway,138,T2D,5,1195,0.9999430147738554,17.448947201354354,0.2865502395245892,1.0,False
hsa03450,Non-homologous end-joining,pathway,13,T2D,1,1195,0.8277038059547202,1.6437414030261348,0.6083682008368201,0.9646840477470401,False
hsa03460,Fanconi anemia pathway,pathway,54,NAFLD,2,319,0.5487118601515681,1.8226642683313936,1.0972947869499592,0.9179385324030906,False
hsa03460,Fanconi anemia pathway,pathway,54,Obesity,3,859,0.8801228831216809,4.908052057983282,0.6112404604837667,1.0,False
hsa03460,Fanconi anemia pathway,pathway,54,T2D,4,1195,0.9235407674415035,6.827848904877791,0.5858360452502712,1.0,False
hsa04010,MAPK signaling pathway,pathway,301,NAFLD,23,319,0.00021164760828714077,10.159665643847212,2.2638540288901154,0.00189424609416991,True
hsa04010,MAPK signaling pathway,pathway,301,Obesity,54,859,7.359705164029093e-07,27.357845730610517,1.9738396265455853,6.7024855562142785e-06,True
hsa04010,MAPK signaling pathway,pathway,301,PCOS,15,221,0.004675573548478748,7.038514442916093,2.1311315223763927,0.022024412241518316,True
hsa04010,MAPK signaling pathway,pathway,301,T2D,66,1195,3.6399969531035482e-06,38.05893556237435,1.734152545906949,3.0305090911885356e-05,True
hsa04012,ErbB signaling pathway,pathway,86,NAFLD,6,319,0.07013577290217768,2.9027616125277746,2.066997156812714,0.20248876370144844,False
hsa04012,ErbB signaling pathway,pathway,86,Obesity,16,859,0.004216865358189543,7.816527351603005,2.0469447978991253,0.014108764469456603,True
hsa04012,ErbB signaling pathway,pathway,86,PCOS,4,221,0.14188107433955488,2.0110041265474554,1.9890560875512995,0.36542032096086796,False
hsa04012,ErbB signaling pathway,pathway,86,T2D,21,1195,0.001962768459722287,10.873981589249814,1.931215335214557,0.006446523931931915,True
hsa04014,Ras signaling pathway,pathway,239,NAFLD,15,319,0.015415131606001276,8.066977039466723,1.8594325887645755,0.06046647039255592,False
hsa04014,Ras signaling pathway,pathway,239,Obesity,34,859,0.005587010800738161,21.722674849222305,1.565184777473076,0.01739260753621097,True
hsa04014,Ras signaling pathway,pathway,239,PCOS,10,221,0.05395350245319243,5.588720770288858,1.7893182377553534,0.16943292875651658,False
hsa04014,Ras signaling pathway,pathway,239,T2D,47,1195,0.0012031058126637142,30.219553486403555,1.5552843962815777,0.0041414603935924004,True
hsa04015,Rap1 signaling pathway,pathway,212,NAFLD,18,319,0.0002920794785194863,7.155644905301027,2.515496539894718,0.0024896298407137162,True
hsa04015,Rap1 signaling pathway,pathway,212,Obesity,33,859,0.0014715437500037191,19.268648820230663,1.7126265732422519,0.0056646522849605535,True
hsa04015,Rap1 signaling pathway,pathway,212,PCOS,11,221,0.011005974750792995,4.957359009628611,2.218923418423973,0.045288953572228646,True
hsa04015,Rap1 signaling pathway,pathway,212,T2D,44,1195,0.0005350793679824066,26.80562903396466,1.6414462777295333,0.0020164043551337005,True
hsa04020,Calcium signaling pathway,pathway,254,NAFLD,16,319,0.01218156105873867,8.573272669558778,1.8662651494581985,0.04955680521623232,True
hsa04020,Calcium signaling pathway,pathway,254,Obesity,59,859,7.009701273150333e-12,23.08602264310655,2.5556589332037802,1.2547365278939097e-10,True
hsa04020,Calcium signaling pathway,pathway,254,PCOS,7,221,0.38365700871489233,5.939477303988996,1.1785548865215378,0.7588354095023837,False
hsa04020,Calcium signaling pathway,pathway,254,T2D,59,1195,1.740964032496529e-06,32.116178182202944,1.8370803544954368,1.581040413387589e-05,True
hsa04022,cGMP-PKG signaling pathway,pathway,166,NAFLD,12,319,0.010437647610800356,5.603004973018728,2.1417078974204027,0.04470794179444831,True
hsa04022,cGMP-PKG signaling pathway,pathway,166,Obesity,47,859,5.721719837844888e-13,15.087715585652312,3.1151170455979917,1.2049268834991e-11,True
hsa04022,cGMP-PKG signaling pathway,pathway,166,PCOS,8,221,0.040943648392315304,3.8817056396148555,2.06094968107725,0.13698902920045683,False
hsa04022,cGMP-PKG signaling pathway,pathway,166,T2D,51,1195,5.228838564231895e-10,20.989313300179877,2.42980793466754,8.508746390886449e-09,True
hsa04024,cAMP signaling pathway,pathway,226,NAFLD,18,319,0.0006312231776731512,7.628187493386943,2.3596693206092048,0.004707872866812253,True
hsa04024,cAMP signaling pathway,pathway,226,Obesity,73,859,2.8354566612234085e-23,20.541106761189294,3.5538494029896874,1.691822474529967e-21,True
hsa04024,cAMP signaling pathway,pathway,226,PCOS,20,221,3.010052150779213e-07,5.284731774415405,3.784487246225924,5.3879933498947915e-06,True
hsa04024,cAMP signaling pathway,pathway,226,T2D,68,1195,1.93357560485569e-12,28.57581208337742,2.3796349094679154,3.8456670363240946e-11,True
hsa04060,Cytokine-cytokine receptor interaction,pathway,298,NAFLD,21,319,0.0011392076048273656,10.058406517828802,2.087805853022238,0.007031660733244774,True
hsa04060,Cytokine-cytokine receptor interaction,pathway,298,Obesity,51,859,6.1883735579216324e-06,27.08517617183367,1.8829488010875763,4.430875467471889e-05,True
hsa04060,Cytokine-cytokine receptor interaction,pathway,298,PCOS,22,221,1.7021264326512804e-06,6.968363136176066,3.1571259376233716,2.7698239222234474e-05,True
hsa04060,Cytokine-cytokine receptor interaction,pathway,298,T2D,49,1195,0.03085352633800349,37.67961062321447,1.3004380668894444,0.06946894609437264,False
hsa04061,Viral protein interaction with cytokine and cytokine receptor,pathway,100,NAFLD,6,319,0.12174424766155456,3.3753042006136917,1.7776175548589341,0.3141088624508029,False
hsa04061,Viral protein interaction with cytokine and cytokine receptor,pathway,100,Obesity,13,859,0.11912076257799181,9.088985292561635,1.4303026775320138,0.2409335197905145,False
hsa04061,Viral protein interaction with cytokine and cytokine receptor,pathway,100,PCOS,5,221,0.08486016067647803,2.33837689133425,2.138235294117647,0.2430395001774331,False
hsa04061,Viral protein interaction with cytokine and cytokine receptor,pathway,100,T2D,13,1195,0.5025223945189558,12.644164638662575,1.028142259414226,0.6892835909493722,False
hsa04062,Chemokine signaling pathway,pathway,193,NAFLD,6,319,0.6390638235317976,6.514337107184425,0.921045365211883,1.0,False
hsa04062,Chemokine signaling pathway,pathway,193,Obesity,23,859,0.10759748031176268,17.541741614643954,1.3111582934729502,0.2201137025806345,False
hsa04062,Chemokine signaling pathway,pathway,193,PCOS,7,221,0.16632673730725334,4.513067400275103,1.551051508686376,0.41350674969442147,False
hsa04062,Chemokine signaling pathway,pathway,193,T2D,27,1195,0.3158651204537879,24.40323775261877,1.1064105621436469,0.48952256762968,False
hsa04064,NF-kappa B signaling pathway,pathway,105,NAFLD,7,319,0.0643092726572751,3.544069410644376,1.975130616509927,0.19185599676087073,False
hsa04064,NF-kappa B signaling pathway,pathway,105,Obesity,17,859,0.013315535526171863,9.543434557189716,1.7813293419812626,0.0361133463512843,True
hsa04064,NF-kappa B signaling pathway,pathway,105,PCOS,5,221,0.09940886438057189,2.455295735900963,2.0364145658263304,0.2752330642364512,False
hsa04064,NF-kappa B signaling pathway,pathway,105,T2D,22,1195,0.01095372673933557,13.276372870595704,1.6570790994221956,0.027044373604704373,True
hsa04066,HIF-1 signaling pathway,pathway,110,NAFLD,14,319,1.8434132110525627e-05,3.7128346206750606,3.7707039042462243,0.00021288449340542496,True
hsa04066,HIF-1 signaling pathway,pathway,110,Obesity,26,859,4.0546168352995095e-06,9.997883821817798,2.60055032278548,3.155549623993966e-05,True
hsa04066,HIF-1 signaling pathway,pathway,110,PCOS,11,221,4.9831415847076044e-05,2.5722145804676755,4.276470588235294,0.0004694643914014006,True
hsa04066,HIF-1 signaling pathway,pathway,110,T2D,35,1195,1.037588033635798e-07,13.908581102528833,2.516432103461392,1.160801612630049e-06,True
hsa04068,FoxO signaling pathway,pathway,133,NAFLD,13,319,0.0005398999772787607,4.48915458681621,2.8958681971386144,0.0041124296141658795,True
hsa04068,FoxO signaling pathway,pathway,133,Obesity,35,859,4.640317158360047e-09,12.088350439106973,2.8953495496599473,6.921806427887071e-08,True
hsa04068,FoxO signaling pathway,pathway,133,PCOS,11,221,0.0002756745188742024,3.110041265474553,3.5369305616983637,0.002099818675680095,True
hsa04068,FoxO signaling pathway,pathway,133,T2D,38,1195,6.691649918931909e-07,16.816738969421227,2.259653317393903,6.474623435074658e-06,True
hsa04070,Phosphatidylinositol signaling system,pathway,98,Obesity,7,859,0.7989737342183033,8.9072055867104,0.7858805920505572,0.9905107242650923,False
hsa04070,Phosphatidylinositol signaling system,pathway,98,PCOS,1,221,0.9027970001506974,2.2916093535075652,0.436374549819928,1.0,False
hsa04070,Phosphatidylinositol signaling system,pathway,98,T2D,18,1195,0.06449430384941282,12.391281345889324,1.4526342754675092,0.12480519339507994,False
hsa04071,Sphingolipid signaling pathway,pathway,125,NAFLD,6,319,0.24684888362415616,4.2191302507671145,1.4220940438871474,0.5049822876425595,False
hsa04071,Sphingolipid signaling pathway,pathway,125,Obesity,17,859,0.05969491732328968,11.361231615702042,1.4963166472642608,0.13273776647042054,False
hsa04071,Sphingolipid signaling pathway,pathway,125,PCOS,7,221,0.027174366796397474,2.922971114167813,2.394823529411765,0.09926962564398262,False
hsa04071,Sphingolipid signaling pathway,pathway,125,T2D,24,1195,0.02295479399714877,15.805205798328219,1.518487029288703,0.05371121732666183,False
hsa04072,Phospholipase D signaling pathway,pathway,149,NAFLD,9,319,0.06508994486164085,5.029203258914401,1.7895478740190611,0.19258016744187956,False
hsa04072,Phospholipase D signaling pathway,pathway,149,Obesity,19,859,0.08181682545631017,13.542588085916835,1.4029814596338805,0.17434775900808952,False
hsa04072,Phospholipase D signaling pathway,pathway,149,PCOS,5,221,0.2695834851905838,3.484181568088033,1.4350572443742597,0.5744695696323154,False
hsa04072,Phospholipase D signaling pathway,pathway,149,T2D,30,1195,0.006109327930497851,18.839805311607236,1.592373143129932,0.016081907346457577,True
hsa04080,Neuroactive ligand-receptor interaction,pathway,371,NAFLD,20,319,0.026117510202040797,12.522378584276796,1.5971406602506149,0.0954088637992919,False
hsa04080,Neuroactive ligand-receptor interaction,pathway,371,Obesity,120,859,3.896224832889025e-38,33.72013543540366,3.5587045677761076,4.64949496724757e-36,True
hsa04080,Neuroactive ligand-receptor interaction,pathway,371,PCOS,48,221,4.24877167284776e-23,8.67537826685007,5.532899952433803,1.1700463529842292e-21,True
hsa04080,Neuroactive ligand-receptor interaction,pathway,371,T2D,97,1195,5.281376625724564e-13,46.909850809438154,2.067795960256685,1.1817080200058713e-11,True
hsa04081,Hormone signaling,pathway,219,NAFLD,22,319,4.483303261738977e-06,7.391916199343985,2.9762242166587938,5.9445280285279765e-05,True
hsa04081,Hormone signaling,pathway,219,Obesity,68,859,1.1524812688176687e-20,19.90487779070998,3.4162480531147503,5.157353677959067e-19,True
hsa04081,Hormone signaling,pathway,219,PCOS,31,221,3.512514668789909e-16,5.121045392022008,6.053451517593339,7.859251571417422e-15,True
hsa04081,Hormone signaling,pathway,219,T2D,71,1195,9.484147281893194e-15,27.69072055867104,2.5640358418830362,2.8294372724314694e-13,True
hsa04082,Neuroactive ligand signaling,pathway,199,NAFLD,4,319,0.9084407430865615,6.716855359221246,0.5955167687969629,1.0,False
hsa04082,Neuroactive ligand signaling,pathway,199,Obesity,87,859,2.652531389364289e-39,18.087080732197652,4.810063121193862,4.748031186962077e-37,True
hsa04082,Neuroactive ligand signaling,pathway,199,PCOS,32,221,2.327197115217701e-18,4.653370013755159,6.87673662429796,5.554243781652914e-17,True
hsa04082,Neuroactive ligand signaling,pathway,199,T2D,65,1195,8.895067188644127e-14,25.161887630938526,2.583272008578457,2.2745957525247123e-12,True
hsa04110,Cell cycle,pathway,158,NAFLD,3,319,0.9065016137677335,5.332980636969633,0.562537200904726,1.0,False
hsa04110,Cell cycle,pathway,158,Obesity,22,859,0.02838422503489067,14.360596762247381,1.5319697617188075,0.06959967508555383,False
hsa04110,Cell cycle,pathway,158,PCOS,3,221,0.7194640847821495,3.6946354883081156,0.81198808637379,1.0,False
hsa04110,Cell cycle,pathway,158,T2D,27,1195,0.0619598465915596,19.97778012908687,1.3515015094539484,0.12158531035049043,False
hsa04114,Oocyte meiosis,pathway,138,NAFLD,3,319,0.850065017939939,4.657919796846895,0.6440643314706282,1.0,False
hsa04114,Oocyte meiosis,pathway,138,Obesity,22,859,0.006418086419772622,12.542799703735055,1.7539943648664609,0.019308192758643684,True
hsa04114,Oocyte meiosis,pathway,138,PCOS,5,221,0.22148187597025593,3.2269601100412655,1.5494458653026428,0.5050351057156154,False
hsa04114,Oocyte meiosis,pathway,138,T2D,18,1195,0.4822235760112552,17.448947201354354,1.031580862288521,0.6702288645844596,False
hsa04115,p53 signaling pathway,pathway,75,NAFLD,8,319,0.0036432059665912238,2.5314781504602686,3.160208986415883,0.019738430565600602,True
hsa04115,p53 signaling pathway,pathway,75,Obesity,11,859,0.07531790984973806,6.816738969421225,1.613674815677144,0.1644134861354038,False
hsa04115,p53 signaling pathway,pathway,75,PCOS,5,221,0.030761915450933583,1.7537826685006876,2.850980392156863,0.11070970997325885,False
hsa04115,p53 signaling pathway,pathway,75,T2D,15,1195,0.04631271051729824,9.483123478996932,1.5817573221757322,0.09695877406545479,False
hsa04120,Ubiquitin mediated proteolysis,pathway,142,NAFLD,3,319,0.8632968106584055,4.792931964871443,0.6259216742461036,1.0,False
hsa04120,Ubiquitin mediated proteolysis,pathway,142,Obesity,13,859,0.5320900131201944,12.90635911543752,1.007255406712686,0.7860558771354073,False
hsa04120,Ubiquitin mediated proteolysis,pathway,142,T2D,22,1195,0.18178978840217344,17.954713786900857,1.2253049678826093,0.30698464267914194,False
hsa04122,Sulfur relay system,pathway,8,Obesity,1,859,0.533551894256715,0.7271188234049307,1.375291036088475,0.7860558771354073,False
hsa04122,Sulfur relay system,pathway,8,T2D,1,1195,0.6610395499893948,1.011533171093006,0.9885983263598327,0.8332822496345188,False
hsa04130,SNARE interactions in vesicular transport,pathway,33,Obesity,3,859,0.5877404195848965,2.999365146545339,1.0002116626098,0.8382911163800516,False
hsa04130,SNARE interactions in vesicular transport,pathway,33,T2D,3,1195,0.805984492023025,4.17257433075865,0.7189806009889692,0.9491527899481677,False
hsa04136,Autophagy - other,pathway,32,NAFLD,1,319,0.6673232262680706,1.0800973441963813,0.9258424764890283,1.0,False
hsa04136,Autophagy - other,pathway,32,Obesity,3,859,0.5663468837675472,2.908475293619723,1.0314682770663561,0.8156536052816206,False
hsa04136,Autophagy - other,pathway,32,PCOS,1,221,0.5315976664127962,0.7482806052269602,1.3363970588235292,0.9468256944068708,False
hsa04136,Autophagy - other,pathway,32,T2D,6,1195,0.21103487968840282,4.046132684372024,1.482897489539749,0.35139761362068933,False
hsa04137,Mitophagy - animal,pathway,105,NAFLD,6,319,0.14374327775525353,3.544069410644376,1.6929690998656517,0.350105620827165,False
hsa04137,Mitophagy - animal,pathway,105,Obesity,11,859,0.35678852248077614,9.543434557189716,1.1526248683408171,0.6111497179335783,False
hsa04137,Mitophagy - animal,pathway,105,PCOS,2,221,0.7087274812336182,2.455295735900963,0.8145658263305322,1.0,False
hsa04137,Mitophagy - animal,pathway,105,T2D,16,1195,0.24917386519226242,13.276372870595704,1.205148435943415,0.40538675489785003,False
hsa04140,Autophagy - animal,pathway,169,NAFLD,8,319,0.21190018662832202,5.704264099037139,1.4024596093561612,0.46256260251792247,False
hsa04140,Autophagy - animal,pathway,169,Obesity,26,859,0.00523762848470047,15.360385144429161,1.6926658905704308,0.016851584153140375,True
hsa04140,Autophagy - animal,pathway,169,PCOS,7,221,0.10135515023867535,3.951856946354883,1.7713191785589975,0.2769858304232502,False
hsa04140,Autophagy - animal,pathway,169,T2D,36,1195,0.0010148220067171757,21.368638239339752,1.6847119407788864,0.003561826258870088,True
hsa04141,Protein processing in endoplasmic reticulum,pathway,175,NAFLD,5,319,0.7092370073566162,5.906782351073961,0.8464845499328257,1.0,False
hsa04141,Protein processing in endoplasmic reticulum,pathway,175,Obesity,12,859,0.8822507712546989,15.90572426198286,0.7544453683685348,1.0,False
hsa04141,Protein processing in endoplasmic reticulum,pathway,175,T2D,21,1195,0.6365974886617736,22.127288117659507,0.9490543933054393,0.8168526915444979,False
hsa04142,Lysosome biogenesis,pathway,250,NAFLD,5,319,0.928927146953418,8.438260501534229,0.5925391849529781,1.0,False
hsa04142,Lysosome biogenesis,pathway,250,Obesity,19,859,0.826168846808258,22.722463231404085,0.8361769499417928,0.9958533574321762,False
hsa04142,Lysosome biogenesis,pathway,250,PCOS,1,221,0.9975104760000656,5.845942228335626,0.17105882352941176,1.0,False
hsa04142,Lysosome biogenesis,pathway,250,T2D,32,1195,0.4993792163673946,31.610411596656437,1.0123246861924686,0.687606767152028,False
hsa04144,Endocytosis,pathway,250,NAFLD,7,319,0.7452571361750643,8.438260501534229,0.8295548589341694,1.0,False
hsa04144,Endocytosis,pathway,250,Obesity,13,859,0.9925749847268796,22.722463231404085,0.5721210710128056,1.0,False
hsa04144,Endocytosis,pathway,250,PCOS,1,221,0.9975104760000656,5.845942228335626,0.17105882352941176,1.0,False
hsa04144,Endocytosis,pathway,250,T2D,27,1195,0.8378541713317459,31.610411596656437,0.8541489539748954,0.9646840477470401,False
hsa04145,Phagocytosis,pathway,260,NAFLD,16,319,0.01494104094827248,8.775790921595599,1.8231974921630094,0.06009991752226459,False
hsa04145,Phagocytosis,pathway,260,Obesity,22,859,0.671385641909795,23.631361760660248,0.9309662398137369,0.9104396204685856,False
hsa04145,Phagocytosis,pathway,260,PCOS,6,221,0.5714410264809574,6.079779917469051,0.9868778280542986,1.0,False
hsa04145,Phagocytosis,pathway,260,T2D,43,1195,0.03780908836649472,32.874828060522695,1.3079916317991631,0.08253447338539702,False
hsa04146,Peroxisome,pathway,83,NAFLD,2,319,0.7757510265702732,2.801502486509364,0.7139026324734675,1.0,False
hsa04146,Peroxisome,pathway,83,Obesity,6,859,0.7775294182623969,7.543857792826156,0.7953490329186361,0.9905107242650923,False
hsa04146,Peroxisome,pathway,83,PCOS,1,221,0.8609021411837461,1.9408528198074277,0.5152374202693125,1.0,False
hsa04146,Peroxisome,pathway,83,T2D,9,1195,0.7382459666267126,10.494656650089938,0.8575792710591319,0.8914120591442937,False
hsa04148,Efferocytosis,pathway,158,NAFLD,14,319,0.0008960147422519503,5.332980636969633,2.625173604222055,0.005728094245110682,True
hsa04148,Efferocytosis,pathway,158,Obesity,29,859,0.00018147609556467357,14.360596762247381,2.0194146859020647,0.0009023394751687936,True
hsa04148,Efferocytosis,pathway,158,PCOS,5,221,0.31048659162698117,3.6946354883081156,1.35331347728965,0.6388172402440188,False
hsa04148,Efferocytosis,pathway,158,T2D,37,1195,0.00012168307356592753,19.97778012908687,1.8520576240665219,0.0005886829775216493,True
hsa04150,mTOR signaling pathway,pathway,158,NAFLD,9,319,0.08665741373076871,5.332980636969633,1.687611602714178,0.23681949706576488,False
hsa04150,mTOR signaling pathway,pathway,158,Obesity,22,859,0.02838422503489067,14.360596762247381,1.5319697617188075,0.06959967508555383,False
hsa04150,mTOR signaling pathway,pathway,158,PCOS,9,221,0.011796318968572505,3.6946354883081156,2.43596425912137,0.04798957034941997,True
hsa04150,mTOR signaling pathway,pathway,158,T2D,33,1195,0.0022670294398124007,19.97778012908687,1.6518351782214924,0.007311680535611167,True
hsa04151,PI3K-Akt signaling pathway,pathway,362,NAFLD,29,319,1.3001679454904718e-05,12.218601206221564,2.3734304369663484,0.00015515337482852965,True
hsa04151,PI3K-Akt signaling pathway,pathway,362,Obesity,59,859,5.760812475552881e-06,32.90212675907311,1.7931971520269618,4.296605971349857e-05,True
hsa04151,PI3K-Akt signaling pathway,pathway,362,PCOS,19,221,0.0008196530046514157,8.464924346629987,2.2445563860903475,0.005239924565450122,True
hsa04151,PI3K-Akt signaling pathway,pathway,362,T2D,75,1195,7.304740323916993e-06,45.771875991958524,1.6385607619223745,5.684993556439747e-05,True
hsa04152,AMPK signaling pathway,pathway,122,NAFLD,22,319,9.003061517344465e-11,4.117871124748704,5.342566421707179,2.014435014505824e-09,True
hsa04152,AMPK signaling pathway,pathway,122,Obesity,28,859,3.234411249001113e-06,11.088562056925193,2.5251245252772,2.5731538380942185e-05,True
hsa04152,AMPK signaling pathway,pathway,122,PCOS,12,221,2.6727345912245943e-05,2.8528198074277853,4.206364513018323,0.00026578860657177906,True
hsa04152,AMPK signaling pathway,pathway,122,T2D,44,1195,2.365349604414578e-11,15.425880859168341,2.852349269497222,4.4568166230548364e-10,True
hsa04156,Integrated stress response (ISR) signaling pathway,pathway,72,NAFLD,4,319,0.22502160543686975,2.430219024441858,1.645942180424939,0.47667298666508506,False
hsa04156,Integrated stress response (ISR) signaling pathway,pathway,72,Obesity,5,859,0.7954941784546812,6.544069410644377,0.7640505756047082,0.9905107242650923,False
hsa04156,Integrated stress response (ISR) signaling pathway,pathway,72,PCOS,2,221,0.504982661306474,1.6836313617606602,1.1879084967320261,0.9255522737564238,False
hsa04156,Integrated stress response (ISR) signaling pathway,pathway,72,T2D,8,1195,0.7053947227632371,9.103798539837054,0.8787540678754068,0.8713388425573745,False
hsa04210,Apoptosis,pathway,138,NAFLD,14,319,0.00022584304379837846,4.657919796846895,3.005633546862932,0.001971995358044378,True
hsa04210,Apoptosis,pathway,138,Obesity,17,859,0.1211336079383261,12.542799703735055,1.355359281942265,0.24362826765124015,False
hsa04210,Apoptosis,pathway,138,PCOS,5,221,0.22148187597025593,3.2269601100412655,1.5494458653026428,0.5050351057156154,False
hsa04210,Apoptosis,pathway,138,T2D,25,1195,0.03919684603638078,17.448947201354354,1.432751197622946,0.08504527806681406,False
hsa04211,Longevity regulating pathway,pathway,90,NAFLD,15,319,2.802316644706138e-07,3.0377737805523224,4.937826541274817,4.361866777412163e-06,True
hsa04211,Longevity regulating pathway,pathway,90,Obesity,25,859,2.4182310280535433e-07,8.18008676330547,3.0562023024188334,2.8857556934772286e-06,True
hsa04211,Longevity regulating pathway,pathway,90,PCOS,11,221,7.323440308708521e-06,2.1045392022008254,5.226797385620915,8.45739235650855e-05,True
hsa04211,Longevity regulating pathway,pathway,90,T2D,33,1195,4.61616031774595e-09,11.379748174796317,2.8998884239888425,6.885772473971043e-08,True
hsa04213,Longevity regulating pathway - multiple species,pathway,62,NAFLD,11,319,5.944410181313442e-06,2.0926886043804886,5.256395995550612,7.600353017536472e-05,True
hsa04213,Longevity regulating pathway - multiple species,pathway,62,Obesity,16,859,9.413838475867559e-05,5.635170881388213,2.839310526118142,0.0005184852575939363,True
hsa04213,Longevity regulating pathway - multiple species,pathway,62,PCOS,7,221,0.0005733023221851124,1.4497936726272351,4.8282732447817835,0.003800782061893893,True
hsa04213,Longevity regulating pathway - multiple species,pathway,62,T2D,25,1195,3.8228803193763364e-08,7.839382075970796,3.1890268592252666,4.719279842540443e-07,True
hsa04215,Apoptosis - multiple species,pathway,32,NAFLD,4,319,0.02174675376759746,1.0800973441963813,3.703369905956113,0.08026121493608133,False
hsa04215,Apoptosis - multiple species,pathway,32,Obesity,3,859,0.5663468837675472,2.908475293619723,1.0314682770663561,0.8156536052816206,False
hsa04215,Apoptosis - multiple species,pathway,32,T2D,6,1195,0.21103487968840282,4.046132684372024,1.482897489539749,0.35139761362068933,False
hsa04216,Ferroptosis,pathway,42,NAFLD,4,319,0.05219514622859617,1.4176277642577506,2.8216151664427525,0.16683805669497703,False
hsa04216,Ferroptosis,pathway,42,Obesity,5,859,0.33352186018059177,3.817373822875886,1.3098009867509286,0.5768155842736804,False
hsa04216,Ferroptosis,pathway,42,PCOS,1,221,0.6306354200991207,0.9821182943603851,1.0182072829131652,1.0,False
hsa04216,Ferroptosis,pathway,42,T2D,7,1195,0.27652131238205724,5.310549148238282,1.31813110181311,0.4341869729507741,False
hsa04217,Necroptosis,pathway,168,NAFLD,9,319,0.11507212904011979,5.6705110570310024,1.5871585311240481,0.30069943209024,False
hsa04217,Necroptosis,pathway,168,Obesity,19,859,0.18828656871944732,15.269495291503544,1.244310937413382,0.3604630566928457,False
hsa04217,Necroptosis,pathway,168,PCOS,6,221,0.20030574445503235,3.9284731774415405,1.527310924369748,0.47402401841263697,False
hsa04217,Necroptosis,pathway,168,T2D,20,1195,0.6495331062715983,21.24219659295313,0.941522215580793,0.8284961973790329,False
hsa04218,Cellular senescence,pathway,157,NAFLD,9,319,0.08407301111535354,5.2992275949634955,1.6983607212028036,0.23152413830228127,False
hsa04218,Cellular senescence,pathway,157,Obesity,26,859,0.0018698505546765642,14.269706909321766,1.822041627429317,0.006761681803779898,True
hsa04218,Cellular senescence,pathway,157,PCOS,11,221,0.0011206686662820241,3.671251719394773,2.9962532783814164,0.006686656375482745,True
hsa04218,Cellular senescence,pathway,157,T2D,36,1195,0.00023334882096857982,19.851338482700243,1.8134797324307759,0.0010187668037408728,True
hsa04260,Cardiac muscle contraction,pathway,87,NAFLD,1,319,0.9502691911129848,2.936514654533912,0.34053976146722875,1.0,False
hsa04260,Cardiac muscle contraction,pathway,87,Obesity,12,859,0.09405753613544429,7.907417204528621,1.5175625225803862,0.19691577740636873,False
hsa04260,Cardiac muscle contraction,pathway,87,T2D,12,1195,0.4205301771742152,11.00042323563644,1.0908671187418844,0.6144889935851798,False
hsa04261,Adrenergic signaling in cardiomyocytes,pathway,154,NAFLD,4,319,0.7688608607932338,5.197968468945085,0.7695314090298416,1.0,False
hsa04261,Adrenergic signaling in cardiomyocytes,pathway,154,Obesity,31,859,1.7323473944518115e-05,13.997037350544916,2.2147543957788427,0.00010692764951961182,True
hsa04261,Adrenergic signaling in cardiomyocytes,pathway,154,PCOS,5,221,0.29217687207059,3.6011004126547457,1.3884644766997707,0.611691931001586,False
hsa04261,Adrenergic signaling in cardiomyocytes,pathway,154,T2D,39,1195,1.2124600309663774e-05,19.472013543540367,2.0028745313264142,8.858381450733941e-05,True
hsa04270,Vascular smooth muscle contraction,pathway,135,NAFLD,7,319,0.17161074606749796,4.556660670828483,1.5362127017299432,0.3989392668322355,False
hsa04270,Vascular smooth muscle contraction,pathway,135,Obesity,29,859,8.736127158929156e-06,12.270130144958205,2.3634631138705644,5.901006646974788e-05,True
hsa04270,Vascular smooth muscle contraction,pathway,135,PCOS,2,221,0.8285536543946016,3.156808803301238,0.6335511982570806,1.0,False
hsa04270,Vascular smooth muscle contraction,pathway,135,T2D,33,1195,0.00011699307609590838,17.06962226219448,1.9332589493258947,0.0005737468663333589,True
hsa04310,Wnt signaling pathway,pathway,178,NAFLD,7,319,0.3949507545689189,6.008041477092371,1.165105138952485,0.7288266501838813,False
hsa04310,Wnt signaling pathway,pathway,178,Obesity,24,859,0.032076580467982105,16.17839382075971,1.483459993983074,0.07811847488120813,False
hsa04310,Wnt signaling pathway,pathway,178,PCOS,10,221,0.008928275597613243,4.162310866574965,2.4025115664243226,0.038051460285065966,True
hsa04310,Wnt signaling pathway,pathway,178,T2D,41,1195,7.954564896052314e-05,22.506613056819383,1.8216868036293545,0.0004187844459980483,True
hsa04330,Notch signaling pathway,pathway,63,NAFLD,1,319,0.8858689815115133,2.126441646386626,0.47026919440712545,1.0,False
hsa04330,Notch signaling pathway,pathway,63,Obesity,10,859,0.056561135910586195,5.726060734313829,1.7464013156679048,0.12655554159993662,False
hsa04330,Notch signaling pathway,pathway,63,PCOS,1,221,0.775895987119654,1.4731774415405776,0.6788048552754435,1.0,False
hsa04330,Notch signaling pathway,pathway,63,T2D,16,1195,0.004284783801197871,7.965823722357422,2.0085807265723585,0.012174226990705063,True
hsa04340,Hedgehog signaling pathway,pathway,56,NAFLD,1,319,0.8546369894156429,1.8901703523436673,0.5290528437080162,1.0,False
hsa04340,Hedgehog signaling pathway,pathway,56,Obesity,7,859,0.2438874672119779,5.089831763834515,1.375291036088475,0.4454679248055515,False
hsa04340,Hedgehog signaling pathway,pathway,56,T2D,8,1195,0.41390813584433245,7.0807321976510424,1.1298266586969516,0.6072914452142255,False
hsa04350,TGF-beta signaling pathway,pathway,110,NAFLD,6,319,0.16742377544042236,3.7128346206750606,1.6160159589626675,0.3943270500504685,False
hsa04350,TGF-beta signaling pathway,pathway,110,Obesity,16,859,0.0397152039721321,9.997883821817798,1.60033866017568,0.09415922531141252,False
hsa04350,TGF-beta signaling pathway,pathway,110,PCOS,7,221,0.014495151658960181,2.5722145804676755,2.7213903743315506,0.05640504667291027,False
hsa04350,TGF-beta signaling pathway,pathway,110,T2D,30,1195,2.6679988035449602e-05,13.908581102528833,2.1569418029669074,0.0001736624675761992,True
hsa04360,Axon guidance,pathway,184,NAFLD,3,319,0.9510823489964808,6.2105597291291925,0.48304824860297124,1.0,False
hsa04360,Axon guidance,pathway,184,Obesity,24,859,0.044837963568000405,16.723732938313407,1.4350862985271042,0.10356123198286545,False
hsa04360,Axon guidance,pathway,184,PCOS,6,221,0.261183545749046,4.302613480055021,1.3945012787723785,0.5622528754497275,False
hsa04360,Axon guidance,pathway,184,T2D,32,1195,0.036693449919984945,23.265262935139138,1.375441149718028,0.08059052191015098,False
hsa04370,VEGF signaling pathway,pathway,60,NAFLD,4,319,0.1437584532446739,2.0251825203682152,1.9751306165099267,0.350105620827165,False
hsa04370,VEGF signaling pathway,pathway,60,Obesity,7,859,0.3020249572629566,5.45339117553698,1.28360496701591,0.5352719539610814,False
hsa04370,VEGF signaling pathway,pathway,60,PCOS,2,221,0.4112750601485617,1.4030261348005502,1.4254901960784314,0.8045708826950004,False
hsa04370,VEGF signaling pathway,pathway,60,T2D,12,1195,0.06981777292539412,7.586498783197546,1.5817573221757322,0.1322474217316989,False
hsa04371,Apelin signaling pathway,pathway,140,NAFLD,11,319,0.007704293478096689,4.725425880859168,2.327832512315271,0.03677516086878153,True
hsa04371,Apelin signaling pathway,pathway,140,Obesity,30,859,6.466223979415387e-06,12.724579409586287,2.3576417761516715,4.5390356561386445e-05,True
hsa04371,Apelin signaling pathway,pathway,140,PCOS,5,221,0.2300307106606135,3.2737276478679505,1.5273109243697478,0.5145654594955021,False
hsa04371,Apelin signaling pathway,pathway,140,T2D,35,1195,4.475808276881529e-05,17.701830494127606,1.9771966527196652,0.0002626785841186209,True
hsa04380,Osteoclast differentiation,pathway,142,NAFLD,8,319,0.10741013783559475,4.792931964871443,1.6691244646562762,0.28274139224369793,False
hsa04380,Osteoclast differentiation,pathway,142,Obesity,30,859,8.722686084021664e-06,12.90635911543752,2.3244355539523522,5.901006646974788e-05,True
hsa04380,Osteoclast differentiation,pathway,142,PCOS,6,221,0.11560867487906085,3.3204951856946354,1.8069594034797019,0.3065770785681762,False
hsa04380,Osteoclast differentiation,pathway,142,T2D,32,1195,0.0006990007503956065,17.954713786900857,1.7822617714656137,0.002606690298350283,True
hsa04382,Cornified envelope formation,pathway,217,NAFLD,3,319,0.9794292868589352,7.324410115331711,0.4095892983545931,1.0,False
hsa04382,Cornified envelope formation,pathway,217,Obesity,4,859,0.9999983127378834,19.723098084858744,0.20280789472272442,1.0,False
hsa04382,Cornified envelope formation,pathway,217,PCOS,1,221,0.994454979617855,5.074277854195323,0.197072377338032,1.0,False
hsa04382,Cornified envelope formation,pathway,217,T2D,13,1195,0.9996306471084704,27.437837265897787,0.4737982762277539,1.0,False
hsa04390,Hippo signaling pathway,pathway,157,NAFLD,8,319,0.16130593043261565,5.2992275949634955,1.509653974402492,0.3824339277806384,False
hsa04390,Hippo signaling pathway,pathway,157,Obesity,22,859,0.026623701673619642,14.269706909321766,1.5417275309017298,0.06665234405004078,False
hsa04390,Hippo signaling pathway,pathway,157,PCOS,8,221,0.030924499992530403,3.671251719394773,2.179093293368303,0.11070970997325885,False
hsa04390,Hippo signaling pathway,pathway,157,T2D,28,1195,0.03646284152786602,19.851338482700243,1.4104842363350478,0.08057837819121008,False
hsa04392,Hippo signaling pathway - multiple species,pathway,29,NAFLD,2,319,0.2562531504689768,0.9788382181779706,2.0432385688033725,0.5153855498196275,False
hsa04392,Hippo signaling pathway - multiple species,pathway,29,Obesity,1,859,0.9371927934627682,2.6358057348428736,0.37939063064509654,1.0,False
hsa04392,Hippo signaling pathway - multiple species,pathway,29,PCOS,1,221,0.49702479113578757,0.6781292984869326,1.4746450304259635,0.9219423586871085,False
hsa04392,Hippo signaling pathway - multiple species,pathway,29,T2D,2,1195,0.8972574508795599,3.666807745212147,0.5454335593709421,1.0,False
hsa04510,Focal adhesion,pathway,203,NAFLD,11,319,0.08249079327392213,6.851867527245794,1.6054017326312213,0.23071643743800094,False
hsa04510,Focal adhesion,pathway,203,Obesity,19,859,0.48221326042788715,18.450640143900117,1.0297745688938336,0.7409113615158094,False
hsa04510,Focal adhesion,pathway,203,PCOS,5,221,0.517118285867913,4.7469050894085285,1.053317878875688,0.9397377986838216,False
hsa04510,Focal adhesion,pathway,203,T2D,31,1195,0.15124055110695317,25.66765421648503,1.207745738607086,0.26541233968769234,False
hsa04512,ECM-receptor interaction,pathway,89,NAFLD,4,319,0.35362882439141835,3.0040207385461857,1.3315487302314113,0.6733995698517434,False
hsa04512,ECM-receptor interaction,pathway,89,Obesity,8,859,0.5673121444556523,8.089196910379854,0.9889733293220494,0.8156536052816206,False
hsa04512,ECM-receptor interaction,pathway,89,T2D,12,1195,0.45294998957900534,11.253306528409691,1.066353250904988,0.6548882583458655,False
hsa04514,Cell adhesion molecule (CAM) interaction,pathway,160,NAFLD,6,319,0.45568358251762964,5.400486720981907,1.1110109717868337,0.8075976363431258,False
hsa04514,Cell adhesion molecule (CAM) interaction,pathway,160,Obesity,23,859,0.018082019222281413,14.542376468098613,1.5815846915017462,0.04690842667809236,True
hsa04514,Cell adhesion molecule (CAM) interaction,pathway,160,PCOS,2,221,0.8924267729860075,3.7414030261348006,0.5345588235294118,1.0,False
hsa04514,Cell adhesion molecule (CAM) interaction,pathway,160,T2D,19,1195,0.6519955422728214,20.230663421860122,0.9391684100418409,0.8284961973790329,False
hsa04517,IgSF CAM signaling,pathway,300,NAFLD,3,319,0.9980100985850962,10.125912601841074,0.29626959247648904,1.0,False
hsa04517,IgSF CAM signaling,pathway,300,Obesity,36,859,0.05052320351655641,27.2669558776849,1.320279394644936,0.11447662568941264,False
hsa04517,IgSF CAM signaling,pathway,300,PCOS,5,221,0.8359658795724807,7.015130674002751,0.7127450980392157,1.0,False
hsa04517,IgSF CAM signaling,pathway,300,T2D,55,1195,0.002593018249120475,37.93249391598773,1.4499442119944213,0.008002590803320086,True
hsa04518,Integrin signaling,pathway,154,NAFLD,12,319,0.005867511225528528,5.197968468945085,2.308594227089525,0.02917456970471129,True
hsa04518,Integrin signaling,pathway,154,Obesity,15,859,0.429065635268313,13.997037350544916,1.0716553527962143,0.6989936949981818,False
hsa04518,Integrin signaling,pathway,154,PCOS,7,221,0.06939776302435624,3.6011004126547457,1.9438502673796791,0.20532561291503748,False
hsa04518,Integrin signaling,pathway,154,T2D,25,1195,0.11177885482988996,19.472013543540367,1.283893930337445,0.20210520216717476,False
hsa04519,Cadherin signaling,pathway,404,NAFLD,7,319,0.9852437857758954,13.636228970479314,0.5133384028057978,1.0,False
hsa04519,Cadherin signaling,pathway,404,Obesity,51,859,0.009513586241571842,36.719500581949,1.3889077790200441,0.02734880420043179,True
hsa04519,Cadherin signaling,pathway,404,PCOS,24,221,2.3895968486090777e-05,9.447042640990372,2.5404775771694816,0.0002444216205148714,True
hsa04519,Cadherin signaling,pathway,404,T2D,60,1195,0.10066267411052088,51.082425140196804,1.1745722689423754,0.1848063452900845,False
hsa04520,Adherens junction,pathway,93,NAFLD,2,319,0.8270561762543136,3.1390329065707334,0.6371389085515893,1.0,False
hsa04520,Adherens junction,pathway,93,Obesity,11,859,0.2222177794313033,8.452756322082319,1.3013506578041485,0.4121967100331947,False
hsa04520,Adherens junction,pathway,93,PCOS,4,221,0.1729462317927402,2.174690508940853,1.8393421884882983,0.4211887821891224,False
hsa04520,Adherens junction,pathway,93,T2D,18,1195,0.041620170474726506,11.759073113956195,1.530732892428128,0.08765641270035975,False
hsa04530,Tight junction,pathway,171,NAFLD,7,319,0.3560489970969152,5.771770183049413,1.2127995013657444,0.6744208516438922,False
hsa04530,Tight junction,pathway,171,Obesity,15,859,0.5973592913204633,15.542164850280393,0.9651165165533158,0.8480492511641406,False
hsa04530,Tight junction,pathway,171,PCOS,2,221,0.9128646560735565,3.998624484181568,0.500171998624011,1.0,False
hsa04530,Tight junction,pathway,171,T2D,29,1195,0.059282210072762895,21.621521532113004,1.3412562088624629,0.11790572892249508,False
hsa04540,Gap junction,pathway,90,NAFLD,2,319,0.8128882541622928,3.0377737805523224,0.6583768721699756,1.0,False
hsa04540,Gap junction,pathway,90,Obesity,15,859,0.015074267745215694,8.18008676330547,1.8337213814513,0.03997472483546088,True
hsa04540,Gap junction,pathway,90,PCOS,3,221,0.3520225004361515,2.1045392022008254,1.4254901960784314,0.7055418705892732,False
hsa04540,Gap junction,pathway,90,T2D,31,1195,7.295204923560316e-08,11.379748174796317,2.724137610413761,8.424785040756752e-07,True
hsa04550,Signaling pathways regulating pluripotency of stem cells,pathway,144,NAFLD,5,319,0.5385153487861458,4.860438048883716,1.028713862765587,0.9094441245605788,False
hsa04550,Signaling pathways regulating pluripotency of stem cells,pathway,144,Obesity,23,859,0.005272003980870732,13.088138821288753,1.757316323890829,0.016851584153140375,True
hsa04550,Signaling pathways regulating pluripotency of stem cells,pathway,144,PCOS,6,221,0.12135486202839078,3.3672627235213204,1.7818627450980393,0.31944882798649926,False
hsa04550,Signaling pathways regulating pluripotency of stem cells,pathway,144,T2D,39,1195,2.1005944898561844e-06,18.20759707967411,2.141963040446304,1.8050310802480654e-05,True
hsa04610,Complement and coagulation cascades,pathway,89,NAFLD,2,319,0.8079406284378383,3.0040207385461857,0.6657743651157056,1.0,False
hsa04610,Complement and coagulation cascades,pathway,89,Obesity,8,859,0.5673121444556523,8.089196910379854,0.9889733293220494,0.8156536052816206,False
hsa04610,Complement and coagulation cascades,pathway,89,PCOS,3,221,0.3456000967814293,2.0811554332874826,1.4415069398545937,0.7029820150440437,False
hsa04610,Complement and coagulation cascades,pathway,89,T2D,9,1195,0.809034143628726,11.253306528409691,0.7997649381787411,0.9496204046527341,False
hsa04611,Platelet activation,pathway,126,NAFLD,2,319,0.9298959155292541,4.252883292773252,0.47026919440712545,1.0,False
hsa04611,Platelet activation,pathway,126,Obesity,11,859,0.6018664588947198,11.452121468627658,0.9605207236173476,0.8482999696232665,False
hsa04611,Platelet activation,pathway,126,PCOS,4,221,0.340476892785007,2.9463548830811552,1.357609710550887,0.6965184435259,False
hsa04611,Platelet activation,pathway,126,T2D,19,1195,0.23879171811765804,15.931647444714844,1.1925948064023377,0.39214419764275954,False
hsa04612,Antigen processing and presentation,pathway,82,NAFLD,4,319,0.2997166415305358,2.7677494445032274,1.445217524275556,0.5768739659566227,False
hsa04612,Antigen processing and presentation,pathway,82,Obesity,6,859,0.767497465699091,7.45296793990054,0.8050484113688634,0.9905107242650923,False
hsa04612,Antigen processing and presentation,pathway,82,PCOS,2,221,0.5753658055655105,1.9174690508940853,1.043041606886657,1.0,False
hsa04612,Antigen processing and presentation,pathway,82,T2D,7,1195,0.9077944915502146,10.368215003703313,0.6751403204408613,1.0,False
hsa04613,Neutrophil extracellular trap formation,pathway,195,NAFLD,10,319,0.12379969468013867,6.581843191196699,1.5193312434691746,0.3165735049677832,False
hsa04613,Neutrophil extracellular trap formation,pathway,195,Obesity,15,859,0.7882730794626973,17.723521320495184,0.8463329452852154,0.9905107242650923,False
hsa04613,Neutrophil extracellular trap formation,pathway,195,PCOS,6,221,0.3055644034397389,4.559834938101788,1.3158371040723984,0.6360003280896891,False
hsa04613,Neutrophil extracellular trap formation,pathway,195,T2D,28,1195,0.262663187028388,24.656121045392023,1.135620641562064,0.42167453343570804,False
hsa04614,Renin-angiotensin system,pathway,23,NAFLD,2,319,0.18117941388684924,0.7763199661411491,2.5762573258825134,0.4184660011064002,False
hsa04614,Renin-angiotensin system,pathway,23,Obesity,3,859,0.3487905211707449,2.090466617289176,1.4350862985271042,0.600322147015032,False
hsa04614,Renin-angiotensin system,pathway,23,T2D,8,1195,0.005421726931803662,2.908157866892392,2.750882299436056,0.014704380618073568,True
hsa04620,Toll-like receptor signaling pathway,pathway,109,NAFLD,10,319,0.0036940638209364256,3.679081578668924,2.718069655747606,0.019738430565600602,True
hsa04620,Toll-like receptor signaling pathway,pathway,109,Obesity,22,859,0.0002697104034833631,9.90699396889218,2.220653416069464,0.0012874176592939197,True
hsa04620,Toll-like receptor signaling pathway,pathway,109,PCOS,6,221,0.04236119678605914,2.5488308115543328,2.354020507285483,0.14041952267971455,False
hsa04620,Toll-like receptor signaling pathway,pathway,109,T2D,24,1195,0.00424911009349514,13.782139456142207,1.7413842078998887,0.012169451307770082,True
hsa04621,NOD-like receptor signaling pathway,pathway,187,NAFLD,17,319,0.00019087899213415945,6.311818855147603,2.6933599316044456,0.001752171261128951,True
hsa04621,NOD-like receptor signaling pathway,pathway,187,Obesity,22,859,0.12532163307667807,16.996402497090255,1.2943915633773881,0.25064326615335614,False
hsa04621,NOD-like receptor signaling pathway,pathway,187,PCOS,10,221,0.012363521974102462,4.372764786795048,2.286882667505505,0.04917934296365201,True
hsa04621,NOD-like receptor signaling pathway,pathway,187,T2D,33,1195,0.028457717003531068,23.644587874299017,1.3956682254491755,0.06449516291151984,False
hsa04622,RIG-I-like receptor signaling pathway,pathway,72,NAFLD,7,319,0.010528177342590365,2.430219024441858,2.8803988157436433,0.04470794179444831,True
hsa04622,RIG-I-like receptor signaling pathway,pathway,72,Obesity,7,859,0.48474065028629576,6.544069410644377,1.0696708058465916,0.7416117641132217,False
hsa04622,RIG-I-like receptor signaling pathway,pathway,72,PCOS,2,221,0.504982661306474,1.6836313617606602,1.1879084967320261,0.9255522737564238,False
hsa04622,RIG-I-like receptor signaling pathway,pathway,72,T2D,17,1195,0.0072629943363030575,9.103798539837054,1.8673523942352395,0.01857251408854639,True
hsa04623,Cytosolic DNA-sensing pathway,pathway,83,NAFLD,9,319,0.0018572509247076062,2.801502486509364,3.212561846130604,0.011081597184088719,True
hsa04623,Cytosolic DNA-sensing pathway,pathway,83,Obesity,10,859,0.2195626538005751,7.543857792826156,1.3255817215310601,0.409392864898989,False
hsa04623,Cytosolic DNA-sensing pathway,pathway,83,PCOS,5,221,0.04465059574626389,1.9408528198074277,2.5761871013465627,0.14531739342874975,False
hsa04623,Cytosolic DNA-sensing pathway,pathway,83,T2D,14,1195,0.1587565188066342,10.494656650089938,1.3340121994253162,0.27400965611169975,False
hsa04625,C-type lectin receptor signaling pathway,pathway,105,NAFLD,10,319,0.0028130190244859375,3.544069410644376,2.821615166442753,0.015985092234380407,True
hsa04625,C-type lectin receptor signaling pathway,pathway,105,Obesity,18,859,0.0061359192154592495,9.543434557189716,1.886113420921337,0.018774863924225737,True
hsa04625,C-type lectin receptor signaling pathway,pathway,105,PCOS,8,221,0.0031409121087095614,2.455295735900963,3.258263305322129,0.015403377190657848,True
hsa04625,C-type lectin receptor signaling pathway,pathway,105,T2D,24,1195,0.002541343692018012,13.276372870595704,1.8077226539151225,0.007980710892477616,True
hsa04630,JAK-STAT signaling pathway,pathway,168,NAFLD,11,319,0.026875428806373686,5.6705110570310024,1.9398604269293922,0.09621403512681781,False
hsa04630,JAK-STAT signaling pathway,pathway,168,Obesity,33,859,1.599247077559271e-05,15.269495291503544,2.1611716281390323,0.00010223758102968196,True
hsa04630,JAK-STAT signaling pathway,pathway,168,PCOS,11,221,0.0019333751349999142,3.9284731774415405,2.8000700280112047,0.01081481716140577,True
hsa04630,JAK-STAT signaling pathway,pathway,168,T2D,34,1195,0.0033668140643647523,21.24219659295313,1.600587766487348,0.010214571483411707,True
hsa04640,Hematopoietic cell lineage,pathway,100,NAFLD,5,319,0.2485584569456071,3.3753042006136917,1.481347962382445,0.5055904976507236,False
hsa04640,Hematopoietic cell lineage,pathway,100,Obesity,15,859,0.03591722189113388,9.088985292561635,1.6503492433061697,0.08572243624683953,False
hsa04640,Hematopoietic cell lineage,pathway,100,PCOS,4,221,0.2061116541487247,2.33837689133425,1.7105882352941177,0.4791426765275548,False
hsa04640,Hematopoietic cell lineage,pathway,100,T2D,18,1195,0.07567498804207276,12.644164638662575,1.423581589958159,0.142587609047695,False
hsa04650,Natural killer cell mediated cytotoxicity,pathway,133,NAFLD,2,319,0.9425294581632567,4.48915458681621,0.44551818417517147,1.0,False
hsa04650,Natural killer cell mediated cytotoxicity,pathway,133,Obesity,12,859,0.5552421261180287,12.088350439106973,0.9926912741691247,0.8113333924500175,False
hsa04650,Natural killer cell mediated cytotoxicity,pathway,133,PCOS,2,221,0.8221939468473081,3.110041265474553,0.643078283945157,1.0,False
hsa04650,Natural killer cell mediated cytotoxicity,pathway,133,T2D,13,1195,0.8741692052868405,16.816738969421227,0.773039292792651,0.9903562515591421,False
hsa04657,IL-17 signaling pathway,pathway,94,NAFLD,12,319,7.082228401529097e-05,3.17278594857687,3.782165010338158,0.0007039476600696216,True
hsa04657,IL-17 signaling pathway,pathway,94,Obesity,18,859,0.0017789877478706481,8.543646175007936,2.106828821241919,0.006498751160588695,True
hsa04657,IL-17 signaling pathway,pathway,94,PCOS,9,221,0.0003370633218575398,2.1980742778541953,4.094493116395494,0.002462625902551005,True
hsa04657,IL-17 signaling pathway,pathway,94,T2D,24,1195,0.00048701222501866087,11.88551476034282,2.019264666607318,0.0018828910242420782,True
hsa04658,Th1 and Th2 cell differentiation,pathway,93,NAFLD,3,319,0.6125905680528267,3.1390329065707334,0.9557083628273839,0.9968519243768725,False
hsa04658,Th1 and Th2 cell differentiation,pathway,93,Obesity,15,859,0.019957218750809438,8.452756322082319,1.7745690788238389,0.05067151994886368,False
hsa04658,Th1 and Th2 cell differentiation,pathway,93,PCOS,2,221,0.6440724149656749,2.174690508940853,0.9196710942441492,1.0,False
hsa04658,Th1 and Th2 cell differentiation,pathway,93,T2D,22,1195,0.002391862783300008,11.759073113956195,1.8708957574121565,0.0075777599683309995,True
hsa04659,Th17 cell differentiation,pathway,109,NAFLD,9,319,0.011265580618202025,3.679081578668924,2.446262690172845,0.04689625420135261,True
hsa04659,Th17 cell differentiation,pathway,109,Obesity,24,859,3.347661277767435e-05,9.90699396889218,2.4225309993485062,0.00019974378957345697,True
hsa04659,Th17 cell differentiation,pathway,109,PCOS,8,221,0.003953441457416287,2.5488308115543328,3.1386940097139773,0.01912610867236528,True
hsa04659,Th17 cell differentiation,pathway,109,T2D,24,1195,0.00424911009349514,13.782139456142207,1.7413842078998887,0.012169451307770082,True
hsa04660,T cell receptor signaling pathway,pathway,122,NAFLD,8,319,0.05407764121106039,4.117871124748704,1.9427514260753378,0.16834604829182276,False
hsa04660,T cell receptor signaling pathway,pathway,122,Obesity,22,859,0.0013384462245602446,11.088562056925193,1.9840264127178,0.005265535696621622,True
hsa04660,T cell receptor signaling pathway,pathway,122,PCOS,5,221,0.15724454938696397,2.8528198074277853,1.752651880424301,0.3964997485031373,False
hsa04660,T cell receptor signaling pathway,pathway,122,T2D,29,1195,0.0004891309085321599,15.425880859168341,1.8799574730777147,0.0018828910242420782,True
hsa04662,B cell receptor signaling pathway,pathway,91,NAFLD,3,319,0.5977846629499739,3.0715268225584595,0.9767129422301836,0.9862069554658555,False
hsa04662,B cell receptor signaling pathway,pathway,91,Obesity,14,859,0.034596965484796655,8.270976616231087,1.6926658905704308,0.0831255949232027,False
hsa04662,B cell receptor signaling pathway,pathway,91,PCOS,2,221,0.6322624623553714,2.1279229711141676,0.9398836457659988,1.0,False
hsa04662,B cell receptor signaling pathway,pathway,91,T2D,18,1195,0.03435822521315148,11.506189821182943,1.5643753735803947,0.07687652891442645,False
hsa04664,Fc epsilon RI signaling pathway,pathway,69,NAFLD,2,319,0.6820283200853303,2.3289598984234474,0.8587524419608377,1.0,False
hsa04664,Fc epsilon RI signaling pathway,pathway,69,Obesity,7,859,0.439311679817293,6.271399851867527,1.1161782321877478,0.6989936949981818,False
hsa04664,Fc epsilon RI signaling pathway,pathway,69,PCOS,2,221,0.4824490816745408,1.6134800550206327,1.2395566922421142,0.9042205098418172,False
hsa04664,Fc epsilon RI signaling pathway,pathway,69,T2D,14,1195,0.04773551899731271,8.724473600677177,1.6046813413376992,0.09935648721533692,False
hsa04666,Fc gamma R-mediated phagosome formation,pathway,98,NAFLD,1,319,0.9660410448941794,3.307798116601418,0.3023159106902949,1.0,False
hsa04666,Fc gamma R-mediated phagosome formation,pathway,98,Obesity,6,859,0.8912957995377097,8.9072055867104,0.6736119360433347,1.0,False
hsa04666,Fc gamma R-mediated phagosome formation,pathway,98,PCOS,1,221,0.9027970001506974,2.2916093535075652,0.436374549819928,1.0,False
hsa04666,Fc gamma R-mediated phagosome formation,pathway,98,T2D,15,1195,0.2526766267193655,12.391281345889324,1.210528562889591,0.40746951516005797,False
hsa04668,TNF signaling pathway,pathway,119,NAFLD,15,319,1.0445602313652542e-05,4.016611998730293,3.734490661468349,0.00012894915959612448,True
hsa04668,TNF signaling pathway,pathway,119,Obesity,28,859,1.9153714101474665e-06,10.815892498148344,2.5887831267547763,1.5946580577506815e-05,True
hsa04668,TNF signaling pathway,pathway,119,PCOS,9,221,0.0018539306449503463,2.782668500687758,3.2343054869006425,0.01053503445860673,True
hsa04668,TNF signaling pathway,pathway,119,T2D,21,1195,0.06966160621591516,15.046555920008466,1.3956682254491755,0.1322474217316989,False
hsa04670,Leukocyte transendothelial migration,pathway,116,NAFLD,1,319,0.981826947908088,3.9153528727118823,0.25540482110042156,1.0,False
hsa04670,Leukocyte transendothelial migration,pathway,116,Obesity,7,859,0.9124792054330685,10.543222939371494,0.663933603628919,1.0,False
hsa04670,Leukocyte transendothelial migration,pathway,116,PCOS,5,221,0.1354476988261975,2.7125171939477304,1.8433062880324544,0.35137881289694717,False
hsa04670,Leukocyte transendothelial migration,pathway,116,T2D,18,1195,0.20917560241570776,14.667230980848588,1.2272255085846198,0.35139761362068933,False
hsa04672,Intestinal immune network for IgA production,pathway,50,NAFLD,1,319,0.8211727949789372,1.6876521003068459,0.5925391849529781,1.0,False
hsa04672,Intestinal immune network for IgA production,pathway,50,Obesity,4,859,0.6780726502729764,4.544492646280817,0.8801862630966238,0.9160377690480209,False
hsa04672,Intestinal immune network for IgA production,pathway,50,PCOS,3,221,0.11130870306353827,1.169188445667125,2.5658823529411765,0.2981544956888676,False
hsa04672,Intestinal immune network for IgA production,pathway,50,T2D,6,1195,0.6187126933504776,6.322082319331288,0.9490543933054394,0.7970179507860589,False
hsa04710,Circadian rhythm,pathway,34,NAFLD,3,319,0.10591118041282735,1.1476034282086551,2.6141434630278444,0.28086075990957177,False
hsa04710,Circadian rhythm,pathway,34,Obesity,10,859,0.0006321387784215635,3.0902549994709556,3.2359789084434705,0.0027938973169743175,True
hsa04710,Circadian rhythm,pathway,34,T2D,8,1195,0.057362283121999175,4.299015977145276,1.8608909672655674,0.115369086279077,False
hsa04713,Circadian entrainment,pathway,97,Obesity,26,859,3.0225739189354233e-07,8.816315733784785,2.9490776856330183,3.0916613227968044e-06,True
hsa04713,Circadian entrainment,pathway,97,PCOS,6,221,0.025936592428030394,2.268225584594223,2.645239539114615,0.09572474318798846,False
hsa04713,Circadian entrainment,pathway,97,T2D,24,1195,0.000793894639151253,12.264839699502698,1.9568131820730708,0.002900145722613761,True
hsa04714,Thermogenesis,pathway,234,NAFLD,64,319,2.138582830776381e-41,7.898211829436039,8.10309996516893,3.828063267089722e-39,True
hsa04714,Thermogenesis,pathway,234,Obesity,83,859,1.3134581478162946e-29,21.268225584594223,3.9025352477040487,9.404360338364669e-28,True
hsa04714,Thermogenesis,pathway,234,PCOS,55,221,9.928557804090427e-41,5.471801925722146,10.051533433886375,7.108847387728746e-39,True
hsa04714,Thermogenesis,pathway,234,T2D,82,1195,3.446199799630034e-19,29.587345254470428,2.7714551371455136,1.3708216980750578e-17,True
hsa04720,Long-term potentiation,pathway,67,Obesity,16,859,0.00025115038351279553,6.089620146016294,2.627421680885445,0.0012150248283456864,True
hsa04720,Long-term potentiation,pathway,67,PCOS,2,221,0.46708172548553367,1.5667125171939478,1.276558384547849,0.8847368133535505,False
hsa04720,Long-term potentiation,pathway,67,T2D,16,1195,0.008083996863359566,8.471590307903925,1.888665459314307,0.020380780824526226,True
hsa04721,Synaptic vesicle cycle,pathway,79,Obesity,11,859,0.10056057390545162,7.1802983811236905,1.5319697617188075,0.20690049113880277,False
hsa04721,Synaptic vesicle cycle,pathway,79,PCOS,1,221,0.8469680685945645,1.8473177441540578,0.54132539091586,1.0,False
hsa04721,Synaptic vesicle cycle,pathway,79,T2D,6,1195,0.9452888341254861,9.988890064543435,0.6006673375350882,1.0,False
hsa04722,Neurotrophin signaling pathway,pathway,120,NAFLD,8,319,0.0499379796452528,4.0503650407364304,1.9751306165099267,0.16106123164865319,False
hsa04722,Neurotrophin signaling pathway,pathway,120,Obesity,21,859,0.002498267976412186,10.90678235107396,1.925407450523865,0.008768430740740811,True
hsa04722,Neurotrophin signaling pathway,pathway,120,PCOS,6,221,0.062145322698517996,2.8060522696011003,2.138235294117647,0.18854258920397834,False
hsa04722,Neurotrophin signaling pathway,pathway,120,T2D,27,1195,0.0018109079651394704,15.172997566395091,1.7794769874476986,0.006058925715139537,True
hsa04723,Retrograde endocannabinoid signaling,pathway,149,NAFLD,48,319,1.1048406087697058e-34,5.029203258914401,9.54425532810166,7.910658758791094e-33,True
hsa04723,Retrograde endocannabinoid signaling,pathway,149,Obesity,83,859,5.354303541313357e-48,13.542588085916835,6.1288137447164255,1.9168406677901817e-45,True
hsa04723,Retrograde endocannabinoid signaling,pathway,149,PCOS,68,221,1.0567974929563449e-73,3.484181568088033,19.516778523489933,3.783335024783714e-71,True
hsa04723,Retrograde endocannabinoid signaling,pathway,149,T2D,80,1195,7.199174000545277e-34,18.839805311607236,4.2463283816798185,2.577304292195209e-31,True
hsa04724,Glutamatergic synapse,pathway,116,Obesity,31,859,2.3916096130151875e-08,10.543222939371494,2.9402773874994983,3.293062467151681e-07,True
hsa04724,Glutamatergic synapse,pathway,116,PCOS,12,221,1.602023667067919e-05,2.7125171939477304,4.42393509127789,0.0001686836684736221,True
hsa04724,Glutamatergic synapse,pathway,116,T2D,26,1195,0.0023083021738403756,14.667230980848588,1.7726590679555618,0.0073783230199540575,True
hsa04725,Cholinergic synapse,pathway,115,NAFLD,1,319,0.9811840285760131,3.8815998307057455,0.25762573258825133,1.0,False
hsa04725,Cholinergic synapse,pathway,115,Obesity,21,859,0.0014479286067105505,10.45233308644588,2.009120817937946,0.005634330882634533,True
hsa04725,Cholinergic synapse,pathway,115,PCOS,3,221,0.506726943173908,2.6891334250343877,1.115601023017903,0.9255522737564238,False
hsa04725,Cholinergic synapse,pathway,115,T2D,21,1195,0.051408595631600974,14.540789334461962,1.4442132072039293,0.10516729849207514,False
hsa04726,Serotonergic synapse,pathway,115,NAFLD,3,319,0.7508084725980367,3.8815998307057455,0.7728771977647539,1.0,False
hsa04726,Serotonergic synapse,pathway,115,Obesity,38,859,5.092637797807029e-13,10.45233308644588,3.6355519562686642,1.1394777072593227e-11,True
hsa04726,Serotonergic synapse,pathway,115,PCOS,5,221,0.13195484493939763,2.6891334250343877,1.8593350383631715,0.3448163101336084,False
hsa04726,Serotonergic synapse,pathway,115,T2D,21,1195,0.051408595631600974,14.540789334461962,1.4442132072039293,0.10516729849207514,False
hsa04727,GABAergic synapse,pathway,89,Obesity,28,859,2.1620949497674963e-09,8.089196910379854,3.461406652627173,3.3653477913772334e-08,True
hsa04727,GABAergic synapse,pathway,89,PCOS,18,221,1.5283193111587033e-12,2.0811554332874826,8.649041639127562,3.2184606670283283e-11,True
hsa04727,GABAergic synapse,pathway,89,T2D,26,1195,2.481183520462477e-05,11.253306528409691,2.310432043627474,0.0001644932778380679,True
hsa04728,Dopaminergic synapse,pathway,133,NAFLD,1,319,0.9899423478614212,4.48915458681621,0.22275909208758574,1.0,False
hsa04728,Dopaminergic synapse,pathway,133,Obesity,26,859,0.0001348194770676234,12.088350439106973,2.1508310940331037,0.0006994981563798432,True
hsa04728,Dopaminergic synapse,pathway,133,PCOS,11,221,0.0002756745188742024,3.110041265474553,3.5369305616983637,0.002099818675680095,True
hsa04728,Dopaminergic synapse,pathway,133,T2D,35,1195,1.377517962263291e-05,16.816738969421227,2.0812596344417527,9.669635891965848e-05,True
hsa04730,Long-term depression,pathway,60,NAFLD,1,319,0.8733996316792303,2.0251825203682152,0.4937826541274817,1.0,False
hsa04730,Long-term depression,pathway,60,Obesity,12,859,0.006911417973860644,5.45339117553698,2.2004656577415598,0.020448658137538104,True
hsa04730,Long-term depression,pathway,60,PCOS,6,221,0.00266835013086129,1.4030261348005502,4.276470588235294,0.013454497842934392,True
hsa04730,Long-term depression,pathway,60,T2D,17,1195,0.0009003291667562588,7.586498783197546,2.240822873082287,0.0032231784169874066,True
hsa04740,Olfactory transduction,pathway,449,NAFLD,4,319,0.9998780066786372,15.155115860755476,0.26393727614831985,1.0,False
hsa04740,Olfactory transduction,pathway,449,Obesity,5,859,0.9999999999999805,40.80954396360173,0.12252035956244767,1.0,False
hsa04740,Olfactory transduction,pathway,449,T2D,8,1195,1.0,56.772299227594964,0.14091379262144607,1.0,False
hsa04742,Taste transduction,pathway,86,NAFLD,3,319,0.5591965473449382,2.9027616125277746,1.033498578406357,0.9268164997661474,False
hsa04742,Taste transduction,pathway,86,Obesity,23,859,1.5141279169396698e-06,7.816527351603005,2.942483146979993,1.3220921811326873e-05,True
hsa04742,Taste transduction,pathway,86,PCOS,9,221,0.00017124501035053056,2.0110041265474554,4.475376196990424,0.0014164551732292155,True
hsa04742,Taste transduction,pathway,86,T2D,18,1195,0.020318418800041687,10.873981589249814,1.655327430183906,0.04785522322641397,True
hsa04744,Phototransduction,pathway,29,NAFLD,4,319,0.015538869486355153,0.9788382181779706,4.086477137606745,0.06046647039255592,False
hsa04744,Phototransduction,pathway,29,Obesity,2,859,0.7544989212010934,2.6358057348428736,0.7587812612901931,0.985805159817487,False
hsa04744,Phototransduction,pathway,29,T2D,3,1195,0.7285957871605708,3.666807745212147,0.8181503390564132,0.8902296648583083,False
hsa04750,Inflammatory mediator regulation of TRP channels,pathway,99,NAFLD,2,319,0.8525346988535333,3.3415511586075546,0.5985244292454324,1.0,False
hsa04750,Inflammatory mediator regulation of TRP channels,pathway,99,Obesity,19,859,0.001306704058358452,8.998095439636018,2.1115579543984664,0.005198385762943392,True
hsa04750,Inflammatory mediator regulation of TRP channels,pathway,99,PCOS,4,221,0.20126159440983468,2.314993122420908,1.7278669043374926,0.47402401841263697,False
hsa04750,Inflammatory mediator regulation of TRP channels,pathway,99,T2D,21,1195,0.01109110043216084,12.51772299227595,1.6776214023075948,0.027195985991188908,True
hsa04810,Regulation of actin cytoskeleton,pathway,232,NAFLD,7,319,0.6724057729899957,7.8307057454237645,0.8939168738514756,1.0,False
hsa04810,Regulation of actin cytoskeleton,pathway,232,Obesity,18,859,0.7939730737923933,21.08644587874299,0.8536289189514673,0.9905107242650923,False
hsa04810,Regulation of actin cytoskeleton,pathway,232,PCOS,5,221,0.6361673627242036,5.425034387895461,0.9216531440162272,1.0,False
hsa04810,Regulation of actin cytoskeleton,pathway,232,T2D,35,1195,0.15090560830676378,29.334461961697176,1.193135911123936,0.26541233968769234,False
hsa04814,Motor proteins,pathway,195,NAFLD,2,319,0.99083176091735,6.581843191196699,0.3038662486938349,1.0,False
hsa04814,Motor proteins,pathway,195,Obesity,11,859,0.9722840825645286,17.723521320495184,0.6206441598758247,1.0,False
hsa04814,Motor proteins,pathway,195,T2D,38,1195,0.003984802409315653,24.656121045392023,1.5411994421199442,0.011693108709303311,True
hsa04820,Cytoskeleton in muscle cells,pathway,233,NAFLD,2,319,0.9971667338570188,7.864458787429902,0.25430866306994765,1.0,False
hsa04820,Cytoskeleton in muscle cells,pathway,233,Obesity,10,859,0.9984306363434942,21.177335731668606,0.4722029308458283,1.0,False
hsa04820,Cytoskeleton in muscle cells,pathway,233,PCOS,2,221,0.9747081038046582,5.4484181568088035,0.36707902044938145,1.0,False
hsa04820,Cytoskeleton in muscle cells,pathway,233,T2D,31,1195,0.4090705561772355,29.4609036080838,1.0522419954387918,0.602734552454728,False
hsa04910,Insulin signaling pathway,pathway,140,NAFLD,15,319,7.27543671021676e-05,4.725425880859168,3.1743170622480967,0.0007039476600696216,True
hsa04910,Insulin signaling pathway,pathway,140,Obesity,25,859,0.0007538168980406288,12.724579409586287,1.964701480126393,0.0032126958273636323,True
hsa04910,Insulin signaling pathway,pathway,140,PCOS,6,221,0.11000413096846742,3.2737276478679505,1.8327731092436974,0.2981544956888676,False
hsa04910,Insulin signaling pathway,pathway,140,T2D,35,1195,4.475808276881529e-05,17.701830494127606,1.9771966527196652,0.0002626785841186209,True
hsa04911,Insulin secretion,pathway,86,NAFLD,3,319,0.5591965473449382,2.9027616125277746,1.033498578406357,0.9268164997661474,False
hsa04911,Insulin secretion,pathway,86,Obesity,22,859,5.658394022617059e-06,7.816527351603005,2.8145490971112976,4.296605971349857e-05,True
hsa04911,Insulin secretion,pathway,86,PCOS,5,221,0.050685910114703955,2.0110041265474554,2.4863201094391245,0.1605801400094161,False
hsa04911,Insulin secretion,pathway,86,T2D,31,1195,2.1593464012227896e-08,10.873981589249814,2.850841685316727,2.863133376436143e-07,True
hsa04912,GnRH signaling pathway,pathway,93,NAFLD,3,319,0.6125905680528267,3.1390329065707334,0.9557083628273839,0.9968519243768725,False
hsa04912,GnRH signaling pathway,pathway,93,Obesity,18,859,0.0015681041015582727,8.452756322082319,2.1294828945886066,0.005847721545394392,True
hsa04912,GnRH signaling pathway,pathway,93,PCOS,5,221,0.06654240689227538,2.174690508940853,2.299177735610373,0.1985181805619549,False
hsa04912,GnRH signaling pathway,pathway,93,T2D,20,1195,0.011179950179712473,11.759073113956195,1.7008143249201422,0.027227361662156908,True
hsa04913,Ovarian steroidogenesis,pathway,52,NAFLD,5,319,0.03023164163091676,1.7551581843191197,2.848746081504702,0.10545293166347251,False
hsa04913,Ovarian steroidogenesis,pathway,52,Obesity,13,859,0.0005865627554235964,4.7262723521320495,2.75058207217695,0.0026248683305205942,True
hsa04913,Ovarian steroidogenesis,pathway,52,PCOS,11,221,2.3193321809278377e-08,1.2159559834938103,9.046380090497737,4.370110109327189e-07,True
hsa04913,Ovarian steroidogenesis,pathway,52,T2D,14,1195,0.004171056695451994,6.574965612104539,2.12928870292887,0.012140148755868406,True
hsa04914,Progesterone-mediated oocyte maturation,pathway,110,NAFLD,4,319,0.51191437298838,3.7128346206750606,1.0773439726417784,0.8768676819609572,False
hsa04914,Progesterone-mediated oocyte maturation,pathway,110,Obesity,19,859,0.004547695792000961,9.997883821817798,1.9004021589586197,0.015074769384595779,True
hsa04914,Progesterone-mediated oocyte maturation,pathway,110,PCOS,6,221,0.043968853235699414,2.5722145804676755,2.332620320855615,0.14441146292092102,False
hsa04914,Progesterone-mediated oocyte maturation,pathway,110,T2D,19,1195,0.09612957239344257,13.908581102528833,1.3660631418790414,0.17739374699408472,False
hsa04915,Estrogen signaling pathway,pathway,139,NAFLD,7,319,0.18980974440743642,4.691672838853031,1.4920051419679305,0.43007524365735594,False
hsa04915,Estrogen signaling pathway,pathway,139,Obesity,20,859,0.02601617690286864,12.63368955666067,1.583068818519108,0.06559007979737304,False
hsa04915,Estrogen signaling pathway,pathway,139,PCOS,8,221,0.016211318034212944,3.250343878954608,2.461278036394414,0.06240485866933585,False
hsa04915,Estrogen signaling pathway,pathway,139,T2D,19,1195,0.39476082234690085,17.575388847740978,1.0810571626380905,0.5888515600007939,False
hsa04916,Melanogenesis,pathway,101,Obesity,16,859,0.01945125998124788,9.17987514548725,1.7429430952408396,0.050097489735875834,False
hsa04916,Melanogenesis,pathway,101,PCOS,5,221,0.08767393183287595,2.361760660247593,2.1170646476412345,0.24714383933991804,False
hsa04916,Melanogenesis,pathway,101,T2D,20,1195,0.02645523784408417,12.770606285049201,1.566096358589834,0.06110306547214279,False
hsa04917,Prolactin signaling pathway,pathway,71,NAFLD,5,319,0.09119427789327698,2.3964659824357213,2.086405580820345,0.24547031192325683,False
hsa04917,Prolactin signaling pathway,pathway,71,Obesity,22,859,1.5537029558326697e-07,6.45317955771876,3.4091721457967834,1.9865202078146277e-06,True
hsa04917,Prolactin signaling pathway,pathway,71,PCOS,10,221,5.290966329120374e-06,1.6602475928473177,6.023198011599006,6.764878377946764e-05,True
hsa04917,Prolactin signaling pathway,pathway,71,T2D,19,1195,0.0009927693092208814,8.977356893450429,2.116435853615416,0.003518924878228471,True
hsa04918,Thyroid hormone synthesis,pathway,75,NAFLD,3,319,0.46707269394690754,2.5314781504602686,1.1850783699059562,0.8237045538571078,False
hsa04918,Thyroid hormone synthesis,pathway,75,Obesity,5,859,0.8237837203435174,6.816738969421225,0.73348855258052,0.9958533574321762,False
hsa04918,Thyroid hormone synthesis,pathway,75,PCOS,2,221,0.5268741783865633,1.7537826685006876,1.140392156862745,0.9468256944068708,False
hsa04918,Thyroid hormone synthesis,pathway,75,T2D,11,1195,0.34759387949934284,9.483123478996932,1.159955369595537,0.5317889267554048,False
hsa04919,Thyroid hormone signaling pathway,pathway,122,NAFLD,8,319,0.05407764121106039,4.117871124748704,1.9427514260753378,0.16834604829182276,False
hsa04919,Thyroid hormone signaling pathway,pathway,122,Obesity,20,859,0.0066763248179041125,11.088562056925193,1.803660375198,0.019917702373413938,True
hsa04919,Thyroid hormone signaling pathway,pathway,122,PCOS,5,221,0.15724454938696397,2.8528198074277853,1.752651880424301,0.3964997485031373,False
hsa04919,Thyroid hormone signaling pathway,pathway,122,T2D,29,1195,0.0004891309085321599,15.425880859168341,1.8799574730777147,0.0018828910242420782,True
hsa04920,Adipocytokine signaling pathway,pathway,70,NAFLD,15,319,8.140212377901548e-09,2.362712940429584,6.3486341244961935,1.5337873848888178e-07,True
hsa04920,Adipocytokine signaling pathway,pathway,70,Obesity,21,859,5.453263968627153e-07,6.3622897047931435,3.30069848661234,5.174015766521213e-06,True
hsa04920,Adipocytokine signaling pathway,pathway,70,PCOS,11,221,5.740489769428141e-07,1.6368638239339752,6.720168067226891,9.786168273596545e-06,True
hsa04920,Adipocytokine signaling pathway,pathway,70,T2D,30,1195,2.810573679187134e-10,8.850915247063803,3.389479976090855,4.791358938804733e-09,True
hsa04921,Oxytocin signaling pathway,pathway,154,NAFLD,9,319,0.07660216012724733,5.197968468945085,1.7314456703171437,0.21764740734567095,False
hsa04921,Oxytocin signaling pathway,pathway,154,Obesity,31,859,1.7323473944518115e-05,13.997037350544916,2.2147543957788427,0.00010692764951961182,True
hsa04921,Oxytocin signaling pathway,pathway,154,PCOS,3,221,0.7031109050526891,3.6011004126547457,0.8330786860198625,1.0,False
hsa04921,Oxytocin signaling pathway,pathway,154,T2D,35,1195,0.000338999540434006,19.472013543540367,1.797451502472423,0.0014111841334345833,True
hsa04922,Glucagon signaling pathway,pathway,107,NAFLD,13,319,6.011801599908536e-05,3.61157549465665,3.5995371048545395,0.0006149214207906446,True
hsa04922,Glucagon signaling pathway,pathway,107,Obesity,18,859,0.007483792691649824,9.725214263040948,1.8508589644555176,0.021782095801712496,True
hsa04922,Glucagon signaling pathway,pathway,107,PCOS,3,221,0.4589444767656589,2.502063273727648,1.1990104452996153,0.8757907765736345,False
hsa04922,Glucagon signaling pathway,pathway,107,T2D,28,1195,0.0001083902923816456,13.529256163368956,2.0695890196691824,0.0005427624576042167,True
hsa04923,Regulation of lipolysis in adipocytes,pathway,60,NAFLD,8,319,0.0008548470941893412,2.0251825203682152,3.9502612330198534,0.0056620218777011086,True
hsa04923,Regulation of lipolysis in adipocytes,pathway,60,Obesity,19,859,7.488810677334389e-07,5.45339117553698,3.4840706247574698,6.7024855562142785e-06,True
hsa04923,Regulation of lipolysis in adipocytes,pathway,60,PCOS,6,221,0.00266835013086129,1.4030261348005502,4.276470588235294,0.013454497842934392,True
hsa04923,Regulation of lipolysis in adipocytes,pathway,60,T2D,19,1195,9.149393532344952e-05,7.586498783197546,2.5044490934449093,0.000467926126368499,True
hsa04924,Renin secretion,pathway,69,NAFLD,7,319,0.008397842573293787,2.3289598984234474,3.005633546862932,0.03854394411845097,True
hsa04924,Renin secretion,pathway,69,Obesity,20,859,1.8533758078648032e-06,6.271399851867527,3.189080663393565,1.5797822362276178e-05,True
hsa04924,Renin secretion,pathway,69,PCOS,2,221,0.4824490816745408,1.6134800550206327,1.2395566922421142,0.9042205098418172,False
hsa04924,Renin secretion,pathway,69,T2D,24,1195,1.7665256015503785e-06,8.724473600677177,2.750882299436056,1.581040413387589e-05,True
hsa04925,Aldosterone synthesis and secretion,pathway,98,NAFLD,5,319,0.23592183672571954,3.307798116601418,1.5115795534514747,0.49104661365004415,False
hsa04925,Aldosterone synthesis and secretion,pathway,98,Obesity,16,859,0.014868241055220529,8.9072055867104,1.7962984961155593,0.039722614162454845,True
hsa04925,Aldosterone synthesis and secretion,pathway,98,PCOS,2,221,0.6722897658644611,2.2916093535075652,0.872749099639856,1.0,False
hsa04925,Aldosterone synthesis and secretion,pathway,98,T2D,26,1195,0.00014799448291498082,12.391281345889324,2.0982495090086246,0.0006971319063626729,True
hsa04926,Relaxin signaling pathway,pathway,130,NAFLD,6,319,0.2754752999279689,4.387895460797799,1.367398119122257,0.5389079637935129,False
hsa04926,Relaxin signaling pathway,pathway,130,Obesity,18,859,0.046458386739814284,11.815680880330124,1.5233993015133878,0.10661604136444561,False
hsa04926,Relaxin signaling pathway,pathway,130,PCOS,10,221,0.0009199579920081299,3.0398899587345256,3.2895927601809953,0.005777981774366852,True
hsa04926,Relaxin signaling pathway,pathway,130,T2D,23,1195,0.05834535515612998,16.437414030261348,1.3992468619246863,0.11669071031225996,False
hsa04927,Cortisol synthesis and secretion,pathway,65,NAFLD,5,319,0.06782665213302284,2.1939477303988997,2.2789968652037618,0.19741415824083072,False
hsa04927,Cortisol synthesis and secretion,pathway,65,Obesity,13,859,0.0050344170564260845,5.907840440165062,2.2004656577415598,0.01638473914727762,True
hsa04927,Cortisol synthesis and secretion,pathway,65,PCOS,3,221,0.1942740015144525,1.5199449793672628,1.9737556561085972,0.46993305771739186,False
hsa04927,Cortisol synthesis and secretion,pathway,65,T2D,18,1195,0.000865327076032019,8.218707015130674,2.1901255230125525,0.0031291625577723517,True
hsa04928,"Parathyroid hormone synthesis, secretion and action",pathway,115,NAFLD,7,319,0.09385326822258355,3.8815998307057455,1.8033801281177593,0.2507423136095889,False
hsa04928,"Parathyroid hormone synthesis, secretion and action",pathway,115,Obesity,26,859,9.637961613584873e-06,10.45233308644588,2.4874829174469806,6.389611588265526e-05,True
hsa04928,"Parathyroid hormone synthesis, secretion and action",pathway,115,PCOS,4,221,0.28222804257609535,2.6891334250343877,1.4874680306905372,0.5943390543661302,False
hsa04928,"Parathyroid hormone synthesis, secretion and action",pathway,115,T2D,30,1195,6.640067019709124e-05,14.540789334461962,2.063161724577042,0.00036017333228119186,True
hsa04929,GnRH secretion,pathway,65,NAFLD,2,319,0.6499555640905967,2.1939477303988997,0.9115987460815047,1.0,False
hsa04929,GnRH secretion,pathway,65,Obesity,15,859,0.0005755117108706378,5.907840440165062,2.538998835855646,0.0026080150948314977,True
hsa04929,GnRH secretion,pathway,65,PCOS,4,221,0.0652659461445647,1.5199449793672628,2.6316742081447964,0.19634629176264,False
hsa04929,GnRH secretion,pathway,65,T2D,15,1195,0.013933846703411893,8.218707015130674,1.8251046025104602,0.03370484540419904,True
hsa04930,Type II diabetes mellitus,pathway,47,NAFLD,7,319,0.0009195228182995742,1.586392974288435,4.4125258453945175,0.005775248578092063,True
hsa04930,Type II diabetes mellitus,pathway,47,Obesity,17,859,3.3583107743054425e-07,4.271823087503968,3.979565551234736,3.339653492225968e-06,True
hsa04930,Type II diabetes mellitus,pathway,47,PCOS,7,221,9.86399450471331e-05,1.0990371389270976,6.369211514392991,0.0008612951299237475,True
hsa04930,Type II diabetes mellitus,pathway,47,T2D,21,1195,5.580432003896219e-08,5.94275738017141,3.5337131665628063,6.659315524649488e-07,True
hsa04931,Insulin resistance,pathway,109,NAFLD,18,319,2.057050582839141e-08,3.679081578668924,4.89252538034569,3.682120543282063e-07,True
hsa04931,Insulin resistance,pathway,109,Obesity,28,859,2.8068010044276476e-07,9.90699396889218,2.8262861659065908,3.0916613227968044e-06,True
hsa04931,Insulin resistance,pathway,109,PCOS,12,221,8.42817674440789e-06,2.5488308115543328,4.708041014570966,9.429022732806327e-05,True
hsa04931,Insulin resistance,pathway,109,T2D,43,1195,1.1941514356270278e-12,13.782139456142207,3.119980039153967,2.5147424350263292e-11,True
hsa04932,Non-alcoholic fatty liver disease,pathway,157,NAFLD,61,319,7.3284553604699655e-50,5.2992275949634955,11.511111554819001,2.6235870190482473e-47,True
hsa04932,Non-alcoholic fatty liver disease,pathway,157,Obesity,68,859,1.5575927836347389e-30,14.269706909321766,4.765339640968983,1.3940455413530913e-28,True
hsa04932,Non-alcoholic fatty liver disease,pathway,157,PCOS,53,221,1.9306519878648874e-48,3.671251719394773,14.436493068565007,3.4558670582781482e-46,True
hsa04932,Non-alcoholic fatty liver disease,pathway,157,T2D,73,1195,7.675940912294498e-26,19.851338482700243,3.6773339018735176,9.159956155338101e-24,True
hsa04933,AGE-RAGE signaling pathway in diabetic complications,pathway,101,NAFLD,15,319,1.300799576192469e-06,3.4090572426198285,4.400043452621125,1.8627449931076157e-05,True
hsa04933,AGE-RAGE signaling pathway in diabetic complications,pathway,101,Obesity,22,859,8.360667791373867e-05,9.17987514548725,2.3965467559561544,0.00046767485457997564,True
hsa04933,AGE-RAGE signaling pathway in diabetic complications,pathway,101,PCOS,12,221,3.779464116897791e-06,2.361760660247593,5.080955154338963,5.204031360959265e-05,True
hsa04933,AGE-RAGE signaling pathway in diabetic complications,pathway,101,T2D,32,1195,4.051181075617939e-07,12.770606285049201,2.505754173743734,4.265655367856536e-06,True
hsa04934,Cushing syndrome,pathway,155,NAFLD,7,319,0.26935276218095067,5.231721510951222,1.3379917079583377,0.532752977131383,False
hsa04934,Cushing syndrome,pathway,155,Obesity,27,859,0.0007040795081656568,14.087927203470532,1.9165346051297458,0.0030368730593169292,True
hsa04934,Cushing syndrome,pathway,155,PCOS,7,221,0.07131074663988696,3.624484181568088,1.9313092979127136,0.2092561253858978,False
hsa04934,Cushing syndrome,pathway,155,T2D,36,1195,0.00017817406787494643,19.59845518992699,1.8368794709137537,0.0008177732858875747,True
hsa04935,"Growth hormone synthesis, secretion and action",pathway,122,NAFLD,8,319,0.05407764121106039,4.117871124748704,1.9427514260753378,0.16834604829182276,False
hsa04935,"Growth hormone synthesis, secretion and action",pathway,122,Obesity,30,859,2.989424305300372e-07,11.088562056925193,2.705490562797,3.0916613227968044e-06,True
hsa04935,"Growth hormone synthesis, secretion and action",pathway,122,PCOS,9,221,0.002201284077333138,2.8528198074277853,3.154773384763742,0.011940298480079749,True
hsa04935,"Growth hormone synthesis, secretion and action",pathway,122,T2D,33,1195,1.295659897449756e-05,15.425880859168341,2.139261952122917,9.276924865740254e-05,True
hsa04936,Alcoholic liver disease,pathway,144,NAFLD,23,319,4.209085051469788e-10,4.860438048883716,4.7320837687217,8.86383793191873e-09,True
hsa04936,Alcoholic liver disease,pathway,144,Obesity,35,859,4.248443988086466e-08,13.088138821288753,2.674177014616479,5.633122028647981e-07,True
hsa04936,Alcoholic liver disease,pathway,144,PCOS,11,221,0.0005458579409542191,3.3672627235213204,3.266748366013072,0.0036871159030492534,True
hsa04936,Alcoholic liver disease,pathway,144,T2D,35,1195,8.328121618532945e-05,18.20759707967411,1.9222745234774523,0.0004320967448456224,True
hsa04940,Type I diabetes mellitus,pathway,44,NAFLD,3,319,0.18484903002715225,1.4851338482700243,2.0200199487033346,0.4242048253187212,False
hsa04940,Type I diabetes mellitus,pathway,44,Obesity,8,859,0.04233469995201755,3.9991535287271187,2.0004233252196,0.09970935909751502,False
hsa04940,Type I diabetes mellitus,pathway,44,PCOS,3,221,0.08305991717489741,1.0288858321870702,2.9157754010695185,0.2398020189404296,False
hsa04940,Type I diabetes mellitus,pathway,44,T2D,7,1195,0.318655788603806,5.563432441011533,1.2582160517306962,0.4917188462075972,False
hsa04950,Maturity onset diabetes of the young,pathway,26,NAFLD,3,319,0.055848304593841755,0.8775790921595599,3.4184952978056424,0.17235942279823577,False
hsa04950,Maturity onset diabetes of the young,pathway,26,Obesity,5,859,0.08131862947466782,2.3631361760660248,2.1158323632130385,0.17432376857443763,False
hsa04950,Maturity onset diabetes of the young,pathway,26,PCOS,1,221,0.4599124748487243,0.6079779917469051,1.6447963800904977,0.8757907765736345,False
hsa04950,Maturity onset diabetes of the young,pathway,26,T2D,20,1195,1.0240665427508862e-13,3.2874828060522696,6.083682008368201,2.4441054820321152e-12,True
hsa04960,Aldosterone-regulated sodium reabsorption,pathway,38,NAFLD,5,319,0.00854014301791951,1.2826155962332029,3.8982841115327505,0.03870090127107829,True
hsa04960,Aldosterone-regulated sodium reabsorption,pathway,38,Obesity,9,859,0.005919892315418767,3.4538144111734206,2.605814594693953,0.018270012490688953,True
hsa04960,Aldosterone-regulated sodium reabsorption,pathway,38,PCOS,5,221,0.001787911623899632,0.8885832187070152,5.6269349845201235,0.010323747763807551,True
hsa04960,Aldosterone-regulated sodium reabsorption,pathway,38,T2D,11,1195,0.005894886266899449,4.804782562691779,2.289385597885928,0.01563236506333335,True
hsa04961,Endocrine and other factor-regulated calcium reabsorption,pathway,53,NAFLD,2,319,0.5385535039297282,1.7889112263252567,1.1179984621754302,0.9094441245605788,False
hsa04961,Endocrine and other factor-regulated calcium reabsorption,pathway,53,Obesity,9,859,0.04763213394674992,4.817162205057666,1.8683198980824567,0.10861340097411765,False
hsa04961,Endocrine and other factor-regulated calcium reabsorption,pathway,53,PCOS,2,221,0.3527709352946366,1.2393397524071528,1.613762486126526,0.7055418705892732,False
hsa04961,Endocrine and other factor-regulated calcium reabsorption,pathway,53,T2D,14,1195,0.0050238282186762726,6.701407258491165,2.0891134443830426,0.01389318342721917,True
hsa04962,Vasopressin-regulated water reabsorption,pathway,44,NAFLD,2,319,0.4403448581063109,1.4851338482700243,1.3466799658022228,0.7959745953845963,False
hsa04962,Vasopressin-regulated water reabsorption,pathway,44,Obesity,5,859,0.37079753763295087,3.9991535287271187,1.25026457826225,0.6258879693144322,False
hsa04962,Vasopressin-regulated water reabsorption,pathway,44,PCOS,1,221,0.6477839257346907,1.0288858321870702,0.9719251336898396,1.0,False
hsa04962,Vasopressin-regulated water reabsorption,pathway,44,T2D,5,1195,0.6690878087572678,5.563432441011533,0.8987257512362116,0.8404681948600066,False
hsa04964,Proximal tubule bicarbonate reclamation,pathway,23,Obesity,2,859,0.6316716744392403,2.090466617289176,0.9567241990180695,0.8799161846274242,False
hsa04964,Proximal tubule bicarbonate reclamation,pathway,23,PCOS,2,221,0.09994496746016385,0.5378266850068776,3.7186700767263425,0.2752330642364512,False
hsa04964,Proximal tubule bicarbonate reclamation,pathway,23,T2D,5,1195,0.15666984832402403,2.908157866892392,1.719301437147535,0.2735990521951249,False
hsa04966,Collecting duct acid secretion,pathway,28,NAFLD,2,319,0.24361258115238796,0.9450851761718336,2.116211374832065,0.5012258853595108,False
hsa04966,Collecting duct acid secretion,pathway,28,Obesity,2,859,0.7368286207110701,2.5449158819172575,0.7858805920505572,0.96624412532807,False
hsa04966,Collecting duct acid secretion,pathway,28,PCOS,1,221,0.4849450779039914,0.6547455295735901,1.5273109243697478,0.9042205098418172,False
hsa04966,Collecting duct acid secretion,pathway,28,T2D,4,1195,0.47998764281135203,3.5403660988255212,1.1298266586969516,0.6702288645844596,False
hsa04970,Salivary secretion,pathway,93,Obesity,15,859,0.019957218750809438,8.452756322082319,1.7745690788238389,0.05067151994886368,False
hsa04970,Salivary secretion,pathway,93,PCOS,1,221,0.8904561560054003,2.174690508940853,0.4598355471220746,1.0,False
hsa04970,Salivary secretion,pathway,93,T2D,21,1195,0.005317655060196289,11.759073113956195,1.7858550411661493,0.01453221764542192,True
hsa04971,Gastric acid secretion,pathway,76,NAFLD,2,319,0.7323472338506938,2.5652311924664057,0.7796568223065501,1.0,False
hsa04971,Gastric acid secretion,pathway,76,Obesity,8,859,0.38662349167870724,6.907628822346841,1.158139819863979,0.6454956108988777,False
hsa04971,Gastric acid secretion,pathway,76,PCOS,3,221,0.2622799726259902,1.7771664374140304,1.688080495356037,0.5622528754497275,False
hsa04971,Gastric acid secretion,pathway,76,T2D,16,1195,0.02628666938639987,9.609565125383558,1.6650077075534022,0.06110306547214279,False
hsa04972,Pancreatic secretion,pathway,103,NAFLD,2,319,0.8675734139565225,3.4765633266321023,0.57528076209027,1.0,False
hsa04972,Pancreatic secretion,pathway,103,Obesity,18,859,0.004992610486959629,9.361654851338482,1.9227369824926253,0.01638473914727762,True
hsa04972,Pancreatic secretion,pathway,103,PCOS,2,221,0.698674576369316,2.408528198074278,0.8303826384922901,1.0,False
hsa04972,Pancreatic secretion,pathway,103,T2D,31,1195,2.117634228223987e-06,13.023489577822453,2.3803144168663932,1.8050310802480654e-05,True
hsa04973,Carbohydrate digestion and absorption,pathway,48,NAFLD,3,319,0.2198434992560665,1.620146016294572,1.8516849529780564,0.4684760281766179,False
hsa04973,Carbohydrate digestion and absorption,pathway,48,Obesity,7,859,0.14147775729166545,4.362712940429584,1.6045062087698876,0.27982893431169187,False
hsa04973,Carbohydrate digestion and absorption,pathway,48,PCOS,2,221,0.30978109718898417,1.1224209078404401,1.7818627450980393,0.6388172402440188,False
hsa04973,Carbohydrate digestion and absorption,pathway,48,T2D,17,1195,4.337215302949753e-05,6.069199026558036,2.801028591352859,0.0002626785841186209,True
hsa04974,Protein digestion and absorption,pathway,103,NAFLD,1,319,0.9714514748735263,3.4765633266321023,0.287640381045135,1.0,False
hsa04974,Protein digestion and absorption,pathway,103,Obesity,8,859,0.7302287956210567,9.361654851338482,0.8545497699967224,0.96624412532807,False
hsa04974,Protein digestion and absorption,pathway,103,PCOS,1,221,0.9137531445579979,2.408528198074278,0.41519131924614505,1.0,False
hsa04974,Protein digestion and absorption,pathway,103,T2D,19,1195,0.05659950150422198,13.023489577822453,1.4589023845310152,0.11512853146881517,False
hsa04975,Fat digestion and absorption,pathway,44,NAFLD,10,319,1.490235156285097e-06,1.4851338482700243,6.733399829011114,2.051939176731018e-05,True
hsa04975,Fat digestion and absorption,pathway,44,Obesity,6,859,0.20658141963574742,3.9991535287271187,1.5003174939147,0.3872049645528669,False
hsa04975,Fat digestion and absorption,pathway,44,T2D,14,1195,0.0007150295938278118,5.563432441011533,2.5164321034613923,0.0026389752019624394,True
hsa04976,Bile secretion,pathway,90,NAFLD,6,319,0.08330653118865469,3.0377737805523224,1.975130616509927,0.23119176872510372,False
hsa04976,Bile secretion,pathway,90,Obesity,10,859,0.30021575280025675,8.18008676330547,1.2224809209675334,0.5351680896681047,False
hsa04976,Bile secretion,pathway,90,PCOS,3,221,0.3520225004361515,2.1045392022008254,1.4254901960784314,0.7055418705892732,False
hsa04976,Bile secretion,pathway,90,T2D,17,1195,0.05699947434892524,11.379748174796317,1.4938819153881917,0.11528707241195048,False
hsa04977,Vitamin digestion and absorption,pathway,26,NAFLD,4,319,0.010584575147296918,0.8775790921595599,4.5579937304075235,0.04470794179444831,True
hsa04977,Vitamin digestion and absorption,pathway,26,Obesity,2,859,0.6982293652313957,2.3631361760660248,0.8463329452852154,0.9362026694862908,False
hsa04977,Vitamin digestion and absorption,pathway,26,T2D,5,1195,0.2255435739158651,3.2874828060522696,1.5209205020920502,0.372094928395759,False
hsa04978,Mineral absorption,pathway,61,NAFLD,4,319,0.1500328353329219,2.058935562374352,1.9427514260753378,0.3629172638458516,False
hsa04978,Mineral absorption,pathway,61,Obesity,4,859,0.8174684736536243,5.5442810284625965,0.7214641500792,0.9958533574321762,False
hsa04978,Mineral absorption,pathway,61,PCOS,1,221,0.7649620518132012,1.4264099037138926,0.7010607521697204,1.0,False
hsa04978,Mineral absorption,pathway,61,T2D,11,1195,0.14140872918107797,7.712940429584171,1.426174634748611,0.25061547052884114,False
hsa04979,Cholesterol metabolism,pathway,52,NAFLD,18,319,3.028672897680661e-14,1.7551581843191197,10.255485893416928,8.340499210535974e-13,True
hsa04979,Cholesterol metabolism,pathway,52,Obesity,10,859,0.017149493121961228,4.7262723521320495,2.1158323632130385,0.04481400392454102,True
hsa04979,Cholesterol metabolism,pathway,52,PCOS,1,221,0.7088073342987076,1.2159559834938103,0.8223981900452488,1.0,False
hsa04979,Cholesterol metabolism,pathway,52,T2D,21,1195,4.5539206861010003e-07,6.574965612104539,3.1939330543933053,4.658010301783309e-06,True
hsa04980,Cobalamin transport and metabolism,pathway,18,Obesity,1,859,0.8203640414991948,1.6360173526610942,0.6112404604837666,0.9958533574321762,False
hsa04980,Cobalamin transport and metabolism,pathway,18,T2D,3,1195,0.40238107561924064,2.2759496349592636,1.31813110181311,0.5977279048617765,False
hsa04981,Folate transport and metabolism,pathway,31,NAFLD,1,319,0.6556625416377571,1.0463443021902443,0.955708362827384,1.0,False
hsa04981,Folate transport and metabolism,pathway,31,Obesity,3,859,0.5442855026222546,2.8175854406941063,1.0647414472943033,0.7985828276178982,False
hsa04981,Folate transport and metabolism,pathway,31,PCOS,1,221,0.5203446045883834,0.7248968363136176,1.379506641366224,0.9408250931446528,False
hsa04981,Folate transport and metabolism,pathway,31,T2D,5,1195,0.35400632133684273,3.919691037985398,1.2756107436901067,0.5392947363344243,False
hsa05010,Alzheimer disease,disease,389,NAFLD,65,319,3.135231553601982e-28,13.129933340387261,4.950520182769097,1.6034469945564424e-26,True
hsa05010,Alzheimer disease,disease,389,Obesity,95,859,3.881546374142207e-20,35.356152788064755,2.686943926548177,1.3895936019429101e-18,True
hsa05010,Alzheimer disease,disease,389,PCOS,56,221,1.70260400228821e-29,9.096286107290235,6.156358687433842,6.095322328191792e-28,True
hsa05010,Alzheimer disease,disease,389,T2D,125,1195,6.911809647510262e-25,49.185800444397415,2.5413838723903153,6.186069634521685e-23,True
hsa05012,Parkinson disease,disease,269,NAFLD,54,319,1.7421208474777655e-27,9.07956829965083,5.947419328524315,7.795990792463001e-26,True
hsa05012,Parkinson disease,disease,269,Obesity,62,859,2.874963123214033e-12,24.449370436990794,2.535852616728192,5.7179822117256875e-11,True
hsa05012,Parkinson disease,disease,269,PCOS,50,221,1.134547729600609e-31,6.290233837689134,7.94883008965668,5.077101089962725e-30,True
hsa05012,Parkinson disease,disease,269,T2D,92,1195,1.414944111471956e-20,34.012802878002326,2.7048638223079435,8.442499865116005e-19,True
hsa05014,Amyotrophic lateral sclerosis,disease,369,NAFLD,57,319,6.031906970684905e-23,12.454872500264523,4.576522160205927,1.96311154136836e-21,True
hsa05014,Amyotrophic lateral sclerosis,disease,369,Obesity,76,859,4.0777511023001206e-12,33.53835572955243,2.266062194964208,7.6833415506497e-11,True
hsa05014,Amyotrophic lateral sclerosis,disease,369,PCOS,53,221,8.179695941372457e-28,8.628610729023384,6.142356129443647,2.662119224555763e-26,True
hsa05014,Amyotrophic lateral sclerosis,disease,369,T2D,101,1195,6.957439664909731e-15,46.656967516664906,2.1647356306199046,2.2643303636706216e-13,True
hsa05016,Huntington disease,disease,309,NAFLD,56,319,4.0101006631271435e-26,10.429689979896308,5.369287112842519,1.5951289304439081e-24,True
hsa05016,Huntington disease,disease,309,Obesity,72,859,2.510752564167042e-14,28.08496455401545,2.5636493099901667,5.99232945314534e-13,True
hsa05016,Huntington disease,disease,309,PCOS,53,221,8.925153975117995e-32,7.225584594222833,7.335046640015229,4.564578747274632e-30,True
hsa05016,Huntington disease,disease,309,T2D,101,1195,7.712967107909664e-21,39.07046873346736,2.585072646274255,5.52248444926332e-19,True
hsa05017,Spinocerebellar ataxia,disease,144,NAFLD,4,319,0.7216692605159665,4.860438048883716,0.8229710902124695,1.0,False
hsa05017,Spinocerebellar ataxia,disease,144,Obesity,22,859,0.010525758653801953,13.088138821288753,1.6809112663303583,0.029906520619532532,True
hsa05017,Spinocerebellar ataxia,disease,144,PCOS,5,221,0.2474066219956771,3.3672627235213204,1.4848856209150327,0.5400705528930024,False
hsa05017,Spinocerebellar ataxia,disease,144,T2D,29,1195,0.006921495131162049,18.20759707967411,1.5927417480241748,0.017826584582417364,True
hsa05020,Prion disease,disease,276,NAFLD,52,319,4.302009745415976e-25,9.31583959369379,5.581890872745445,1.5401194888589194e-23,True
hsa05020,Prion disease,disease,276,Obesity,74,859,2.733281031043144e-18,25.08559940747011,2.949899613639048,8.154288409278713e-17,True
hsa05020,Prion disease,disease,276,PCOS,49,221,4.7535999982972165e-30,6.453920220082531,7.59228473998295,1.8908764437671148e-28,True
hsa05020,Prion disease,disease,276,T2D,92,1195,1.040302685528314e-19,34.89789440270871,2.63626220362622,4.655354517739205e-18,True
hsa05022,Pathways of neurodegeneration - multiple diseases,disease,481,NAFLD,61,319,5.257928156253453e-20,16.235213204951858,3.757265102092688,1.5686152332822801e-18,True
hsa05022,Pathways of neurodegeneration - multiple diseases,disease,481,Obesity,99,859,1.7045113419948564e-15,43.71801925722146,2.2645124752226033,4.3586790031011325e-14,True
hsa05022,Pathways of neurodegeneration - multiple diseases,disease,481,PCOS,57,221,1.4968818838343945e-25,11.247592847317744,5.0677510089274795,4.465697620105944e-24,True
hsa05022,Pathways of neurodegeneration - multiple diseases,disease,481,T2D,134,1195,3.054511323326554e-20,60.81843191196699,2.203279430057673,1.5621643625012947e-18,True
hsa05030,Cocaine addiction,disease,49,NAFLD,2,319,0.49637415309700295,1.653899058300709,1.2092636427611796,0.8584635111532708,False
hsa05030,Cocaine addiction,disease,49,Obesity,19,859,1.8147018203852266e-08,4.4536027933552,4.2662089282744535,2.5986530067916447e-07,True
hsa05030,Cocaine addiction,disease,49,PCOS,5,221,0.005519595014425232,1.1458046767537826,4.36374549819928,0.025333525835438887,True
hsa05030,Cocaine addiction,disease,49,T2D,12,1195,0.01672963295319674,6.195640672944662,1.9368457006233457,0.03992805731496289,True
hsa05031,Amphetamine addiction,disease,69,NAFLD,2,319,0.6820283200853303,2.3289598984234474,0.8587524419608377,1.0,False
hsa05031,Amphetamine addiction,disease,69,Obesity,25,859,5.552453641399218e-10,6.271399851867527,3.9863508292419563,9.035356380095092e-09,True
hsa05031,Amphetamine addiction,disease,69,PCOS,5,221,0.02238631552703886,1.6134800550206327,3.0988917306052857,0.08525852083702035,False
hsa05031,Amphetamine addiction,disease,69,T2D,21,1195,7.619040840319962e-05,8.724473600677177,2.407022012006549,0.0004071069583335144,True
hsa05032,Morphine addiction,disease,91,NAFLD,15,319,3.254373035696728e-07,3.0715268225584595,4.8835647111509175,4.85443977824762e-06,True
hsa05032,Morphine addiction,disease,91,Obesity,31,859,2.9795562342476736e-11,8.270976616231087,3.748045900548811,5.079433961241272e-10,True
hsa05032,Morphine addiction,disease,91,PCOS,18,221,2.285082645918328e-12,2.1279229711141676,8.458952811893989,4.5447754846597855e-11,True
hsa05032,Morphine addiction,disease,91,T2D,33,1195,6.377599169453858e-09,11.506189821182943,2.8680215182307234,9.132722010657926e-08,True
hsa05033,Nicotine addiction,disease,41,Obesity,28,859,2.5482527389505936e-20,3.72648396995027,7.513785172776058,1.0136383117159027e-18,True
hsa05033,Nicotine addiction,disease,41,PCOS,20,221,1.757898854311787e-22,0.9587345254470426,20.86083213773314,4.495198498882998e-21,True
hsa05033,Nicotine addiction,disease,41,T2D,21,1195,2.546125460409925e-09,5.184107501851656,4.0508419226451675,3.963099629681535e-08,True
hsa05034,Alcoholism,disease,191,NAFLD,3,319,0.9591403536973417,6.446831023172151,0.46534490964893566,1.0,False
hsa05034,Alcoholism,disease,191,Obesity,29,859,0.004013914288228465,17.35996190879272,1.6705105778666294,0.01355642750175274,True
hsa05034,Alcoholism,disease,191,PCOS,3,221,0.8287803599823935,4.466299862448418,0.6716969510317217,1.0,False
hsa05034,Alcoholism,disease,191,T2D,25,1195,0.4589473984585178,24.15035445984552,1.0351814935705053,0.6555645307885897,False
hsa05100,Bacterial invasion of epithelial cells,disease,78,Obesity,6,859,0.724031744402328,7.089408528198074,0.8463329452852154,0.9635812806543993,False
hsa05100,Bacterial invasion of epithelial cells,disease,78,T2D,7,1195,0.8788823753163975,9.86244841815681,0.70976290097629,0.9925548591901271,False
hsa05110,Vibrio cholerae infection,disease,51,Obesity,5,859,0.49932188321471255,4.635382499206433,1.0786596361478233,0.7515928348901434,False
hsa05110,Vibrio cholerae infection,disease,51,T2D,8,1195,0.3135928307122594,6.448523965717913,1.240593978177045,0.488114058239082,False
hsa05120,Epithelial cell signaling in Helicobacter pylori infection,disease,71,NAFLD,4,319,0.21782300152538694,2.3964659824357213,1.6691244646562762,0.4684760281766179,False
hsa05120,Epithelial cell signaling in Helicobacter pylori infection,disease,71,Obesity,7,859,0.4696958008546445,6.45317955771876,1.084736591844431,0.7310917248085336,False
hsa05120,Epithelial cell signaling in Helicobacter pylori infection,disease,71,PCOS,1,221,0.8147954753721323,1.6602475928473177,0.6023198011599006,1.0,False
hsa05120,Epithelial cell signaling in Helicobacter pylori infection,disease,71,T2D,10,1195,0.40911870459915894,8.977356893450429,1.1139136071660085,0.602734552454728,False
hsa05130,Pathogenic Escherichia coli infection,disease,201,NAFLD,14,319,0.00812231614447579,6.784361443233521,2.0635693008312668,0.03776349584054978,True
hsa05130,Pathogenic Escherichia coli infection,disease,201,Obesity,17,859,0.6597931629343119,18.268860438048883,0.9305451786469284,0.9015494363758919,False
hsa05130,Pathogenic Escherichia coli infection,disease,201,PCOS,8,221,0.09921637729302012,4.700137551581843,1.7020778460637986,0.2752330642364512,False
hsa05130,Pathogenic Escherichia coli infection,disease,201,T2D,40,1195,0.002149849050715689,25.414770923711778,1.5738878827619225,0.006996781455965606,True
hsa05131,Shigellosis,disease,253,NAFLD,17,319,0.005332826161811004,8.53951962755264,1.9907442972728513,0.026889461491948444,True
hsa05131,Shigellosis,disease,253,Obesity,32,859,0.0340667306860144,22.995132790180932,1.3915988349353738,0.08240465936211591,False
hsa05131,Shigellosis,disease,253,PCOS,11,221,0.03529326162577354,5.916093535075653,1.8593350383631715,0.12033321582882787,False
hsa05131,Shigellosis,disease,253,T2D,46,1195,0.006517018711379925,31.989736535816316,1.4379612019779384,0.017029873712949,True
hsa05132,Salmonella infection,disease,249,NAFLD,16,319,0.010203005713250049,8.404507459528093,1.90374035326258,0.04470794179444831,True
hsa05132,Salmonella infection,disease,249,Obesity,29,859,0.09784117539246823,22.631573378478468,1.2813956641466915,0.20246902191042557,False
hsa05132,Salmonella infection,disease,249,PCOS,11,221,0.031968852699884,5.822558459422283,1.8892038743208126,0.11331533927285614,False
hsa05132,Salmonella infection,disease,249,T2D,50,1195,0.0005203653634671901,31.483969950269813,1.5881097612206148,0.0019818170225665327,True
hsa05133,Pertussis,disease,78,NAFLD,11,319,5.620707871128591e-05,2.6327372764786796,4.17816091954023,0.0005918274758423634,True
hsa05133,Pertussis,disease,78,Obesity,18,859,0.00016796414064332613,7.089408528198074,2.538998835855646,0.0008469177795818416,True
hsa05133,Pertussis,disease,78,PCOS,10,221,1.2500040598314375e-05,1.8239339752407153,5.482654600301659,0.00013560650103625898,True
hsa05133,Pertussis,disease,78,T2D,14,1195,0.10981454646197816,9.86244841815681,1.41952580195258,0.19956146006796033,False
hsa05134,Legionellosis,disease,56,NAFLD,12,319,2.6152765111561125e-07,1.8901703523436673,6.3486341244961935,4.255768140881311e-06,True
hsa05134,Legionellosis,disease,56,Obesity,10,859,0.027824154322601127,5.089831763834515,1.9647014801263927,0.0691739392186889,False
hsa05134,Legionellosis,disease,56,PCOS,7,221,0.00030437400319785647,1.3094910591471802,5.345588235294118,0.0022701227738506796,True
hsa05134,Legionellosis,disease,56,T2D,13,1195,0.020239987232208292,7.0807321976510424,1.8359683203825463,0.04785522322641397,True
hsa05135,Yersinia infection,disease,138,NAFLD,13,319,0.0007673977219718099,4.657919796846895,2.7909454363727226,0.0052832381628059215,True
hsa05135,Yersinia infection,disease,138,Obesity,22,859,0.006418086419772622,12.542799703735055,1.7539943648664609,0.019308192758643684,True
hsa05135,Yersinia infection,disease,138,PCOS,12,221,9.026609923106693e-05,3.2269601100412655,3.7186700767263425,0.0008078815881180491,True
hsa05135,Yersinia infection,disease,138,T2D,29,1195,0.0036959204026768564,17.448947201354354,1.6619913892426172,0.010978698446019751,True
hsa05140,Leishmaniasis,disease,78,NAFLD,7,319,0.015925717720104517,2.6327372764786796,2.6588296760710555,0.06130545100857438,False
hsa05140,Leishmaniasis,disease,78,Obesity,16,859,0.0014897174662609615,7.089408528198074,2.2568878540939075,0.005673604818313024,True
hsa05140,Leishmaniasis,disease,78,PCOS,7,221,0.0022476210087735995,1.8239339752407153,3.837858220211161,0.012009676434939531,True
hsa05140,Leishmaniasis,disease,78,T2D,15,1195,0.06215115026296019,9.86244841815681,1.5209205020920502,0.12158531035049043,False
hsa05142,Chagas disease,disease,103,NAFLD,11,319,0.0006812780718437456,3.4765633266321023,3.164044191496485,0.004877950994401218,True
hsa05142,Chagas disease,disease,103,Obesity,27,859,2.936548233266049e-07,9.361654851338482,2.8841054737389378,3.0916613227968044e-06,True
hsa05142,Chagas disease,disease,103,PCOS,12,221,4.652841849543225e-06,2.408528198074278,4.982295830953741,6.169323637542499e-05,True
hsa05142,Chagas disease,disease,103,T2D,30,1195,6.4528077964361e-06,13.023489577822453,2.303530080838445,5.154516701451329e-05,True
hsa05143,African trypanosomiasis,disease,37,NAFLD,4,319,0.03505715648894594,1.248862554227066,3.2029145132593406,0.1195282097432633,False
hsa05143,African trypanosomiasis,disease,37,Obesity,13,859,1.1886006946641527e-05,3.3629245582478045,3.8656829122486864,7.736709976177575e-05,True
hsa05143,African trypanosomiasis,disease,37,PCOS,6,221,0.0001936047109048339,0.8651994497936726,6.934817170111288,0.0015402330334206783,True
hsa05143,African trypanosomiasis,disease,37,T2D,11,1195,0.00471597574664558,4.678340916305153,2.3512608843152774,0.013189994666399358,True
hsa05144,Malaria,disease,50,NAFLD,12,319,6.82178697652908e-08,1.6876521003068459,7.1104702194357365,1.1629522559987669e-06,True
hsa05144,Malaria,disease,50,Obesity,14,859,9.859588554116782e-05,4.544492646280817,3.0806519208381835,0.0005348079852081527,True
hsa05144,Malaria,disease,50,PCOS,9,221,1.934160152134634e-06,1.169188445667125,7.69764705882353,3.0105623237573868e-05,True
hsa05144,Malaria,disease,50,T2D,14,1195,0.0028162151833663078,6.322082319331288,2.214460251046025,0.008617137056796053,True
hsa05145,Toxoplasmosis,disease,112,NAFLD,10,319,0.004488304728556934,3.7803407046873345,2.6452642185400808,0.02295447275461975,True
hsa05145,Toxoplasmosis,disease,112,Obesity,21,859,0.0010206253099715435,10.17966352766903,2.0629365541327123,0.0041998144939058915,True
hsa05145,Toxoplasmosis,disease,112,PCOS,8,221,0.004662681083080968,2.6189821182943605,3.0546218487394956,0.022024412241518316,True
hsa05145,Toxoplasmosis,disease,112,T2D,21,1195,0.040165345778226336,14.161464395302085,1.4828974895397489,0.08662164932894595,False
hsa05146,Amoebiasis,disease,103,NAFLD,6,319,0.1347336266488616,3.4765633266321023,1.7258422862708098,0.33734973900874604,False
hsa05146,Amoebiasis,disease,103,Obesity,20,859,0.0008462839776217086,9.361654851338482,2.1363744249918057,0.0035643489881008435,True
hsa05146,Amoebiasis,disease,103,PCOS,8,221,0.0027868234974411854,2.408528198074278,3.3215305539691604,0.013856705723388115,True
hsa05146,Amoebiasis,disease,103,T2D,24,1195,0.0019338837514041565,13.023489577822453,1.8428240646707559,0.006410466509284148,True
hsa05150,Staphylococcus aureus infection,disease,99,NAFLD,2,319,0.8525346988535333,3.3415511586075546,0.5985244292454324,1.0,False
hsa05150,Staphylococcus aureus infection,disease,99,Obesity,3,859,0.9953997961949824,8.998095439636018,0.3334038875366,1.0,False
hsa05150,Staphylococcus aureus infection,disease,99,PCOS,3,221,0.40932470761211903,2.314993122420908,1.2959001782531194,0.8045708826950004,False
hsa05150,Staphylococcus aureus infection,disease,99,T2D,4,1195,0.999126074079186,12.51772299227595,0.3195469337728752,1.0,False
hsa05152,Tuberculosis,disease,181,NAFLD,16,319,0.00040264690653941287,6.109300603110782,2.6189577235490744,0.003133643316111083,True
hsa05152,Tuberculosis,disease,181,Obesity,28,859,0.0035583972504593924,16.451063379536556,1.7020176358222012,0.012132440149185356,True
hsa05152,Tuberculosis,disease,181,PCOS,12,221,0.0010932819251886503,4.232462173314993,2.835229119272018,0.006633812359619268,True
hsa05152,Tuberculosis,disease,181,T2D,29,1195,0.10487838742340037,22.885937995979262,1.2671536558866363,0.1915635851917211,False
hsa05160,Hepatitis C,disease,156,NAFLD,12,319,0.006491393361974583,5.265474552957359,2.2789968652037618,0.031404308426850006,True
hsa05160,Hepatitis C,disease,156,Obesity,24,859,0.007130162670964657,14.178817056396149,1.6926658905704308,0.020922936362338912,True
hsa05160,Hepatitis C,disease,156,PCOS,6,221,0.15865745828991132,3.6478679504814306,1.6447963800904977,0.39719839208243535,False
hsa05160,Hepatitis C,disease,156,T2D,32,1195,0.003518200138785319,19.72489683631362,1.6223152022315201,0.010584165123404573,True
hsa05161,Hepatitis B,disease,163,NAFLD,17,319,3.4316425748889155e-05,5.5017458470003175,3.0899282650922166,0.0003839150130656974,True
hsa05161,Hepatitis B,disease,163,Obesity,31,859,5.500769775745795e-05,14.815046026875462,2.092467343251177,0.00031762509350274107,True
hsa05161,Hepatitis B,disease,163,PCOS,9,221,0.014241327828459544,3.8115543328748283,2.361241429086972,0.05602632266580788,False
hsa05161,Hepatitis B,disease,163,T2D,39,1195,4.8709842040327354e-05,20.609988361019997,1.8922863670200478,0.0002779883098139181,True
hsa05162,Measles,disease,136,NAFLD,10,319,0.016662466371982883,4.5904137128346205,2.178452885856537,0.06345918043797737,False
hsa05162,Measles,disease,136,Obesity,21,859,0.010914928524443788,12.361019997883822,1.698888926932822,0.030527690716803717,True
hsa05162,Measles,disease,136,PCOS,7,221,0.04025016858197405,3.1801925722145805,2.2011245674740483,0.13593924860704443,False
hsa05162,Measles,disease,136,T2D,35,1195,2.3169976929364486e-05,17.196063908581102,2.0353494954467144,0.0001565066366172167,True
hsa05163,Human cytomegalovirus infection,disease,227,NAFLD,18,319,0.0006649713561503192,7.6619405353930805,2.349274301575684,0.004858362153098251,True
hsa05163,Human cytomegalovirus infection,disease,227,Obesity,37,859,0.00031688957788227664,20.631996614114907,1.7933310426528133,0.0014733307646994161,True
hsa05163,Human cytomegalovirus infection,disease,227,PCOS,13,221,0.0025742385362578163,5.308115543328748,2.4490800725576576,0.013356194144642005,True
hsa05163,Human cytomegalovirus infection,disease,227,T2D,42,1195,0.006677467363440512,28.702253729764045,1.4632997253608095,0.01732270518921524,True
hsa05164,Influenza A,disease,173,NAFLD,14,319,0.0021378289434236773,5.8392762670616865,2.3975573957634952,0.012546602651568468,True
hsa05164,Influenza A,disease,173,Obesity,25,859,0.013282682557115158,15.723944556131626,1.5899318336282948,0.0361133463512843,True
hsa05164,Influenza A,disease,173,PCOS,10,221,0.007367354093699857,4.045392022008253,2.4719483168990144,0.03216478982371401,True
hsa05164,Influenza A,disease,173,T2D,39,1195,0.00019077574448231525,21.874404824886255,1.7829056521633977,0.000843181685489739,True
hsa05165,Human papillomavirus infection,disease,333,NAFLD,14,319,0.23526811978785708,11.239762988043593,1.2455778662675214,0.49104661365004415,False
hsa05165,Human papillomavirus infection,disease,333,Obesity,38,859,0.08326342501697001,30.26632102423024,1.2555209458585477,0.17638050979926193,False
hsa05165,Human papillomavirus infection,disease,333,PCOS,11,221,0.15727084996493157,7.786795048143054,1.4126479420597067,0.3964997485031373,False
hsa05165,Human papillomavirus infection,disease,333,T2D,64,1195,0.0003332959812368378,42.10506824674638,1.520007036325028,0.0014037642503857404,True
hsa05166,Human T-cell leukemia virus 1 infection,disease,224,NAFLD,8,319,0.4865711305852071,7.560681409374669,1.0581056874160324,0.8455944890752629,False
hsa05166,Human T-cell leukemia virus 1 infection,disease,224,Obesity,35,859,0.0010017532239261682,20.35932705533806,1.7191137951105937,0.004170089001925212,True
hsa05166,Human T-cell leukemia virus 1 infection,disease,224,PCOS,12,221,0.006320683227981333,5.237964236588721,2.2909663865546217,0.028285057445216467,True
hsa05166,Human T-cell leukemia virus 1 infection,disease,224,T2D,47,1195,0.0002704459981646744,28.32292879060417,1.6594329049611476,0.0011665020161801618,True
hsa05167,Kaposi sarcoma-associated herpesvirus infection,disease,196,NAFLD,15,319,0.0025976743144910347,6.615596233202836,2.2673693301772118,0.014999474267545006,True
hsa05167,Kaposi sarcoma-associated herpesvirus infection,disease,196,Obesity,39,859,1.9809108306034374e-06,17.8144111734208,2.189238792140838,1.6117410849000696e-05,True
hsa05167,Kaposi sarcoma-associated herpesvirus infection,disease,196,PCOS,11,221,0.006273164880581599,4.5832187070151305,2.400060024009604,0.028285057445216467,True
hsa05167,Kaposi sarcoma-associated herpesvirus infection,disease,196,T2D,38,1195,0.0043583297810140045,24.782562691778647,1.5333361796601486,0.012285685524433178,True
hsa05168,Herpes simplex virus 1 infection,disease,180,NAFLD,13,319,0.007907505268448824,6.075547561104645,2.1397248345524207,0.03724851165927209,True
hsa05168,Herpes simplex virus 1 infection,disease,180,Obesity,26,859,0.011789350347704283,16.36017352661094,1.5892251972577933,0.03246605711137025,True
hsa05168,Herpes simplex virus 1 infection,disease,180,PCOS,9,221,0.025382575494765042,4.209078404401651,2.138235294117647,0.09465585444922797,False
hsa05168,Herpes simplex virus 1 infection,disease,180,T2D,32,1195,0.027873068523821605,22.759496349592634,1.406006508600651,0.06396511879184702,False
hsa05169,Epstein-Barr virus infection,disease,205,NAFLD,10,319,0.15555065942356627,6.9193736112580675,1.4452175242755563,0.37373916827944115,False
hsa05169,Epstein-Barr virus infection,disease,205,Obesity,21,859,0.3142313122852699,18.63241984975135,1.1270677759164087,0.5514451460692482,False
hsa05169,Epstein-Barr virus infection,disease,205,PCOS,7,221,0.20439598717486085,4.793672627235213,1.46025824964132,0.4782598915594783,False
hsa05169,Epstein-Barr virus infection,disease,205,T2D,46,1195,5.9358333687784384e-05,25.92053750925828,1.7746545565874068,0.0003320356790660439,True
hsa05170,Human immunodeficiency virus 1 infection,disease,214,NAFLD,13,319,0.02928758130110947,7.2231509893133,1.7997685524272697,0.10381142679007119,False
hsa05170,Human immunodeficiency virus 1 infection,disease,214,Obesity,26,859,0.07691350569231163,19.450428526081897,1.3367314743289849,0.16687900022937918,False
hsa05170,Human immunodeficiency virus 1 infection,disease,214,PCOS,7,221,0.2349429495291469,5.004126547455296,1.3988455195162177,0.5191949131570036,False
hsa05170,Human immunodeficiency virus 1 infection,disease,214,T2D,28,1195,0.4536656091334488,27.05851232673791,1.0347945098345912,0.6548882583458655,False
hsa05171,Coronavirus disease,disease,239,NAFLD,15,319,0.015415131606001276,8.066977039466723,1.8594325887645755,0.06046647039255592,False
hsa05171,Coronavirus disease,disease,239,Obesity,28,859,0.09698717489805425,21.722674849222305,1.2889756990954744,0.20186865472967105,False
hsa05171,Coronavirus disease,disease,239,PCOS,12,221,0.010344313651902987,5.588720770288858,2.147181885306424,0.04356781514566199,True
hsa05171,Coronavirus disease,disease,239,T2D,43,1195,0.01000933918517726,30.219553486403555,1.4229197668108051,0.024884329363149018,True
hsa05200,Pathways in cancer,disease,533,NAFLD,36,319,4.9834528406221133e-05,17.990371389270976,2.0010704182276933,0.0005406291263462778,True
hsa05200,Pathways in cancer,disease,533,Obesity,84,859,2.501457474972597e-07,48.444291609353506,1.7339504244867827,2.8887799227102896e-06,True
hsa05200,Pathways in cancer,disease,533,PCOS,31,221,2.173921951734601e-06,12.463548830811554,2.4872530625758746,3.242766911337446e-05,True
hsa05200,Pathways in cancer,disease,533,T2D,120,1195,5.328106262730824e-11,67.39339752407153,1.780589856107766,9.537310210288174e-10,True
hsa05202,Transcriptional misregulation in cancer,disease,201,NAFLD,13,319,0.01860948531615643,6.784361443233521,1.9161714936290335,0.06939787232483335,False
hsa05202,Transcriptional misregulation in cancer,disease,201,Obesity,28,859,0.01467922014899253,18.268860438048883,1.5326626471831761,0.03951248731834079,True
hsa05202,Transcriptional misregulation in cancer,disease,201,PCOS,9,221,0.04631220558524742,4.700137551581843,1.9148375768217736,0.14803365713855873,False
hsa05202,Transcriptional misregulation in cancer,disease,201,T2D,51,1195,5.414118605206113e-07,25.414770923711778,2.006707050521451,5.384040168510523e-06,True
hsa05203,Viral carcinogenesis,disease,205,NAFLD,8,319,0.38885499554403535,6.9193736112580675,1.156174019420445,0.7212957948433402,False
hsa05203,Viral carcinogenesis,disease,205,Obesity,23,859,0.1699413647572141,18.63241984975135,1.2344075640989238,0.3342802669400146,False
hsa05203,Viral carcinogenesis,disease,205,PCOS,4,221,0.7110106855311163,4.793672627235213,0.8344332855093257,1.0,False
hsa05203,Viral carcinogenesis,disease,205,T2D,41,1195,0.0017276947109010005,25.92053750925828,1.5817573221757322,0.005835044400967529,True
hsa05204,Chemical carcinogenesis - DNA adducts,disease,70,NAFLD,4,319,0.21068898892639484,2.362712940429584,1.6929690998656517,0.46256260251792247,False
hsa05204,Chemical carcinogenesis - DNA adducts,disease,70,Obesity,6,859,0.6211553503894701,6.3622897047931435,0.9430567104606685,0.8686469353102746,False
hsa05204,Chemical carcinogenesis - DNA adducts,disease,70,T2D,8,1195,0.6744364311830939,8.850915247063803,0.9038613269575613,0.8442246236487679,False
hsa05205,Proteoglycans in cancer,disease,204,NAFLD,16,319,0.0014681487185969494,6.885620569251931,2.323683078246973,0.008908427817927252,True
hsa05205,Proteoglycans in cancer,disease,204,Obesity,30,859,0.005560114445469203,18.541529996825734,1.6179894542217352,0.01739260753621097,True
hsa05205,Proteoglycans in cancer,disease,204,PCOS,17,221,5.481108785461661e-06,4.77028885832187,3.5637254901960786,6.766334293776809e-05,True
hsa05205,Proteoglycans in cancer,disease,204,T2D,45,1195,0.00010915893002095978,25.794095862871654,1.7445852818114693,0.0005427624576042167,True
hsa05206,MicroRNAs in cancer,disease,323,NAFLD,14,319,0.20301342969123604,10.902232567982225,1.284140648504906,0.4514211666426242,False
hsa05206,MicroRNAs in cancer,disease,323,Obesity,34,859,0.2047955635718855,29.357422494974077,1.158139819863979,0.3858779566249211,False
hsa05206,MicroRNAs in cancer,disease,323,PCOS,12,221,0.07636973959359707,7.552957359009628,1.588781642688035,0.2222794046707947,False
hsa05206,MicroRNAs in cancer,disease,323,T2D,56,1195,0.008001331433162347,40.840651782880116,1.371182817985155,0.02031543725583064,True
hsa05207,Chemical carcinogenesis - receptor activation,disease,217,NAFLD,13,319,0.032283539688455626,7.324410115331711,1.7748869595365702,0.11112987700449146,False
hsa05207,Chemical carcinogenesis - receptor activation,disease,217,Obesity,37,859,0.00012475619774428932,19.723098084858744,1.875973026185201,0.0006568046881243468,True
hsa05207,Chemical carcinogenesis - receptor activation,disease,217,PCOS,13,221,0.001729876778086463,5.074277854195323,2.561940905394416,0.010152391582868096,True
hsa05207,Chemical carcinogenesis - receptor activation,disease,217,T2D,41,1195,0.0050450107417276315,27.437837265897787,1.4942868711798392,0.01389318342721917,True
hsa05208,Chemical carcinogenesis - reactive oxygen species,disease,227,NAFLD,56,319,1.5951460293863263e-33,7.6619405353930805,7.308853382679906,9.51770464200508e-32,True
hsa05208,Chemical carcinogenesis - reactive oxygen species,disease,227,Obesity,66,859,2.107851639297868e-18,20.631996614114907,3.1989148328401535,6.860098971533061e-17,True
hsa05208,Chemical carcinogenesis - reactive oxygen species,disease,227,PCOS,50,221,1.902564356243903e-35,5.308115543328748,9.419538740606376,1.1351967325588622e-33,True
hsa05208,Chemical carcinogenesis - reactive oxygen species,disease,227,T2D,76,1195,1.3938260581330022e-16,28.702253729764045,2.6478756935100365,4.989897288116148e-15,True
hsa05210,Colorectal cancer,disease,87,NAFLD,8,319,0.008918616930309991,2.936514654533912,2.72431809173783,0.03991081076313721,True
hsa05210,Colorectal cancer,disease,87,Obesity,18,859,0.0006961366275272448,7.907417204528621,2.2763437838705793,0.0030368730593169292,True
hsa05210,Colorectal cancer,disease,87,PCOS,8,221,0.0009415235931210035,2.0343878954607977,3.9323867478025694,0.005811473212712401,True
hsa05210,Colorectal cancer,disease,87,T2D,23,1195,0.00037004603139768877,11.00042323563644,2.0908286442552786,0.0015054145368224158,True
hsa05211,Renal cell carcinoma,disease,70,NAFLD,6,319,0.030339809947870583,2.362712940429584,2.539453649798477,0.10545293166347251,False
hsa05211,Renal cell carcinoma,disease,70,Obesity,13,859,0.009549163477804396,6.3622897047931435,2.0432895393314485,0.02734880420043179,True
hsa05211,Renal cell carcinoma,disease,70,PCOS,3,221,0.22468936454010685,1.6368638239339752,1.8327731092436974,0.5091062816794827,False
hsa05211,Renal cell carcinoma,disease,70,T2D,9,1195,0.5326816844832143,8.850915247063803,1.0168439928272563,0.7170967067597577,False
hsa05212,Pancreatic cancer,disease,77,NAFLD,8,319,0.004287982800542749,2.5989842344725425,3.0781256361193665,0.02224779482020731,True
hsa05212,Pancreatic cancer,disease,77,Obesity,12,859,0.044184441418467,6.998518675272458,1.7146485644739426,0.10271448070007265,False
hsa05212,Pancreatic cancer,disease,77,PCOS,7,221,0.002086485253833488,1.8005502063273728,3.8877005347593583,0.011491718782652134,True
hsa05212,Pancreatic cancer,disease,77,T2D,21,1195,0.0004166689402441742,9.736006771770183,2.1569418029669074,0.0016574164511934928,True
hsa05213,Endometrial cancer,disease,59,NAFLD,5,319,0.048248906882963696,1.991429478362078,2.5107592582753306,0.15846888682661472,False
hsa05213,Endometrial cancer,disease,59,Obesity,13,859,0.0020617259425571794,5.362501322611364,2.424241826325447,0.007307899875598715,True
hsa05213,Endometrial cancer,disease,59,PCOS,5,221,0.012014294217568257,1.3796423658872077,3.6241276171485546,0.048327161009993666,True
hsa05213,Endometrial cancer,disease,59,T2D,15,1195,0.00553083673760257,7.46005713681092,2.01070846039288,0.014887515429035488,True
hsa05214,Glioma,disease,76,NAFLD,6,319,0.042878273724920056,2.5652311924664057,2.3389704669196503,0.1421335369770498,False
hsa05214,Glioma,disease,76,Obesity,11,859,0.08120977964509563,6.907628822346841,1.592442252312971,0.17432376857443763,False
hsa05214,Glioma,disease,76,PCOS,5,221,0.032325109416713786,1.7771664374140304,2.8134674922600618,0.11345479579591702,False
hsa05214,Glioma,disease,76,T2D,23,1195,3.8886748920948606e-05,9.609565125383558,2.3934485796080156,0.00024002510540861382,True
hsa05215,Prostate cancer,disease,106,NAFLD,11,319,0.0008681474273543823,3.5778224526505134,3.074495770982433,0.0056620218777011086,True
hsa05215,Prostate cancer,disease,106,Obesity,27,859,5.491972042676148e-07,9.634324410115331,2.802479847123685,5.174015766521213e-06,True
hsa05215,Prostate cancer,disease,106,PCOS,12,221,6.29585118711755e-06,2.4786795048143055,4.841287458379578,7.51304908329361e-05,True
hsa05215,Prostate cancer,disease,106,T2D,36,1195,9.999628990676547e-09,13.40281451698233,2.6860029999210546,1.376871991793155e-07,True
hsa05216,Thyroid cancer,disease,37,NAFLD,3,319,0.12799504361338482,1.248862554227066,2.4021858849445055,0.3249803235006508,False
hsa05216,Thyroid cancer,disease,37,Obesity,10,859,0.0013068567560472217,3.3629245582478045,2.973602240191297,0.005198385762943392,True
hsa05216,Thyroid cancer,disease,37,PCOS,4,221,0.01050110048639635,0.8651994497936726,4.623211446740859,0.043713883420115035,True
hsa05216,Thyroid cancer,disease,37,T2D,10,1195,0.014081599069573788,4.678340916305153,2.1375098948320703,0.03383364071749944,True
hsa05217,Basal cell carcinoma,disease,63,NAFLD,3,319,0.35815312647107606,2.126441646386626,1.4108075832213762,0.6748358909297116,False
hsa05217,Basal cell carcinoma,disease,63,Obesity,9,859,0.1148096975403357,5.726060734313829,1.5717611841011143,0.23353336204227376,False
hsa05217,Basal cell carcinoma,disease,63,PCOS,4,221,0.059485701011764654,1.4731774415405776,2.715219421101774,0.18201607660010038,False
hsa05217,Basal cell carcinoma,disease,63,T2D,13,1195,0.0490082361704595,7.965823722357422,1.6319718403400412,0.1014158875666156,False
hsa05218,Melanoma,disease,73,NAFLD,9,319,0.0007362631332755738,2.4639720664479947,3.6526388113539747,0.005168278464954028,True
hsa05218,Melanoma,disease,73,Obesity,15,859,0.0020328010842469357,6.634959263569993,2.2607523880906437,0.007277427881604031,True
hsa05218,Melanoma,disease,73,PCOS,6,221,0.007063971194985,1.7070151306740027,3.5149073327961324,0.031221008491415184,True
hsa05218,Melanoma,disease,73,T2D,22,1195,6.112147826480302e-05,9.23024018622368,2.383469937525076,0.00033663829567383817,True
hsa05219,Bladder cancer,disease,41,NAFLD,7,319,0.00039086489469776254,1.3838747222516137,5.058261334964446,0.003109547384484422,True
hsa05219,Bladder cancer,disease,41,Obesity,10,859,0.0030145310002150497,3.72648396995027,2.683494704562878,0.010477690272592115,True
hsa05219,Bladder cancer,disease,41,PCOS,5,221,0.0025221633777978035,0.9587345254470426,5.215208034433285,0.01327844837134726,True
hsa05219,Bladder cancer,disease,41,T2D,12,1195,0.0037106774077329324,5.184107501851656,2.314766812940096,0.010978698446019751,True
hsa05220,Chronic myeloid leukemia,disease,77,NAFLD,4,319,0.26184805148968116,2.5989842344725425,1.5390628180596833,0.5236961029793623,False
hsa05220,Chronic myeloid leukemia,disease,77,Obesity,15,859,0.003503996178625026,6.998518675272458,2.1433107055924285,0.012061832999497684,True
hsa05220,Chronic myeloid leukemia,disease,77,PCOS,5,221,0.03393713061445625,1.8005502063273728,2.7769289533995414,0.11682204576899363,False
hsa05220,Chronic myeloid leukemia,disease,77,T2D,23,1195,4.891973049798e-05,9.736006771770183,2.3623648318208987,0.0002779883098139181,True
hsa05221,Acute myeloid leukemia,disease,68,NAFLD,6,319,0.026767143808663747,2.2952068564173103,2.6141434630278444,0.09621403512681781,False
hsa05221,Acute myeloid leukemia,disease,68,Obesity,16,859,0.00030125042825727706,6.180509998941911,2.5887831267547763,0.0014190480699487525,True
hsa05221,Acute myeloid leukemia,disease,68,PCOS,8,221,0.00017408946263152369,1.5900962861072903,5.031141868512111,0.0014164551732292155,True
hsa05221,Acute myeloid leukemia,disease,68,T2D,20,1195,0.0001889578948895263,8.598031954290551,2.3261137090819592,0.000843181685489739,True
hsa05222,Small cell lung cancer,disease,93,NAFLD,7,319,0.03742016168706236,3.1390329065707334,2.2299861799305623,0.12638130079215398,False
hsa05222,Small cell lung cancer,disease,93,Obesity,18,859,0.0015681041015582727,8.452756322082319,2.1294828945886066,0.005847721545394392,True
hsa05222,Small cell lung cancer,disease,93,PCOS,4,221,0.1729462317927402,2.174690508940853,1.8393421884882983,0.4211887821891224,False
hsa05222,Small cell lung cancer,disease,93,T2D,28,1195,6.479141105176252e-06,11.759073113956195,2.381140054888199,5.154516701451329e-05,True
hsa05223,Non-small cell lung cancer,disease,73,NAFLD,8,319,0.003076164069478294,2.4639720664479947,3.2467900545368664,0.017207292763644206,True
hsa05223,Non-small cell lung cancer,disease,73,Obesity,14,859,0.005449573014107696,6.634959263569993,2.1100355622179343,0.017265018929650933,True
hsa05223,Non-small cell lung cancer,disease,73,PCOS,3,221,0.2433644197668631,1.7070151306740027,1.7574536663980662,0.5345059035370368,False
hsa05223,Non-small cell lung cancer,disease,73,T2D,21,1195,0.0001860363932780371,9.23024018622368,2.2751303949103,0.0008430509973865479,True
hsa05224,Breast cancer,disease,148,NAFLD,11,319,0.01146104168453686,4.995450216908264,2.202003727865797,0.0471615278513126,True
hsa05224,Breast cancer,disease,148,Obesity,30,859,2.04946335940611e-05,13.451698232991218,2.2302016801434728,0.00012435726824870975,True
hsa05224,Breast cancer,disease,148,PCOS,13,221,4.134073754981998e-05,3.4607977991746903,3.7563593004769475,0.0003999995687252852,True
hsa05224,Breast cancer,disease,148,T2D,37,1195,2.7380168162857824e-05,18.713363665220612,1.9771966527196652,0.00017503750361255537,True
hsa05225,Hepatocellular carcinoma,disease,170,NAFLD,10,319,0.061985884346404105,5.738017141043276,1.7427623086852295,0.18647854282363588,False
hsa05225,Hepatocellular carcinoma,disease,170,Obesity,21,859,0.09090040125732889,15.451274997354778,1.3591111415462576,0.19142555088308083,False
hsa05225,Hepatocellular carcinoma,disease,170,PCOS,8,221,0.0460196338651823,3.9752407152682254,2.0124567474048445,0.14803365713855873,False
hsa05225,Hepatocellular carcinoma,disease,170,T2D,42,1195,1.0992483179144125e-05,21.49507988572638,1.9539355156288456,8.19856037111166e-05,True
hsa05226,Gastric cancer,disease,150,NAFLD,9,319,0.06729882222234876,5.062956300920537,1.7776175548589344,0.19741415824083072,False
hsa05226,Gastric cancer,disease,150,Obesity,27,859,0.0004139459625283537,13.63347793884245,1.980419091967404,0.0018999058280147517,True
hsa05226,Gastric cancer,disease,150,PCOS,9,221,0.008556209714911,3.5075653370013753,2.5658823529411765,0.03690509732455588,True
hsa05226,Gastric cancer,disease,150,T2D,38,1195,1.5495989563446637e-05,18.966246957993864,2.0035592747559274,0.00010668392814834415,True
hsa05230,Central carbon metabolism in cancer,disease,71,NAFLD,5,319,0.09119427789327698,2.3964659824357213,2.086405580820345,0.24547031192325683,False
hsa05230,Central carbon metabolism in cancer,disease,71,Obesity,13,859,0.010747177931066738,6.45317955771876,2.014510813425372,0.030295194482849546,True
hsa05230,Central carbon metabolism in cancer,disease,71,PCOS,5,221,0.02498991963421452,1.6602475928473177,3.011599005799503,0.09417253925314524,False
hsa05230,Central carbon metabolism in cancer,disease,71,T2D,18,1195,0.002580765062859,8.977356893450429,2.0050444928988154,0.008002590803320086,True
hsa05231,Choline metabolism in cancer,disease,99,NAFLD,4,319,0.4304663949297315,3.3415511586075546,1.1970488584908647,0.7862600478818565,False
hsa05231,Choline metabolism in cancer,disease,99,Obesity,12,859,0.18624499316426463,8.998095439636018,1.3336155501464,0.35847154598283193,False
hsa05231,Choline metabolism in cancer,disease,99,PCOS,2,221,0.677711725828427,2.314993122420908,0.8639334521687463,1.0,False
hsa05231,Choline metabolism in cancer,disease,99,T2D,15,1195,0.26561352495565316,12.51772299227595,1.198301001648282,0.42384456667378906,False
hsa05235,PD-L1 expression and PD-1 checkpoint pathway in cancer,disease,90,NAFLD,10,319,0.000869863696294863,3.0377737805523224,3.291884360849878,0.0056620218777011086,True
hsa05235,PD-L1 expression and PD-1 checkpoint pathway in cancer,disease,90,Obesity,18,859,0.0010576135083551846,8.18008676330547,2.20046565774156,0.004302564045354046,True
hsa05235,PD-L1 expression and PD-1 checkpoint pathway in cancer,disease,90,PCOS,7,221,0.005024514715217901,2.1045392022008254,3.326143790849673,0.023360730753870244,True
hsa05235,PD-L1 expression and PD-1 checkpoint pathway in cancer,disease,90,T2D,22,1195,0.001528202635738345,11.379748174796317,1.9332589493258951,0.005210443272326929,True
hsa05310,Asthma,disease,32,NAFLD,2,319,0.2941813180980305,1.0800973441963813,1.8516849529780566,0.5723745210820376,False
hsa05310,Asthma,disease,32,Obesity,4,859,0.33102548488442995,2.908475293619723,1.375291036088475,0.5768155842736804,False
hsa05310,Asthma,disease,32,PCOS,2,221,0.17149968803159107,0.7482806052269602,2.6727941176470584,0.4211887821891224,False
hsa05310,Asthma,disease,32,T2D,4,1195,0.5895482130294573,4.046132684372024,0.9885983263598327,0.7731071804562113,False
hsa05320,Autoimmune thyroid disease,disease,54,NAFLD,1,319,0.8442408279154571,1.8226642683313936,0.5486473934749796,1.0,False
hsa05320,Autoimmune thyroid disease,disease,54,Obesity,3,859,0.8801228831216809,4.908052057983282,0.6112404604837667,1.0,False
hsa05320,Autoimmune thyroid disease,disease,54,PCOS,2,221,0.36126575500338665,1.2627235213204953,1.5838779956427014,0.7185174460622912,False
hsa05320,Autoimmune thyroid disease,disease,54,T2D,3,1195,0.9740841755920949,6.827848904877791,0.4393770339377034,1.0,False
hsa05321,Inflammatory bowel disease,disease,66,NAFLD,9,319,0.00034513641865957235,2.2277007724050364,4.040039897406669,0.0028081554063665204,True
hsa05321,Inflammatory bowel disease,disease,66,Obesity,21,859,1.792346383077889e-07,5.998730293090678,3.5007408191343,2.212620707385808e-06,True
hsa05321,Inflammatory bowel disease,disease,66,PCOS,10,221,2.677386618432774e-06,1.5433287482806053,6.479500891265597,3.8340176375957326e-05,True
hsa05321,Inflammatory bowel disease,disease,66,T2D,19,1195,0.0003677917253633577,8.3451486615173,2.2767719031317357,0.0015054145368224158,True
hsa05322,Systemic lupus erythematosus,disease,143,NAFLD,3,319,0.8664407069184396,4.826685006877579,0.6215445996010259,1.0,False
hsa05322,Systemic lupus erythematosus,disease,143,Obesity,7,859,0.9794841296936202,12.997248968363136,0.5385755106360461,1.0,False
hsa05322,Systemic lupus erythematosus,disease,143,PCOS,3,221,0.6544549175232435,3.343878954607978,0.8971616618675442,1.0,False
hsa05322,Systemic lupus erythematosus,disease,143,T2D,5,1195,0.9999670697874476,18.08115543328748,0.2765310003803728,1.0,False
hsa05323,Rheumatoid arthritis,disease,95,NAFLD,11,319,0.0003388259071393556,3.2065389905830073,3.43049001814882,0.0028081554063665204,True
hsa05323,Rheumatoid arthritis,disease,95,Obesity,16,859,0.01117122266254637,8.634536027933551,1.8530237117823665,0.031002307854198455,True
hsa05323,Rheumatoid arthritis,disease,95,PCOS,10,221,7.10011191892762e-05,2.221458046767538,4.501547987616099,0.0006517538633272021,True
hsa05323,Rheumatoid arthritis,disease,95,T2D,17,1195,0.08621038259184771,12.011956406729446,1.415256551420392,0.15991355941907504,False
hsa05330,Allograft rejection,disease,39,NAFLD,2,319,0.38107985794022714,1.3163686382393398,1.5193312434691744,0.7105551517843819,False
hsa05330,Allograft rejection,disease,39,Obesity,6,859,0.13832390151419632,3.544704264099037,1.6926658905704308,0.275110870789346,False
hsa05330,Allograft rejection,disease,39,PCOS,2,221,0.2314107234044018,0.9119669876203577,2.1930618401206634,0.5145654594955021,False
hsa05330,Allograft rejection,disease,39,T2D,4,1195,0.7445033678328039,4.931224209078405,0.8111576011157601,0.8914120591442937,False
hsa05332,Graft-versus-host disease,disease,45,NAFLD,2,319,0.4518279302235098,1.5188868902761612,1.3167537443399513,0.804748253830928,False
hsa05332,Graft-versus-host disease,disease,45,Obesity,5,859,0.38946103897809387,4.090043381652735,1.2224809209675334,0.6454956108988777,False
hsa05332,Graft-versus-host disease,disease,45,PCOS,3,221,0.08752792094631393,1.0522696011004127,2.850980392156863,0.24714383933991804,False
hsa05332,Graft-versus-host disease,disease,45,T2D,4,1195,0.8380355833780153,5.689874087398159,0.7030032543003255,0.9646840477470401,False
hsa05340,Primary immunodeficiency,disease,38,NAFLD,3,319,0.1356937497688811,1.2826155962332029,2.3389704669196503,0.33734973900874604,False
hsa05340,Primary immunodeficiency,disease,38,Obesity,4,859,0.45819121057840284,3.4538144111734206,1.158139819863979,0.7258073158719833,False
hsa05340,Primary immunodeficiency,disease,38,PCOS,1,221,0.5938054651286075,0.8885832187070152,1.1253869969040247,1.0,False
hsa05340,Primary immunodeficiency,disease,38,T2D,5,1195,0.5348179349297634,4.804782562691779,1.0406298172208763,0.7170967067597577,False
hsa05410,Hypertrophic cardiomyopathy,disease,99,NAFLD,7,319,0.04971502950746613,3.3415511586075546,2.0948355023590133,0.16106123164865319,False
hsa05410,Hypertrophic cardiomyopathy,disease,99,Obesity,24,859,5.9305672924242915e-06,8.998095439636018,2.6672311002928,4.332945083036523e-05,True
hsa05410,Hypertrophic cardiomyopathy,disease,99,PCOS,4,221,0.20126159440983468,2.314993122420908,1.7278669043374926,0.47402401841263697,False
hsa05410,Hypertrophic cardiomyopathy,disease,99,T2D,32,1195,2.425851300324098e-07,12.51772299227595,2.5563754701830015,2.631681107624324e-06,True
hsa05412,Arrhythmogenic right ventricular cardiomyopathy,disease,86,NAFLD,1,319,0.948515473664946,2.9027616125277746,0.34449952613545237,1.0,False
hsa05412,Arrhythmogenic right ventricular cardiomyopathy,disease,86,Obesity,17,859,0.0016482169262985594,7.816527351603005,2.174878847767821,0.006083109892936951,True
hsa05412,Arrhythmogenic right ventricular cardiomyopathy,disease,86,PCOS,2,221,0.6014134937900214,2.0110041265474554,0.9945280437756497,1.0,False
hsa05412,Arrhythmogenic right ventricular cardiomyopathy,disease,86,T2D,23,1195,0.0003084068010374364,10.873981589249814,2.115140605234991,0.0013144004139452646,True
hsa05414,Dilated cardiomyopathy,disease,105,NAFLD,4,319,0.4754680029368727,3.544069410644376,1.128646066577101,0.8343997306441198,False
hsa05414,Dilated cardiomyopathy,disease,105,Obesity,23,859,5.2913681892543054e-05,9.543434557189716,2.4100338156217083,0.00031054259209066255,True
hsa05414,Dilated cardiomyopathy,disease,105,PCOS,4,221,0.2308459257918079,2.455295735900963,1.6291316526610644,0.5145654594955021,False
hsa05414,Dilated cardiomyopathy,disease,105,T2D,32,1195,1.0710950920758433e-06,13.276372870595704,2.41029687188683,1.0090843235872419e-05,True
hsa05415,Diabetic cardiomyopathy,disease,205,NAFLD,59,319,1.6692255492866238e-39,6.9193736112580675,8.526783393225783,1.991942488815371e-37,True
hsa05415,Diabetic cardiomyopathy,disease,205,Obesity,68,859,1.7755875388847374e-22,18.63241984975135,3.6495527982055136,9.080861984581943e-21,True
hsa05415,Diabetic cardiomyopathy,disease,205,PCOS,58,221,4.1559074380447926e-48,4.793672627235213,12.099282639885223,4.959382876066786e-46,True
hsa05415,Diabetic cardiomyopathy,disease,205,T2D,87,1195,4.711965179869524e-27,25.92053750925828,3.3564118787631387,8.434417671966448e-25,True
hsa05416,Viral myocarditis,disease,70,NAFLD,4,319,0.21068898892639484,2.362712940429584,1.6929690998656517,0.46256260251792247,False
hsa05416,Viral myocarditis,disease,70,Obesity,5,859,0.7747322231172153,6.3622897047931435,0.7858805920505572,0.9905107242650923,False
hsa05416,Viral myocarditis,disease,70,PCOS,1,221,0.8103271129329667,1.6368638239339752,0.6109243697478992,1.0,False
hsa05416,Viral myocarditis,disease,70,T2D,11,1195,0.26638275838436465,8.850915247063803,1.2428093245666467,0.42384456667378906,False
hsa05417,Lipid and atherosclerosis,disease,216,NAFLD,32,319,1.1225740188223355e-12,7.2906570733255744,4.389179147799837,2.6792099915893076e-11,True
hsa05417,Lipid and atherosclerosis,disease,216,Obesity,37,859,0.00011308668565202181,19.632208231933127,1.884658086491614,0.0006042542307973703,True
hsa05417,Lipid and atherosclerosis,disease,216,PCOS,15,221,0.00016085491256925924,5.050894085281981,2.969771241830065,0.0013710966357094003,True
hsa05417,Lipid and atherosclerosis,disease,216,T2D,57,1195,2.662046192756439e-08,27.311395619511163,2.0870409112040913,3.403616203595733e-07,True
hsa05418,Fluid shear stress and atherosclerosis,disease,142,NAFLD,15,319,8.565361587039818e-05,4.792931964871443,3.1296083712305176,0.0008069472232000671,True
hsa05418,Fluid shear stress and atherosclerosis,disease,142,Obesity,27,859,0.0001640285397622354,12.90635911543752,2.091991998557117,0.0008388888176411468,True
hsa05418,Fluid shear stress and atherosclerosis,disease,142,PCOS,11,221,0.00048473496120091407,3.3204951856946354,3.3127589063794534,0.0034707023221985447,True
hsa05418,Fluid shear stress and atherosclerosis,disease,142,T2D,34,1195,0.00014325262744561593,17.954713786900857,1.8936531321822145,0.0006837925416737401,True
